category,level,question,option1,option2,option3,option4,correctAnswer,trivia,mediaUrl,mediaType,xpReward,timeLimit,isActive
World Geography,easy,Which of these fits the topic World Geography?,planet,innovation,dribble,map scale,map scale,,,text,20,12,true
World Geography,easy,Select a term associated with World Geography.,Rajasthan,stock exchange,console,altitude,altitude,,,text,20,12,true
World Geography,easy,Which of these fits the topic World Geography?,studio,Africa,longitude,Indian Ocean,longitude,,,text,20,12,true
World Geography,easy,Pick the correct term for World Geography.,continent,public health,goal,composer,continent,,,text,20,12,true
World Geography,easy,Pick the correct term for World Geography.,bandwidth,altitude,conservation,modem,altitude,,,text,20,12,true
World Geography,easy,Select a term associated with World Geography.,deuce,equation,culture,equator,equator,,,text,20,12,true
World Geography,easy,Which option belongs to World Geography?,engagement,topography,Andes,pronoun,topography,,,text,20,12,true
World Geography,easy,Which option belongs to World Geography?,hemisphere,returns,flagpole,Ramayana,hemisphere,,,text,20,12,true
World Geography,easy,Which of these fits the topic World Geography?,accessory,producer,lead time,equator,equator,,,text,20,12,true
World Geography,easy,Which of these fits the topic World Geography?,hemisphere,stock exchange,Sahara,bishop,hemisphere,,,text,20,12,true
World Geography,easy,Which of these is related to World Geography?,latitude,firewall,decor,data structure,latitude,,,text,20,12,true
World Geography,easy,Which of these is related to World Geography?,Southern Ocean,equator,oil paint,Atacama,equator,,,text,20,12,true
World Geography,easy,Pick the correct term for World Geography.,altitude,leader,CEO,biodiversity,altitude,,,text,20,12,true
World Geography,easy,Which option belongs to World Geography?,League of Nations,Iliad,hemisphere,class,hemisphere,,,text,20,12,true
World Geography,easy,Pick the correct term for World Geography.,hemisphere,livestock,flag ratio,mining,hemisphere,,,text,20,12,true
World Geography,easy,Which of these fits the topic World Geography?,exception,noun,sovereignty,continent,continent,,,text,20,12,true
World Geography,easy,Select a term associated with World Geography.,time zone,deviance,pip,patient,time zone,,,text,20,12,true
World Geography,easy,Pick the correct term for World Geography.,equator,blockbuster,cell,cart,equator,,,text,20,12,true
World Geography,medium,Which term is most commonly used in World Geography?,Europe,Southern Ocean,Australia,latitude,latitude,,,text,40,10,true
World Geography,medium,Select the most relevant term for World Geography.,Arctic Ocean,Pacific Ocean,continent,Caribbean Sea,continent,,,text,40,10,true
World Geography,medium,Which option aligns with World Geography?,Himalayas,continent,wildlife reserve,visitor center,continent,,,text,40,10,true
World Geography,medium,Which term is most commonly used in World Geography?,biodiversity,Atacama,topography,Ganga,topography,,,text,40,10,true
World Geography,medium,Choose the term that best represents World Geography.,Danube,predator,hemisphere,equator,equator,,,text,40,10,true
World Geography,medium,Choose the term that best represents World Geography.,wilderness,Southern Ocean,time zone,Himalayas,time zone,,,text,40,10,true
World Geography,medium,Select the most relevant term for World Geography.,time zone,Rockies,Indian Ocean,North America,time zone,,,text,40,10,true
World Geography,medium,Pick the concept that best matches World Geography.,North America,Arctic Ocean,Greenland,altitude,altitude,,,text,40,10,true
World Geography,medium,Select the most relevant term for World Geography.,Nile,Lake Victoria,biodiversity,map scale,map scale,,,text,40,10,true
World Geography,medium,Choose the term that best represents World Geography.,Sumatra,Mojave,hemisphere,South America,hemisphere,,,text,40,10,true
World Geography,medium,Which of these is a core idea in World Geography?,Australia,time zone,ranger,Red Sea,time zone,,,text,40,10,true
World Geography,medium,Which option is a key concept in World Geography?,habitat,topography,Everest,Ganga,topography,,,text,40,10,true
World Geography,medium,Select the most relevant term for World Geography.,Asia,Australia,altitude,sanctuary,altitude,,,text,40,10,true
World Geography,medium,Select the most relevant term for World Geography.,Atacama,prey,hemisphere,ranger,hemisphere,,,text,40,10,true
World Geography,medium,Pick the concept that best matches World Geography.,atoll,prime meridian,arid,Africa,prime meridian,,,text,40,10,true
World Geography,medium,Select the most relevant term for World Geography.,Gobi,arid,equator,semi-arid,equator,,,text,40,10,true
World Geography,medium,Which of these is a core idea in World Geography?,Iceland,equator,Africa,range,equator,,,text,40,10,true
World Geography,medium,Select the most relevant term for World Geography.,Iceland,time zone,conservation,island chain,time zone,,,text,40,10,true
World Geography,hard,Which term is most specifically associated with World Geography?,wilderness,prime meridian,tributary,North America,prime meridian,,,text,80,8,true
World Geography,hard,Pick the most specific concept tied to World Geography.,visitor center,equator,prey,island chain,equator,,,text,80,8,true
World Geography,hard,Which term is most specifically associated with World Geography?,Sahara,hemisphere,prey,Red Sea,hemisphere,,,text,80,8,true
World Geography,hard,Which option is most directly linked to World Geography?,Mojave,longitude,Rockies,trail,longitude,,,text,80,8,true
World Geography,hard,Pick the most specific concept tied to World Geography.,latitude,Madagascar,Nile,North America,latitude,,,text,80,8,true
World Geography,hard,Pick the most specific concept tied to World Geography.,Europe,topography,hemisphere,continent,topography,,,text,80,8,true
World Geography,hard,Select the best-fit term for World Geography.,topography,predator,Ganga,Sahara,topography,,,text,80,8,true
World Geography,hard,Which term is the closest match to World Geography?,sanctuary,habitat,Southern Ocean,map scale,map scale,,,text,80,8,true
World Geography,hard,Select the most precise term for World Geography.,map scale,Antarctica,altitude,Sahara,map scale,,,text,80,8,true
World Geography,hard,Which term is most specifically associated with World Geography?,continent,migration,Atacama,ranger,continent,,,text,80,8,true
World Geography,hard,Select the best-fit term for World Geography.,migration,altitude,Caribbean Sea,Nile,altitude,,,text,80,8,true
World Geography,hard,Select the most precise term for World Geography.,dune,semi-arid,Everest,continent,continent,,,text,80,8,true
World Geography,hard,Select the most precise term for World Geography.,Atacama,map scale,delta,wildlife reserve,map scale,,,text,80,8,true
World Geography,hard,Which option best characterizes World Geography?,Ganga,Asia,Amazon,time zone,time zone,,,text,80,8,true
World Geography,hard,Select the best-fit term for World Geography.,Asia,map scale,island chain,delta,map scale,,,text,80,8,true
World Geography,hard,Choose the most accurate term for World Geography.,arid,Sumatra,biodiversity,time zone,time zone,,,text,80,8,true
World Geography,hard,Select the most precise term for World Geography.,altitude,protected area,Iceland,species,altitude,,,text,80,8,true
World Geography,hard,Select the most precise term for World Geography.,Asia,topography,Greenland,sea,topography,,,text,80,8,true
World Geography,hard,Select the best-fit term for World Geography.,topography,campground,Nile,protected area,topography,,,text,80,8,true
World Geography,hard,Which option best characterizes World Geography?,species,atoll,map scale,arid,map scale,,,text,80,8,true
World Geography,hard,Select the most precise term for World Geography.,South America,Lake Superior,peak,altitude,altitude,,,text,80,8,true
World Geography,hard,Which term is the closest match to World Geography?,Sahara,protected area,altitude,altitude,altitude,,,text,80,8,true
World Geography,hard,Select the most precise term for World Geography.,South America,time zone,peak,oasis,time zone,,,text,80,8,true
World Geography,hard,Select the most precise term for World Geography.,semi-arid,time zone,Nile,migration,time zone,,,text,80,8,true
Indian History,easy,Select a term associated with Indian History.,opening,achievement,policy,Maurya Empire,Maurya Empire,,,text,20,12,true
Indian History,easy,Select a term associated with Indian History.,topography,hook,Indus Valley,market cap,Indus Valley,,,text,20,12,true
Indian History,easy,Pick the correct term for Indian History.,chassis,inflation,Maurya Empire,share,Maurya Empire,,,text,20,12,true
Indian History,easy,Which option belongs to Indian History?,Maurya Empire,monotheism,adjective,pound,Maurya Empire,,,text,20,12,true
Indian History,easy,Which of these is related to Indian History?,Rebellion of 1857,group,adverb,topography,Rebellion of 1857,,,text,20,12,true
Indian History,easy,Which option belongs to Indian History?,renewable,Maurya Empire,fiscal policy,currency symbol,Maurya Empire,,,text,20,12,true
Indian History,easy,Select a term associated with Indian History.,serve,Ashoka,democracy,legislature,Ashoka,,,text,20,12,true
Indian History,easy,Which of these is related to Indian History?,verb,flexibility,wicket,Indus Valley,Indus Valley,,,text,20,12,true
Indian History,easy,Pick the correct term for Indian History.,Gupta Empire,radian,portfolio,return,Gupta Empire,,,text,20,12,true
Indian History,easy,Which of these is related to Indian History?,period,Thor,theme,Delhi Sultanate,Delhi Sultanate,,,text,20,12,true
Indian History,easy,Choose the item most linked to Indian History.,Greenland,Champaran,Ragnarok,funnel,Champaran,,,text,20,12,true
Indian History,easy,Which of these is related to Indian History?,public health,policy debate,global economy,Mughal Empire,Mughal Empire,,,text,20,12,true
Indian History,easy,Which option belongs to Indian History?,Champaran,Mississippi,composer,respiratory system,Champaran,,,text,20,12,true
Indian History,easy,Which of these fits the topic Indian History?,Champaran,decor,seed,order,Champaran,,,text,20,12,true
Indian History,easy,Which option belongs to Indian History?,balance,Gupta Empire,clinical,torque,Gupta Empire,,,text,20,12,true
Indian History,easy,Which of these fits the topic Indian History?,fertilizer,depth of field,Delhi Sultanate,bytecode,Delhi Sultanate,,,text,20,12,true
Indian History,easy,Choose the item most linked to Indian History.,personality,ceremony,Plassey,fuselage,Plassey,,,text,20,12,true
Indian History,easy,Choose the item most linked to Indian History.,Maurya Empire,phonetics,Southern Ocean,runway,Maurya Empire,,,text,20,12,true
Indian History,medium,Choose the term that best represents Indian History.,syntax,IP address,premiere,Plassey,Plassey,,,text,40,10,true
Indian History,medium,Which option aligns with Indian History?,concert,evolution,oil paint,Champaran,Champaran,,,text,40,10,true
Indian History,medium,Which of these is a core idea in Indian History?,dividend,summit,switch,Gupta Empire,Gupta Empire,,,text,40,10,true
Indian History,medium,Pick the concept that best matches Indian History.,Plassey,personality,angle,nervous system,Plassey,,,text,40,10,true
Indian History,medium,Which term is most commonly used in Indian History?,quadratic,Gupta Empire,therapy,simile,Gupta Empire,,,text,40,10,true
Indian History,medium,Which term is most commonly used in Indian History?,root,altitude,Rebellion of 1857,cinematography,Rebellion of 1857,,,text,40,10,true
Indian History,medium,Pick the concept that best matches Indian History.,fossil fuels,Odin,smart contract,Gupta Empire,Gupta Empire,,,text,40,10,true
Indian History,medium,Select the most relevant term for Indian History.,judiciary,panel,PEP 8,Maurya Empire,Maurya Empire,,,text,40,10,true
Indian History,medium,Which term is most commonly used in Indian History?,pivot,fertilizer,island chain,Plassey,Plassey,,,text,40,10,true
Indian History,medium,Select the most relevant term for Indian History.,risk,plate,pronoun,Ashoka,Ashoka,,,text,40,10,true
Indian History,medium,Select the most relevant term for Indian History.,genre,Rebellion of 1857,Phoenicians,host city,Rebellion of 1857,,,text,40,10,true
Indian History,medium,Which option is a key concept in Indian History?,subject,sonata,cuisine,Delhi Sultanate,Delhi Sultanate,,,text,40,10,true
Indian History,medium,Which option aligns with Indian History?,lead time,chancellor,ionic bond,Champaran,Champaran,,,text,40,10,true
Indian History,medium,Which of these is a core idea in Indian History?,Durga,cockpit,sensor,Plassey,Plassey,,,text,40,10,true
Indian History,medium,Which of these is a core idea in Indian History?,Maurya Empire,flagpole,torch,inference,Maurya Empire,,,text,40,10,true
Indian History,medium,Which term is most commonly used in Indian History?,single,dialect,Ashoka,robot arm,Ashoka,,,text,40,10,true
Indian History,medium,Which option aligns with Indian History?,Mughal Empire,multiplayer,Rajasthan,stalemate,Mughal Empire,,,text,40,10,true
Indian History,medium,Which option is a key concept in Indian History?,Akbar,transaction,HTTP,president,Akbar,,,text,40,10,true
Indian History,hard,Which term is the closest match to Indian History?,United Nations,Indus Valley,bioavailability,continuity,Indus Valley,,,text,80,8,true
Indian History,hard,Pick the most specific concept tied to Indian History.,landing gear,engagement,database,Delhi Sultanate,Delhi Sultanate,,,text,80,8,true
Indian History,hard,Which term is most specifically associated with Indian History?,Nile,Babylon,Rebellion of 1857,lifecycle,Rebellion of 1857,,,text,80,8,true
Indian History,hard,Choose the most accurate term for Indian History.,currency symbol,Delhi Sultanate,infrastructure,dividend,Delhi Sultanate,,,text,80,8,true
Indian History,hard,Which term is most specifically associated with Indian History?,equation,Champaran,decor,sequel,Champaran,,,text,80,8,true
Indian History,hard,Which option is most directly linked to Indian History?,design,Maurya Empire,over,semantics,Maurya Empire,,,text,80,8,true
Indian History,hard,Which term is the closest match to Indian History?,Mughal Empire,preposition,Peace,innovation,Mughal Empire,,,text,80,8,true
Indian History,hard,Pick the most specific concept tied to Indian History.,haiku,Champaran,servo,minimalism,Champaran,,,text,80,8,true
Indian History,hard,Choose the most accurate term for Indian History.,tricolor,color,Indus Valley,Mahabharata,Indus Valley,,,text,80,8,true
Indian History,hard,Choose the most accurate term for Indian History.,lighting,Akbar,playlist,unit circle,Akbar,,,text,80,8,true
Indian History,hard,Select the most precise term for Indian History.,phonetics,Plassey,classification,Southern Ocean,Plassey,,,text,80,8,true
Indian History,hard,Choose the most accurate term for Indian History.,fraction,trail,Rebellion of 1857,noun,Rebellion of 1857,,,text,80,8,true
Indian History,hard,Pick the most specific concept tied to Indian History.,pilgrimage,Mughal Empire,predicate,Ganga,Mughal Empire,,,text,80,8,true
Indian History,hard,Which option is most directly linked to Indian History?,market cap,knight,Akbar,prescription,Akbar,,,text,80,8,true
Indian History,hard,Select the most precise term for Indian History.,verse,leadership,Indus Valley,encryption,Indus Valley,,,text,80,8,true
Indian History,hard,Select the best-fit term for Indian History.,novel,Rebellion of 1857,breathing,DNA,Rebellion of 1857,,,text,80,8,true
Indian History,hard,Pick the most specific concept tied to Indian History.,Champaran,metabolism,legislature,Mississippi,Champaran,,,text,80,8,true
Indian History,hard,Which option best characterizes Indian History?,Akbar,Caribbean Sea,symptom,aerodynamics,Akbar,,,text,80,8,true
Indian History,hard,Choose the most accurate term for Indian History.,Delhi Sultanate,Europe,campaign,verb,Delhi Sultanate,,,text,80,8,true
Indian History,hard,Which option is most directly linked to Indian History?,fuselage,filmfare,Gupta Empire,air traffic,Gupta Empire,,,text,80,8,true
Indian History,hard,Pick the most specific concept tied to Indian History.,nominee,metaphor,freight,Champaran,Champaran,,,text,80,8,true
Indian History,hard,Which term is most specifically associated with Indian History?,Akbar,international summit,stripe,Maharashtra,Akbar,,,text,80,8,true
Indian History,hard,Which term is most specifically associated with Indian History?,Plassey,Himalayas,biodiversity,market,Plassey,,,text,80,8,true
Indian History,hard,Which option best characterizes Indian History?,Gupta Empire,heuristic,playlist,ecosystem,Gupta Empire,,,text,80,8,true
Ancient Civilization,easy,Which of these fits the topic Ancient Civilization?,Assyrians,treatment,rebound,illustration,Assyrians,,,text,20,12,true
Ancient Civilization,easy,Which of these fits the topic Ancient Civilization?,SEO,flowerbed,Mohenjo-daro,dribble,Mohenjo-daro,,,text,20,12,true
Ancient Civilization,easy,Which of these fits the topic Ancient Civilization?,wilderness,Hittites,model,sonata,Hittites,,,text,20,12,true
Ancient Civilization,easy,Select a term associated with Ancient Civilization.,innings,oxidation,Phoenicians,baseline,Phoenicians,,,text,20,12,true
Ancient Civilization,easy,Which of these fits the topic Ancient Civilization?,Assyrians,lens,abstract,portrait,Assyrians,,,text,20,12,true
Ancient Civilization,easy,Pick the correct term for Ancient Civilization.,Harappa,director,Arctic Ocean,monarch,Harappa,,,text,20,12,true
Ancient Civilization,easy,Select a term associated with Ancient Civilization.,Harappa,taste,blue chip,Literature,Harappa,,,text,20,12,true
Ancient Civilization,easy,Which of these is related to Ancient Civilization?,parliament,Phoenicians,Greenland,story arc,Phoenicians,,,text,20,12,true
Ancient Civilization,easy,Which of these fits the topic Ancient Civilization?,compound,epistemology,Mesopotamia,node,Mesopotamia,,,text,20,12,true
Ancient Civilization,easy,Which of these is related to Ancient Civilization?,Sumer,root,verse,dribble,Sumer,,,text,20,12,true
Ancient Civilization,easy,Which option belongs to Ancient Civilization?,polynomial,Phoenicians,internet,soil,Phoenicians,,,text,20,12,true
Ancient Civilization,easy,Choose the item most linked to Ancient Civilization.,podium,alphabet,Assyrians,Gulf,Assyrians,,,text,20,12,true
Ancient Civilization,easy,Pick the correct term for Ancient Civilization.,Assyrians,virtualenv,electricity,leader,Assyrians,,,text,20,12,true
Ancient Civilization,easy,Select a term associated with Ancient Civilization.,stalemate,acceleration,Egyptians,feature,Egyptians,,,text,20,12,true
Ancient Civilization,easy,Pick the correct term for Ancient Civilization.,origin story,limit,Harappa,sonata,Harappa,,,text,20,12,true
Ancient Civilization,easy,Select a term associated with Ancient Civilization.,carbon dioxide,cosine,Indus Valley,TCP,Indus Valley,,,text,20,12,true
Ancient Civilization,easy,Which option belongs to Ancient Civilization?,emblem,strings,Egyptians,HTML,Egyptians,,,text,20,12,true
Ancient Civilization,easy,Which of these is related to Ancient Civilization?,Phoenicians,spacewalk,Assam,migration,Phoenicians,,,text,20,12,true
Ancient Civilization,medium,Choose the term that best represents Ancient Civilization.,API,Indus Valley,Maharashtra,Oscar,Indus Valley,,,text,40,10,true
Ancient Civilization,medium,Which option aligns with Ancient Civilization?,diplomacy,Berlin Wall,Sumer,clergy,Sumer,,,text,40,10,true
Ancient Civilization,medium,Which of these is a core idea in Ancient Civilization?,portfolio,Mesopotamia,aperture,polytheism,Mesopotamia,,,text,40,10,true
Ancient Civilization,medium,Which term is most commonly used in Ancient Civilization?,metaphysics,Mohenjo-daro,node,baseline,Mohenjo-daro,,,text,40,10,true
Ancient Civilization,medium,Pick the concept that best matches Ancient Civilization.,aperture,Danube,Mesopotamia,switch,Mesopotamia,,,text,40,10,true
Ancient Civilization,medium,Which of these is a core idea in Ancient Civilization?,steam engine,Harappa,Atlantic Ocean,issue,Harappa,,,text,40,10,true
Ancient Civilization,medium,Pick the concept that best matches Ancient Civilization.,Asia,multiplayer,Mojave,Phoenicians,Phoenicians,,,text,40,10,true
Ancient Civilization,medium,Select the most relevant term for Ancient Civilization.,expert system,switch,conservation,Harappa,Harappa,,,text,40,10,true
Ancient Civilization,medium,Select the most relevant term for Ancient Civilization.,metaphysics,programming,exposure,Harappa,Harappa,,,text,40,10,true
Ancient Civilization,medium,Which term is most commonly used in Ancient Civilization?,Sumer,Gupta Empire,Mediterranean Sea,risk,Sumer,,,text,40,10,true
Ancient Civilization,medium,Which option is a key concept in Ancient Civilization?,transmission,wildlife reserve,Assyrians,exoplanet,Assyrians,,,text,40,10,true
Ancient Civilization,medium,Pick the concept that best matches Ancient Civilization.,circle,area under curve,Maurya Empire,Sumer,Sumer,,,text,40,10,true
Ancient Civilization,medium,Pick the concept that best matches Ancient Civilization.,election cycle,Iliad,Harappa,opening ceremony,Harappa,,,text,40,10,true
Ancient Civilization,medium,Pick the concept that best matches Ancient Civilization.,controller,Harappa,equation,Antarctica,Harappa,,,text,40,10,true
Ancient Civilization,medium,Which option aligns with Ancient Civilization?,fabric,authorization,logic,Assyrians,Assyrians,,,text,40,10,true
Ancient Civilization,medium,Which of these is a core idea in Ancient Civilization?,over,Iliad,protocol,Indus Valley,Indus Valley,,,text,40,10,true
Ancient Civilization,medium,Choose the term that best represents Ancient Civilization.,gesture,vulnerability,Hittites,cognition,Hittites,,,text,40,10,true
Ancient Civilization,medium,Which term is most commonly used in Ancient Civilization?,Sumer,frame,Valkyrie,lambda,Sumer,,,text,40,10,true
Ancient Civilization,hard,Choose the most accurate term for Ancient Civilization.,Arctic Ocean,penalty,villain,Babylon,Babylon,,,text,80,8,true
Ancient Civilization,hard,Which option is most directly linked to Ancient Civilization?,range,interest,Mesopotamia,authentication,Mesopotamia,,,text,80,8,true
Ancient Civilization,hard,Which term is the closest match to Ancient Civilization?,Indus Valley,yen,payment gateway,dollar,Indus Valley,,,text,80,8,true
Ancient Civilization,hard,Select the best-fit term for Ancient Civilization.,Hera,Hittites,Ganga,hemisphere,Hittites,,,text,80,8,true
Ancient Civilization,hard,Select the most precise term for Ancient Civilization.,Africa,Borneo,Assyrians,brand identity,Assyrians,,,text,80,8,true
Ancient Civilization,hard,Choose the most accurate term for Ancient Civilization.,Himalayas,Phoenicians,zero trust,metaphysics,Phoenicians,,,text,80,8,true
Ancient Civilization,hard,Which term is most specifically associated with Ancient Civilization?,vaccination,diplomacy,Phoenicians,lifecycle,Phoenicians,,,text,80,8,true
Ancient Civilization,hard,Which term is most specifically associated with Ancient Civilization?,sidekick,haiku,Sumer,polygon,Sumer,,,text,80,8,true
Ancient Civilization,hard,Which option best characterizes Ancient Civilization?,vocabulary,thermodynamics,Egyptians,Athena,Egyptians,,,text,80,8,true
Ancient Civilization,hard,Which option is most directly linked to Ancient Civilization?,soil,level,momentum,Phoenicians,Phoenicians,,,text,80,8,true
Ancient Civilization,hard,Pick the most specific concept tied to Ancient Civilization.,design,Assyrians,firewall,meditation,Assyrians,,,text,80,8,true
Ancient Civilization,hard,Which option best characterizes Ancient Civilization?,lambda,pawn,Athena,Mohenjo-daro,Mohenjo-daro,,,text,80,8,true
Ancient Civilization,hard,Which term is most specifically associated with Ancient Civilization?,Harappa,promotion,wilderness,formation,Harappa,,,text,80,8,true
Ancient Civilization,hard,Select the best-fit term for Ancient Civilization.,Olympiad,Phoenicians,sonnet,app,Phoenicians,,,text,80,8,true
Ancient Civilization,hard,Select the best-fit term for Ancient Civilization.,arid,Asgard,Indus Valley,conductor,Indus Valley,,,text,80,8,true
Ancient Civilization,hard,Which term is the closest match to Ancient Civilization?,song sequence,Babylon,responsive design,origin story,Babylon,,,text,80,8,true
Ancient Civilization,hard,Pick the most specific concept tied to Ancient Civilization.,agent,Egyptians,cabinet,phonetics,Egyptians,,,text,80,8,true
Ancient Civilization,hard,Which term is the closest match to Ancient Civilization?,Egyptians,checkmate,space station,Durga,Egyptians,,,text,80,8,true
Ancient Civilization,hard,Which term is the closest match to Ancient Civilization?,Babylon,Oscar,wellness,iOS,Babylon,,,text,80,8,true
Ancient Civilization,hard,Choose the most accurate term for Ancient Civilization.,Indus Valley,director,explorer,angle,Indus Valley,,,text,80,8,true
Ancient Civilization,hard,Which option best characterizes Ancient Civilization?,asset,Mohenjo-daro,cosine,routing,Mohenjo-daro,,,text,80,8,true
Ancient Civilization,hard,Which option is most directly linked to Ancient Civilization?,Danube,Ashoka,composer,Egyptians,Egyptians,,,text,80,8,true
Ancient Civilization,hard,Select the best-fit term for Ancient Civilization.,exoplanet,Babylon,transaction,alphabet,Babylon,,,text,80,8,true
Ancient Civilization,hard,Which option best characterizes Ancient Civilization?,validation,Egyptians,intrusion,emulator,Egyptians,,,text,80,8,true
Modern History,easy,Which of these fits the topic Modern History?,deity,ink,charger,decolonization,decolonization,,,text,20,12,true
Modern History,easy,Pick the correct term for Modern History.,app,Cold War,chain rule,sonata,Cold War,,,text,20,12,true
Modern History,easy,Which option belongs to Modern History?,mitigation,novel,Poseidon,Treaty of Versailles,Treaty of Versailles,,,text,20,12,true
Modern History,easy,Pick the correct term for Modern History.,depth of field,emblem,decolonization,textile,decolonization,,,text,20,12,true
Modern History,easy,Which option belongs to Modern History?,payment gateway,decolonization,laureate,consensus,decolonization,,,text,20,12,true
Modern History,easy,Which of these fits the topic Modern History?,Treaty of Versailles,entrepreneur,floor plan,follower,Treaty of Versailles,,,text,20,12,true
Modern History,easy,Which of these is related to Modern History?,origin story,globalization,prize,wardrobe,globalization,,,text,20,12,true
Modern History,easy,Select a term associated with Modern History.,Bihar,United Nations,accessory,offside,United Nations,,,text,20,12,true
Modern History,easy,Pick the correct term for Modern History.,Berlin Wall,vulnerability,Durga,integer,Berlin Wall,,,text,20,12,true
Modern History,easy,Which of these is related to Modern History?,overfitting,innovation,altitude,World War II,World War II,,,text,20,12,true
Modern History,easy,Which of these is related to Modern History?,League of Nations,training data,column,carbon footprint,League of Nations,,,text,20,12,true
Modern History,easy,Which of these fits the topic Modern History?,League of Nations,playlist,Uttar Pradesh,digestive system,League of Nations,,,text,20,12,true
Modern History,easy,Which of these is related to Modern History?,ISP,Berlin Wall,Ganga,masala,Berlin Wall,,,text,20,12,true
Modern History,easy,Select a term associated with Modern History.,wicket,target audience,Cold War,Iliad,Cold War,,,text,20,12,true
Modern History,easy,Pick the correct term for Modern History.,Assyrians,disease,Industrial Revolution,producer,Industrial Revolution,,,text,20,12,true
Modern History,easy,Which of these fits the topic Modern History?,firewall,torch,decolonization,perspective,decolonization,,,text,20,12,true
Modern History,easy,Which of these fits the topic Modern History?,catalyst,World War II,aerodynamics,Indus Valley,World War II,,,text,20,12,true
Modern History,easy,Which option belongs to Modern History?,gold medal,League of Nations,motivation,grammar,League of Nations,,,text,20,12,true
Modern History,medium,Pick the concept that best matches Modern History.,story arc,spacecraft,League of Nations,assist,League of Nations,,,text,40,10,true
Modern History,medium,Which option aligns with Modern History?,Berlin Wall,algorithm,harvest,battery,Berlin Wall,,,text,40,10,true
Modern History,medium,Which term is most commonly used in Modern History?,story arc,spacecraft,World War I,fraction,World War I,,,text,40,10,true
Modern History,medium,Which option is a key concept in Modern History?,RPG,wardrobe,Uttar Pradesh,Industrial Revolution,Industrial Revolution,,,text,40,10,true
Modern History,medium,Select the most relevant term for Modern History.,cash flow,screenplay,Cold War,patient,Cold War,,,text,40,10,true
Modern History,medium,Which of these is a core idea in Modern History?,World Wide Web,volatility,Berlin Wall,accessory,Berlin Wall,,,text,40,10,true
Modern History,medium,Pick the concept that best matches Modern History.,altitude,decolonization,machine,ethics,decolonization,,,text,40,10,true
Modern History,medium,Which option aligns with Modern History?,dune,bake,virtualenv,Cold War,Cold War,,,text,40,10,true
Modern History,medium,Which option aligns with Modern History?,scripture,Bollywood,Everest,United Nations,United Nations,,,text,40,10,true
Modern History,medium,Which option aligns with Modern History?,advertising,globalization,floor plan,harvest,globalization,,,text,40,10,true
Modern History,medium,Which of these is a core idea in Modern History?,digestive system,merger,League of Nations,Champaran,League of Nations,,,text,40,10,true
Modern History,medium,Which option aligns with Modern History?,Midgard,League of Nations,supernova,sensor,League of Nations,,,text,40,10,true
Modern History,medium,Which option is a key concept in Modern History?,United Nations,metabolism,diplomacy,sanctuary,United Nations,,,text,40,10,true
Modern History,medium,Which option aligns with Modern History?,esports,electricity,Cold War,parliament,Cold War,,,text,40,10,true
Modern History,medium,Select the most relevant term for Modern History.,Phoenicians,Egyptians,smart contract,globalization,globalization,,,text,40,10,true
Modern History,medium,Which term is most commonly used in Modern History?,World War I,philanthropist,composer,Uttar Pradesh,World War I,,,text,40,10,true
Modern History,medium,Which option aligns with Modern History?,authentication,post,Industrial Revolution,Valkyrie,Industrial Revolution,,,text,40,10,true
Modern History,medium,Which option aligns with Modern History?,receptor,Industrial Revolution,target audience,records,Industrial Revolution,,,text,40,10,true
Modern History,hard,Which option best characterizes Modern History?,origin story,World War II,limit,rook,World War II,,,text,80,8,true
Modern History,hard,Choose the most accurate term for Modern History.,laureate,Industrial Revolution,jet engine,APK,Industrial Revolution,,,text,80,8,true
Modern History,hard,Select the most precise term for Modern History.,judiciary,globalization,clergy,vocabulary,globalization,,,text,80,8,true
Modern History,hard,Which option is most directly linked to Modern History?,Treaty of Versailles,Poseidon,taste,console,Treaty of Versailles,,,text,80,8,true
Modern History,hard,Choose the most accurate term for Modern History.,decor,volcanic island,verse,United Nations,United Nations,,,text,80,8,true
Modern History,hard,Select the best-fit term for Modern History.,Berlin Wall,area,AI,Yangtze,Berlin Wall,,,text,80,8,true
Modern History,hard,Which term is most specifically associated with Modern History?,motivation,Yangtze,post,Cold War,Cold War,,,text,80,8,true
Modern History,hard,Select the most precise term for Modern History.,Medicine,globalization,supply,diplomacy,globalization,,,text,80,8,true
Modern History,hard,Which term is the closest match to Modern History?,ecosystem,League of Nations,virtualenv,promotion,League of Nations,,,text,80,8,true
Modern History,hard,Choose the most accurate term for Modern History.,World War II,constitution,gradient descent,percentage,World War II,,,text,80,8,true
Modern History,hard,Select the best-fit term for Modern History.,biodiversity,World War I,floor plan,head of state,World War I,,,text,80,8,true
Modern History,hard,Which option is most directly linked to Modern History?,validation,Cold War,personality,online store,Cold War,,,text,80,8,true
Modern History,hard,Select the best-fit term for Modern History.,comic,United Nations,lead time,robot,United Nations,,,text,80,8,true
Modern History,hard,Which option is most directly linked to Modern History?,United Nations,pharmacokinetics,compost,tangent line,United Nations,,,text,80,8,true
Modern History,hard,Which option best characterizes Modern History?,network,World War I,abstract,equator,World War I,,,text,80,8,true
Modern History,hard,Which term is most specifically associated with Modern History?,variable,Mars rover,United Nations,Valhalla,United Nations,,,text,80,8,true
Modern History,hard,Which option best characterizes Modern History?,origin story,diplomacy,infrastructure,decolonization,decolonization,,,text,80,8,true
Modern History,hard,Which term is the closest match to Modern History?,inference,Ashoka,World War I,protocol,World War I,,,text,80,8,true
Modern History,hard,Select the most precise term for Modern History.,biodiversity,Hamlet,patient,Berlin Wall,Berlin Wall,,,text,80,8,true
Modern History,hard,Select the most precise term for Modern History.,hospital,institution,Industrial Revolution,socialization,Industrial Revolution,,,text,80,8,true
Modern History,hard,Which option is most directly linked to Modern History?,Rebellion of 1857,United Nations,list comprehension,virtue,United Nations,,,text,80,8,true
Modern History,hard,Which option is most directly linked to Modern History?,decolonization,nominee,smartphone,index,decolonization,,,text,80,8,true
Modern History,hard,Select the most precise term for Modern History.,League of Nations,monotheism,receptor,Ganga,League of Nations,,,text,80,8,true
Modern History,hard,Which option best characterizes Modern History?,gesture,chassis,meter,globalization,globalization,,,text,80,8,true
Physics,easy,Which of these is related to Physics?,wave,conditioning,conversion,castling,wave,,,text,20,12,true
Physics,easy,Which option belongs to Physics?,velocity,stalemate,constitution,rally,velocity,,,text,20,12,true
Physics,easy,Which of these fits the topic Physics?,Kalahari,electricity,delta,Atacama,electricity,,,text,20,12,true
Physics,easy,Select a term associated with Physics.,Literature,supply chain,velocity,species,velocity,,,text,20,12,true
Physics,easy,Pick the correct term for Physics.,momentum,hemisphere,taste,GDP,momentum,,,text,20,12,true
Physics,easy,Choose the item most linked to Physics.,Treaty of Versailles,angle,force,Nile,force,,,text,20,12,true
Physics,easy,Pick the correct term for Physics.,internet,atoll,star,thermodynamics,thermodynamics,,,text,20,12,true
Physics,easy,Choose the item most linked to Physics.,leadership,jet engine,thermodynamics,Mississippi,thermodynamics,,,text,20,12,true
Physics,easy,Which of these is related to Physics?,energy,Valkyrie,emissions,carbon footprint,energy,,,text,20,12,true
Physics,easy,Which of these is related to Physics?,dance,force,map scale,brand equity,force,,,text,20,12,true
Physics,easy,Choose the item most linked to Physics.,innings,designer,thermodynamics,programming,thermodynamics,,,text,20,12,true
Physics,easy,Which of these is related to Physics?,bear market,energy,charger,transmission,energy,,,text,20,12,true
Physics,easy,Which option belongs to Physics?,match point,Pacific Ocean,DOM,gravity,gravity,,,text,20,12,true
Physics,easy,Which of these is related to Physics?,World War I,velocity,guild,search,velocity,,,text,20,12,true
Physics,easy,Select a term associated with Physics.,irrigation,force,Mississippi,protected area,force,,,text,20,12,true
Physics,easy,Choose the item most linked to Physics.,map scale,Nile,acceleration,Midgard,acceleration,,,text,20,12,true
Physics,easy,Select a term associated with Physics.,decolonization,velocity,landscape,breathing,velocity,,,text,20,12,true
Physics,easy,Select a term associated with Physics.,acceleration,ink,batsman,shutter speed,acceleration,,,text,20,12,true
Physics,medium,Choose the term that best represents Physics.,vaccine,skeletal system,mitochondria,magnetism,magnetism,,,text,40,10,true
Physics,medium,Which term is most commonly used in Physics?,sustainability,wave,disease,gene,wave,,,text,40,10,true
Physics,medium,Pick the concept that best matches Physics.,prescription,digestive system,conservation,velocity,velocity,,,text,40,10,true
Physics,medium,Which term is most commonly used in Physics?,greenhouse gases,momentum,molecule,DNA,momentum,,,text,40,10,true
Physics,medium,Which term is most commonly used in Physics?,ecology,wave,molecule,photosynthesis,wave,,,text,40,10,true
Physics,medium,Which option aligns with Physics?,ecosystem,force,cell,prescription,force,,,text,40,10,true
Physics,medium,Which option is a key concept in Physics?,wave,compound,prescription,molecule,wave,,,text,40,10,true
Physics,medium,Which term is most commonly used in Physics?,ecology,magnetism,compound,lungs,magnetism,,,text,40,10,true
Physics,medium,Which option aligns with Physics?,wave,prescription,covalent bond,compound,wave,,,text,40,10,true
Physics,medium,Select the most relevant term for Physics.,mitigation,momentum,digestive system,DNA,momentum,,,text,40,10,true
Physics,medium,Which option aligns with Physics?,pollution,disease,thermodynamics,respiratory system,thermodynamics,,,text,40,10,true
Physics,medium,Choose the term that best represents Physics.,wave,respiratory system,hospital,ice melt,wave,,,text,40,10,true
Physics,medium,Pick the concept that best matches Physics.,treatment,ionic bond,pharmacokinetics,force,force,,,text,40,10,true
Physics,medium,Choose the term that best represents Physics.,hospital,carbon footprint,compound,velocity,velocity,,,text,40,10,true
Physics,medium,Choose the term that best represents Physics.,atom,biodiversity,climate model,velocity,velocity,,,text,40,10,true
Physics,medium,Select the most relevant term for Physics.,bioavailability,circulatory system,gravity,respiratory system,gravity,,,text,40,10,true
Physics,medium,Which option is a key concept in Physics?,wave,disease,metabolism,cell,wave,,,text,40,10,true
Physics,medium,Which option is a key concept in Physics?,thermodynamics,greenhouse gases,prescription,evolution,thermodynamics,,,text,40,10,true
Physics,hard,Select the most precise term for Physics.,wave,lungs,molecule,side effect,wave,,,text,80,8,true
Physics,hard,Choose the most accurate term for Physics.,wave,biodiversity,covalent bond,patient,wave,,,text,80,8,true
Physics,hard,Which option best characterizes Physics?,mitigation,receptor,magnetism,reaction,magnetism,,,text,80,8,true
Physics,hard,Select the most precise term for Physics.,conservation,oxidation,gravity,molecule,gravity,,,text,80,8,true
Physics,hard,Which option is most directly linked to Physics?,compound,circulatory system,therapy,acceleration,acceleration,,,text,80,8,true
Physics,hard,Which term is most specifically associated with Physics?,magnetism,vaccine,cell,pharmacokinetics,magnetism,,,text,80,8,true
Physics,hard,Which term is the closest match to Physics?,renewable,wave,gene,covalent bond,wave,,,text,80,8,true
Physics,hard,Pick the most specific concept tied to Physics.,momentum,compound,pollution,circulatory system,momentum,,,text,80,8,true
Physics,hard,Choose the most accurate term for Physics.,ecology,treatment,magnetism,homeostasis,magnetism,,,text,80,8,true
Physics,hard,Which option is most directly linked to Physics?,catalyst,patient,force,therapy,force,,,text,80,8,true
Physics,hard,Choose the most accurate term for Physics.,energy,periodic table,bioavailability,treatment,energy,,,text,80,8,true
Physics,hard,Select the most precise term for Physics.,atom,metabolism,dosage,force,force,,,text,80,8,true
Physics,hard,Which option best characterizes Physics?,ice melt,emissions,oxidation,force,force,,,text,80,8,true
Physics,hard,Which option is most directly linked to Physics?,skeletal system,clinical,reaction,gravity,gravity,,,text,80,8,true
Physics,hard,Which option best characterizes Physics?,metabolism,electricity,drug,carbon dioxide,electricity,,,text,80,8,true
Physics,hard,Which option best characterizes Physics?,reaction,circulatory system,global warming,electricity,electricity,,,text,80,8,true
Physics,hard,Which term is the closest match to Physics?,evolution,energy,patient,disease,energy,,,text,80,8,true
Physics,hard,Which term is the closest match to Physics?,lungs,digestive system,thermodynamics,pharmacokinetics,thermodynamics,,,text,80,8,true
Physics,hard,Choose the most accurate term for Physics.,ice melt,velocity,heart,nervous system,velocity,,,text,80,8,true
Physics,hard,Choose the most accurate term for Physics.,ionic bond,diagnosis,gravity,patient,gravity,,,text,80,8,true
Physics,hard,Which term is most specifically associated with Physics?,skeletal system,ice melt,atom,force,force,,,text,80,8,true
Physics,hard,Which term is the closest match to Physics?,drug,catalyst,energy,mitigation,energy,,,text,80,8,true
Physics,hard,Pick the most specific concept tied to Physics.,recycling,atom,nervous system,electricity,electricity,,,text,80,8,true
Physics,hard,Select the most precise term for Physics.,gravity,sustainability,bioavailability,molecule,gravity,,,text,80,8,true
Chemistry,easy,Which of these is related to Chemistry?,pilgrimage,oxidation,follower,dot-com,oxidation,,,text,20,12,true
Chemistry,easy,Which option belongs to Chemistry?,sine,reaction,disease,server,reaction,,,text,20,12,true
Chemistry,easy,Which option belongs to Chemistry?,covalent bond,taste,opening,strings,covalent bond,,,text,20,12,true
Chemistry,easy,Which of these is related to Chemistry?,cinematography,compound,Lakshmi,reason,compound,,,text,20,12,true
Chemistry,easy,Which option belongs to Chemistry?,rally,telescope,reaction,Industrial Revolution,reaction,,,text,20,12,true
Chemistry,easy,Choose the item most linked to Chemistry.,oxidation,server,freight,Loki,oxidation,,,text,20,12,true
Chemistry,easy,Which option belongs to Chemistry?,device,reaction,Australia,evolution,reaction,,,text,20,12,true
Chemistry,easy,Pick the correct term for Chemistry.,compound,billionaire,postmodern,fuel,compound,,,text,20,12,true
Chemistry,easy,Choose the item most linked to Chemistry.,cinematography,pattern,reaction,demography,reaction,,,text,20,12,true
Chemistry,easy,Which of these fits the topic Chemistry?,oxidation,Valhalla,migration,endgame,oxidation,,,text,20,12,true
Chemistry,easy,Choose the item most linked to Chemistry.,asana,market cap,stanza,compound,compound,,,text,20,12,true
Chemistry,easy,Which option belongs to Chemistry?,pitch,catalyst,Krishna,autonomy,catalyst,,,text,20,12,true
Chemistry,easy,Which of these fits the topic Chemistry?,director,covalent bond,foul,international summit,covalent bond,,,text,20,12,true
Chemistry,easy,Pick the correct term for Chemistry.,catalyst,proof of work,peak,Vishnu,catalyst,,,text,20,12,true
Chemistry,easy,Which option belongs to Chemistry?,topography,Rama,pH,composer,pH,,,text,20,12,true
Chemistry,easy,Select a term associated with Chemistry.,Hindi cinema,innovation,function,compound,compound,,,text,20,12,true
Chemistry,easy,Select a term associated with Chemistry.,cosine,printing press,ceremony,ionic bond,ionic bond,,,text,20,12,true
Chemistry,easy,Which of these fits the topic Chemistry?,catalyst,icon,blockbuster,nominee,catalyst,,,text,20,12,true
Chemistry,medium,Which term is most commonly used in Chemistry?,clinical,pharmacokinetics,reaction,gravity,reaction,,,text,40,10,true
Chemistry,medium,Which option aligns with Chemistry?,sustainability,clinical,respiratory system,oxidation,oxidation,,,text,40,10,true
Chemistry,medium,Pick the concept that best matches Chemistry.,evolution,respiratory system,reaction,circulatory system,reaction,,,text,40,10,true
Chemistry,medium,Which option is a key concept in Chemistry?,dosage,mitochondria,covalent bond,greenhouse gases,covalent bond,,,text,40,10,true
Chemistry,medium,Choose the term that best represents Chemistry.,ionic bond,ecosystem,acceleration,emissions,ionic bond,,,text,40,10,true
Chemistry,medium,Which option is a key concept in Chemistry?,oxidation,greenhouse gases,habitat,carbon dioxide,oxidation,,,text,40,10,true
Chemistry,medium,Which option aligns with Chemistry?,pH,prescription,velocity,DNA,pH,,,text,40,10,true
Chemistry,medium,Choose the term that best represents Chemistry.,heart,cell,adaptation,periodic table,periodic table,,,text,40,10,true
Chemistry,medium,Which option aligns with Chemistry?,emissions,molecule,homeostasis,heart,molecule,,,text,40,10,true
Chemistry,medium,Which option is a key concept in Chemistry?,compound,force,pH,drug,pH,,,text,40,10,true
Chemistry,medium,Select the most relevant term for Chemistry.,renewable,oxidation,protein,pharmacokinetics,oxidation,,,text,40,10,true
Chemistry,medium,Which option is a key concept in Chemistry?,thermodynamics,brain,atom,ecosystem,atom,,,text,40,10,true
Chemistry,medium,Select the most relevant term for Chemistry.,ionic bond,clinical,magnetism,gene,ionic bond,,,text,40,10,true
Chemistry,medium,Which of these is a core idea in Chemistry?,kidney,carbon dioxide,metabolism,periodic table,periodic table,,,text,40,10,true
Chemistry,medium,Which option aligns with Chemistry?,biodiversity,catalyst,acceleration,prescription,catalyst,,,text,40,10,true
Chemistry,medium,Choose the term that best represents Chemistry.,emissions,carbon dioxide,compound,hospital,compound,,,text,40,10,true
Chemistry,medium,Choose the term that best represents Chemistry.,catalyst,mitigation,treatment,ecology,catalyst,,,text,40,10,true
Chemistry,medium,Which option is a key concept in Chemistry?,force,covalent bond,greenhouse gases,mitigation,covalent bond,,,text,40,10,true
Chemistry,hard,Select the most precise term for Chemistry.,recycling,magnetism,molecule,ice melt,molecule,,,text,80,8,true
Chemistry,hard,Which option is most directly linked to Chemistry?,hospital,habitat,atom,prescription,atom,,,text,80,8,true
Chemistry,hard,Choose the most accurate term for Chemistry.,circulatory system,treatment,gravity,atom,atom,,,text,80,8,true
Chemistry,hard,Which option is most directly linked to Chemistry?,recycling,adaptation,emissions,pH,pH,,,text,80,8,true
Chemistry,hard,Which option best characterizes Chemistry?,bioavailability,ionic bond,clinical,acceleration,ionic bond,,,text,80,8,true
Chemistry,hard,Select the most precise term for Chemistry.,ionic bond,energy,treatment,ice melt,ionic bond,,,text,80,8,true
Chemistry,hard,Which option is most directly linked to Chemistry?,pH,digestive system,emissions,acceleration,pH,,,text,80,8,true
Chemistry,hard,Select the best-fit term for Chemistry.,mitochondria,carbon dioxide,energy,catalyst,catalyst,,,text,80,8,true
Chemistry,hard,Pick the most specific concept tied to Chemistry.,dosage,ecosystem,treatment,periodic table,periodic table,,,text,80,8,true
Chemistry,hard,Which option is most directly linked to Chemistry?,atom,recycling,toxicity,homeostasis,atom,,,text,80,8,true
Chemistry,hard,Which term is the closest match to Chemistry?,reaction,velocity,patient,photosynthesis,reaction,,,text,80,8,true
Chemistry,hard,Pick the most specific concept tied to Chemistry.,conservation,oxidation,energy,patient,oxidation,,,text,80,8,true
Chemistry,hard,Which option is most directly linked to Chemistry?,pollution,recycling,reaction,hospital,reaction,,,text,80,8,true
Chemistry,hard,Which term is the closest match to Chemistry?,emissions,enzyme,sea level,reaction,reaction,,,text,80,8,true
Chemistry,hard,Pick the most specific concept tied to Chemistry.,fossil fuels,velocity,sustainability,covalent bond,covalent bond,,,text,80,8,true
Chemistry,hard,Which term is most specifically associated with Chemistry?,circulatory system,oxidation,pharmacokinetics,hospital,oxidation,,,text,80,8,true
Chemistry,hard,Select the best-fit term for Chemistry.,electricity,energy,covalent bond,prescription,covalent bond,,,text,80,8,true
Chemistry,hard,Which option best characterizes Chemistry?,molecule,emissions,carbon footprint,compound,molecule,,,text,80,8,true
Chemistry,hard,Which term is the closest match to Chemistry?,pollution,pharmacokinetics,lungs,periodic table,periodic table,,,text,80,8,true
Chemistry,hard,Which option best characterizes Chemistry?,mitigation,hospital,skeletal system,pH,pH,,,text,80,8,true
Chemistry,hard,Which term is the closest match to Chemistry?,kidney,periodic table,skeletal system,ecosystem,periodic table,,,text,80,8,true
Chemistry,hard,Pick the most specific concept tied to Chemistry.,pH,mitigation,electricity,metabolism,pH,,,text,80,8,true
Chemistry,hard,Which term is the closest match to Chemistry?,brain,gene,catalyst,enzyme,catalyst,,,text,80,8,true
Chemistry,hard,Which term is the closest match to Chemistry?,atom,ecosystem,dosage,drug,atom,,,text,80,8,true
Biology,easy,Which of these is related to Biology?,Valhalla,label,ecosystem,predator,ecosystem,,,text,20,12,true
Biology,easy,Which option belongs to Biology?,transmission,enzyme,charger,tablet,enzyme,,,text,20,12,true
Biology,easy,Pick the correct term for Biology.,Ares,cockpit,protein,rebrand,protein,,,text,20,12,true
Biology,easy,Choose the item most linked to Biology.,leader,Hittites,protein,Divine Comedy,protein,,,text,20,12,true
Biology,easy,Which of these fits the topic Biology?,oil paint,evolution,volatility,returns,evolution,,,text,20,12,true
Biology,easy,Which of these is related to Biology?,exchange rate,homeostasis,prey,Olympus,homeostasis,,,text,20,12,true
Biology,easy,Choose the item most linked to Biology.,battery,coin,mitochondria,legislature,mitochondria,,,text,20,12,true
Biology,easy,Pick the correct term for Biology.,percentage,App Store,gene,Rama,gene,,,text,20,12,true
Biology,easy,Which option belongs to Biology?,protein,Divine Comedy,deuce,floor plan,protein,,,text,20,12,true
Biology,easy,Which of these is related to Biology?,evolution,continent,Industrial Revolution,ice melt,evolution,,,text,20,12,true
Biology,easy,Select a term associated with Biology.,enzyme,chain rule,comic,crest,enzyme,,,text,20,12,true
Biology,easy,Which of these is related to Biology?,mitochondria,checkmate,memory,exoplanet,mitochondria,,,text,20,12,true
Biology,easy,Which option belongs to Biology?,conversion,farm,photosynthesis,director,photosynthesis,,,text,20,12,true
Biology,easy,Which of these is related to Biology?,rebrand,enzyme,fraction,education reform,enzyme,,,text,20,12,true
Biology,easy,Which option belongs to Biology?,free kick,frame,skyscraper,DNA,DNA,,,text,20,12,true
Biology,easy,Which option belongs to Biology?,mitochondria,inflation,mindfulness,firewall,mitochondria,,,text,20,12,true
Biology,easy,Which option belongs to Biology?,evolution,foul,franchise,chassis,evolution,,,text,20,12,true
Biology,easy,Choose the item most linked to Biology.,red carpet,operating system,session,enzyme,enzyme,,,text,20,12,true
Biology,medium,Which of these is a core idea in Biology?,brain,lungs,ecosystem,electricity,ecosystem,,,text,40,10,true
Biology,medium,Which option is a key concept in Biology?,magnetism,homeostasis,prescription,toxicity,homeostasis,,,text,40,10,true
Biology,medium,Which term is most commonly used in Biology?,energy,renewable,protein,oxidation,protein,,,text,40,10,true
Biology,medium,Pick the concept that best matches Biology.,ecology,ice melt,gravity,gene,gene,,,text,40,10,true
Biology,medium,Which option aligns with Biology?,therapy,diagnosis,evolution,pollution,evolution,,,text,40,10,true
Biology,medium,Which term is most commonly used in Biology?,brain,evolution,nervous system,ionic bond,evolution,,,text,40,10,true
Biology,medium,Select the most relevant term for Biology.,reaction,symptom,conservation,evolution,evolution,,,text,40,10,true
Biology,medium,Which term is most commonly used in Biology?,enzyme,carbon footprint,conservation,skeletal system,enzyme,,,text,40,10,true
Biology,medium,Pick the concept that best matches Biology.,greenhouse gases,magnetism,gene,pharmacokinetics,gene,,,text,40,10,true
Biology,medium,Which option aligns with Biology?,renewable,diagnosis,cell,recycling,cell,,,text,40,10,true
Biology,medium,Which of these is a core idea in Biology?,emissions,energy,recycling,gene,gene,,,text,40,10,true
Biology,medium,Which option is a key concept in Biology?,brain,metabolism,prescription,photosynthesis,photosynthesis,,,text,40,10,true
Biology,medium,Pick the concept that best matches Biology.,sustainability,toxicity,pharmacokinetics,mitochondria,mitochondria,,,text,40,10,true
Biology,medium,Which of these is a core idea in Biology?,homeostasis,oxidation,adaptation,global warming,homeostasis,,,text,40,10,true
Biology,medium,Choose the term that best represents Biology.,carbon footprint,protein,ecosystem,covalent bond,protein,,,text,40,10,true
Biology,medium,Pick the concept that best matches Biology.,nervous system,compound,ionic bond,mitochondria,mitochondria,,,text,40,10,true
Biology,medium,Select the most relevant term for Biology.,brain,pollution,cell,hospital,cell,,,text,40,10,true
Biology,medium,Which term is most commonly used in Biology?,pH,energy,ecosystem,vaccine,ecosystem,,,text,40,10,true
Biology,hard,Select the most precise term for Biology.,cell,molecule,conservation,nervous system,cell,,,text,80,8,true
Biology,hard,Choose the most accurate term for Biology.,electricity,mitochondria,wave,biodiversity,mitochondria,,,text,80,8,true
Biology,hard,Which term is most specifically associated with Biology?,hospital,symptom,evolution,pH,evolution,,,text,80,8,true
Biology,hard,Select the most precise term for Biology.,momentum,ecosystem,clinical,nervous system,ecosystem,,,text,80,8,true
Biology,hard,Which option best characterizes Biology?,circulatory system,enzyme,force,fossil fuels,enzyme,,,text,80,8,true
Biology,hard,Which term is most specifically associated with Biology?,climate model,prescription,homeostasis,momentum,homeostasis,,,text,80,8,true
Biology,hard,Choose the most accurate term for Biology.,climate model,gene,ionic bond,patient,gene,,,text,80,8,true
Biology,hard,Select the best-fit term for Biology.,pH,atom,periodic table,DNA,DNA,,,text,80,8,true
Biology,hard,Select the best-fit term for Biology.,adaptation,emissions,receptor,homeostasis,homeostasis,,,text,80,8,true
Biology,hard,Which option is most directly linked to Biology?,lungs,magnetism,electricity,ecosystem,ecosystem,,,text,80,8,true
Biology,hard,Which term is most specifically associated with Biology?,photosynthesis,kidney,hospital,pollution,photosynthesis,,,text,80,8,true
Biology,hard,Which option best characterizes Biology?,disease,heart,sea level,photosynthesis,photosynthesis,,,text,80,8,true
Biology,hard,Which term is the closest match to Biology?,receptor,diagnosis,homeostasis,covalent bond,homeostasis,,,text,80,8,true
Biology,hard,Which term is most specifically associated with Biology?,DNA,prescription,bioavailability,sea level,DNA,,,text,80,8,true
Biology,hard,Select the most precise term for Biology.,ionic bond,nervous system,prescription,mitochondria,mitochondria,,,text,80,8,true
Biology,hard,Which term is most specifically associated with Biology?,diagnosis,evolution,oxidation,lungs,evolution,,,text,80,8,true
Biology,hard,Pick the most specific concept tied to Biology.,evolution,sustainability,global warming,thermodynamics,evolution,,,text,80,8,true
Biology,hard,Select the most precise term for Biology.,mitigation,gene,circulatory system,treatment,gene,,,text,80,8,true
Biology,hard,Choose the most accurate term for Biology.,protein,hospital,covalent bond,momentum,protein,,,text,80,8,true
Biology,hard,Choose the most accurate term for Biology.,diagnosis,gene,muscular system,treatment,gene,,,text,80,8,true
Biology,hard,Choose the most accurate term for Biology.,DNA,adaptation,side effect,renewable,DNA,,,text,80,8,true
Biology,hard,Which term is the closest match to Biology?,carbon footprint,evolution,prescription,energy,evolution,,,text,80,8,true
Biology,hard,Choose the most accurate term for Biology.,therapy,adaptation,photosynthesis,hospital,photosynthesis,,,text,80,8,true
Biology,hard,Choose the most accurate term for Biology.,carbon dioxide,mitigation,protein,muscular system,protein,,,text,80,8,true
Human Anatomy,easy,Pick the correct term for Human Anatomy.,lungs,space planning,cash flow,midfielder,lungs,,,text,20,12,true
Human Anatomy,easy,Pick the correct term for Human Anatomy.,heart,push notification,fertilizer,screenplay,heart,,,text,20,12,true
Human Anatomy,easy,Which of these is related to Human Anatomy?,baseline,flag ratio,entrepreneur,kidney,kidney,,,text,20,12,true
Human Anatomy,easy,Choose the item most linked to Human Anatomy.,podium,continent,muscular system,cell,muscular system,,,text,20,12,true
Human Anatomy,easy,Which option belongs to Human Anatomy?,policy,digestive system,wildlife reserve,box office,digestive system,,,text,20,12,true
Human Anatomy,easy,Choose the item most linked to Human Anatomy.,portfolio,kidney,author,posture,kidney,,,text,20,12,true
Human Anatomy,easy,Select a term associated with Human Anatomy.,campaign,respiratory system,illustration,checkout,respiratory system,,,text,20,12,true
Human Anatomy,easy,Select a term associated with Human Anatomy.,Mississippi,atom,Odin,skeletal system,skeletal system,,,text,20,12,true
Human Anatomy,easy,Which of these is related to Human Anatomy?,chancellor,nervous system,pruning,mitigation,nervous system,,,text,20,12,true
Human Anatomy,easy,Which option belongs to Human Anatomy?,lungs,supply,prime minister,podium,lungs,,,text,20,12,true
Human Anatomy,easy,Which of these fits the topic Human Anatomy?,bytecode,nervous system,prime number,email,nervous system,,,text,20,12,true
Human Anatomy,easy,Which of these is related to Human Anatomy?,kidney,planting,target audience,patch,kidney,,,text,20,12,true
Human Anatomy,easy,Choose the item most linked to Human Anatomy.,internet,continent,respiratory system,Egyptians,respiratory system,,,text,20,12,true
Human Anatomy,easy,Pick the correct term for Human Anatomy.,sensor,nervous system,fuselage,Arctic Ocean,nervous system,,,text,20,12,true
Human Anatomy,easy,Which of these is related to Human Anatomy?,judiciary,cockpit,inequality,heart,heart,,,text,20,12,true
Human Anatomy,easy,Select a term associated with Human Anatomy.,fraction,nervous system,bull market,supply chain,nervous system,,,text,20,12,true
Human Anatomy,easy,Which option belongs to Human Anatomy?,Literature,exoplanet,muscular system,predator,muscular system,,,text,20,12,true
Human Anatomy,easy,Select a term associated with Human Anatomy.,Tamil Nadu,fuel,fraction,digestive system,digestive system,,,text,20,12,true
Human Anatomy,medium,Which of these is a core idea in Human Anatomy?,bioavailability,toxicity,muscular system,patient,muscular system,,,text,40,10,true
Human Anatomy,medium,Select the most relevant term for Human Anatomy.,acceleration,ecosystem,lungs,biodiversity,lungs,,,text,40,10,true
Human Anatomy,medium,Which option aligns with Human Anatomy?,emissions,mitigation,kidney,catalyst,kidney,,,text,40,10,true
Human Anatomy,medium,Select the most relevant term for Human Anatomy.,respiratory system,atom,photosynthesis,force,respiratory system,,,text,40,10,true
Human Anatomy,medium,Which option is a key concept in Human Anatomy?,molecule,skeletal system,sustainability,hospital,skeletal system,,,text,40,10,true
Human Anatomy,medium,Which of these is a core idea in Human Anatomy?,digestive system,electricity,catalyst,momentum,digestive system,,,text,40,10,true
Human Anatomy,medium,Which option is a key concept in Human Anatomy?,nervous system,bioavailability,biodiversity,energy,nervous system,,,text,40,10,true
Human Anatomy,medium,Pick the concept that best matches Human Anatomy.,mitigation,climate model,respiratory system,momentum,respiratory system,,,text,40,10,true
Human Anatomy,medium,Choose the term that best represents Human Anatomy.,skeletal system,electricity,gravity,atom,skeletal system,,,text,40,10,true
Human Anatomy,medium,Choose the term that best represents Human Anatomy.,vaccine,ecology,acceleration,lungs,lungs,,,text,40,10,true
Human Anatomy,medium,Which option is a key concept in Human Anatomy?,digestive system,fossil fuels,therapy,metabolism,digestive system,,,text,40,10,true
Human Anatomy,medium,Pick the concept that best matches Human Anatomy.,mitochondria,nervous system,climate model,reaction,nervous system,,,text,40,10,true
Human Anatomy,medium,Which term is most commonly used in Human Anatomy?,periodic table,enzyme,kidney,protein,kidney,,,text,40,10,true
Human Anatomy,medium,Choose the term that best represents Human Anatomy.,muscular system,therapy,cell,fossil fuels,muscular system,,,text,40,10,true
Human Anatomy,medium,Pick the concept that best matches Human Anatomy.,thermodynamics,mitigation,respiratory system,receptor,respiratory system,,,text,40,10,true
Human Anatomy,medium,Which of these is a core idea in Human Anatomy?,atom,electricity,circulatory system,energy,circulatory system,,,text,40,10,true
Human Anatomy,medium,Which option aligns with Human Anatomy?,treatment,ecology,kidney,carbon footprint,kidney,,,text,40,10,true
Human Anatomy,medium,Choose the term that best represents Human Anatomy.,vaccine,conservation,skeletal system,magnetism,skeletal system,,,text,40,10,true
Human Anatomy,hard,Which term is most specifically associated with Human Anatomy?,heart,ionic bond,gene,global warming,heart,,,text,80,8,true
Human Anatomy,hard,Choose the most accurate term for Human Anatomy.,photosynthesis,muscular system,mitigation,mitochondria,muscular system,,,text,80,8,true
Human Anatomy,hard,Choose the most accurate term for Human Anatomy.,compound,carbon footprint,brain,covalent bond,brain,,,text,80,8,true
Human Anatomy,hard,Which term is the closest match to Human Anatomy?,kidney,mitochondria,disease,velocity,kidney,,,text,80,8,true
Human Anatomy,hard,Which option best characterizes Human Anatomy?,respiratory system,receptor,side effect,photosynthesis,respiratory system,,,text,80,8,true
Human Anatomy,hard,Which term is most specifically associated with Human Anatomy?,lungs,compound,bioavailability,covalent bond,lungs,,,text,80,8,true
Human Anatomy,hard,Select the most precise term for Human Anatomy.,therapy,oxidation,brain,gravity,brain,,,text,80,8,true
Human Anatomy,hard,Which term is most specifically associated with Human Anatomy?,ecology,compound,nervous system,magnetism,nervous system,,,text,80,8,true
Human Anatomy,hard,Which option is most directly linked to Human Anatomy?,catalyst,homeostasis,skeletal system,compound,skeletal system,,,text,80,8,true
Human Anatomy,hard,Which term is most specifically associated with Human Anatomy?,reaction,brain,DNA,carbon footprint,brain,,,text,80,8,true
Human Anatomy,hard,Choose the most accurate term for Human Anatomy.,acceleration,gravity,muscular system,sustainability,muscular system,,,text,80,8,true
Human Anatomy,hard,Select the most precise term for Human Anatomy.,nervous system,climate model,bioavailability,greenhouse gases,nervous system,,,text,80,8,true
Human Anatomy,hard,Which term is the closest match to Human Anatomy?,reaction,renewable,brain,symptom,brain,,,text,80,8,true
Human Anatomy,hard,Select the best-fit term for Human Anatomy.,thermodynamics,greenhouse gases,skeletal system,climate model,skeletal system,,,text,80,8,true
Human Anatomy,hard,Which term is the closest match to Human Anatomy?,brain,periodic table,compound,disease,brain,,,text,80,8,true
Human Anatomy,hard,Select the most precise term for Human Anatomy.,circulatory system,diagnosis,hospital,fossil fuels,circulatory system,,,text,80,8,true
Human Anatomy,hard,Select the best-fit term for Human Anatomy.,heart,vaccine,ionic bond,ecosystem,heart,,,text,80,8,true
Human Anatomy,hard,Which option is most directly linked to Human Anatomy?,greenhouse gases,ecosystem,lungs,drug,lungs,,,text,80,8,true
Human Anatomy,hard,Which term is the closest match to Human Anatomy?,digestive system,treatment,diagnosis,ecology,digestive system,,,text,80,8,true
Human Anatomy,hard,Which term is most specifically associated with Human Anatomy?,evolution,skeletal system,sea level,treatment,skeletal system,,,text,80,8,true
Human Anatomy,hard,Which term is the closest match to Human Anatomy?,prescription,heart,therapy,compound,heart,,,text,80,8,true
Human Anatomy,hard,Pick the most specific concept tied to Human Anatomy.,dosage,biodiversity,pharmacokinetics,muscular system,muscular system,,,text,80,8,true
Human Anatomy,hard,Pick the most specific concept tied to Human Anatomy.,gravity,toxicity,ecosystem,heart,heart,,,text,80,8,true
Human Anatomy,hard,Select the best-fit term for Human Anatomy.,hospital,ecology,heart,receptor,heart,,,text,80,8,true
Space Exploration,easy,Which of these fits the topic Space Exploration?,orbit,monopoly,endangered,electricity,orbit,,,text,20,12,true
Space Exploration,easy,Which of these fits the topic Space Exploration?,machine,rocket,Sumatra,lifecycle,rocket,,,text,20,12,true
Space Exploration,easy,Select a term associated with Space Exploration.,mitochondria,Mars rover,wilderness,linguistics,Mars rover,,,text,20,12,true
Space Exploration,easy,Which option belongs to Space Exploration?,orbit,silhouette,comic,masala,orbit,,,text,20,12,true
Space Exploration,easy,Choose the item most linked to Space Exploration.,compost,Iceland,zero trust,spacecraft,spacecraft,,,text,20,12,true
Space Exploration,easy,Which of these is related to Space Exploration?,rocket,harvest,policy debate,global economy,rocket,,,text,20,12,true
Space Exploration,easy,Choose the item most linked to Space Exploration.,Athena,conservation,sensor,satellite,satellite,,,text,20,12,true
Space Exploration,easy,Which of these fits the topic Space Exploration?,spacecraft,policy,flag ratio,balance,spacecraft,,,text,20,12,true
Space Exploration,easy,Choose the item most linked to Space Exploration.,spacecraft,Ragnarok,latitude,pivot,spacecraft,,,text,20,12,true
Space Exploration,easy,Which option belongs to Space Exploration?,dunk,conversion,satellite,brush,satellite,,,text,20,12,true
Space Exploration,easy,Which of these is related to Space Exploration?,brush,limit,checkmate,orbit,orbit,,,text,20,12,true
Space Exploration,easy,Which of these fits the topic Space Exploration?,limit,prayer,endangered,satellite,satellite,,,text,20,12,true
Space Exploration,easy,Choose the item most linked to Space Exploration.,rocket,superpower,public health,syntax,rocket,,,text,20,12,true
Space Exploration,easy,Choose the item most linked to Space Exploration.,space station,prescription,tense,gradient descent,space station,,,text,20,12,true
Space Exploration,easy,Choose the item most linked to Space Exploration.,investor,Lakshmi,launch vehicle,World War II,launch vehicle,,,text,20,12,true
Space Exploration,easy,Select a term associated with Space Exploration.,indentation,launch vehicle,garbage collection,ceremony,launch vehicle,,,text,20,12,true
Space Exploration,easy,Choose the item most linked to Space Exploration.,space station,Borneo,optimization,integral,space station,,,text,20,12,true
Space Exploration,easy,Which of these fits the topic Space Exploration?,therapy,parliament,responsive design,satellite,satellite,,,text,20,12,true
Space Exploration,medium,Which option is a key concept in Space Exploration?,producer,pilgrimage,perception,rocket,rocket,,,text,40,10,true
Space Exploration,medium,Which of these is a core idea in Space Exploration?,Berlin Wall,space station,Thar,network,space station,,,text,40,10,true
Space Exploration,medium,Which term is most commonly used in Space Exploration?,GDP,reason,spacecraft,pharmacokinetics,spacecraft,,,text,40,10,true
Space Exploration,medium,Choose the term that best represents Space Exploration.,harvest,monarch,orbit,scarcity,orbit,,,text,40,10,true
Space Exploration,medium,Which option is a key concept in Space Exploration?,orbit,symphony,League of Nations,patient,orbit,,,text,40,10,true
Space Exploration,medium,Which of these is a core idea in Space Exploration?,designer,Mars rover,tricolor,Hittites,Mars rover,,,text,40,10,true
Space Exploration,medium,Which option aligns with Space Exploration?,spacewalk,Midgard,transmission,pharmacokinetics,spacewalk,,,text,40,10,true
Space Exploration,medium,Which option aligns with Space Exploration?,orbit,goal,sidekick,horsepower,orbit,,,text,40,10,true
Space Exploration,medium,Choose the term that best represents Space Exploration.,identity,rocket,conservation,promotion,rocket,,,text,40,10,true
Space Exploration,medium,Choose the term that best represents Space Exploration.,cape,plate,orbit,landscape,orbit,,,text,40,10,true
Space Exploration,medium,Which term is most commonly used in Space Exploration?,radius,carbon dioxide,League of Nations,spacecraft,spacecraft,,,text,40,10,true
Space Exploration,medium,Which of these is a core idea in Space Exploration?,clinical,market cap,director,orbit,orbit,,,text,40,10,true
Space Exploration,medium,Choose the term that best represents Space Exploration.,Mars rover,Plassey,opera,socialization,Mars rover,,,text,40,10,true
Space Exploration,medium,Choose the term that best represents Space Exploration.,horsepower,renewable,area under curve,mission control,mission control,,,text,40,10,true
Space Exploration,medium,Choose the term that best represents Space Exploration.,control system,couture,rocket,search,rocket,,,text,40,10,true
Space Exploration,medium,Which term is most commonly used in Space Exploration?,rocket,Nile,Ares,brand equity,rocket,,,text,40,10,true
Space Exploration,medium,Which of these is a core idea in Space Exploration?,return,mission control,festivals,Best Actress,mission control,,,text,40,10,true
Space Exploration,medium,Which option aligns with Space Exploration?,Everest,lens,Mars rover,Greenland,Mars rover,,,text,40,10,true
Space Exploration,hard,Pick the most specific concept tied to Space Exploration.,Hamlet,billboard,orchestra,rocket,rocket,,,text,80,8,true
Space Exploration,hard,Pick the most specific concept tied to Space Exploration.,conductor,therapy,prayer,satellite,satellite,,,text,80,8,true
Space Exploration,hard,Which option is most directly linked to Space Exploration?,vault,climate model,spacecraft,Odyssey,spacecraft,,,text,80,8,true
Space Exploration,hard,Which option is most directly linked to Space Exploration?,wave,biodiversity,federalism,rocket,rocket,,,text,80,8,true
Space Exploration,hard,Pick the most specific concept tied to Space Exploration.,orbit,Mediterranean Sea,tragedy,electricity,orbit,,,text,80,8,true
Space Exploration,hard,Choose the most accurate term for Space Exploration.,North America,spacecraft,Hittites,dictionary,spacecraft,,,text,80,8,true
Space Exploration,hard,Choose the most accurate term for Space Exploration.,prey,superpower,stock exchange,orbit,orbit,,,text,80,8,true
Space Exploration,hard,Which option best characterizes Space Exploration?,suspension,Hamlet,mission control,posture,mission control,,,text,80,8,true
Space Exploration,hard,Choose the most accurate term for Space Exploration.,app,satellite,screen,seed,satellite,,,text,80,8,true
Space Exploration,hard,Pick the most specific concept tied to Space Exploration.,post,receptor,space station,story arc,space station,,,text,80,8,true
Space Exploration,hard,Which option is most directly linked to Space Exploration?,rhyme,philanthropist,mission control,continent,mission control,,,text,80,8,true
Space Exploration,hard,Choose the most accurate term for Space Exploration.,mission control,Divine Comedy,SEO,engagement,mission control,,,text,80,8,true
Space Exploration,hard,Choose the most accurate term for Space Exploration.,spacecraft,textile,product page,angle,spacecraft,,,text,80,8,true
Space Exploration,hard,Choose the most accurate term for Space Exploration.,orbit,latitude,rook,Assam,orbit,,,text,80,8,true
Space Exploration,hard,Which option best characterizes Space Exploration?,Best Actor,Assam,camera,launch vehicle,launch vehicle,,,text,80,8,true
Space Exploration,hard,Choose the most accurate term for Space Exploration.,spacecraft,demand,Arctic Ocean,list comprehension,spacecraft,,,text,80,8,true
Space Exploration,hard,Pick the most specific concept tied to Space Exploration.,internet,orbit,box office,myth,orbit,,,text,80,8,true
Space Exploration,hard,Pick the most specific concept tied to Space Exploration.,designer,RPG,strings,Mars rover,Mars rover,,,text,80,8,true
Space Exploration,hard,Which term is most specifically associated with Space Exploration?,inequality,area,forehand,mission control,mission control,,,text,80,8,true
Space Exploration,hard,Which option is most directly linked to Space Exploration?,launch vehicle,air traffic,cell,ecosystem,launch vehicle,,,text,80,8,true
Space Exploration,hard,Select the most precise term for Space Exploration.,rocket,Plassey,Odyssey,garbage collection,rocket,,,text,80,8,true
Space Exploration,hard,Choose the most accurate term for Space Exploration.,Australia,ethics,generator,rocket,rocket,,,text,80,8,true
Space Exploration,hard,Pick the most specific concept tied to Space Exploration.,package,CSS,haiku,Mars rover,Mars rover,,,text,80,8,true
Space Exploration,hard,Which option best characterizes Space Exploration?,Mars rover,fabric,Himalayas,hero,Mars rover,,,text,80,8,true
Astronomy,easy,Which of these is related to Astronomy?,light-year,complexity,latitude,Ganga,light-year,,,text,20,12,true
Astronomy,easy,Which option belongs to Astronomy?,Assyrians,inventory,enzyme,galaxy,galaxy,,,text,20,12,true
Astronomy,easy,Which of these is related to Astronomy?,mulch,opera,light-year,prescription,light-year,,,text,20,12,true
Astronomy,easy,Which of these fits the topic Astronomy?,telescope,comic,Academy Awards,console,telescope,,,text,20,12,true
Astronomy,easy,Choose the item most linked to Astronomy.,constellation,sovereignty,bowler,API,constellation,,,text,20,12,true
Astronomy,easy,Which of these fits the topic Astronomy?,fuselage,hemisphere,pivot,light-year,light-year,,,text,20,12,true
Astronomy,easy,Which of these is related to Astronomy?,supernova,deviance,costume,proof of work,supernova,,,text,20,12,true
Astronomy,easy,Pick the correct term for Astronomy.,telescope,dot-com,demand,banner,telescope,,,text,20,12,true
Astronomy,easy,Choose the item most linked to Astronomy.,memory,nebula,studio,therapy,nebula,,,text,20,12,true
Astronomy,easy,Choose the item most linked to Astronomy.,Gobi,Thar,atom,planet,planet,,,text,20,12,true
Astronomy,easy,Pick the correct term for Astronomy.,encryption,graphic novel,planet,order,planet,,,text,20,12,true
Astronomy,easy,Which of these is related to Astronomy?,tragedy,policy,constellation,warehouse,constellation,,,text,20,12,true
Astronomy,easy,Select a term associated with Astronomy.,archipelago,star,issue,volcanic island,star,,,text,20,12,true
Astronomy,easy,Which of these is related to Astronomy?,prime minister,exoplanet,lens,designer,exoplanet,,,text,20,12,true
Astronomy,easy,Which option belongs to Astronomy?,constellation,inflation,emulator,node,constellation,,,text,20,12,true
Astronomy,easy,Which of these fits the topic Astronomy?,cuisine,Ashoka,black hole,monotheism,black hole,,,text,20,12,true
Astronomy,easy,Which of these fits the topic Astronomy?,Amazon,freight,sequence,supernova,supernova,,,text,20,12,true
Astronomy,easy,Which of these fits the topic Astronomy?,strings,bishop,plate,telescope,telescope,,,text,20,12,true
Astronomy,medium,Which term is most commonly used in Astronomy?,black hole,offside,spacewalk,perimeter,black hole,,,text,40,10,true
Astronomy,medium,Which term is most commonly used in Astronomy?,theme,rhyme,texture,planet,planet,,,text,40,10,true
Astronomy,medium,Which option is a key concept in Astronomy?,sequel,branding,wearable,constellation,constellation,,,text,40,10,true
Astronomy,medium,Select the most relevant term for Astronomy.,species,supernova,cinematography,engagement,supernova,,,text,40,10,true
Astronomy,medium,Select the most relevant term for Astronomy.,cookie,constitution,nebula,billboard,nebula,,,text,40,10,true
Astronomy,medium,Which term is most commonly used in Astronomy?,exoplanet,enzyme,dialect,recycling,exoplanet,,,text,40,10,true
Astronomy,medium,Which option is a key concept in Astronomy?,black hole,column,tragedy,Phoenicians,black hole,,,text,40,10,true
Astronomy,medium,Which term is most commonly used in Astronomy?,inference,star,summit,reaction,star,,,text,40,10,true
Astronomy,medium,Select the most relevant term for Astronomy.,banknote,grammar,supernova,Apollo,supernova,,,text,40,10,true
Astronomy,medium,Pick the concept that best matches Astronomy.,composer,quadratic,stock exchange,nebula,nebula,,,text,40,10,true
Astronomy,medium,Select the most relevant term for Astronomy.,protein,black hole,session,personality,black hole,,,text,40,10,true
Astronomy,medium,Which term is most commonly used in Astronomy?,posture,palette,nebula,unit circle,nebula,,,text,40,10,true
Astronomy,medium,Choose the term that best represents Astronomy.,authentication,planet,Durga,arch,planet,,,text,40,10,true
Astronomy,medium,Pick the concept that best matches Astronomy.,monopoly,inflection,advertising,telescope,telescope,,,text,40,10,true
Astronomy,medium,Which of these is a core idea in Astronomy?,black hole,reaction,mulch,World War II,black hole,,,text,40,10,true
Astronomy,medium,Pick the concept that best matches Astronomy.,star,myth,pruning,conversion,star,,,text,40,10,true
Astronomy,medium,Which term is most commonly used in Astronomy?,nebula,responsive layout,Peace,Best Actress,nebula,,,text,40,10,true
Astronomy,medium,Which option aligns with Astronomy?,structural,target audience,light-year,Rebellion of 1857,light-year,,,text,40,10,true
Astronomy,hard,Pick the most specific concept tied to Astronomy.,narrator,distribution,UDP,exoplanet,exoplanet,,,text,80,8,true
Astronomy,hard,Which term is the closest match to Astronomy?,freight,tributary,color,galaxy,galaxy,,,text,80,8,true
Astronomy,hard,Select the best-fit term for Astronomy.,AI,recipe,constellation,force,constellation,,,text,80,8,true
Astronomy,hard,Choose the most accurate term for Astronomy.,procurement,telescope,plate,net,telescope,,,text,80,8,true
Astronomy,hard,Choose the most accurate term for Astronomy.,free kick,protocol,galaxy,engagement,galaxy,,,text,80,8,true
Astronomy,hard,Which term is the closest match to Astronomy?,exoplanet,supply chain,Harappa,Poseidon,exoplanet,,,text,80,8,true
Astronomy,hard,Which term is most specifically associated with Astronomy?,telescope,currency symbol,endangered,Lake Victoria,telescope,,,text,80,8,true
Astronomy,hard,Pick the most specific concept tied to Astronomy.,billionaire,hemisphere,banner,supernova,supernova,,,text,80,8,true
Astronomy,hard,Which option is most directly linked to Astronomy?,Hamlet,device,icon,black hole,black hole,,,text,80,8,true
Astronomy,hard,Choose the most accurate term for Astronomy.,star,realism,mitochondria,bond,star,,,text,80,8,true
Astronomy,hard,Choose the most accurate term for Astronomy.,Himalayas,oasis,URL,galaxy,galaxy,,,text,80,8,true
Astronomy,hard,Choose the most accurate term for Astronomy.,foul,email,socialization,light-year,light-year,,,text,80,8,true
Astronomy,hard,Which option is most directly linked to Astronomy?,galaxy,migration,memory,routing,galaxy,,,text,80,8,true
Astronomy,hard,Which option best characterizes Astronomy?,opportunity cost,exoplanet,theme,protocol,exoplanet,,,text,80,8,true
Astronomy,hard,Which term is most specifically associated with Astronomy?,asana,validation,pitch,black hole,black hole,,,text,80,8,true
Astronomy,hard,Which term is the closest match to Astronomy?,light-year,Yggdrasil,epic,Valkyrie,light-year,,,text,80,8,true
Astronomy,hard,Select the most precise term for Astronomy.,post,light-year,harvest,motivation,light-year,,,text,80,8,true
Astronomy,hard,Select the most precise term for Astronomy.,metaphor,perception,patient,constellation,constellation,,,text,80,8,true
Astronomy,hard,Which option best characterizes Astronomy?,Mahabharata,Hamlet,exoplanet,bandwidth,exoplanet,,,text,80,8,true
Astronomy,hard,Select the most precise term for Astronomy.,Indus Valley,charger,dribble,planet,planet,,,text,80,8,true
Astronomy,hard,Which term is the closest match to Astronomy?,black hole,kidney,Odyssey,brain,black hole,,,text,80,8,true
Astronomy,hard,Which term is the closest match to Astronomy?,cell,steam engine,exoplanet,origin story,exoplanet,,,text,80,8,true
Astronomy,hard,Which option is most directly linked to Astronomy?,exoplanet,drug,Assyrians,Ares,exoplanet,,,text,80,8,true
Astronomy,hard,Choose the most accurate term for Astronomy.,adjective,planet,conservation,app,planet,,,text,80,8,true
Mathematics,easy,Select a term associated with Mathematics.,slope,breathing,factor,currency symbol,factor,,,text,20,12,true
Mathematics,easy,Which of these fits the topic Mathematics?,function,adaptation,automation,mitochondria,function,,,text,20,12,true
Mathematics,easy,Which option belongs to Mathematics?,memory,leadership,percentage,diplomacy,percentage,,,text,20,12,true
Mathematics,easy,Which of these is related to Mathematics?,bias,ratio,complexity,metaphysics,ratio,,,text,20,12,true
Mathematics,easy,Which option belongs to Mathematics?,factor,pip,global warming,conservation,factor,,,text,20,12,true
Mathematics,easy,Which option belongs to Mathematics?,function,supply chain,playback,dot-com,function,,,text,20,12,true
Mathematics,easy,Which of these fits the topic Mathematics?,prime number,continent,modernism,homeostasis,prime number,,,text,20,12,true
Mathematics,easy,Select a term associated with Mathematics.,equation,carbon footprint,wave,market research,equation,,,text,20,12,true
Mathematics,easy,Which of these fits the topic Mathematics?,integer,toxicity,premiere,predator,integer,,,text,20,12,true
Mathematics,easy,Choose the item most linked to Mathematics.,equation,floor plan,galaxy,Durga,equation,,,text,20,12,true
Mathematics,easy,Which of these is related to Mathematics?,equation,fabric,graphics,landing gear,equation,,,text,20,12,true
Mathematics,easy,Which option belongs to Mathematics?,species,pesticide,prime number,alter ego,prime number,,,text,20,12,true
Mathematics,easy,Pick the correct term for Mathematics.,order,fraction,equation,epic,fraction,,,text,20,12,true
Mathematics,easy,Which of these fits the topic Mathematics?,short story,fraction,volcanic island,continuity,fraction,,,text,20,12,true
Mathematics,easy,Which of these is related to Mathematics?,volatility,integer,level,Thor,integer,,,text,20,12,true
Mathematics,easy,Which option belongs to Mathematics?,fabric,ratio,thread,decor,ratio,,,text,20,12,true
Mathematics,easy,Select a term associated with Mathematics.,exposure,exchange rate,viral,percentage,percentage,,,text,20,12,true
Mathematics,easy,Which of these is related to Mathematics?,banknote,patent,grill,integer,integer,,,text,20,12,true
Mathematics,medium,Choose the term that best represents Mathematics.,function,variable,continuity,parallel,function,,,text,40,10,true
Mathematics,medium,Pick the concept that best matches Mathematics.,inflection,tangent,percentage,unit circle,percentage,,,text,40,10,true
Mathematics,medium,Which option is a key concept in Mathematics?,angle,function,continuity,cosine,function,,,text,40,10,true
Mathematics,medium,Which of these is a core idea in Mathematics?,optimization,inflection,prime number,variable,prime number,,,text,40,10,true
Mathematics,medium,Which option aligns with Mathematics?,linear,prime number,angle,polygon,prime number,,,text,40,10,true
Mathematics,medium,Select the most relevant term for Mathematics.,hypotenuse,radian,equation,area,equation,,,text,40,10,true
Mathematics,medium,Choose the term that best represents Mathematics.,fraction,radian,triangle,perimeter,fraction,,,text,40,10,true
Mathematics,medium,Which term is most commonly used in Mathematics?,inequality,optimization,parallel,equation,equation,,,text,40,10,true
Mathematics,medium,Pick the concept that best matches Mathematics.,ratio,continuity,angle,coefficient,ratio,,,text,40,10,true
Mathematics,medium,Which term is most commonly used in Mathematics?,identity,parallel,inflection,integer,integer,,,text,40,10,true
Mathematics,medium,Which of these is a core idea in Mathematics?,factor,polygon,optimization,perimeter,factor,,,text,40,10,true
Mathematics,medium,Which option aligns with Mathematics?,period,tangent,percentage,circle,percentage,,,text,40,10,true
Mathematics,medium,Which option aligns with Mathematics?,linear,root,integer,polynomial,integer,,,text,40,10,true
Mathematics,medium,Choose the term that best represents Mathematics.,unit circle,angle,chain rule,multiple,multiple,,,text,40,10,true
Mathematics,medium,Which option is a key concept in Mathematics?,diameter,inflection,equation,prime number,prime number,,,text,40,10,true
Mathematics,medium,Choose the term that best represents Mathematics.,hypotenuse,circle,factor,radius,factor,,,text,40,10,true
Mathematics,medium,Select the most relevant term for Mathematics.,fraction,root,limit,inequality,fraction,,,text,40,10,true
Mathematics,medium,Pick the concept that best matches Mathematics.,chain rule,prime number,integral,area,prime number,,,text,40,10,true
Mathematics,hard,Select the most precise term for Mathematics.,hypotenuse,area,equation,sequence,sequence,,,text,80,8,true
Mathematics,hard,Which option best characterizes Mathematics?,parallel,area under curve,function,factorization,function,,,text,80,8,true
Mathematics,hard,Which term is most specifically associated with Mathematics?,inflection,triangle,equation,limit,equation,,,text,80,8,true
Mathematics,hard,Which option is most directly linked to Mathematics?,limit,equation,angle,quadratic,equation,,,text,80,8,true
Mathematics,hard,Which term is most specifically associated with Mathematics?,tangent line,prime number,optimization,triangle,prime number,,,text,80,8,true
Mathematics,hard,Select the most precise term for Mathematics.,diameter,limit,coefficient,prime number,prime number,,,text,80,8,true
Mathematics,hard,Pick the most specific concept tied to Mathematics.,radian,multiple,variable,quadratic,multiple,,,text,80,8,true
Mathematics,hard,Pick the most specific concept tied to Mathematics.,volume,function,triangle,tangent,function,,,text,80,8,true
Mathematics,hard,Select the most precise term for Mathematics.,root,factorization,area under curve,percentage,percentage,,,text,80,8,true
Mathematics,hard,Choose the most accurate term for Mathematics.,area under curve,triangle,function,expression,function,,,text,80,8,true
Mathematics,hard,Select the best-fit term for Mathematics.,limit,multiple,radian,inflection,multiple,,,text,80,8,true
Mathematics,hard,Pick the most specific concept tied to Mathematics.,inflection,multiple,expression,area,multiple,,,text,80,8,true
Mathematics,hard,Select the best-fit term for Mathematics.,multiple,slope,identity,triangle,multiple,,,text,80,8,true
Mathematics,hard,Select the best-fit term for Mathematics.,triangle,factor,unit circle,tangent,factor,,,text,80,8,true
Mathematics,hard,Which term is the closest match to Mathematics?,period,optimization,integer,expression,integer,,,text,80,8,true
Mathematics,hard,Select the best-fit term for Mathematics.,area,fraction,continuity,parallel,fraction,,,text,80,8,true
Mathematics,hard,Which term is the closest match to Mathematics?,parallel,integer,optimization,unit circle,integer,,,text,80,8,true
Mathematics,hard,Select the most precise term for Mathematics.,tangent line,function,period,continuity,function,,,text,80,8,true
Mathematics,hard,Select the best-fit term for Mathematics.,limit,multiple,angle,optimization,multiple,,,text,80,8,true
Mathematics,hard,Select the best-fit term for Mathematics.,root,polygon,parallel,equation,equation,,,text,80,8,true
Mathematics,hard,Pick the most specific concept tied to Mathematics.,period,derivative,inflection,function,function,,,text,80,8,true
Mathematics,hard,Which option best characterizes Mathematics?,multiple,radius,variable,integral,multiple,,,text,80,8,true
Mathematics,hard,Choose the most accurate term for Mathematics.,area,limit,integer,root,integer,,,text,80,8,true
Mathematics,hard,Select the most precise term for Mathematics.,identity,root,optimization,prime number,prime number,,,text,80,8,true
Geometry,easy,Pick the correct term for Geometry.,dot-com,perimeter,atom,hospital,perimeter,,,text,20,12,true
Geometry,easy,Pick the correct term for Geometry.,logo,hash,push notification,radius,radius,,,text,20,12,true
Geometry,easy,Which of these fits the topic Geometry?,space station,rocket,area under curve,radius,radius,,,text,20,12,true
Geometry,easy,Pick the correct term for Geometry.,polygon,filmfare,gradient descent,opportunity cost,polygon,,,text,20,12,true
Geometry,easy,Which of these fits the topic Geometry?,landscape,circle,abstract,star,circle,,,text,20,12,true
Geometry,easy,Which of these is related to Geometry?,validation,acceleration,console,angle,angle,,,text,20,12,true
Geometry,easy,Which of these is related to Geometry?,motivation,parallel,dosage,advertising,parallel,,,text,20,12,true
Geometry,easy,Pick the correct term for Geometry.,portfolio,logic,pip,radius,radius,,,text,20,12,true
Geometry,easy,Which of these fits the topic Geometry?,parallel,farm,Indus Valley,wilderness,parallel,,,text,20,12,true
Geometry,easy,Which option belongs to Geometry?,wellness,volume,pollution,election,volume,,,text,20,12,true
Geometry,easy,Choose the item most linked to Geometry.,chassis,reaction,network,area,area,,,text,20,12,true
Geometry,easy,Select a term associated with Geometry.,radius,training data,habitat,sidekick,radius,,,text,20,12,true
Geometry,easy,Which of these is related to Geometry?,label,Uttar Pradesh,volume,yield,volume,,,text,20,12,true
Geometry,easy,Which of these is related to Geometry?,triangle,Lakshmi,breathing,conservation,triangle,,,text,20,12,true
Geometry,easy,Which of these is related to Geometry?,altitude,parallel,volatility,dish,parallel,,,text,20,12,true
Geometry,easy,Choose the item most linked to Geometry.,expert system,circle,records,phishing,circle,,,text,20,12,true
Geometry,easy,Choose the item most linked to Geometry.,modernism,seed,iOS,volume,volume,,,text,20,12,true
Geometry,easy,Which of these is related to Geometry?,global economy,angle,Berlin Wall,studio,angle,,,text,20,12,true
Geometry,medium,Which option is a key concept in Geometry?,angle,period,limit,percentage,angle,,,text,40,10,true
Geometry,medium,Choose the term that best represents Geometry.,polynomial,area,angle,factorization,area,,,text,40,10,true
Geometry,medium,Which option is a key concept in Geometry?,unit circle,tangent,sequence,polygon,polygon,,,text,40,10,true
Geometry,medium,Which option aligns with Geometry?,linear,percentage,perimeter,derivative,perimeter,,,text,40,10,true
Geometry,medium,Choose the term that best represents Geometry.,period,function,polygon,tangent line,polygon,,,text,40,10,true
Geometry,medium,Which option is a key concept in Geometry?,polynomial,limit,identity,radius,radius,,,text,40,10,true
Geometry,medium,Pick the concept that best matches Geometry.,tangent,coefficient,integral,parallel,parallel,,,text,40,10,true
Geometry,medium,Which option is a key concept in Geometry?,volume,optimization,equation,derivative,volume,,,text,40,10,true
Geometry,medium,Which of these is a core idea in Geometry?,angle,ratio,sine,angle,angle,,,text,40,10,true
Geometry,medium,Which term is most commonly used in Geometry?,radian,volume,chain rule,prime number,volume,,,text,40,10,true
Geometry,medium,Which of these is a core idea in Geometry?,tangent,cosine,sequence,radius,radius,,,text,40,10,true
Geometry,medium,Which option is a key concept in Geometry?,variable,sequence,circle,unit circle,circle,,,text,40,10,true
Geometry,medium,Pick the concept that best matches Geometry.,area,optimization,linear,inflection,area,,,text,40,10,true
Geometry,medium,Choose the term that best represents Geometry.,optimization,circle,ratio,radian,circle,,,text,40,10,true
Geometry,medium,Select the most relevant term for Geometry.,radian,diameter,slope,period,diameter,,,text,40,10,true
Geometry,medium,Which of these is a core idea in Geometry?,prime number,polygon,triangle,chain rule,polygon,,,text,40,10,true
Geometry,medium,Which term is most commonly used in Geometry?,integral,area under curve,fraction,triangle,triangle,,,text,40,10,true
Geometry,medium,Pick the concept that best matches Geometry.,inequality,continuity,triangle,quadratic,triangle,,,text,40,10,true
Geometry,hard,Which option is most directly linked to Geometry?,ratio,equation,parallel,limit,parallel,,,text,80,8,true
Geometry,hard,Which term is the closest match to Geometry?,slope,coefficient,volume,tangent,volume,,,text,80,8,true
Geometry,hard,Which term is most specifically associated with Geometry?,circle,function,cosine,expression,circle,,,text,80,8,true
Geometry,hard,Which term is the closest match to Geometry?,volume,hypotenuse,coefficient,sequence,volume,,,text,80,8,true
Geometry,hard,Pick the most specific concept tied to Geometry.,triangle,quadratic,continuity,area under curve,triangle,,,text,80,8,true
Geometry,hard,Which term is the closest match to Geometry?,function,coefficient,angle,integral,angle,,,text,80,8,true
Geometry,hard,Pick the most specific concept tied to Geometry.,parallel,integral,limit,area under curve,parallel,,,text,80,8,true
Geometry,hard,Choose the most accurate term for Geometry.,hypotenuse,triangle,sine,period,triangle,,,text,80,8,true
Geometry,hard,Select the most precise term for Geometry.,variable,radius,inflection,multiple,radius,,,text,80,8,true
Geometry,hard,Select the best-fit term for Geometry.,tangent,quadratic,radius,multiple,radius,,,text,80,8,true
Geometry,hard,Pick the most specific concept tied to Geometry.,factorization,integer,percentage,polygon,polygon,,,text,80,8,true
Geometry,hard,Which term is the closest match to Geometry?,perimeter,function,integral,identity,perimeter,,,text,80,8,true
Geometry,hard,Which term is most specifically associated with Geometry?,radian,limit,cosine,circle,circle,,,text,80,8,true
Geometry,hard,Which term is most specifically associated with Geometry?,radian,percentage,inflection,angle,angle,,,text,80,8,true
Geometry,hard,Which option best characterizes Geometry?,multiple,parallel,sequence,percentage,parallel,,,text,80,8,true
Geometry,hard,Which term is the closest match to Geometry?,factor,triangle,integral,angle,triangle,,,text,80,8,true
Geometry,hard,Which term is the closest match to Geometry?,period,ratio,perimeter,coefficient,perimeter,,,text,80,8,true
Geometry,hard,Which term is the closest match to Geometry?,slope,circle,equation,optimization,circle,,,text,80,8,true
Geometry,hard,Pick the most specific concept tied to Geometry.,parallel,tangent,cosine,quadratic,parallel,,,text,80,8,true
Geometry,hard,Choose the most accurate term for Geometry.,factorization,parallel,identity,unit circle,parallel,,,text,80,8,true
Geometry,hard,Select the most precise term for Geometry.,sine,radius,percentage,multiple,radius,,,text,80,8,true
Geometry,hard,Choose the most accurate term for Geometry.,inflection,period,diameter,factorization,diameter,,,text,80,8,true
Geometry,hard,Select the best-fit term for Geometry.,area,derivative,tangent line,percentage,area,,,text,80,8,true
Geometry,hard,Pick the most specific concept tied to Geometry.,inequality,equation,angle,radius,radius,,,text,80,8,true
Trigonometry,easy,Which option belongs to Trigonometry?,level,frame,radian,switch,radian,,,text,20,12,true
Trigonometry,easy,Select a term associated with Trigonometry.,periodic table,prayer,identity,Treaty of Versailles,identity,,,text,20,12,true
Trigonometry,easy,Which option belongs to Trigonometry?,responsive layout,diplomacy,angle,visitor center,angle,,,text,20,12,true
Trigonometry,easy,Which of these is related to Trigonometry?,president,tangent,emissions,session,tangent,,,text,20,12,true
Trigonometry,easy,Which of these is related to Trigonometry?,tablet,chorus,radian,platform,radian,,,text,20,12,true
Trigonometry,easy,Which of these fits the topic Trigonometry?,Gobi,percentage,hash,sine,sine,,,text,20,12,true
Trigonometry,easy,Pick the correct term for Trigonometry.,radian,telescope,metabolism,Assyrians,radian,,,text,20,12,true
Trigonometry,easy,Which of these is related to Trigonometry?,hospital,panel,unit circle,space station,unit circle,,,text,20,12,true
Trigonometry,easy,Choose the item most linked to Trigonometry.,radian,UDP,time zone,laureate,radian,,,text,20,12,true
Trigonometry,easy,Pick the correct term for Trigonometry.,console,responsive layout,angle,Android,angle,,,text,20,12,true
Trigonometry,easy,Choose the item most linked to Trigonometry.,United Nations,banknote,unit circle,continuity,unit circle,,,text,20,12,true
Trigonometry,easy,Pick the correct term for Trigonometry.,unit circle,launch vehicle,mission control,Cold War,unit circle,,,text,20,12,true
Trigonometry,easy,Which of these fits the topic Trigonometry?,coefficient,oxidation,hypotenuse,panel,hypotenuse,,,text,20,12,true
Trigonometry,easy,Select a term associated with Trigonometry.,billboard,triangle,globalization,phonetics,triangle,,,text,20,12,true
Trigonometry,easy,Which of these fits the topic Trigonometry?,interface,browser,sine,Hera,sine,,,text,20,12,true
Trigonometry,easy,Which of these is related to Trigonometry?,angle,launch vehicle,Bluetooth,prime number,angle,,,text,20,12,true
Trigonometry,easy,Select a term associated with Trigonometry.,angle,derivative,layout,dance,angle,,,text,20,12,true
Trigonometry,easy,Choose the item most linked to Trigonometry.,protected area,goalkeeper,circulatory system,triangle,triangle,,,text,20,12,true
Trigonometry,medium,Select the most relevant term for Trigonometry.,diameter,radian,triangle,circle,radian,,,text,40,10,true
Trigonometry,medium,Which option aligns with Trigonometry?,integral,hypotenuse,limit,percentage,hypotenuse,,,text,40,10,true
Trigonometry,medium,Which option is a key concept in Trigonometry?,optimization,function,root,sine,sine,,,text,40,10,true
Trigonometry,medium,Which option is a key concept in Trigonometry?,sine,limit,derivative,integer,sine,,,text,40,10,true
Trigonometry,medium,Choose the term that best represents Trigonometry.,quadratic,equation,angle,period,period,,,text,40,10,true
Trigonometry,medium,Which option aligns with Trigonometry?,angle,factorization,coefficient,expression,angle,,,text,40,10,true
Trigonometry,medium,Pick the concept that best matches Trigonometry.,root,parallel,period,coefficient,period,,,text,40,10,true
Trigonometry,medium,Which term is most commonly used in Trigonometry?,inflection,expression,factorization,sine,sine,,,text,40,10,true
Trigonometry,medium,Choose the term that best represents Trigonometry.,tangent,linear,inflection,inequality,tangent,,,text,40,10,true
Trigonometry,medium,Which term is most commonly used in Trigonometry?,factorization,hypotenuse,polynomial,radius,hypotenuse,,,text,40,10,true
Trigonometry,medium,Which option aligns with Trigonometry?,identity,optimization,area,fraction,identity,,,text,40,10,true
Trigonometry,medium,Which option is a key concept in Trigonometry?,multiple,expression,integer,sine,sine,,,text,40,10,true
Trigonometry,medium,Which option aligns with Trigonometry?,radian,equation,volume,quadratic,radian,,,text,40,10,true
Trigonometry,medium,Choose the term that best represents Trigonometry.,identity,parallel,variable,derivative,identity,,,text,40,10,true
Trigonometry,medium,Select the most relevant term for Trigonometry.,sequence,integer,optimization,period,period,,,text,40,10,true
Trigonometry,medium,Select the most relevant term for Trigonometry.,radian,prime number,area,fraction,radian,,,text,40,10,true
Trigonometry,medium,Choose the term that best represents Trigonometry.,radian,integer,ratio,factorization,radian,,,text,40,10,true
Trigonometry,medium,Which option is a key concept in Trigonometry?,radian,parallel,multiple,inflection,radian,,,text,40,10,true
Trigonometry,hard,Which term is most specifically associated with Trigonometry?,tangent line,volume,tangent,sequence,tangent,,,text,80,8,true
Trigonometry,hard,Select the most precise term for Trigonometry.,area under curve,integer,percentage,sine,sine,,,text,80,8,true
Trigonometry,hard,Choose the most accurate term for Trigonometry.,coefficient,period,polynomial,root,period,,,text,80,8,true
Trigonometry,hard,Which term is the closest match to Trigonometry?,sine,optimization,area under curve,parallel,sine,,,text,80,8,true
Trigonometry,hard,Pick the most specific concept tied to Trigonometry.,radian,chain rule,tangent line,ratio,radian,,,text,80,8,true
Trigonometry,hard,Which term is the closest match to Trigonometry?,triangle,derivative,polygon,volume,triangle,,,text,80,8,true
Trigonometry,hard,Select the best-fit term for Trigonometry.,limit,inequality,sine,triangle,sine,,,text,80,8,true
Trigonometry,hard,Which term is the closest match to Trigonometry?,polynomial,tangent,expression,derivative,tangent,,,text,80,8,true
Trigonometry,hard,Which term is the closest match to Trigonometry?,coefficient,cosine,derivative,parallel,cosine,,,text,80,8,true
Trigonometry,hard,Which option best characterizes Trigonometry?,coefficient,linear,polynomial,unit circle,unit circle,,,text,80,8,true
Trigonometry,hard,Which term is the closest match to Trigonometry?,continuity,unit circle,volume,root,unit circle,,,text,80,8,true
Trigonometry,hard,Select the most precise term for Trigonometry.,integer,percentage,radius,radian,radian,,,text,80,8,true
Trigonometry,hard,Which option best characterizes Trigonometry?,coefficient,prime number,angle,diameter,angle,,,text,80,8,true
Trigonometry,hard,Which term is the closest match to Trigonometry?,chain rule,function,tangent line,sine,sine,,,text,80,8,true
Trigonometry,hard,Select the most precise term for Trigonometry.,inflection,limit,angle,chain rule,angle,,,text,80,8,true
Trigonometry,hard,Choose the most accurate term for Trigonometry.,parallel,angle,limit,chain rule,angle,,,text,80,8,true
Trigonometry,hard,Pick the most specific concept tied to Trigonometry.,function,quadratic,period,integral,period,,,text,80,8,true
Trigonometry,hard,Which option best characterizes Trigonometry?,diameter,hypotenuse,function,quadratic,hypotenuse,,,text,80,8,true
Trigonometry,hard,Pick the most specific concept tied to Trigonometry.,hypotenuse,ratio,multiple,limit,hypotenuse,,,text,80,8,true
Trigonometry,hard,Select the most precise term for Trigonometry.,triangle,coefficient,perimeter,identity,identity,,,text,80,8,true
Trigonometry,hard,Select the most precise term for Trigonometry.,linear,continuity,integer,tangent,tangent,,,text,80,8,true
Trigonometry,hard,Select the best-fit term for Trigonometry.,period,radius,factorization,parallel,period,,,text,80,8,true
Trigonometry,hard,Which term is most specifically associated with Trigonometry?,unit circle,coefficient,ratio,continuity,unit circle,,,text,80,8,true
Trigonometry,hard,Choose the most accurate term for Trigonometry.,slope,hypotenuse,derivative,integer,hypotenuse,,,text,80,8,true
Algebra,easy,Which option belongs to Algebra?,global warming,quadratic,Antarctica,norms,quadratic,,,text,20,12,true
Algebra,easy,Select a term associated with Algebra.,species,muscular system,linear,campground,linear,,,text,20,12,true
Algebra,easy,Which option belongs to Algebra?,expression,masala,index,gallery,expression,,,text,20,12,true
Algebra,easy,Choose the item most linked to Algebra.,graphic novel,diplomacy,polynomial,Babylon,polynomial,,,text,20,12,true
Algebra,easy,Choose the item most linked to Algebra.,AI,quadratic,viral,mission control,quadratic,,,text,20,12,true
Algebra,easy,Choose the item most linked to Algebra.,coefficient,Red Sea,Alps,star,coefficient,,,text,20,12,true
Algebra,easy,Which of these is related to Algebra?,story arc,cosine,quadratic,narrator,quadratic,,,text,20,12,true
Algebra,easy,Choose the item most linked to Algebra.,spice,polynomial,designer,PEP 8,polynomial,,,text,20,12,true
Algebra,easy,Pick the correct term for Algebra.,function,coefficient,Gujarat,movement,coefficient,,,text,20,12,true
Algebra,easy,Which of these is related to Algebra?,flagpole,tangent,inequality,blue chip,inequality,,,text,20,12,true
Algebra,easy,Choose the item most linked to Algebra.,compost,factorization,executive,Ragnarok,factorization,,,text,20,12,true
Algebra,easy,Select a term associated with Algebra.,equation,bake,Caribbean Sea,encryption,equation,,,text,20,12,true
Algebra,easy,Which of these is related to Algebra?,nervous system,coefficient,viral,ice melt,coefficient,,,text,20,12,true
Algebra,easy,Which of these fits the topic Algebra?,Indian Ocean,defender,polynomial,ace,polynomial,,,text,20,12,true
Algebra,easy,Select a term associated with Algebra.,variable,ecosystem,blue chip,disease,variable,,,text,20,12,true
Algebra,easy,Select a term associated with Algebra.,shipping,tragedy,linear,Hera,linear,,,text,20,12,true
Algebra,easy,Which of these is related to Algebra?,story arc,catalyst,expression,radio,expression,,,text,20,12,true
Algebra,easy,Pick the correct term for Algebra.,training data,Gujarat,linear,boundary,linear,,,text,20,12,true
Algebra,medium,Which of these is a core idea in Algebra?,ratio,inequality,tangent line,angle,inequality,,,text,40,10,true
Algebra,medium,Which option aligns with Algebra?,equation,unit circle,prime number,sine,equation,,,text,40,10,true
Algebra,medium,Which option aligns with Algebra?,sequence,function,linear,circle,linear,,,text,40,10,true
Algebra,medium,Select the most relevant term for Algebra.,tangent,polynomial,inflection,percentage,polynomial,,,text,40,10,true
Algebra,medium,Which option is a key concept in Algebra?,inequality,multiple,radian,volume,inequality,,,text,40,10,true
Algebra,medium,Select the most relevant term for Algebra.,variable,fraction,ratio,triangle,variable,,,text,40,10,true
Algebra,medium,Which option is a key concept in Algebra?,factorization,triangle,unit circle,cosine,factorization,,,text,40,10,true
Algebra,medium,Choose the term that best represents Algebra.,linear,volume,limit,sequence,linear,,,text,40,10,true
Algebra,medium,Select the most relevant term for Algebra.,diameter,derivative,root,slope,root,,,text,40,10,true
Algebra,medium,Which of these is a core idea in Algebra?,angle,equation,expression,fraction,expression,,,text,40,10,true
Algebra,medium,Select the most relevant term for Algebra.,area,sequence,factorization,tangent,factorization,,,text,40,10,true
Algebra,medium,Choose the term that best represents Algebra.,circle,coefficient,angle,sequence,coefficient,,,text,40,10,true
Algebra,medium,Pick the concept that best matches Algebra.,slope,linear,period,polygon,linear,,,text,40,10,true
Algebra,medium,Which option is a key concept in Algebra?,identity,inflection,tangent line,equation,equation,,,text,40,10,true
Algebra,medium,Which of these is a core idea in Algebra?,prime number,variable,integer,angle,variable,,,text,40,10,true
Algebra,medium,Which option aligns with Algebra?,fraction,perimeter,inequality,function,inequality,,,text,40,10,true
Algebra,medium,Which term is most commonly used in Algebra?,coefficient,integer,diameter,percentage,coefficient,,,text,40,10,true
Algebra,medium,Pick the concept that best matches Algebra.,factorization,percentage,triangle,unit circle,factorization,,,text,40,10,true
Algebra,hard,Which term is most specifically associated with Algebra?,parallel,factorization,sequence,slope,factorization,,,text,80,8,true
Algebra,hard,Which option is most directly linked to Algebra?,variable,area under curve,continuity,chain rule,variable,,,text,80,8,true
Algebra,hard,Select the most precise term for Algebra.,area,polygon,factorization,perimeter,factorization,,,text,80,8,true
Algebra,hard,Which option is most directly linked to Algebra?,unit circle,coefficient,limit,cosine,coefficient,,,text,80,8,true
Algebra,hard,Which option best characterizes Algebra?,chain rule,derivative,equation,sine,equation,,,text,80,8,true
Algebra,hard,Choose the most accurate term for Algebra.,sine,period,triangle,equation,equation,,,text,80,8,true
Algebra,hard,Which term is the closest match to Algebra?,circle,ratio,triangle,linear,linear,,,text,80,8,true
Algebra,hard,Which term is most specifically associated with Algebra?,diameter,quadratic,triangle,polygon,quadratic,,,text,80,8,true
Algebra,hard,Select the best-fit term for Algebra.,integral,period,area under curve,linear,linear,,,text,80,8,true
Algebra,hard,Which option is most directly linked to Algebra?,factorization,diameter,polygon,identity,factorization,,,text,80,8,true
Algebra,hard,Select the best-fit term for Algebra.,ratio,perimeter,triangle,equation,equation,,,text,80,8,true
Algebra,hard,Which term is most specifically associated with Algebra?,coefficient,cosine,prime number,integer,coefficient,,,text,80,8,true
Algebra,hard,Which option is most directly linked to Algebra?,derivative,quadratic,area under curve,identity,quadratic,,,text,80,8,true
Algebra,hard,Which option is most directly linked to Algebra?,inequality,sine,circle,area,inequality,,,text,80,8,true
Algebra,hard,Choose the most accurate term for Algebra.,limit,period,fraction,inequality,inequality,,,text,80,8,true
Algebra,hard,Which option is most directly linked to Algebra?,multiple,period,polynomial,triangle,polynomial,,,text,80,8,true
Algebra,hard,Which term is the closest match to Algebra?,perimeter,expression,area,period,expression,,,text,80,8,true
Algebra,hard,Which option best characterizes Algebra?,limit,tangent,perimeter,variable,variable,,,text,80,8,true
Algebra,hard,Which term is the closest match to Algebra?,volume,identity,equation,linear,linear,,,text,80,8,true
Algebra,hard,Which option is most directly linked to Algebra?,expression,equation,inflection,integer,expression,,,text,80,8,true
Algebra,hard,Which option best characterizes Algebra?,perimeter,area under curve,prime number,equation,equation,,,text,80,8,true
Algebra,hard,Which option best characterizes Algebra?,angle,cosine,expression,factor,expression,,,text,80,8,true
Algebra,hard,Which term is the closest match to Algebra?,angle,factor,quadratic,tangent,quadratic,,,text,80,8,true
Algebra,hard,Which term is most specifically associated with Algebra?,fraction,circle,diameter,linear,linear,,,text,80,8,true
Calculus,easy,Choose the item most linked to Calculus.,lighting,chain rule,Arctic Ocean,latitude,chain rule,,,text,20,12,true
Calculus,easy,Which of these is related to Calculus?,limit,mining,president,sanctuary,limit,,,text,20,12,true
Calculus,easy,Select a term associated with Calculus.,Best Actor,horsepower,Danube,tangent line,tangent line,,,text,20,12,true
Calculus,easy,Select a term associated with Calculus.,conversion,derivative,merger,deviance,derivative,,,text,20,12,true
Calculus,easy,Which option belongs to Calculus?,ethics,optimization,hero,momentum,optimization,,,text,20,12,true
Calculus,easy,Which option belongs to Calculus?,gravity,campaign,biodiversity,optimization,optimization,,,text,20,12,true
Calculus,easy,Pick the correct term for Calculus.,blue chip,tangent line,re-entry,sea level,tangent line,,,text,20,12,true
Calculus,easy,Choose the item most linked to Calculus.,area under curve,vault,archipelago,asana,area under curve,,,text,20,12,true
Calculus,easy,Which of these fits the topic Calculus?,pH,checkout,tangent line,fossil fuels,tangent line,,,text,20,12,true
Calculus,easy,Which of these is related to Calculus?,coefficient,bioavailability,air traffic,limit,limit,,,text,20,12,true
Calculus,easy,Which of these is related to Calculus?,GDP,protocol,derivative,heart,derivative,,,text,20,12,true
Calculus,easy,Which of these is related to Calculus?,slope,app,World Wide Web,Brahma,slope,,,text,20,12,true
Calculus,easy,Which option belongs to Calculus?,continuity,democracy,linguistics,prescription,continuity,,,text,20,12,true
Calculus,easy,Pick the correct term for Calculus.,protocol,routing,tangent line,lens,tangent line,,,text,20,12,true
Calculus,easy,Pick the correct term for Calculus.,RPG,posture,black hole,tangent line,tangent line,,,text,20,12,true
Calculus,easy,Which of these is related to Calculus?,integer,transmission,chain rule,education reform,chain rule,,,text,20,12,true
Calculus,easy,Which option belongs to Calculus?,thermodynamics,velocity,viral,continuity,continuity,,,text,20,12,true
Calculus,easy,Select a term associated with Calculus.,limit,three-pointer,goalkeeper,altitude,limit,,,text,20,12,true
Calculus,medium,Select the most relevant term for Calculus.,angle,period,coefficient,optimization,optimization,,,text,40,10,true
Calculus,medium,Which term is most commonly used in Calculus?,continuity,equation,variable,perimeter,continuity,,,text,40,10,true
Calculus,medium,Which option is a key concept in Calculus?,triangle,polynomial,chain rule,expression,chain rule,,,text,40,10,true
Calculus,medium,Which term is most commonly used in Calculus?,ratio,hypotenuse,expression,slope,slope,,,text,40,10,true
Calculus,medium,Which option aligns with Calculus?,inequality,identity,tangent,limit,limit,,,text,40,10,true
Calculus,medium,Pick the concept that best matches Calculus.,radius,quadratic,derivative,equation,derivative,,,text,40,10,true
Calculus,medium,Which of these is a core idea in Calculus?,angle,equation,perimeter,tangent line,tangent line,,,text,40,10,true
Calculus,medium,Which option aligns with Calculus?,diameter,polygon,slope,root,slope,,,text,40,10,true
Calculus,medium,Choose the term that best represents Calculus.,tangent line,equation,prime number,inequality,tangent line,,,text,40,10,true
Calculus,medium,Which option is a key concept in Calculus?,derivative,prime number,hypotenuse,angle,derivative,,,text,40,10,true
Calculus,medium,Choose the term that best represents Calculus.,integer,fraction,tangent line,circle,tangent line,,,text,40,10,true
Calculus,medium,Which option is a key concept in Calculus?,polynomial,slope,period,expression,slope,,,text,40,10,true
Calculus,medium,Which of these is a core idea in Calculus?,percentage,optimization,function,unit circle,optimization,,,text,40,10,true
Calculus,medium,Which of these is a core idea in Calculus?,perimeter,hypotenuse,area under curve,radius,area under curve,,,text,40,10,true
Calculus,medium,Which term is most commonly used in Calculus?,integer,continuity,triangle,area,continuity,,,text,40,10,true
Calculus,medium,Which of these is a core idea in Calculus?,hypotenuse,linear,integral,triangle,integral,,,text,40,10,true
Calculus,medium,Which option aligns with Calculus?,chain rule,sine,prime number,diameter,chain rule,,,text,40,10,true
Calculus,medium,Which option is a key concept in Calculus?,identity,fraction,radian,tangent line,tangent line,,,text,40,10,true
Calculus,hard,Choose the most accurate term for Calculus.,quadratic,root,perimeter,slope,slope,,,text,80,8,true
Calculus,hard,Select the most precise term for Calculus.,continuity,triangle,period,perimeter,continuity,,,text,80,8,true
Calculus,hard,Which term is the closest match to Calculus?,variable,derivative,radius,angle,derivative,,,text,80,8,true
Calculus,hard,Which term is the closest match to Calculus?,ratio,root,inflection,tangent,inflection,,,text,80,8,true
Calculus,hard,Select the best-fit term for Calculus.,polynomial,radian,derivative,equation,derivative,,,text,80,8,true
Calculus,hard,Select the most precise term for Calculus.,equation,factor,coefficient,inflection,inflection,,,text,80,8,true
Calculus,hard,Select the most precise term for Calculus.,perimeter,function,integral,polynomial,integral,,,text,80,8,true
Calculus,hard,Choose the most accurate term for Calculus.,function,polynomial,sequence,area under curve,area under curve,,,text,80,8,true
Calculus,hard,Which term is the closest match to Calculus?,coefficient,optimization,factor,multiple,optimization,,,text,80,8,true
Calculus,hard,Choose the most accurate term for Calculus.,continuity,polygon,hypotenuse,inequality,continuity,,,text,80,8,true
Calculus,hard,Choose the most accurate term for Calculus.,tangent line,diameter,factorization,period,tangent line,,,text,80,8,true
Calculus,hard,Which term is the closest match to Calculus?,ratio,hypotenuse,inflection,sequence,inflection,,,text,80,8,true
Calculus,hard,Which term is the closest match to Calculus?,root,coefficient,unit circle,limit,limit,,,text,80,8,true
Calculus,hard,Which term is the closest match to Calculus?,triangle,parallel,chain rule,function,chain rule,,,text,80,8,true
Calculus,hard,Which term is the closest match to Calculus?,angle,inflection,equation,unit circle,inflection,,,text,80,8,true
Calculus,hard,Select the most precise term for Calculus.,continuity,sequence,diameter,expression,continuity,,,text,80,8,true
Calculus,hard,Which term is the closest match to Calculus?,angle,slope,sine,sequence,slope,,,text,80,8,true
Calculus,hard,Choose the most accurate term for Calculus.,integer,coefficient,perimeter,derivative,derivative,,,text,80,8,true
Calculus,hard,Which term is most specifically associated with Calculus?,continuity,perimeter,diameter,sine,continuity,,,text,80,8,true
Calculus,hard,Which term is most specifically associated with Calculus?,triangle,polynomial,expression,tangent line,tangent line,,,text,80,8,true
Calculus,hard,Select the best-fit term for Calculus.,prime number,optimization,hypotenuse,angle,optimization,,,text,80,8,true
Calculus,hard,Select the most precise term for Calculus.,unit circle,area under curve,perimeter,diameter,area under curve,,,text,80,8,true
Calculus,hard,Select the most precise term for Calculus.,hypotenuse,tangent,cosine,derivative,derivative,,,text,80,8,true
Calculus,hard,Pick the most specific concept tied to Calculus.,cosine,linear,radian,limit,limit,,,text,80,8,true
Computer Science,easy,Pick the correct term for Computer Science.,operating system,Akbar,smart contract,Lakshmi,operating system,,,text,20,12,true
Computer Science,easy,Select a term associated with Computer Science.,conglomerate,lens,culture,database,database,,,text,20,12,true
Computer Science,easy,Pick the correct term for Computer Science.,mission control,algorithm,quest,linear,algorithm,,,text,20,12,true
Computer Science,easy,Choose the item most linked to Computer Science.,pilgrimage,design,reason,programming,programming,,,text,20,12,true
Computer Science,easy,Which option belongs to Computer Science?,photosynthesis,prey,layout,data structure,data structure,,,text,20,12,true
Computer Science,easy,Choose the item most linked to Computer Science.,federalism,prime meridian,compiler,cockpit,compiler,,,text,20,12,true
Computer Science,easy,Pick the correct term for Computer Science.,Babylon,data structure,inflation,inventory,data structure,,,text,20,12,true
Computer Science,easy,Choose the item most linked to Computer Science.,function,innovation,Atacama,operating system,operating system,,,text,20,12,true
Computer Science,easy,Which of these is related to Computer Science?,velocity,share,Rajasthan,programming,programming,,,text,20,12,true
Computer Science,easy,Which of these is related to Computer Science?,fertilizer,data structure,renewable,playlist,data structure,,,text,20,12,true
Computer Science,easy,Which option belongs to Computer Science?,Midgard,mulch,programming,norms,programming,,,text,20,12,true
Computer Science,easy,Choose the item most linked to Computer Science.,air traffic,optimization,Southern Ocean,network,network,,,text,20,12,true
Computer Science,easy,Pick the correct term for Computer Science.,database,head of state,orbit,depth of field,database,,,text,20,12,true
Computer Science,easy,Pick the correct term for Computer Science.,velocity,complexity,graphic novel,virtualenv,complexity,,,text,20,12,true
Computer Science,easy,Which of these is related to Computer Science?,textile,database,post,distribution,database,,,text,20,12,true
Computer Science,easy,Pick the correct term for Computer Science.,atoll,compiler,patch,mitochondria,compiler,,,text,20,12,true
Computer Science,easy,Pick the correct term for Computer Science.,South America,algorithm,malware,shutter speed,algorithm,,,text,20,12,true
Computer Science,easy,Which of these is related to Computer Science?,exposure,launch vehicle,compiler,tangent,compiler,,,text,20,12,true
Computer Science,medium,Which term is most commonly used in Computer Science?,robot,data structure,autonomy,lambda,data structure,,,text,40,10,true
Computer Science,medium,Which of these is a core idea in Computer Science?,subnet,decorator,compiler,ARPANET,compiler,,,text,40,10,true
Computer Science,medium,Which option is a key concept in Computer Science?,programming,search,class,lambda,programming,,,text,40,10,true
Computer Science,medium,Select the most relevant term for Computer Science.,dot-com,tablet,algorithm,IP address,algorithm,,,text,40,10,true
Computer Science,medium,Which of these is a core idea in Computer Science?,machine,compiler,API,automation,compiler,,,text,40,10,true
Computer Science,medium,Which of these is a core idea in Computer Science?,operating system,patch,transaction,UI thread,operating system,,,text,40,10,true
Computer Science,medium,Which term is most commonly used in Computer Science?,transaction,operating system,classification,PEP 8,operating system,,,text,40,10,true
Computer Science,medium,Which term is most commonly used in Computer Science?,engagement,training data,gesture,compiler,compiler,,,text,40,10,true
Computer Science,medium,Choose the term that best represents Computer Science.,polymorphism,binary,wearable,transaction,binary,,,text,40,10,true
Computer Science,medium,Which option is a key concept in Computer Science?,machine,recursion,validation,APK,recursion,,,text,40,10,true
Computer Science,medium,Which option aligns with Computer Science?,validation,complexity,gradient descent,wearable,complexity,,,text,40,10,true
Computer Science,medium,Which of these is a core idea in Computer Science?,UI thread,regression,generator,database,database,,,text,40,10,true
Computer Science,medium,Choose the term that best represents Computer Science.,intrusion,comment,binary,robot,binary,,,text,40,10,true
Computer Science,medium,Which option is a key concept in Computer Science?,algorithm,search,cookie,exception,algorithm,,,text,40,10,true
Computer Science,medium,Pick the concept that best matches Computer Science.,robot arm,polymorphism,database,APK,database,,,text,40,10,true
Computer Science,medium,Which option is a key concept in Computer Science?,smartphone,binary,emulator,exception,binary,,,text,40,10,true
Computer Science,medium,Pick the concept that best matches Computer Science.,validation,robot arm,robot,network,network,,,text,40,10,true
Computer Science,medium,Which option is a key concept in Computer Science?,switch,lambda,recursion,polymorphism,recursion,,,text,40,10,true
Computer Science,hard,Pick the most specific concept tied to Computer Science.,package,operating system,polymorphism,DOM,operating system,,,text,80,8,true
Computer Science,hard,Which term is the closest match to Computer Science?,HTTP,vulnerability,binary,responsive design,binary,,,text,80,8,true
Computer Science,hard,Select the best-fit term for Computer Science.,tablet,data structure,IP address,device,data structure,,,text,80,8,true
Computer Science,hard,Pick the most specific concept tied to Computer Science.,block,proof of work,list comprehension,algorithm,algorithm,,,text,80,8,true
Computer Science,hard,Which term is the closest match to Computer Science?,URL,inference,database,emulator,database,,,text,80,8,true
Computer Science,hard,Which term is most specifically associated with Computer Science?,database,wearable,intrusion,authentication,database,,,text,80,8,true
Computer Science,hard,Which term is most specifically associated with Computer Science?,network,session,training data,exception,network,,,text,80,8,true
Computer Science,hard,Which option is most directly linked to Computer Science?,control system,data structure,perception,model,data structure,,,text,80,8,true
Computer Science,hard,Select the most precise term for Computer Science.,switch,automation,overfitting,data structure,data structure,,,text,80,8,true
Computer Science,hard,Which term is most specifically associated with Computer Science?,knowledge base,network,pip,modem,network,,,text,80,8,true
Computer Science,hard,Which option best characterizes Computer Science?,complexity,phishing,sensor,subnet,complexity,,,text,80,8,true
Computer Science,hard,Which term is most specifically associated with Computer Science?,robot arm,complexity,API,viral,complexity,,,text,80,8,true
Computer Science,hard,Pick the most specific concept tied to Computer Science.,algorithm,like,platform,email,algorithm,,,text,80,8,true
Computer Science,hard,Pick the most specific concept tied to Computer Science.,App Store,operating system,decorator,transaction,operating system,,,text,80,8,true
Computer Science,hard,Select the most precise term for Computer Science.,network,zero trust,overfitting,switch,network,,,text,80,8,true
Computer Science,hard,Which term is most specifically associated with Computer Science?,battery,data structure,automation,REST,data structure,,,text,80,8,true
Computer Science,hard,Choose the most accurate term for Computer Science.,push notification,programming,thread,encryption,programming,,,text,80,8,true
Computer Science,hard,Which option is most directly linked to Computer Science?,operating system,feature,autonomy,class,operating system,,,text,80,8,true
Computer Science,hard,Which term is most specifically associated with Computer Science?,operating system,ISP,email,wearable,operating system,,,text,80,8,true
Computer Science,hard,Which option best characterizes Computer Science?,JVM,autonomy,model,recursion,recursion,,,text,80,8,true
Computer Science,hard,Pick the most specific concept tied to Computer Science.,binary,session,decorator,node,binary,,,text,80,8,true
Computer Science,hard,Pick the most specific concept tied to Computer Science.,HTTP,algorithm,robot,ISP,algorithm,,,text,80,8,true
Computer Science,hard,Choose the most accurate term for Computer Science.,JVM,authentication,modem,complexity,complexity,,,text,80,8,true
Computer Science,hard,Which option best characterizes Computer Science?,heuristic,iterator,operating system,indentation,operating system,,,text,80,8,true
Artificial Intelligence,easy,Which option belongs to Artificial Intelligence?,UDP,perception,conditioning,inflation,perception,,,text,20,12,true
Artificial Intelligence,easy,Which option belongs to Artificial Intelligence?,Pacific Ocean,grill,agent,Akbar,agent,,,text,20,12,true
Artificial Intelligence,easy,Pick the correct term for Artificial Intelligence.,logic,network,globalization,agent,agent,,,text,20,12,true
Artificial Intelligence,easy,Pick the correct term for Artificial Intelligence.,demand,marketing,search,gravity,search,,,text,20,12,true
Artificial Intelligence,easy,Pick the correct term for Artificial Intelligence.,Athena,orchestra,Brahma,expert system,expert system,,,text,20,12,true
Artificial Intelligence,easy,Which of these is related to Artificial Intelligence?,API,stretch,inference,blockbuster,inference,,,text,20,12,true
Artificial Intelligence,easy,Select a term associated with Artificial Intelligence.,origin,advertising,asset,automation,automation,,,text,20,12,true
Artificial Intelligence,easy,Which of these is related to Artificial Intelligence?,compound,wave,JVM,neural network,neural network,,,text,20,12,true
Artificial Intelligence,easy,Choose the item most linked to Artificial Intelligence.,rally,runway,orbit,knowledge base,knowledge base,,,text,20,12,true
Artificial Intelligence,easy,Choose the item most linked to Artificial Intelligence.,cape,limit,automation,Berlin Wall,automation,,,text,20,12,true
Artificial Intelligence,easy,Which of these is related to Artificial Intelligence?,banknote,photosynthesis,coefficient,perception,perception,,,text,20,12,true
Artificial Intelligence,easy,Which of these is related to Artificial Intelligence?,garbage collection,perception,North America,Ares,perception,,,text,20,12,true
Artificial Intelligence,easy,Which of these is related to Artificial Intelligence?,neural network,sonnet,Hindi cinema,predator,neural network,,,text,20,12,true
Artificial Intelligence,easy,Which of these is related to Artificial Intelligence?,planning,issue,Andes,planting,planning,,,text,20,12,true
Artificial Intelligence,easy,Which of these fits the topic Artificial Intelligence?,agent,World Wide Web,hashtag,actuator,agent,,,text,20,12,true
Artificial Intelligence,easy,Which option belongs to Artificial Intelligence?,planning,compound,unit circle,backhand,planning,,,text,20,12,true
Artificial Intelligence,easy,Which of these fits the topic Artificial Intelligence?,offside,tangent,planning,campaign,planning,,,text,20,12,true
Artificial Intelligence,easy,Select a term associated with Artificial Intelligence.,translation,neural network,achievement,pronoun,neural network,,,text,20,12,true
Artificial Intelligence,medium,Which option is a key concept in Artificial Intelligence?,authorization,URL,wallet,inference,inference,,,text,40,10,true
Artificial Intelligence,medium,Choose the term that best represents Artificial Intelligence.,iOS,perception,firewall,World Wide Web,perception,,,text,40,10,true
Artificial Intelligence,medium,Choose the term that best represents Artificial Intelligence.,agent,Bluetooth,REST,comment,agent,,,text,40,10,true
Artificial Intelligence,medium,Select the most relevant term for Artificial Intelligence.,like,URL,expert system,dictionary,expert system,,,text,40,10,true
Artificial Intelligence,medium,Which option aligns with Artificial Intelligence?,session,share,smart contract,search,search,,,text,40,10,true
Artificial Intelligence,medium,Which option is a key concept in Artificial Intelligence?,heuristic,accuracy,push notification,decorator,heuristic,,,text,40,10,true
Artificial Intelligence,medium,Choose the term that best represents Artificial Intelligence.,search,authentication,interface,encryption,search,,,text,40,10,true
Artificial Intelligence,medium,Which option aligns with Artificial Intelligence?,gesture,hash,DNS,heuristic,heuristic,,,text,40,10,true
Artificial Intelligence,medium,Pick the concept that best matches Artificial Intelligence.,UI thread,TCP,app,expert system,expert system,,,text,40,10,true
Artificial Intelligence,medium,Which option aligns with Artificial Intelligence?,encryption,smart contract,complexity,heuristic,heuristic,,,text,40,10,true
Artificial Intelligence,medium,Which term is most commonly used in Artificial Intelligence?,knowledge base,cookie,intrusion,wallet,knowledge base,,,text,40,10,true
Artificial Intelligence,medium,Select the most relevant term for Artificial Intelligence.,HTML,agent,viral,smart contract,agent,,,text,40,10,true
Artificial Intelligence,medium,Pick the concept that best matches Artificial Intelligence.,wearable,expert system,transaction,smart contract,expert system,,,text,40,10,true
Artificial Intelligence,medium,Which option is a key concept in Artificial Intelligence?,automation,ledger,gradient descent,perception,perception,,,text,40,10,true
Artificial Intelligence,medium,Choose the term that best represents Artificial Intelligence.,switch,package,iOS,neural network,neural network,,,text,40,10,true
Artificial Intelligence,medium,Which option aligns with Artificial Intelligence?,protocol,like,network,automation,automation,,,text,40,10,true
Artificial Intelligence,medium,Select the most relevant term for Artificial Intelligence.,knowledge base,servo,ledger,classification,knowledge base,,,text,40,10,true
Artificial Intelligence,medium,Which term is most commonly used in Artificial Intelligence?,PEP 8,URL,Android,heuristic,heuristic,,,text,40,10,true
Artificial Intelligence,hard,Which option is most directly linked to Artificial Intelligence?,perception,push notification,complexity,network,perception,,,text,80,8,true
Artificial Intelligence,hard,Which option is most directly linked to Artificial Intelligence?,heuristic,gesture,JVM,HTTP,heuristic,,,text,80,8,true
Artificial Intelligence,hard,Pick the most specific concept tied to Artificial Intelligence.,agent,TCP,server,control system,agent,,,text,80,8,true
Artificial Intelligence,hard,Which term is most specifically associated with Artificial Intelligence?,session,AI,perception,follower,perception,,,text,80,8,true
Artificial Intelligence,hard,Choose the most accurate term for Artificial Intelligence.,UDP,DNS,knowledge base,battery,knowledge base,,,text,80,8,true
Artificial Intelligence,hard,Choose the most accurate term for Artificial Intelligence.,compiler,perception,decorator,network,perception,,,text,80,8,true
Artificial Intelligence,hard,Pick the most specific concept tied to Artificial Intelligence.,perception,Android,recursion,browser,perception,,,text,80,8,true
Artificial Intelligence,hard,Pick the most specific concept tied to Artificial Intelligence.,automation,TCP,responsive design,complexity,automation,,,text,80,8,true
Artificial Intelligence,hard,Which option best characterizes Artificial Intelligence?,follower,share,TCP,search,search,,,text,80,8,true
Artificial Intelligence,hard,Which option is most directly linked to Artificial Intelligence?,transaction,bytecode,planning,training data,planning,,,text,80,8,true
Artificial Intelligence,hard,Which term is most specifically associated with Artificial Intelligence?,cookie,gradient descent,neural network,transaction,neural network,,,text,80,8,true
Artificial Intelligence,hard,Pick the most specific concept tied to Artificial Intelligence.,UDP,IP address,perception,exception,perception,,,text,80,8,true
Artificial Intelligence,hard,Which option best characterizes Artificial Intelligence?,automation,lambda,AI,data structure,automation,,,text,80,8,true
Artificial Intelligence,hard,Which option best characterizes Artificial Intelligence?,protocol,binary,search,hash,search,,,text,80,8,true
Artificial Intelligence,hard,Which term is the closest match to Artificial Intelligence?,browser,node,neural network,interface,neural network,,,text,80,8,true
Artificial Intelligence,hard,Choose the most accurate term for Artificial Intelligence.,zero trust,post,expert system,consensus,expert system,,,text,80,8,true
Artificial Intelligence,hard,Which option is most directly linked to Artificial Intelligence?,URL,feature,class,inference,inference,,,text,80,8,true
Artificial Intelligence,hard,Which term is the closest match to Artificial Intelligence?,servo,push notification,accuracy,knowledge base,knowledge base,,,text,80,8,true
Artificial Intelligence,hard,Which term is the closest match to Artificial Intelligence?,inference,charger,Android,robot arm,inference,,,text,80,8,true
Artificial Intelligence,hard,Which term is the closest match to Artificial Intelligence?,exception,UI thread,agent,thread,agent,,,text,80,8,true
Artificial Intelligence,hard,Which term is the closest match to Artificial Intelligence?,APK,switch,expert system,AI,expert system,,,text,80,8,true
Artificial Intelligence,hard,Pick the most specific concept tied to Artificial Intelligence.,URL,iterator,perception,App Store,perception,,,text,80,8,true
Artificial Intelligence,hard,Which term is most specifically associated with Artificial Intelligence?,compiler,ledger,automation,phishing,automation,,,text,80,8,true
Artificial Intelligence,hard,Select the most precise term for Artificial Intelligence.,package,neural network,ledger,transaction,neural network,,,text,80,8,true
Machine Learning,easy,Which of these fits the topic Machine Learning?,search,World War II,midfielder,overfitting,overfitting,,,text,20,12,true
Machine Learning,easy,Pick the correct term for Machine Learning.,accuracy,Karnataka,authentication,trade agreement,accuracy,,,text,20,12,true
Machine Learning,easy,Which option belongs to Machine Learning?,training data,accessory,preposition,dividend,training data,,,text,20,12,true
Machine Learning,easy,Which of these fits the topic Machine Learning?,model,Sri Lanka,magnetism,order,model,,,text,20,12,true
Machine Learning,easy,Which option belongs to Machine Learning?,server,soil,feature,subject,feature,,,text,20,12,true
Machine Learning,easy,Which option belongs to Machine Learning?,robot arm,nebula,re-entry,model,model,,,text,20,12,true
Machine Learning,easy,Select a term associated with Machine Learning.,concerto,light-year,overfitting,composition,overfitting,,,text,20,12,true
Machine Learning,easy,Select a term associated with Machine Learning.,digestive system,concerto,mining,gradient descent,gradient descent,,,text,20,12,true
Machine Learning,easy,Select a term associated with Machine Learning.,euro,validation,biodiversity,like,validation,,,text,20,12,true
Machine Learning,easy,Select a term associated with Machine Learning.,story arc,algorithm,clergy,classification,classification,,,text,20,12,true
Machine Learning,easy,Which of these is related to Machine Learning?,pivot,training data,equator,actuator,training data,,,text,20,12,true
Machine Learning,easy,Choose the item most linked to Machine Learning.,corner kick,Bihar,overfitting,posture,overfitting,,,text,20,12,true
Machine Learning,easy,Select a term associated with Machine Learning.,block,ceremony,label,sine,label,,,text,20,12,true
Machine Learning,easy,Which of these is related to Machine Learning?,Nile,gradient descent,cockpit,device,gradient descent,,,text,20,12,true
Machine Learning,easy,Which of these fits the topic Machine Learning?,banner,memory,endgame,classification,classification,,,text,20,12,true
Machine Learning,easy,Select a term associated with Machine Learning.,accuracy,air traffic,Iliad,ionic bond,accuracy,,,text,20,12,true
Machine Learning,easy,Pick the correct term for Machine Learning.,accuracy,servo,Ramayana,suspension,accuracy,,,text,20,12,true
Machine Learning,easy,Which of these fits the topic Machine Learning?,Maurya Empire,ink,overfitting,metabolism,overfitting,,,text,20,12,true
Machine Learning,medium,Which option aligns with Machine Learning?,database,gradient descent,iOS,pip,gradient descent,,,text,40,10,true
Machine Learning,medium,Which of these is a core idea in Machine Learning?,transaction,classification,virtualenv,follower,classification,,,text,40,10,true
Machine Learning,medium,Which term is most commonly used in Machine Learning?,pip,actuator,bandwidth,validation,validation,,,text,40,10,true
Machine Learning,medium,Choose the term that best represents Machine Learning.,processor,label,lambda,emulator,label,,,text,40,10,true
Machine Learning,medium,Pick the concept that best matches Machine Learning.,robot,share,label,firewall,label,,,text,40,10,true
Machine Learning,medium,Select the most relevant term for Machine Learning.,network,operating system,like,model,model,,,text,40,10,true
Machine Learning,medium,Which option is a key concept in Machine Learning?,device,knowledge base,REST,model,model,,,text,40,10,true
Machine Learning,medium,Select the most relevant term for Machine Learning.,gradient descent,authentication,like,viral,gradient descent,,,text,40,10,true
Machine Learning,medium,Which option is a key concept in Machine Learning?,gradient descent,engagement,tablet,cookie,gradient descent,,,text,40,10,true
Machine Learning,medium,Which of these is a core idea in Machine Learning?,gradient descent,neural network,CSS,automation,gradient descent,,,text,40,10,true
Machine Learning,medium,Select the most relevant term for Machine Learning.,dot-com,sensor,inference,feature,feature,,,text,40,10,true
Machine Learning,medium,Choose the term that best represents Machine Learning.,zero trust,session,validation,lifecycle,validation,,,text,40,10,true
Machine Learning,medium,Which of these is a core idea in Machine Learning?,accuracy,garbage collection,session,comment,accuracy,,,text,40,10,true
Machine Learning,medium,Which option is a key concept in Machine Learning?,screen,accuracy,API,database,accuracy,,,text,40,10,true
Machine Learning,medium,Which term is most commonly used in Machine Learning?,ISP,training data,smart contract,robot arm,training data,,,text,40,10,true
Machine Learning,medium,Which option is a key concept in Machine Learning?,node,lambda,patch,validation,validation,,,text,40,10,true
Machine Learning,medium,Pick the concept that best matches Machine Learning.,operating system,lambda,feature,comment,feature,,,text,40,10,true
Machine Learning,medium,Pick the concept that best matches Machine Learning.,training data,bandwidth,indentation,servo,training data,,,text,40,10,true
Machine Learning,hard,Pick the most specific concept tied to Machine Learning.,router,APK,classification,programming,classification,,,text,80,8,true
Machine Learning,hard,Which option best characterizes Machine Learning?,classification,dot-com,inference,AI,classification,,,text,80,8,true
Machine Learning,hard,Select the most precise term for Machine Learning.,exception,model,network,platform,model,,,text,80,8,true
Machine Learning,hard,Which option is most directly linked to Machine Learning?,vulnerability,overfitting,inference,protocol,overfitting,,,text,80,8,true
Machine Learning,hard,Select the best-fit term for Machine Learning.,actuator,virtualenv,pip,regression,regression,,,text,80,8,true
Machine Learning,hard,Select the best-fit term for Machine Learning.,gradient descent,JVM,IP address,lifecycle,gradient descent,,,text,80,8,true
Machine Learning,hard,Which term is the closest match to Machine Learning?,modem,firewall,automation,regression,regression,,,text,80,8,true
Machine Learning,hard,Which term is most specifically associated with Machine Learning?,thread,accuracy,search,protocol,accuracy,,,text,80,8,true
Machine Learning,hard,Which option is most directly linked to Machine Learning?,decorator,knowledge base,vulnerability,accuracy,accuracy,,,text,80,8,true
Machine Learning,hard,Pick the most specific concept tied to Machine Learning.,robot arm,regression,ISP,sensor,regression,,,text,80,8,true
Machine Learning,hard,Choose the most accurate term for Machine Learning.,encryption,regression,processor,latency,regression,,,text,80,8,true
Machine Learning,hard,Select the most precise term for Machine Learning.,API,phishing,feature,World Wide Web,feature,,,text,80,8,true
Machine Learning,hard,Choose the most accurate term for Machine Learning.,knowledge base,ARPANET,overfitting,smartphone,overfitting,,,text,80,8,true
Machine Learning,hard,Which option is most directly linked to Machine Learning?,robot arm,programming,feature,dot-com,feature,,,text,80,8,true
Machine Learning,hard,Which option best characterizes Machine Learning?,wallet,tablet,gradient descent,mining,gradient descent,,,text,80,8,true
Machine Learning,hard,Which option best characterizes Machine Learning?,indentation,classification,charger,emulator,classification,,,text,80,8,true
Machine Learning,hard,Which term is the closest match to Machine Learning?,URL,validation,JavaScript,processor,validation,,,text,80,8,true
Machine Learning,hard,Select the best-fit term for Machine Learning.,router,heuristic,iterator,label,label,,,text,80,8,true
Machine Learning,hard,Which option best characterizes Machine Learning?,malware,training data,server,robot,training data,,,text,80,8,true
Machine Learning,hard,Choose the most accurate term for Machine Learning.,viral,package,regression,ledger,regression,,,text,80,8,true
Machine Learning,hard,Choose the most accurate term for Machine Learning.,modem,model,recursion,cookie,model,,,text,80,8,true
Machine Learning,hard,Which term is most specifically associated with Machine Learning?,regression,platform,control system,processor,regression,,,text,80,8,true
Machine Learning,hard,Select the most precise term for Machine Learning.,model,share,screen,encryption,model,,,text,80,8,true
Machine Learning,hard,Choose the most accurate term for Machine Learning.,model,operating system,APK,consensus,model,,,text,80,8,true
Blockchain,easy,Pick the correct term for Blockchain.,proof of work,camera,entrepreneur,intrusion,proof of work,,,text,20,12,true
Blockchain,easy,Pick the correct term for Blockchain.,mining,flooring,author,chorus,mining,,,text,20,12,true
Blockchain,easy,Select a term associated with Blockchain.,World Wide Web,training data,Punjab,ledger,ledger,,,text,20,12,true
Blockchain,easy,Which option belongs to Blockchain?,screenplay,black hole,wallet,laureate,wallet,,,text,20,12,true
Blockchain,easy,Pick the correct term for Blockchain.,transmission,issue,ledger,chorus,ledger,,,text,20,12,true
Blockchain,easy,Select a term associated with Blockchain.,texture,album,node,superhero,node,,,text,20,12,true
Blockchain,easy,Which option belongs to Blockchain?,hashtag,role,hash,World War II,hash,,,text,20,12,true
Blockchain,easy,Choose the item most linked to Blockchain.,tablet,free throw,validation,mining,mining,,,text,20,12,true
Blockchain,easy,Which of these is related to Blockchain?,wallet,comic,automation,periodic table,wallet,,,text,20,12,true
Blockchain,easy,Which of these fits the topic Blockchain?,clinical,Babylon,hash,quest,hash,,,text,20,12,true
Blockchain,easy,Pick the correct term for Blockchain.,integer,parliament,block,cognition,block,,,text,20,12,true
Blockchain,easy,Which option belongs to Blockchain?,telescope,global warming,wallet,deuce,wallet,,,text,20,12,true
Blockchain,easy,Which of these fits the topic Blockchain?,consensus,habitat,depth of field,autonomy,consensus,,,text,20,12,true
Blockchain,easy,Choose the item most linked to Blockchain.,dunk,stock exchange,merger,smart contract,smart contract,,,text,20,12,true
Blockchain,easy,Which of these fits the topic Blockchain?,climate model,spacewalk,block,optimization,block,,,text,20,12,true
Blockchain,easy,Select a term associated with Blockchain.,verb,Best Actor,Nobel Prize,proof of work,proof of work,,,text,20,12,true
Blockchain,easy,Pick the correct term for Blockchain.,satellite,Red Sea,judiciary,ledger,ledger,,,text,20,12,true
Blockchain,easy,Choose the item most linked to Blockchain.,DOM,Best Picture,forehand,consensus,consensus,,,text,20,12,true
Blockchain,medium,Select the most relevant term for Blockchain.,robot arm,control system,encryption,mining,mining,,,text,40,10,true
Blockchain,medium,Pick the concept that best matches Blockchain.,network,battery,node,intrusion,node,,,text,40,10,true
Blockchain,medium,Which option aligns with Blockchain?,authorization,model,charger,hash,hash,,,text,40,10,true
Blockchain,medium,Pick the concept that best matches Blockchain.,PEP 8,charger,consensus,cookie,consensus,,,text,40,10,true
Blockchain,medium,Which option aligns with Blockchain?,Android,ledger,post,responsive design,ledger,,,text,40,10,true
Blockchain,medium,Which of these is a core idea in Blockchain?,patch,engagement,proof of work,validation,proof of work,,,text,40,10,true
Blockchain,medium,Which term is most commonly used in Blockchain?,virtualenv,ledger,gradient descent,engagement,ledger,,,text,40,10,true
Blockchain,medium,Select the most relevant term for Blockchain.,robot arm,node,model,CSS,node,,,text,40,10,true
Blockchain,medium,Which option aligns with Blockchain?,DOM,model,intrusion,block,block,,,text,40,10,true
Blockchain,medium,Which option is a key concept in Blockchain?,router,ISP,hash,servo,hash,,,text,40,10,true
Blockchain,medium,Which option is a key concept in Blockchain?,automation,tablet,complexity,proof of work,proof of work,,,text,40,10,true
Blockchain,medium,Which of these is a core idea in Blockchain?,dictionary,agent,binary,hash,hash,,,text,40,10,true
Blockchain,medium,Which term is most commonly used in Blockchain?,router,hash,modem,binary,hash,,,text,40,10,true
Blockchain,medium,Pick the concept that best matches Blockchain.,screen,planning,mining,cookie,mining,,,text,40,10,true
Blockchain,medium,Choose the term that best represents Blockchain.,regression,robot arm,garbage collection,mining,mining,,,text,40,10,true
Blockchain,medium,Which of these is a core idea in Blockchain?,encryption,hash,like,label,hash,,,text,40,10,true
Blockchain,medium,Pick the concept that best matches Blockchain.,TCP,wallet,server,actuator,wallet,,,text,40,10,true
Blockchain,medium,Select the most relevant term for Blockchain.,transaction,DOM,wearable,feature,transaction,,,text,40,10,true
Blockchain,hard,Pick the most specific concept tied to Blockchain.,compiler,recursion,mining,decorator,mining,,,text,80,8,true
Blockchain,hard,Which term is the closest match to Blockchain?,bytecode,ARPANET,block,control system,block,,,text,80,8,true
Blockchain,hard,Which term is the closest match to Blockchain?,push notification,wallet,share,regression,wallet,,,text,80,8,true
Blockchain,hard,Select the most precise term for Blockchain.,transaction,search,Bluetooth,dot-com,transaction,,,text,80,8,true
Blockchain,hard,Which term is the closest match to Blockchain?,CSS,cookie,agent,consensus,consensus,,,text,80,8,true
Blockchain,hard,Pick the most specific concept tied to Blockchain.,search,automation,perception,ledger,ledger,,,text,80,8,true
Blockchain,hard,Which term is the closest match to Blockchain?,patch,ledger,cookie,model,ledger,,,text,80,8,true
Blockchain,hard,Which term is the closest match to Blockchain?,authentication,generator,block,accuracy,block,,,text,80,8,true
Blockchain,hard,Which term is most specifically associated with Blockchain?,expert system,JavaScript,Android,hash,hash,,,text,80,8,true
Blockchain,hard,Which term is most specifically associated with Blockchain?,UI thread,heuristic,zero trust,block,block,,,text,80,8,true
Blockchain,hard,Choose the most accurate term for Blockchain.,phishing,machine,smart contract,training data,smart contract,,,text,80,8,true
Blockchain,hard,Pick the most specific concept tied to Blockchain.,smart contract,label,engagement,API,smart contract,,,text,80,8,true
Blockchain,hard,Which term is most specifically associated with Blockchain?,garbage collection,share,DOM,hash,hash,,,text,80,8,true
Blockchain,hard,Choose the most accurate term for Blockchain.,app,battery,session,proof of work,proof of work,,,text,80,8,true
Blockchain,hard,Which term is the closest match to Blockchain?,screen,share,mining,modem,mining,,,text,80,8,true
Blockchain,hard,Select the best-fit term for Blockchain.,World Wide Web,data structure,charger,proof of work,proof of work,,,text,80,8,true
Blockchain,hard,Pick the most specific concept tied to Blockchain.,automation,feed,platform,transaction,transaction,,,text,80,8,true
Blockchain,hard,Choose the most accurate term for Blockchain.,machine,algorithm,automation,consensus,consensus,,,text,80,8,true
Blockchain,hard,Choose the most accurate term for Blockchain.,vulnerability,automation,node,App Store,node,,,text,80,8,true
Blockchain,hard,Select the most precise term for Blockchain.,email,package,smart contract,TCP,smart contract,,,text,80,8,true
Blockchain,hard,Which option best characterizes Blockchain?,viral,phishing,engagement,block,block,,,text,80,8,true
Blockchain,hard,Select the most precise term for Blockchain.,interface,comment,wallet,patch,wallet,,,text,80,8,true
Blockchain,hard,Select the most precise term for Blockchain.,vulnerability,device,mining,robot arm,mining,,,text,80,8,true
Blockchain,hard,Pick the most specific concept tied to Blockchain.,ledger,battery,authentication,bandwidth,ledger,,,text,80,8,true
Cyber Security,easy,Pick the correct term for Cyber Security.,Mediterranean Sea,galaxy,zero trust,constitution,zero trust,,,text,20,12,true
Cyber Security,easy,Which of these is related to Cyber Security?,node,firewall,platform,homeostasis,firewall,,,text,20,12,true
Cyber Security,easy,Pick the correct term for Cyber Security.,encryption,algorithm,Indian Ocean,simile,encryption,,,text,20,12,true
Cyber Security,easy,Which option belongs to Cyber Security?,mindfulness,authentication,REST,imagery,authentication,,,text,20,12,true
Cyber Security,easy,Pick the correct term for Cyber Security.,authorization,homeostasis,pawn,World War II,authorization,,,text,20,12,true
Cyber Security,easy,Select a term associated with Cyber Security.,conservation,silhouette,forehand,authentication,authentication,,,text,20,12,true
Cyber Security,easy,Pick the correct term for Cyber Security.,landing gear,distribution,authorization,perspective,authorization,,,text,20,12,true
Cyber Security,easy,Choose the item most linked to Cyber Security.,gradient descent,artist,intrusion,regression,intrusion,,,text,20,12,true
Cyber Security,easy,Which of these fits the topic Cyber Security?,infrastructure,firewall,block,renewable,firewall,,,text,20,12,true
Cyber Security,easy,Which of these is related to Cyber Security?,emotion,thread,firewall,flavor,firewall,,,text,20,12,true
Cyber Security,easy,Which option belongs to Cyber Security?,authorization,over,TCP,atom,authorization,,,text,20,12,true
Cyber Security,easy,Pick the correct term for Cyber Security.,authentication,baroque,movement,spice,authentication,,,text,20,12,true
Cyber Security,easy,Pick the correct term for Cyber Security.,mindfulness,peak,patch,formation,patch,,,text,20,12,true
Cyber Security,easy,Which option belongs to Cyber Security?,zero trust,covalent bond,free kick,castling,zero trust,,,text,20,12,true
Cyber Security,easy,Which of these is related to Cyber Security?,Ragnarok,zero trust,drug,rupee,zero trust,,,text,20,12,true
Cyber Security,easy,Which option belongs to Cyber Security?,livestock,time zone,launch vehicle,encryption,encryption,,,text,20,12,true
Cyber Security,easy,Choose the item most linked to Cyber Security.,producer,phishing,designer,covalent bond,phishing,,,text,20,12,true
Cyber Security,easy,Select a term associated with Cyber Security.,esports,credit,firewall,time zone,firewall,,,text,20,12,true
Cyber Security,medium,Choose the term that best represents Cyber Security.,accuracy,authentication,charger,subnet,authentication,,,text,40,10,true
Cyber Security,medium,Choose the term that best represents Cyber Security.,training data,patch,responsive layout,planning,patch,,,text,40,10,true
Cyber Security,medium,Which option is a key concept in Cyber Security?,classification,IP address,authentication,mining,authentication,,,text,40,10,true
Cyber Security,medium,Which option aligns with Cyber Security?,vulnerability,latency,class,dictionary,vulnerability,,,text,40,10,true
Cyber Security,medium,Which term is most commonly used in Cyber Security?,ISP,network,encryption,block,encryption,,,text,40,10,true
Cyber Security,medium,Which of these is a core idea in Cyber Security?,responsive design,list comprehension,generator,intrusion,intrusion,,,text,40,10,true
Cyber Security,medium,Pick the concept that best matches Cyber Security.,bandwidth,CSS,vulnerability,HTTP,vulnerability,,,text,40,10,true
Cyber Security,medium,Choose the term that best represents Cyber Security.,list comprehension,control system,lambda,intrusion,intrusion,,,text,40,10,true
Cyber Security,medium,Select the most relevant term for Cyber Security.,machine,authorization,processor,dot-com,authorization,,,text,40,10,true
Cyber Security,medium,Which term is most commonly used in Cyber Security?,screen,bytecode,garbage collection,encryption,encryption,,,text,40,10,true
Cyber Security,medium,Which term is most commonly used in Cyber Security?,hashtag,expert system,intrusion,smartphone,intrusion,,,text,40,10,true
Cyber Security,medium,Select the most relevant term for Cyber Security.,screen,JavaScript,agent,authentication,authentication,,,text,40,10,true
Cyber Security,medium,Which of these is a core idea in Cyber Security?,knowledge base,planning,servo,vulnerability,vulnerability,,,text,40,10,true
Cyber Security,medium,Pick the concept that best matches Cyber Security.,generator,accuracy,lifecycle,malware,malware,,,text,40,10,true
Cyber Security,medium,Which option is a key concept in Cyber Security?,REST,viral,app,firewall,firewall,,,text,40,10,true
Cyber Security,medium,Which option is a key concept in Cyber Security?,responsive layout,firewall,lambda,overfitting,firewall,,,text,40,10,true
Cyber Security,medium,Which option is a key concept in Cyber Security?,lambda,automation,encryption,heuristic,encryption,,,text,40,10,true
Cyber Security,medium,Which of these is a core idea in Cyber Security?,platform,gesture,HTTP,firewall,firewall,,,text,40,10,true
Cyber Security,hard,Which term is the closest match to Cyber Security?,responsive design,iOS,generator,patch,patch,,,text,80,8,true
Cyber Security,hard,Which term is most specifically associated with Cyber Security?,robot arm,pip,firewall,App Store,firewall,,,text,80,8,true
Cyber Security,hard,Pick the most specific concept tied to Cyber Security.,vulnerability,device,bytecode,robot,vulnerability,,,text,80,8,true
Cyber Security,hard,Which option best characterizes Cyber Security?,garbage collection,hash,PEP 8,vulnerability,vulnerability,,,text,80,8,true
Cyber Security,hard,Choose the most accurate term for Cyber Security.,patch,dictionary,garbage collection,autonomy,patch,,,text,80,8,true
Cyber Security,hard,Select the best-fit term for Cyber Security.,iOS,iterator,phishing,ISP,phishing,,,text,80,8,true
Cyber Security,hard,Select the best-fit term for Cyber Security.,latency,accuracy,data structure,firewall,firewall,,,text,80,8,true
Cyber Security,hard,Select the best-fit term for Cyber Security.,Android,ledger,vulnerability,engagement,vulnerability,,,text,80,8,true
Cyber Security,hard,Which option is most directly linked to Cyber Security?,share,switch,browser,malware,malware,,,text,80,8,true
Cyber Security,hard,Select the most precise term for Cyber Security.,charger,emulator,authorization,proof of work,authorization,,,text,80,8,true
Cyber Security,hard,Which term is most specifically associated with Cyber Security?,mining,decorator,cookie,authentication,authentication,,,text,80,8,true
Cyber Security,hard,Which term is most specifically associated with Cyber Security?,subnet,APK,label,zero trust,zero trust,,,text,80,8,true
Cyber Security,hard,Which option is most directly linked to Cyber Security?,feed,autonomy,thread,zero trust,zero trust,,,text,80,8,true
Cyber Security,hard,Which term is the closest match to Cyber Security?,gesture,agent,IP address,authorization,authorization,,,text,80,8,true
Cyber Security,hard,Which term is most specifically associated with Cyber Security?,mining,post,modem,phishing,phishing,,,text,80,8,true
Cyber Security,hard,Pick the most specific concept tied to Cyber Security.,IP address,encryption,gradient descent,comment,encryption,,,text,80,8,true
Cyber Security,hard,Which term is most specifically associated with Cyber Security?,garbage collection,inheritance,UDP,zero trust,zero trust,,,text,80,8,true
Cyber Security,hard,Choose the most accurate term for Cyber Security.,follower,emulator,encryption,wallet,encryption,,,text,80,8,true
Cyber Security,hard,Which term is most specifically associated with Cyber Security?,vulnerability,protocol,UI thread,hash,vulnerability,,,text,80,8,true
Cyber Security,hard,Which option is most directly linked to Cyber Security?,network,indentation,zero trust,dot-com,zero trust,,,text,80,8,true
Cyber Security,hard,Select the most precise term for Cyber Security.,Bluetooth,gradient descent,server,vulnerability,vulnerability,,,text,80,8,true
Cyber Security,hard,Choose the most accurate term for Cyber Security.,authentication,API,robot arm,complexity,authentication,,,text,80,8,true
Cyber Security,hard,Choose the most accurate term for Cyber Security.,protocol,network,patch,ledger,patch,,,text,80,8,true
Cyber Security,hard,Which term is the closest match to Cyber Security?,regression,battery,zero trust,block,zero trust,,,text,80,8,true
Networking,easy,Pick the correct term for Networking.,microscope,orbit,lambda,TCP,TCP,,,text,20,12,true
Networking,easy,Which option belongs to Networking?,scientist,URL,federalism,protocol,protocol,,,text,20,12,true
Networking,easy,Which of these fits the topic Networking?,protocol,screen,flavor,prime minister,protocol,,,text,20,12,true
Networking,easy,Pick the correct term for Networking.,continent,responsive design,Android,latency,latency,,,text,20,12,true
Networking,easy,Which of these is related to Networking?,electricity,switch,mission control,myth,switch,,,text,20,12,true
Networking,easy,Which of these fits the topic Networking?,character,agent,TCP,striker,TCP,,,text,20,12,true
Networking,easy,Choose the item most linked to Networking.,DNS,tragedy,leader,like,DNS,,,text,20,12,true
Networking,easy,Choose the item most linked to Networking.,runway,DNS,planting,CSS,DNS,,,text,20,12,true
Networking,easy,Which option belongs to Networking?,router,Europe,furniture,therapy,router,,,text,20,12,true
Networking,easy,Which of these is related to Networking?,Best Picture,defender,protocol,Lake Superior,protocol,,,text,20,12,true
Networking,easy,Which option belongs to Networking?,wallet,continent,subnet,seed,subnet,,,text,20,12,true
Networking,easy,Which option belongs to Networking?,DNS,campground,bull market,screen,DNS,,,text,20,12,true
Networking,easy,Which option belongs to Networking?,exchange rate,market,switch,set,switch,,,text,20,12,true
Networking,easy,Select a term associated with Networking.,opportunity cost,protocol,origin,director,protocol,,,text,20,12,true
Networking,easy,Choose the item most linked to Networking.,compound,IP address,catalyst,dividend yield,IP address,,,text,20,12,true
Networking,easy,Choose the item most linked to Networking.,sedan,bytecode,router,camera,router,,,text,20,12,true
Networking,easy,Which of these fits the topic Networking?,emissions,Tamil Nadu,DNS,SEO,DNS,,,text,20,12,true
Networking,easy,Which of these fits the topic Networking?,protocol,logo,factorization,ionic bond,protocol,,,text,20,12,true
Networking,medium,Choose the term that best represents Networking.,vulnerability,wallet,transaction,TCP,TCP,,,text,40,10,true
Networking,medium,Pick the concept that best matches Networking.,Android,bandwidth,transaction,iterator,bandwidth,,,text,40,10,true
Networking,medium,Which of these is a core idea in Networking?,protocol,post,Bluetooth,robot,protocol,,,text,40,10,true
Networking,medium,Pick the concept that best matches Networking.,tablet,UDP,hashtag,operating system,UDP,,,text,40,10,true
Networking,medium,Which term is most commonly used in Networking?,UDP,dot-com,tablet,garbage collection,UDP,,,text,40,10,true
Networking,medium,Which of these is a core idea in Networking?,router,World Wide Web,platform,complexity,router,,,text,40,10,true
Networking,medium,Which option aligns with Networking?,bandwidth,classification,session,ARPANET,bandwidth,,,text,40,10,true
Networking,medium,Select the most relevant term for Networking.,platform,interface,router,operating system,router,,,text,40,10,true
Networking,medium,Pick the concept that best matches Networking.,compiler,switch,classification,control system,switch,,,text,40,10,true
Networking,medium,Which option aligns with Networking?,subnet,ISP,gradient descent,perception,subnet,,,text,40,10,true
Networking,medium,Select the most relevant term for Networking.,lifecycle,DNS,follower,transaction,DNS,,,text,40,10,true
Networking,medium,Select the most relevant term for Networking.,AI,dot-com,ISP,DNS,DNS,,,text,40,10,true
Networking,medium,Which option aligns with Networking?,data structure,agent,dot-com,DNS,DNS,,,text,40,10,true
Networking,medium,Pick the concept that best matches Networking.,JavaScript,switch,gradient descent,block,switch,,,text,40,10,true
Networking,medium,Pick the concept that best matches Networking.,transaction,subnet,virtualenv,post,subnet,,,text,40,10,true
Networking,medium,Select the most relevant term for Networking.,dot-com,DNS,feature,robot,DNS,,,text,40,10,true
Networking,medium,Pick the concept that best matches Networking.,inheritance,HTML,authentication,subnet,subnet,,,text,40,10,true
Networking,medium,Pick the concept that best matches Networking.,IP address,heuristic,robot,feed,IP address,,,text,40,10,true
Networking,hard,Which option is most directly linked to Networking?,router,operating system,AI,PEP 8,router,,,text,80,8,true
Networking,hard,Select the most precise term for Networking.,server,subnet,ISP,wearable,subnet,,,text,80,8,true
Networking,hard,Select the most precise term for Networking.,charger,block,bandwidth,robot,bandwidth,,,text,80,8,true
Networking,hard,Which term is the closest match to Networking?,ISP,model,programming,TCP,TCP,,,text,80,8,true
Networking,hard,Pick the most specific concept tied to Networking.,router,search,thread,intrusion,router,,,text,80,8,true
Networking,hard,Choose the most accurate term for Networking.,router,gesture,screen,World Wide Web,router,,,text,80,8,true
Networking,hard,Select the best-fit term for Networking.,router,algorithm,expert system,network,router,,,text,80,8,true
Networking,hard,Select the most precise term for Networking.,algorithm,thread,UDP,platform,UDP,,,text,80,8,true
Networking,hard,Pick the most specific concept tied to Networking.,switch,servo,operating system,perception,switch,,,text,80,8,true
Networking,hard,Which option is most directly linked to Networking?,control system,automation,CSS,switch,switch,,,text,80,8,true
Networking,hard,Select the best-fit term for Networking.,class,smartphone,TCP,screen,TCP,,,text,80,8,true
Networking,hard,Choose the most accurate term for Networking.,router,sensor,intrusion,CSS,router,,,text,80,8,true
Networking,hard,Select the best-fit term for Networking.,knowledge base,switch,responsive layout,hashtag,switch,,,text,80,8,true
Networking,hard,Which option is most directly linked to Networking?,latency,UI thread,expert system,comment,latency,,,text,80,8,true
Networking,hard,Select the most precise term for Networking.,protocol,firewall,AI,responsive layout,protocol,,,text,80,8,true
Networking,hard,Which option best characterizes Networking?,switch,indentation,session,Bluetooth,switch,,,text,80,8,true
Networking,hard,Which term is the closest match to Networking?,malware,subnet,vulnerability,dot-com,subnet,,,text,80,8,true
Networking,hard,Choose the most accurate term for Networking.,transaction,patch,authorization,subnet,subnet,,,text,80,8,true
Networking,hard,Which term is most specifically associated with Networking?,APK,protocol,programming,garbage collection,protocol,,,text,80,8,true
Networking,hard,Which term is the closest match to Networking?,garbage collection,comment,bandwidth,World Wide Web,bandwidth,,,text,80,8,true
Networking,hard,Which term is the closest match to Networking?,planning,intrusion,bandwidth,expert system,bandwidth,,,text,80,8,true
Networking,hard,Which term is most specifically associated with Networking?,switch,bytecode,automation,phishing,switch,,,text,80,8,true
Networking,hard,Choose the most accurate term for Networking.,recursion,perception,router,hash,router,,,text,80,8,true
Networking,hard,Which term is the closest match to Networking?,database,model,protocol,programming,protocol,,,text,80,8,true
Programming (Python),easy,Which of these fits the topic Programming (Python)?,recipe,virtualenv,rally,router,virtualenv,,,text,20,12,true
Programming (Python),easy,Which of these fits the topic Programming (Python)?,share,recognition,dictionary,mulch,dictionary,,,text,20,12,true
Programming (Python),easy,Which of these fits the topic Programming (Python)?,tangent,list comprehension,fraction,root,list comprehension,,,text,20,12,true
Programming (Python),easy,Pick the correct term for Programming (Python).,acceleration,Hollywood,Egyptians,list comprehension,list comprehension,,,text,20,12,true
Programming (Python),easy,Which option belongs to Programming (Python)?,dictionary,United Nations,blue chip,payment gateway,dictionary,,,text,20,12,true
Programming (Python),easy,Which of these fits the topic Programming (Python)?,radian,controller,flagpole,PEP 8,PEP 8,,,text,20,12,true
Programming (Python),easy,Select a term associated with Programming (Python).,demand,sequence,list comprehension,World War I,list comprehension,,,text,20,12,true
Programming (Python),easy,Choose the item most linked to Programming (Python).,dance,generator,banknote,hemisphere,generator,,,text,20,12,true
Programming (Python),easy,Select a term associated with Programming (Python).,diplomacy,inheritance,PEP 8,bandwidth,PEP 8,,,text,20,12,true
Programming (Python),easy,Which option belongs to Programming (Python)?,malware,function,wallet,iterator,iterator,,,text,20,12,true
Programming (Python),easy,Which of these fits the topic Programming (Python)?,genre,rebound,dictionary,therapy,dictionary,,,text,20,12,true
Programming (Python),easy,Which option belongs to Programming (Python)?,decorator,public health,Indus Valley,modernism,decorator,,,text,20,12,true
Programming (Python),easy,Select a term associated with Programming (Python).,villain,Danube,lambda,ISP,lambda,,,text,20,12,true
Programming (Python),easy,Which of these is related to Programming (Python)?,list comprehension,arch,routing,vaccine,list comprehension,,,text,20,12,true
Programming (Python),easy,Which of these fits the topic Programming (Python)?,virtualenv,target audience,defender,palette,virtualenv,,,text,20,12,true
Programming (Python),easy,Pick the correct term for Programming (Python).,virtualenv,automation,Economics,seed,virtualenv,,,text,20,12,true
Programming (Python),easy,Which option belongs to Programming (Python)?,DNA,RPG,list comprehension,root,list comprehension,,,text,20,12,true
Programming (Python),easy,Which of these is related to Programming (Python)?,opera,playback,gradient descent,generator,generator,,,text,20,12,true
Programming (Python),medium,Which term is most commonly used in Programming (Python)?,iterator,class,follower,overfitting,iterator,,,text,40,10,true
Programming (Python),medium,Which option aligns with Programming (Python)?,training data,dictionary,wallet,World Wide Web,dictionary,,,text,40,10,true
Programming (Python),medium,Which option aligns with Programming (Python)?,PEP 8,training data,mining,feed,PEP 8,,,text,40,10,true
Programming (Python),medium,Pick the concept that best matches Programming (Python).,switch,data structure,encryption,iterator,iterator,,,text,40,10,true
Programming (Python),medium,Which term is most commonly used in Programming (Python)?,subnet,like,JVM,virtualenv,virtualenv,,,text,40,10,true
Programming (Python),medium,Which option aligns with Programming (Python)?,pip,agent,hash,switch,pip,,,text,40,10,true
Programming (Python),medium,Which option is a key concept in Programming (Python)?,validation,platform,automation,lambda,lambda,,,text,40,10,true
Programming (Python),medium,Select the most relevant term for Programming (Python).,actuator,network,binary,list comprehension,list comprehension,,,text,40,10,true
Programming (Python),medium,Which option is a key concept in Programming (Python)?,follower,DNS,firewall,PEP 8,PEP 8,,,text,40,10,true
Programming (Python),medium,Which option aligns with Programming (Python)?,iOS,share,search,list comprehension,list comprehension,,,text,40,10,true
Programming (Python),medium,Which option is a key concept in Programming (Python)?,JVM,virtualenv,DNS,recursion,virtualenv,,,text,40,10,true
Programming (Python),medium,Which term is most commonly used in Programming (Python)?,servo,dictionary,emulator,URL,dictionary,,,text,40,10,true
Programming (Python),medium,Which option is a key concept in Programming (Python)?,smartphone,garbage collection,data structure,decorator,decorator,,,text,40,10,true
Programming (Python),medium,Choose the term that best represents Programming (Python).,App Store,app,responsive layout,pip,pip,,,text,40,10,true
Programming (Python),medium,Which option aligns with Programming (Python)?,encryption,indentation,accuracy,vulnerability,indentation,,,text,40,10,true
Programming (Python),medium,Which option aligns with Programming (Python)?,responsive layout,PEP 8,knowledge base,UI thread,PEP 8,,,text,40,10,true
Programming (Python),medium,Choose the term that best represents Programming (Python).,lambda,mining,CSS,UDP,lambda,,,text,40,10,true
Programming (Python),medium,Pick the concept that best matches Programming (Python).,AI,actuator,iterator,label,iterator,,,text,40,10,true
Programming (Python),hard,Choose the most accurate term for Programming (Python).,neural network,HTTP,iterator,IP address,iterator,,,text,80,8,true
Programming (Python),hard,Pick the most specific concept tied to Programming (Python).,Bluetooth,dictionary,engagement,control system,dictionary,,,text,80,8,true
Programming (Python),hard,Which term is the closest match to Programming (Python)?,bytecode,battery,wearable,pip,pip,,,text,80,8,true
Programming (Python),hard,Which term is most specifically associated with Programming (Python)?,wearable,heuristic,PEP 8,DOM,PEP 8,,,text,80,8,true
Programming (Python),hard,Which option best characterizes Programming (Python)?,automation,generator,app,hash,generator,,,text,80,8,true
Programming (Python),hard,Which term is most specifically associated with Programming (Python)?,URL,list comprehension,automation,responsive design,list comprehension,,,text,80,8,true
Programming (Python),hard,Which term is most specifically associated with Programming (Python)?,vulnerability,generator,router,dot-com,generator,,,text,80,8,true
Programming (Python),hard,Pick the most specific concept tied to Programming (Python).,dictionary,processor,hash,HTTP,dictionary,,,text,80,8,true
Programming (Python),hard,Which option is most directly linked to Programming (Python)?,neural network,label,generator,intrusion,generator,,,text,80,8,true
Programming (Python),hard,Select the best-fit term for Programming (Python).,list comprehension,ledger,accuracy,bytecode,list comprehension,,,text,80,8,true
Programming (Python),hard,Which option is most directly linked to Programming (Python)?,machine,lambda,package,control system,lambda,,,text,80,8,true
Programming (Python),hard,Which term is most specifically associated with Programming (Python)?,subnet,iterator,server,interface,iterator,,,text,80,8,true
Programming (Python),hard,Pick the most specific concept tied to Programming (Python).,cookie,list comprehension,session,complexity,list comprehension,,,text,80,8,true
Programming (Python),hard,Pick the most specific concept tied to Programming (Python).,smartphone,iterator,complexity,screen,iterator,,,text,80,8,true
Programming (Python),hard,Select the most precise term for Programming (Python).,machine,list comprehension,garbage collection,vulnerability,list comprehension,,,text,80,8,true
Programming (Python),hard,Select the most precise term for Programming (Python).,decorator,inheritance,server,expert system,decorator,,,text,80,8,true
Programming (Python),hard,Pick the most specific concept tied to Programming (Python).,World Wide Web,decorator,feed,package,decorator,,,text,80,8,true
Programming (Python),hard,Pick the most specific concept tied to Programming (Python).,virtualenv,mining,block,inference,virtualenv,,,text,80,8,true
Programming (Python),hard,Choose the most accurate term for Programming (Python).,node,iterator,database,platform,iterator,,,text,80,8,true
Programming (Python),hard,Which option is most directly linked to Programming (Python)?,router,bandwidth,cookie,indentation,indentation,,,text,80,8,true
Programming (Python),hard,Pick the most specific concept tied to Programming (Python).,feature,pip,comment,malware,pip,,,text,80,8,true
Programming (Python),hard,Which option best characterizes Programming (Python)?,label,emulator,comment,iterator,iterator,,,text,80,8,true
Programming (Python),hard,Which term is most specifically associated with Programming (Python)?,model,IP address,dot-com,indentation,indentation,,,text,80,8,true
Programming (Python),hard,Which option best characterizes Programming (Python)?,automation,pip,encryption,servo,pip,,,text,80,8,true
Programming (Java),easy,Select a term associated with Programming (Java).,exception,shutter speed,Mughal Empire,subnet,exception,,,text,20,12,true
Programming (Java),easy,Select a term associated with Programming (Java).,Bihar,Yangtze,thread,leader,thread,,,text,20,12,true
Programming (Java),easy,Which of these fits the topic Programming (Java)?,genre,HTTP,wilderness,class,class,,,text,20,12,true
Programming (Java),easy,Which of these fits the topic Programming (Java)?,Egyptians,Olympus,router,JVM,JVM,,,text,20,12,true
Programming (Java),easy,Pick the correct term for Programming (Java).,adjective,currency symbol,exception,character,exception,,,text,20,12,true
Programming (Java),easy,Pick the correct term for Programming (Java).,data structure,entrepreneur,package,generator,package,,,text,20,12,true
Programming (Java),easy,Which of these is related to Programming (Java)?,slogan,tangent,thread,constellation,thread,,,text,20,12,true
Programming (Java),easy,Select a term associated with Programming (Java).,stratification,baroque,thread,striker,thread,,,text,20,12,true
Programming (Java),easy,Which option belongs to Programming (Java)?,class,harvest,subnet,Hollywood,class,,,text,20,12,true
Programming (Java),easy,Which of these is related to Programming (Java)?,vulnerability,perimeter,athletics,class,class,,,text,20,12,true
Programming (Java),easy,Which of these is related to Programming (Java)?,class,diplomacy,skyscraper,group,class,,,text,20,12,true
Programming (Java),easy,Choose the item most linked to Programming (Java).,JVM,Indus Valley,monotheism,backboard,JVM,,,text,20,12,true
Programming (Java),easy,Pick the correct term for Programming (Java).,PEP 8,garbage collection,generator,angle,garbage collection,,,text,20,12,true
Programming (Java),easy,Select a term associated with Programming (Java).,autonomy,limit,map scale,inheritance,inheritance,,,text,20,12,true
Programming (Java),easy,Pick the correct term for Programming (Java).,frame,muscular system,garbage collection,Kalahari,garbage collection,,,text,20,12,true
Programming (Java),easy,Which option belongs to Programming (Java)?,shutter speed,torque,JVM,recursion,JVM,,,text,20,12,true
Programming (Java),easy,Which of these fits the topic Programming (Java)?,runway,class,app,origin,class,,,text,20,12,true
Programming (Java),easy,Which option belongs to Programming (Java)?,inflation,package,feed,linear,package,,,text,20,12,true
Programming (Java),medium,Pick the concept that best matches Programming (Java).,authorization,automation,thread,HTTP,thread,,,text,40,10,true
Programming (Java),medium,Choose the term that best represents Programming (Java).,binary,JVM,generator,hashtag,JVM,,,text,40,10,true
Programming (Java),medium,Which of these is a core idea in Programming (Java)?,dot-com,model,node,class,class,,,text,40,10,true
Programming (Java),medium,Which option aligns with Programming (Java)?,garbage collection,session,follower,server,garbage collection,,,text,40,10,true
Programming (Java),medium,Which term is most commonly used in Programming (Java)?,dictionary,interface,smartphone,bandwidth,interface,,,text,40,10,true
Programming (Java),medium,Which term is most commonly used in Programming (Java)?,app,class,session,virtualenv,class,,,text,40,10,true
Programming (Java),medium,Which term is most commonly used in Programming (Java)?,package,agent,iOS,authentication,package,,,text,40,10,true
Programming (Java),medium,Pick the concept that best matches Programming (Java).,node,block,automation,polymorphism,polymorphism,,,text,40,10,true
Programming (Java),medium,Which of these is a core idea in Programming (Java)?,complexity,firewall,inheritance,CSS,inheritance,,,text,40,10,true
Programming (Java),medium,Pick the concept that best matches Programming (Java).,server,ARPANET,lifecycle,garbage collection,garbage collection,,,text,40,10,true
Programming (Java),medium,Which of these is a core idea in Programming (Java)?,thread,UDP,recursion,iterator,thread,,,text,40,10,true
Programming (Java),medium,Choose the term that best represents Programming (Java).,bytecode,Bluetooth,operating system,UDP,bytecode,,,text,40,10,true
Programming (Java),medium,Choose the term that best represents Programming (Java).,database,UDP,accuracy,polymorphism,polymorphism,,,text,40,10,true
Programming (Java),medium,Select the most relevant term for Programming (Java).,bytecode,heuristic,validation,device,bytecode,,,text,40,10,true
Programming (Java),medium,Select the most relevant term for Programming (Java).,database,push notification,garbage collection,robot,garbage collection,,,text,40,10,true
Programming (Java),medium,Which option aligns with Programming (Java)?,accuracy,recursion,subnet,polymorphism,polymorphism,,,text,40,10,true
Programming (Java),medium,Choose the term that best represents Programming (Java).,automation,charger,robot arm,inheritance,inheritance,,,text,40,10,true
Programming (Java),medium,Choose the term that best represents Programming (Java).,browser,pip,inference,JVM,JVM,,,text,40,10,true
Programming (Java),hard,Which option is most directly linked to Programming (Java)?,zero trust,JVM,device,hash,JVM,,,text,80,8,true
Programming (Java),hard,Pick the most specific concept tied to Programming (Java).,URL,model,vulnerability,thread,thread,,,text,80,8,true
Programming (Java),hard,Choose the most accurate term for Programming (Java).,mining,robot,ARPANET,class,class,,,text,80,8,true
Programming (Java),hard,Which term is the closest match to Programming (Java)?,data structure,inheritance,ledger,indentation,inheritance,,,text,80,8,true
Programming (Java),hard,Which option is most directly linked to Programming (Java)?,PEP 8,post,package,regression,package,,,text,80,8,true
Programming (Java),hard,Which term is the closest match to Programming (Java)?,battery,follower,package,servo,package,,,text,80,8,true
Programming (Java),hard,Which term is the closest match to Programming (Java)?,push notification,garbage collection,node,lambda,garbage collection,,,text,80,8,true
Programming (Java),hard,Which option is most directly linked to Programming (Java)?,dictionary,class,viral,UI thread,class,,,text,80,8,true
Programming (Java),hard,Which option is most directly linked to Programming (Java)?,autonomy,exception,validation,lambda,exception,,,text,80,8,true
Programming (Java),hard,Which term is the closest match to Programming (Java)?,smart contract,device,inheritance,iOS,inheritance,,,text,80,8,true
Programming (Java),hard,Select the most precise term for Programming (Java).,algorithm,JVM,programming,subnet,JVM,,,text,80,8,true
Programming (Java),hard,Which option is most directly linked to Programming (Java)?,bytecode,wallet,TCP,emulator,bytecode,,,text,80,8,true
Programming (Java),hard,Choose the most accurate term for Programming (Java).,automation,network,thread,modem,thread,,,text,80,8,true
Programming (Java),hard,Which option is most directly linked to Programming (Java)?,vulnerability,email,responsive design,garbage collection,garbage collection,,,text,80,8,true
Programming (Java),hard,Choose the most accurate term for Programming (Java).,machine,tablet,bytecode,follower,bytecode,,,text,80,8,true
Programming (Java),hard,Which option is most directly linked to Programming (Java)?,protocol,email,decorator,inheritance,inheritance,,,text,80,8,true
Programming (Java),hard,Select the best-fit term for Programming (Java).,Bluetooth,operating system,consensus,class,class,,,text,80,8,true
Programming (Java),hard,Which option is most directly linked to Programming (Java)?,heuristic,JavaScript,overfitting,garbage collection,garbage collection,,,text,80,8,true
Programming (Java),hard,Select the most precise term for Programming (Java).,protocol,feed,package,database,package,,,text,80,8,true
Programming (Java),hard,Choose the most accurate term for Programming (Java).,UI thread,responsive design,node,thread,thread,,,text,80,8,true
Programming (Java),hard,Select the most precise term for Programming (Java).,polymorphism,gesture,server,robot,polymorphism,,,text,80,8,true
Programming (Java),hard,Which option best characterizes Programming (Java)?,heuristic,programming,ARPANET,exception,exception,,,text,80,8,true
Programming (Java),hard,Select the most precise term for Programming (Java).,Bluetooth,feature,package,programming,package,,,text,80,8,true
Programming (Java),hard,Select the most precise term for Programming (Java).,app,list comprehension,JVM,heuristic,JVM,,,text,80,8,true
Web Development,easy,Pick the correct term for Web Development.,API,preposition,perception,branding,API,,,text,20,12,true
Web Development,easy,Which of these is related to Web Development?,session,Yggdrasil,backboard,force,session,,,text,20,12,true
Web Development,easy,Which option belongs to Web Development?,run rate,Ashoka,session,Mississippi,session,,,text,20,12,true
Web Development,easy,Choose the item most linked to Web Development.,prime minister,HTML,flexibility,South America,HTML,,,text,20,12,true
Web Development,easy,Choose the item most linked to Web Development.,REST,patch,decolonization,justice,REST,,,text,20,12,true
Web Development,easy,Which option belongs to Web Development?,mitigation,API,baroque,vaccine,API,,,text,20,12,true
Web Development,easy,Choose the item most linked to Web Development.,CSS,iOS,inventory,box office,CSS,,,text,20,12,true
Web Development,easy,Which of these is related to Web Development?,HTML,diplomacy,Physics,ecology,HTML,,,text,20,12,true
Web Development,easy,Which of these fits the topic Web Development?,triangle,session,Ragnarok,Punjab,session,,,text,20,12,true
Web Development,easy,Select a term associated with Web Development.,Gupta Empire,relay,infrastructure,REST,REST,,,text,20,12,true
Web Development,easy,Which of these fits the topic Web Development?,camera,renewable,DOM,Vishnu,DOM,,,text,20,12,true
Web Development,easy,Which of these is related to Web Development?,star,Red Sea,REST,list comprehension,REST,,,text,20,12,true
Web Development,easy,Which of these is related to Web Development?,triangle,AI,compiler,REST,REST,,,text,20,12,true
Web Development,easy,Select a term associated with Web Development.,HTTP,shipping,binary,diplomacy,HTTP,,,text,20,12,true
Web Development,easy,Select a term associated with Web Development.,pip,Lake Superior,ranger,responsive design,responsive design,,,text,20,12,true
Web Development,easy,Pick the correct term for Web Development.,HTTP,designer,multiplayer,Don Quixote,HTTP,,,text,20,12,true
Web Development,easy,Which of these fits the topic Web Development?,premiere,nominee,Lake Victoria,DOM,DOM,,,text,20,12,true
Web Development,easy,Which of these fits the topic Web Development?,responsive design,mitochondria,clergy,innings,responsive design,,,text,20,12,true
Web Development,medium,Pick the concept that best matches Web Development.,sensor,engagement,HTTP,validation,HTTP,,,text,40,10,true
Web Development,medium,Which term is most commonly used in Web Development?,AI,JavaScript,hash,browser,JavaScript,,,text,40,10,true
Web Development,medium,Which term is most commonly used in Web Development?,PEP 8,robot arm,HTTP,responsive layout,HTTP,,,text,40,10,true
Web Development,medium,Which option is a key concept in Web Development?,regression,dictionary,battery,REST,REST,,,text,40,10,true
Web Development,medium,Pick the concept that best matches Web Development.,automation,processor,generator,CSS,CSS,,,text,40,10,true
Web Development,medium,Which option aligns with Web Development?,router,perception,interface,API,API,,,text,40,10,true
Web Development,medium,Pick the concept that best matches Web Development.,ARPANET,classification,authorization,JavaScript,JavaScript,,,text,40,10,true
Web Development,medium,Select the most relevant term for Web Development.,sensor,IP address,authorization,JavaScript,JavaScript,,,text,40,10,true
Web Development,medium,Which term is most commonly used in Web Development?,indentation,subnet,cookie,perception,cookie,,,text,40,10,true
Web Development,medium,Which option is a key concept in Web Development?,label,responsive design,neural network,generator,responsive design,,,text,40,10,true
Web Development,medium,Choose the term that best represents Web Development.,ISP,UI thread,accuracy,REST,REST,,,text,40,10,true
Web Development,medium,Which option is a key concept in Web Development?,smartphone,JVM,switch,HTML,HTML,,,text,40,10,true
Web Development,medium,Select the most relevant term for Web Development.,firewall,binary,HTTP,interface,HTTP,,,text,40,10,true
Web Development,medium,Which term is most commonly used in Web Development?,IP address,exception,JavaScript,UDP,JavaScript,,,text,40,10,true
Web Development,medium,Which of these is a core idea in Web Development?,DOM,node,indentation,zero trust,DOM,,,text,40,10,true
Web Development,medium,Pick the concept that best matches Web Development.,authentication,post,World Wide Web,CSS,CSS,,,text,40,10,true
Web Development,medium,Choose the term that best represents Web Development.,comment,feed,expert system,CSS,CSS,,,text,40,10,true
Web Development,medium,Which option is a key concept in Web Development?,battery,HTTP,heuristic,browser,HTTP,,,text,40,10,true
Web Development,hard,Select the best-fit term for Web Development.,DOM,planning,iterator,control system,DOM,,,text,80,8,true
Web Development,hard,Pick the most specific concept tied to Web Development.,JavaScript,comment,proof of work,hash,JavaScript,,,text,80,8,true
Web Development,hard,Which option is most directly linked to Web Development?,data structure,HTTP,tablet,validation,HTTP,,,text,80,8,true
Web Development,hard,Which term is the closest match to Web Development?,subnet,HTML,search,servo,HTML,,,text,80,8,true
Web Development,hard,Which option is most directly linked to Web Development?,REST,robot arm,inheritance,battery,REST,,,text,80,8,true
Web Development,hard,Which option is most directly linked to Web Development?,responsive layout,subnet,data structure,API,API,,,text,80,8,true
Web Development,hard,Which option best characterizes Web Development?,share,exception,neural network,HTTP,HTTP,,,text,80,8,true
Web Development,hard,Select the most precise term for Web Development.,responsive design,inference,ledger,search,responsive design,,,text,80,8,true
Web Development,hard,Which option is most directly linked to Web Development?,label,actuator,cookie,node,cookie,,,text,80,8,true
Web Development,hard,Which option best characterizes Web Development?,binary,protocol,automation,responsive design,responsive design,,,text,80,8,true
Web Development,hard,Which term is the closest match to Web Development?,perception,cookie,smartphone,TCP,cookie,,,text,80,8,true
Web Development,hard,Which term is the closest match to Web Development?,subnet,ledger,DOM,inheritance,DOM,,,text,80,8,true
Web Development,hard,Choose the most accurate term for Web Development.,DOM,processor,TCP,email,DOM,,,text,80,8,true
Web Development,hard,Select the most precise term for Web Development.,responsive design,zero trust,follower,machine,responsive design,,,text,80,8,true
Web Development,hard,Select the most precise term for Web Development.,Bluetooth,URL,JavaScript,intrusion,JavaScript,,,text,80,8,true
Web Development,hard,Which option is most directly linked to Web Development?,CSS,tablet,mining,router,CSS,,,text,80,8,true
Web Development,hard,Which term is most specifically associated with Web Development?,classification,automation,HTTP,protocol,HTTP,,,text,80,8,true
Web Development,hard,Pick the most specific concept tied to Web Development.,class,UDP,heuristic,API,API,,,text,80,8,true
Web Development,hard,Select the most precise term for Web Development.,virtualenv,programming,JavaScript,processor,JavaScript,,,text,80,8,true
Web Development,hard,Which option is most directly linked to Web Development?,cookie,pip,encryption,machine,cookie,,,text,80,8,true
Web Development,hard,Select the best-fit term for Web Development.,polymorphism,API,virtualenv,pip,API,,,text,80,8,true
Web Development,hard,Which option is most directly linked to Web Development?,UDP,share,node,REST,REST,,,text,80,8,true
Web Development,hard,Choose the most accurate term for Web Development.,JavaScript,polymorphism,knowledge base,Bluetooth,JavaScript,,,text,80,8,true
Web Development,hard,Choose the most accurate term for Web Development.,smart contract,HTTP,recursion,dot-com,HTTP,,,text,80,8,true
Mobile Development,easy,Pick the correct term for Mobile Development.,over,transaction,UI thread,stanza,UI thread,,,text,20,12,true
Mobile Development,easy,Select a term associated with Mobile Development.,global warming,Mesopotamia,UI thread,ace,UI thread,,,text,20,12,true
Mobile Development,easy,Which of these fits the topic Mobile Development?,chain rule,harvest,Android,covalent bond,Android,,,text,20,12,true
Mobile Development,easy,Pick the correct term for Mobile Development.,cape,summit,Android,Best Actress,Android,,,text,20,12,true
Mobile Development,easy,Choose the item most linked to Mobile Development.,ecosystem,air traffic,masala,responsive layout,responsive layout,,,text,20,12,true
Mobile Development,easy,Which of these fits the topic Mobile Development?,App Store,automation,soil,smart contract,App Store,,,text,20,12,true
Mobile Development,easy,Which of these fits the topic Mobile Development?,console,villain,emulator,prey,emulator,,,text,20,12,true
Mobile Development,easy,Which of these is related to Mobile Development?,grill,boundary,entrepreneur,iOS,iOS,,,text,20,12,true
Mobile Development,easy,Which option belongs to Mobile Development?,push notification,Phoenicians,intrusion,remix,push notification,,,text,20,12,true
Mobile Development,easy,Select a term associated with Mobile Development.,seed,Android,diameter,platform,Android,,,text,20,12,true
Mobile Development,easy,Select a term associated with Mobile Development.,prime meridian,bytecode,App Store,Indus Valley,App Store,,,text,20,12,true
Mobile Development,easy,Pick the correct term for Mobile Development.,theme,concert,United Nations,lifecycle,lifecycle,,,text,20,12,true
Mobile Development,easy,Which of these is related to Mobile Development?,risk,iOS,recursion,behavior,iOS,,,text,20,12,true
Mobile Development,easy,Which of these fits the topic Mobile Development?,Nobel Prize,UI thread,seed,focus,UI thread,,,text,20,12,true
Mobile Development,easy,Which option belongs to Mobile Development?,column,yen,castling,APK,APK,,,text,20,12,true
Mobile Development,easy,Pick the correct term for Mobile Development.,exposure,push notification,Delhi Sultanate,virtualenv,push notification,,,text,20,12,true
Mobile Development,easy,Pick the correct term for Mobile Development.,epistemology,steam engine,APK,IPO,APK,,,text,20,12,true
Mobile Development,easy,Pick the correct term for Mobile Development.,firewall,posture,goal,push notification,push notification,,,text,20,12,true
Mobile Development,medium,Which option is a key concept in Mobile Development?,responsive design,model,comment,APK,APK,,,text,40,10,true
Mobile Development,medium,Choose the term that best represents Mobile Development.,control system,machine,gesture,automation,gesture,,,text,40,10,true
Mobile Development,medium,Which of these is a core idea in Mobile Development?,emulator,patch,JavaScript,transaction,emulator,,,text,40,10,true
Mobile Development,medium,Which option aligns with Mobile Development?,App Store,follower,phishing,share,App Store,,,text,40,10,true
Mobile Development,medium,Which option aligns with Mobile Development?,platform,screen,iOS,robot arm,iOS,,,text,40,10,true
Mobile Development,medium,Which term is most commonly used in Mobile Development?,like,UI thread,cookie,automation,UI thread,,,text,40,10,true
Mobile Development,medium,Select the most relevant term for Mobile Development.,operating system,latency,patch,APK,APK,,,text,40,10,true
Mobile Development,medium,Pick the concept that best matches Mobile Development.,encryption,emulator,IP address,knowledge base,emulator,,,text,40,10,true
Mobile Development,medium,Select the most relevant term for Mobile Development.,lifecycle,modem,polymorphism,ledger,lifecycle,,,text,40,10,true
Mobile Development,medium,Which option is a key concept in Mobile Development?,machine,AI,UI thread,mining,UI thread,,,text,40,10,true
Mobile Development,medium,Which of these is a core idea in Mobile Development?,APK,encryption,expert system,AI,APK,,,text,40,10,true
Mobile Development,medium,Which of these is a core idea in Mobile Development?,push notification,automation,post,tablet,push notification,,,text,40,10,true
Mobile Development,medium,Pick the concept that best matches Mobile Development.,responsive layout,server,feature,perception,responsive layout,,,text,40,10,true
Mobile Development,medium,Which of these is a core idea in Mobile Development?,training data,gesture,automation,ledger,gesture,,,text,40,10,true
Mobile Development,medium,Which term is most commonly used in Mobile Development?,bytecode,gesture,dictionary,smartphone,gesture,,,text,40,10,true
Mobile Development,medium,Select the most relevant term for Mobile Development.,UI thread,block,node,transaction,UI thread,,,text,40,10,true
Mobile Development,medium,Which option is a key concept in Mobile Development?,device,feed,push notification,proof of work,push notification,,,text,40,10,true
Mobile Development,medium,Which of these is a core idea in Mobile Development?,UDP,HTTP,App Store,data structure,App Store,,,text,40,10,true
Mobile Development,hard,Select the best-fit term for Mobile Development.,knowledge base,responsive layout,follower,share,responsive layout,,,text,80,8,true
Mobile Development,hard,Which option is most directly linked to Mobile Development?,battery,JavaScript,APK,zero trust,APK,,,text,80,8,true
Mobile Development,hard,Pick the most specific concept tied to Mobile Development.,network,agent,zero trust,UI thread,UI thread,,,text,80,8,true
Mobile Development,hard,Choose the most accurate term for Mobile Development.,emulator,subnet,node,tablet,emulator,,,text,80,8,true
Mobile Development,hard,Which option best characterizes Mobile Development?,UI thread,DOM,automation,thread,UI thread,,,text,80,8,true
Mobile Development,hard,Which option is most directly linked to Mobile Development?,class,bytecode,garbage collection,push notification,push notification,,,text,80,8,true
Mobile Development,hard,Choose the most accurate term for Mobile Development.,lifecycle,knowledge base,vulnerability,servo,lifecycle,,,text,80,8,true
Mobile Development,hard,Which term is the closest match to Mobile Development?,data structure,complexity,responsive layout,indentation,responsive layout,,,text,80,8,true
Mobile Development,hard,Which option is most directly linked to Mobile Development?,pip,iterator,APK,knowledge base,APK,,,text,80,8,true
Mobile Development,hard,Choose the most accurate term for Mobile Development.,smart contract,Android,platform,latency,Android,,,text,80,8,true
Mobile Development,hard,Pick the most specific concept tied to Mobile Development.,push notification,sensor,comment,list comprehension,push notification,,,text,80,8,true
Mobile Development,hard,Select the most precise term for Mobile Development.,TCP,lifecycle,intrusion,feature,lifecycle,,,text,80,8,true
Mobile Development,hard,Choose the most accurate term for Mobile Development.,block,class,mining,responsive layout,responsive layout,,,text,80,8,true
Mobile Development,hard,Which term is the closest match to Mobile Development?,wearable,gesture,transaction,like,gesture,,,text,80,8,true
Mobile Development,hard,Which option best characterizes Mobile Development?,Bluetooth,feature,iOS,JVM,iOS,,,text,80,8,true
Mobile Development,hard,Select the best-fit term for Mobile Development.,Android,authentication,operating system,regression,Android,,,text,80,8,true
Mobile Development,hard,Which term is most specifically associated with Mobile Development?,PEP 8,algorithm,responsive layout,CSS,responsive layout,,,text,80,8,true
Mobile Development,hard,Choose the most accurate term for Mobile Development.,feature,iOS,charger,router,iOS,,,text,80,8,true
Mobile Development,hard,Which option best characterizes Mobile Development?,consensus,servo,virtualenv,push notification,push notification,,,text,80,8,true
Mobile Development,hard,Which option best characterizes Mobile Development?,malware,control system,node,push notification,push notification,,,text,80,8,true
Mobile Development,hard,Pick the most specific concept tied to Mobile Development.,perception,gesture,ARPANET,firewall,gesture,,,text,80,8,true
Mobile Development,hard,Which option is most directly linked to Mobile Development?,agent,device,iOS,session,iOS,,,text,80,8,true
Mobile Development,hard,Select the most precise term for Mobile Development.,gesture,compiler,regression,complexity,gesture,,,text,80,8,true
Mobile Development,hard,Which option best characterizes Mobile Development?,share,data structure,email,emulator,emulator,,,text,80,8,true
Economics,easy,Which of these fits the topic Economics?,treatment,executive,authentication,monopoly,monopoly,,,text,20,12,true
Economics,easy,Which option belongs to Economics?,viral,minimalism,fiscal policy,Literature,fiscal policy,,,text,20,12,true
Economics,easy,Which of these fits the topic Economics?,opportunity cost,Hittites,innovation,enzyme,opportunity cost,,,text,20,12,true
Economics,easy,Choose the item most linked to Economics.,liability,Zeus,monopoly,Borneo,monopoly,,,text,20,12,true
Economics,easy,Which of these fits the topic Economics?,GDP,controller,offside,dribble,GDP,,,text,20,12,true
Economics,easy,Which of these fits the topic Economics?,expression,scarcity,novel,inflation,scarcity,,,text,20,12,true
Economics,easy,Which of these is related to Economics?,Oscar,elasticity,Valkyrie,rally,elasticity,,,text,20,12,true
Economics,easy,Which of these fits the topic Economics?,product page,investor,inflation,tricolor,inflation,,,text,20,12,true
Economics,easy,Which of these fits the topic Economics?,preposition,GDP,toxicity,disease,GDP,,,text,20,12,true
Economics,easy,Choose the item most linked to Economics.,scarcity,Alps,adverb,Egyptians,scarcity,,,text,20,12,true
Economics,easy,Which of these is related to Economics?,Nile,filmfare,variable,monopoly,monopoly,,,text,20,12,true
Economics,easy,Which option belongs to Economics?,scarcity,CSS,covalent bond,esports,scarcity,,,text,20,12,true
Economics,easy,Which of these is related to Economics?,foul,franchise,Himalayas,supply,supply,,,text,20,12,true
Economics,easy,Pick the correct term for Economics.,sea,sea level,wicket,market,market,,,text,20,12,true
Economics,easy,Which of these fits the topic Economics?,playback,authorization,GDP,exception,GDP,,,text,20,12,true
Economics,easy,Which option belongs to Economics?,supply,façade,continuity,pharmacokinetics,supply,,,text,20,12,true
Economics,easy,Pick the correct term for Economics.,checkmate,symptom,scientist,monopoly,monopoly,,,text,20,12,true
Economics,easy,Which option belongs to Economics?,market,Champaran,engagement,penalty,market,,,text,20,12,true
Economics,medium,Which option is a key concept in Economics?,procurement,market cap,supply,order,supply,,,text,40,10,true
Economics,medium,Which term is most commonly used in Economics?,supply,inventory,lead time,dividend,supply,,,text,40,10,true
Economics,medium,Which of these is a core idea in Economics?,liability,inventory,cart,fiscal policy,fiscal policy,,,text,40,10,true
Economics,medium,Which option aligns with Economics?,engagement,conglomerate,opportunity cost,freight,opportunity cost,,,text,40,10,true
Economics,medium,Which term is most commonly used in Economics?,GDP,merger,index,target audience,GDP,,,text,40,10,true
Economics,medium,Which term is most commonly used in Economics?,startup,demand,bear market,IPO,demand,,,text,40,10,true
Economics,medium,Which option is a key concept in Economics?,branding,demand,funnel,volatility,demand,,,text,40,10,true
Economics,medium,Pick the concept that best matches Economics.,venture capital,demand,inventory,acquisition,demand,,,text,40,10,true
Economics,medium,Which option aligns with Economics?,conversion,liability,inventory,supply,supply,,,text,40,10,true
Economics,medium,Choose the term that best represents Economics.,campaign,SEO,opportunity cost,advertising,opportunity cost,,,text,40,10,true
Economics,medium,Which option is a key concept in Economics?,freight,order,bear market,scarcity,scarcity,,,text,40,10,true
Economics,medium,Which of these is a core idea in Economics?,cash flow,checkout,cart,supply,supply,,,text,40,10,true
Economics,medium,Which option aligns with Economics?,billionaire,shipping,dividend,fiscal policy,fiscal policy,,,text,40,10,true
Economics,medium,Which option aligns with Economics?,conversion,lead time,volatility,opportunity cost,opportunity cost,,,text,40,10,true
Economics,medium,Select the most relevant term for Economics.,SEO,acquisition,IPO,elasticity,elasticity,,,text,40,10,true
Economics,medium,Which option is a key concept in Economics?,campaign,scarcity,share,inventory,scarcity,,,text,40,10,true
Economics,medium,Which option aligns with Economics?,supply,returns,liability,checkout,supply,,,text,40,10,true
Economics,medium,Which option is a key concept in Economics?,freight,conglomerate,bear market,scarcity,scarcity,,,text,40,10,true
Economics,hard,Which option best characterizes Economics?,demand,credit,SEO,warehouse,demand,,,text,80,8,true
Economics,hard,Which term is the closest match to Economics?,engagement,stock exchange,demand,blue chip,demand,,,text,80,8,true
Economics,hard,Select the best-fit term for Economics.,blue chip,shipping,dividend yield,fiscal policy,fiscal policy,,,text,80,8,true
Economics,hard,Which term is the closest match to Economics?,cash flow,supply,SEO,product page,supply,,,text,80,8,true
Economics,hard,Pick the most specific concept tied to Economics.,CEO,market,distribution,index,market,,,text,80,8,true
Economics,hard,Select the best-fit term for Economics.,procurement,cash flow,market research,fiscal policy,fiscal policy,,,text,80,8,true
Economics,hard,Which term is the closest match to Economics?,bull market,supply,acquisition,online store,supply,,,text,80,8,true
Economics,hard,Select the best-fit term for Economics.,interest,monopoly,order,market research,monopoly,,,text,80,8,true
Economics,hard,Pick the most specific concept tied to Economics.,blue chip,demand,portfolio,conversion,demand,,,text,80,8,true
Economics,hard,Select the most precise term for Economics.,promotion,demand,inventory,risk,demand,,,text,80,8,true
Economics,hard,Which term is most specifically associated with Economics?,billionaire,interest,fiscal policy,inventory,fiscal policy,,,text,80,8,true
Economics,hard,Which term is the closest match to Economics?,dividend,billionaire,liability,demand,demand,,,text,80,8,true
Economics,hard,Select the best-fit term for Economics.,elasticity,merger,market research,blue chip,elasticity,,,text,80,8,true
Economics,hard,Which option is most directly linked to Economics?,scarcity,distribution,startup,CEO,scarcity,,,text,80,8,true
Economics,hard,Choose the most accurate term for Economics.,conversion,SEO,demand,distribution,demand,,,text,80,8,true
Economics,hard,Pick the most specific concept tied to Economics.,credit,distribution,returns,elasticity,elasticity,,,text,80,8,true
Economics,hard,Choose the most accurate term for Economics.,index,elasticity,engagement,bull market,elasticity,,,text,80,8,true
Economics,hard,Pick the most specific concept tied to Economics.,startup,order,inflation,procurement,inflation,,,text,80,8,true
Economics,hard,Select the best-fit term for Economics.,elasticity,conversion,stock exchange,dividend,elasticity,,,text,80,8,true
Economics,hard,Which term is the closest match to Economics?,demand,checkout,distribution,return,demand,,,text,80,8,true
Economics,hard,Which option is most directly linked to Economics?,engagement,payment gateway,demand,cash flow,demand,,,text,80,8,true
Economics,hard,Which term is most specifically associated with Economics?,distribution,inventory,freight,monopoly,monopoly,,,text,80,8,true
Economics,hard,Which term is most specifically associated with Economics?,risk,merger,inflation,routing,inflation,,,text,80,8,true
Economics,hard,Which term is the closest match to Economics?,conversion,CEO,order,inflation,inflation,,,text,80,8,true
Finance,easy,Which of these is related to Finance?,list comprehension,slogan,global warming,credit,credit,,,text,20,12,true
Finance,easy,Which of these fits the topic Finance?,inflection,asset,list comprehension,gallery,asset,,,text,20,12,true
Finance,easy,Which of these is related to Finance?,risk,pronoun,globalization,exoplanet,risk,,,text,20,12,true
Finance,easy,Choose the item most linked to Finance.,gallery,interest,seed,neural network,interest,,,text,20,12,true
Finance,easy,Pick the correct term for Finance.,portrait,inheritance,conglomerate,dividend,dividend,,,text,20,12,true
Finance,easy,Choose the item most linked to Finance.,screenplay,SEO,cash flow,firewall,cash flow,,,text,20,12,true
Finance,easy,Pick the correct term for Finance.,atom,subject,interest,Medicine,interest,,,text,20,12,true
Finance,easy,Choose the item most linked to Finance.,mining,order,asset,lens,asset,,,text,20,12,true
Finance,easy,Which of these fits the topic Finance?,hashtag,interest,meditation,epic,interest,,,text,20,12,true
Finance,easy,Choose the item most linked to Finance.,credit,castling,grammar,design,credit,,,text,20,12,true
Finance,easy,Which option belongs to Finance?,cash flow,digestive system,runway,culture,cash flow,,,text,20,12,true
Finance,easy,Choose the item most linked to Finance.,conversion,rook,polytheism,portfolio,portfolio,,,text,20,12,true
Finance,easy,Which of these is related to Finance?,gravity,pollution,cash flow,monarch,cash flow,,,text,20,12,true
Finance,easy,Select a term associated with Finance.,gold medal,asset,island chain,phonetics,asset,,,text,20,12,true
Finance,easy,Which option belongs to Finance?,Everest,backboard,album,bond,bond,,,text,20,12,true
Finance,easy,Which of these fits the topic Finance?,billionaire,risk,periodic table,Bollywood,risk,,,text,20,12,true
Finance,easy,Pick the correct term for Finance.,chassis,portfolio,director,covalent bond,portfolio,,,text,20,12,true
Finance,easy,Which of these fits the topic Finance?,topography,stump,risk,batsman,risk,,,text,20,12,true
Finance,medium,Choose the term that best represents Finance.,SEO,return,shipping,warehouse,return,,,text,40,10,true
Finance,medium,Which option aligns with Finance?,cash flow,acquisition,leadership,supply,cash flow,,,text,40,10,true
Finance,medium,Select the most relevant term for Finance.,funnel,liability,startup,freight,liability,,,text,40,10,true
Finance,medium,Which of these is a core idea in Finance?,index,stock exchange,interest,procurement,interest,,,text,40,10,true
Finance,medium,Choose the term that best represents Finance.,cart,branding,liability,fulfillment,liability,,,text,40,10,true
Finance,medium,Which option aligns with Finance?,risk,merger,conversion,payment gateway,risk,,,text,40,10,true
Finance,medium,Which option is a key concept in Finance?,blue chip,cart,liability,engagement,liability,,,text,40,10,true
Finance,medium,Select the most relevant term for Finance.,promotion,portfolio,opportunity cost,distribution,portfolio,,,text,40,10,true
Finance,medium,Choose the term that best represents Finance.,interest,merger,index,supply chain,interest,,,text,40,10,true
Finance,medium,Which option aligns with Finance?,engagement,liability,inventory,share,liability,,,text,40,10,true
Finance,medium,Pick the concept that best matches Finance.,monopoly,market,routing,cash flow,cash flow,,,text,40,10,true
Finance,medium,Which of these is a core idea in Finance?,payment gateway,online store,index,dividend,dividend,,,text,40,10,true
Finance,medium,Which option is a key concept in Finance?,returns,fiscal policy,bond,billionaire,bond,,,text,40,10,true
Finance,medium,Which option aligns with Finance?,warehouse,bond,SEO,distribution,bond,,,text,40,10,true
Finance,medium,Which option is a key concept in Finance?,conversion,fulfillment,portfolio,scarcity,portfolio,,,text,40,10,true
Finance,medium,Which option is a key concept in Finance?,lead time,index,fulfillment,portfolio,portfolio,,,text,40,10,true
Finance,medium,Which term is most commonly used in Finance?,IPO,startup,dividend,online store,dividend,,,text,40,10,true
Finance,medium,Select the most relevant term for Finance.,fiscal policy,bull market,interest,entrepreneur,interest,,,text,40,10,true
Finance,hard,Select the best-fit term for Finance.,fulfillment,order,scarcity,bond,bond,,,text,80,8,true
Finance,hard,Select the most precise term for Finance.,opportunity cost,returns,index,interest,interest,,,text,80,8,true
Finance,hard,Select the most precise term for Finance.,inventory,bond,returns,checkout,bond,,,text,80,8,true
Finance,hard,Pick the most specific concept tied to Finance.,conversion,fulfillment,risk,target audience,risk,,,text,80,8,true
Finance,hard,Which term is most specifically associated with Finance?,return,blue chip,routing,freight,return,,,text,80,8,true
Finance,hard,Pick the most specific concept tied to Finance.,bond,branding,payment gateway,returns,bond,,,text,80,8,true
Finance,hard,Which term is most specifically associated with Finance?,engagement,startup,monopoly,credit,credit,,,text,80,8,true
Finance,hard,Which option best characterizes Finance?,portfolio,procurement,funnel,engagement,portfolio,,,text,80,8,true
Finance,hard,Which option is most directly linked to Finance?,billionaire,product page,CEO,bond,bond,,,text,80,8,true
Finance,hard,Which option is most directly linked to Finance?,product page,portfolio,fiscal policy,funnel,portfolio,,,text,80,8,true
Finance,hard,Choose the most accurate term for Finance.,fiscal policy,campaign,asset,cart,asset,,,text,80,8,true
Finance,hard,Select the most precise term for Finance.,fiscal policy,shipping,venture capital,risk,risk,,,text,80,8,true
Finance,hard,Which term is most specifically associated with Finance?,credit,SEO,billionaire,inventory,credit,,,text,80,8,true
Finance,hard,Pick the most specific concept tied to Finance.,campaign,bond,shipping,venture capital,bond,,,text,80,8,true
Finance,hard,Which term is most specifically associated with Finance?,market research,return,advertising,share,return,,,text,80,8,true
Finance,hard,Select the best-fit term for Finance.,cart,index,credit,returns,credit,,,text,80,8,true
Finance,hard,Which term is the closest match to Finance?,shipping,supply,checkout,cash flow,cash flow,,,text,80,8,true
Finance,hard,Which option best characterizes Finance?,cash flow,share,market cap,investor,cash flow,,,text,80,8,true
Finance,hard,Select the most precise term for Finance.,market,scarcity,market research,dividend,dividend,,,text,80,8,true
Finance,hard,Which term is the closest match to Finance?,credit,checkout,routing,dividend yield,credit,,,text,80,8,true
Finance,hard,Select the most precise term for Finance.,inventory,inflation,distribution,return,return,,,text,80,8,true
Finance,hard,Which term is most specifically associated with Finance?,bear market,billionaire,return,payment gateway,return,,,text,80,8,true
Finance,hard,Pick the most specific concept tied to Finance.,conversion,liability,supply,startup,liability,,,text,80,8,true
Finance,hard,Which term is most specifically associated with Finance?,SEO,target audience,merger,asset,asset,,,text,80,8,true
Stock Market,easy,Which of these fits the topic Stock Market?,battery,polygon,pawn,bear market,bear market,,,text,20,12,true
Stock Market,easy,Which of these is related to Stock Market?,muscular system,Pacific Ocean,altitude,dividend yield,dividend yield,,,text,20,12,true
Stock Market,easy,Choose the item most linked to Stock Market.,authorization,sidekick,blue chip,penalty,blue chip,,,text,20,12,true
Stock Market,easy,Which of these fits the topic Stock Market?,sea,dividend yield,metaphysics,coin,dividend yield,,,text,20,12,true
Stock Market,easy,Choose the item most linked to Stock Market.,runway,migration,filmfare,dividend yield,dividend yield,,,text,20,12,true
Stock Market,easy,Which of these is related to Stock Market?,cash flow,velocity,IPO,depth of field,IPO,,,text,20,12,true
Stock Market,easy,Which of these fits the topic Stock Market?,identity,Oscar,share,rebound,share,,,text,20,12,true
Stock Market,easy,Choose the item most linked to Stock Market.,Atlantic Ocean,market cap,franchise,Atacama,market cap,,,text,20,12,true
Stock Market,easy,Choose the item most linked to Stock Market.,Mahabharata,conglomerate,stock exchange,sedan,stock exchange,,,text,20,12,true
Stock Market,easy,Select a term associated with Stock Market.,album,index,derivative,turbulence,index,,,text,20,12,true
Stock Market,easy,Which of these fits the topic Stock Market?,hook,blue chip,prime meridian,gesture,blue chip,,,text,20,12,true
Stock Market,easy,Which option belongs to Stock Market?,stanza,factor,sonnet,blue chip,blue chip,,,text,20,12,true
Stock Market,easy,Which option belongs to Stock Market?,aerodynamics,black hole,bull market,online store,bull market,,,text,20,12,true
Stock Market,easy,Which of these fits the topic Stock Market?,dividend yield,circulatory system,console,router,dividend yield,,,text,20,12,true
Stock Market,easy,Which option belongs to Stock Market?,stock exchange,sine,shipping,gallery,stock exchange,,,text,20,12,true
Stock Market,easy,Pick the correct term for Stock Market.,generator,box office,volatility,robot,volatility,,,text,20,12,true
Stock Market,easy,Which of these is related to Stock Market?,shot clock,wellness,ionic bond,market cap,market cap,,,text,20,12,true
Stock Market,easy,Select a term associated with Stock Market.,society,IPO,trail,node,IPO,,,text,20,12,true
Stock Market,medium,Select the most relevant term for Stock Market.,IPO,demand,lead time,entrepreneur,IPO,,,text,40,10,true
Stock Market,medium,Which option aligns with Stock Market?,market cap,market,inventory,shipping,market cap,,,text,40,10,true
Stock Market,medium,Which of these is a core idea in Stock Market?,bull market,interest,online store,order,bull market,,,text,40,10,true
Stock Market,medium,Which option aligns with Stock Market?,market cap,branding,opportunity cost,conversion,market cap,,,text,40,10,true
Stock Market,medium,Pick the concept that best matches Stock Market.,branding,dividend yield,entrepreneur,inventory,dividend yield,,,text,40,10,true
Stock Market,medium,Pick the concept that best matches Stock Market.,market research,inventory,market cap,engagement,market cap,,,text,40,10,true
Stock Market,medium,Which option is a key concept in Stock Market?,opportunity cost,lead time,procurement,blue chip,blue chip,,,text,40,10,true
Stock Market,medium,Which of these is a core idea in Stock Market?,stock exchange,advertising,fulfillment,inflation,stock exchange,,,text,40,10,true
Stock Market,medium,Select the most relevant term for Stock Market.,index,branding,cart,returns,index,,,text,40,10,true
Stock Market,medium,Which of these is a core idea in Stock Market?,volatility,SEO,scarcity,acquisition,volatility,,,text,40,10,true
Stock Market,medium,Which option aligns with Stock Market?,share,entrepreneur,online store,cart,share,,,text,40,10,true
Stock Market,medium,Which option is a key concept in Stock Market?,volatility,entrepreneur,shipping,warehouse,volatility,,,text,40,10,true
Stock Market,medium,Choose the term that best represents Stock Market.,promotion,returns,shipping,volatility,volatility,,,text,40,10,true
Stock Market,medium,Which option aligns with Stock Market?,SEO,demand,returns,share,share,,,text,40,10,true
Stock Market,medium,Which term is most commonly used in Stock Market?,market cap,credit,asset,venture capital,market cap,,,text,40,10,true
Stock Market,medium,Which option is a key concept in Stock Market?,branding,startup,share,scarcity,share,,,text,40,10,true
Stock Market,medium,Which option is a key concept in Stock Market?,blue chip,investor,freight,opportunity cost,blue chip,,,text,40,10,true
Stock Market,medium,Which term is most commonly used in Stock Market?,dividend,IPO,interest,demand,IPO,,,text,40,10,true
Stock Market,hard,Choose the most accurate term for Stock Market.,fiscal policy,risk,bear market,bond,bear market,,,text,80,8,true
Stock Market,hard,Select the most precise term for Stock Market.,dividend,routing,volatility,opportunity cost,volatility,,,text,80,8,true
Stock Market,hard,Which term is most specifically associated with Stock Market?,liability,advertising,conglomerate,bear market,bear market,,,text,80,8,true
Stock Market,hard,Which option best characterizes Stock Market?,lead time,dividend,bear market,acquisition,bear market,,,text,80,8,true
Stock Market,hard,Pick the most specific concept tied to Stock Market.,return,entrepreneur,dividend yield,online store,dividend yield,,,text,80,8,true
Stock Market,hard,Which term is most specifically associated with Stock Market?,market cap,asset,elasticity,investor,market cap,,,text,80,8,true
Stock Market,hard,Which term is the closest match to Stock Market?,promotion,inventory,distribution,bull market,bull market,,,text,80,8,true
Stock Market,hard,Select the most precise term for Stock Market.,cart,share,scarcity,billionaire,share,,,text,80,8,true
Stock Market,hard,Pick the most specific concept tied to Stock Market.,liability,campaign,elasticity,market cap,market cap,,,text,80,8,true
Stock Market,hard,Which term is most specifically associated with Stock Market?,elasticity,engagement,entrepreneur,stock exchange,stock exchange,,,text,80,8,true
Stock Market,hard,Which option best characterizes Stock Market?,market cap,risk,fiscal policy,warehouse,market cap,,,text,80,8,true
Stock Market,hard,Which option best characterizes Stock Market?,supply chain,market,bear market,warehouse,bear market,,,text,80,8,true
Stock Market,hard,Which term is most specifically associated with Stock Market?,fulfillment,bond,checkout,blue chip,blue chip,,,text,80,8,true
Stock Market,hard,Which option is most directly linked to Stock Market?,index,acquisition,inventory,conversion,index,,,text,80,8,true
Stock Market,hard,Which term is the closest match to Stock Market?,dividend yield,cash flow,shipping,product page,dividend yield,,,text,80,8,true
Stock Market,hard,Which term is the closest match to Stock Market?,order,checkout,cash flow,IPO,IPO,,,text,80,8,true
Stock Market,hard,Pick the most specific concept tied to Stock Market.,order,market cap,promotion,freight,market cap,,,text,80,8,true
Stock Market,hard,Select the best-fit term for Stock Market.,acquisition,dividend yield,target audience,conversion,dividend yield,,,text,80,8,true
Stock Market,hard,Which term is the closest match to Stock Market?,elasticity,asset,conversion,share,share,,,text,80,8,true
Stock Market,hard,Choose the most accurate term for Stock Market.,bear market,procurement,venture capital,billionaire,bear market,,,text,80,8,true
Stock Market,hard,Select the best-fit term for Stock Market.,lead time,elasticity,engagement,stock exchange,stock exchange,,,text,80,8,true
Stock Market,hard,Which option is most directly linked to Stock Market?,asset,cart,dividend yield,acquisition,dividend yield,,,text,80,8,true
Stock Market,hard,Select the best-fit term for Stock Market.,fiscal policy,shipping,volatility,payment gateway,volatility,,,text,80,8,true
Stock Market,hard,Which term is most specifically associated with Stock Market?,stock exchange,campaign,inflation,supply chain,stock exchange,,,text,80,8,true
Psychology,easy,Pick the correct term for Psychology.,filmfare,Assyrians,single,personality,personality,,,text,20,12,true
Psychology,easy,Pick the correct term for Psychology.,shutter speed,bias,malware,dystopia,bias,,,text,20,12,true
Psychology,easy,Pick the correct term for Psychology.,emotion,network,brand equity,Atacama,emotion,,,text,20,12,true
Psychology,easy,Which option belongs to Psychology?,stalemate,Hades,concerto,behavior,behavior,,,text,20,12,true
Psychology,easy,Pick the correct term for Psychology.,brand equity,steam engine,memory,DNA,memory,,,text,20,12,true
Psychology,easy,Pick the correct term for Psychology.,hero,World Wide Web,personality,rupee,personality,,,text,20,12,true
Psychology,easy,Which of these is related to Psychology?,sequel,Bihar,behavior,atoll,behavior,,,text,20,12,true
Psychology,easy,Which of these is related to Psychology?,controller,artist,automation,memory,memory,,,text,20,12,true
Psychology,easy,Which option belongs to Psychology?,freight,Odyssey,bias,wallet,bias,,,text,20,12,true
Psychology,easy,Which of these is related to Psychology?,symptom,sensor,Danube,cognition,cognition,,,text,20,12,true
Psychology,easy,Pick the correct term for Psychology.,Nile,graphics,motivation,castling,motivation,,,text,20,12,true
Psychology,easy,Which option belongs to Psychology?,motivation,continuity,dosage,data structure,motivation,,,text,20,12,true
Psychology,easy,Which option belongs to Psychology?,perception,diagnosis,campground,prime number,perception,,,text,20,12,true
Psychology,easy,Which of these is related to Psychology?,firewall,perception,dune,narrator,perception,,,text,20,12,true
Psychology,easy,Which of these is related to Psychology?,bake,motivation,telescope,fertilizer,motivation,,,text,20,12,true
Psychology,easy,Select a term associated with Psychology.,flavor,Assam,therapy,exception,therapy,,,text,20,12,true
Psychology,easy,Which option belongs to Psychology?,deuce,motivation,online store,wicket,motivation,,,text,20,12,true
Psychology,easy,Which of these fits the topic Psychology?,World War I,share,muscular system,therapy,therapy,,,text,20,12,true
Psychology,medium,Choose the term that best represents Psychology.,conditioning,script,temple,stratification,conditioning,,,text,40,10,true
Psychology,medium,Which term is most commonly used in Psychology?,festivals,election,behavior,ethics,behavior,,,text,40,10,true
Psychology,medium,Select the most relevant term for Psychology.,diplomacy,festivals,conditioning,adverb,conditioning,,,text,40,10,true
Psychology,medium,Pick the concept that best matches Psychology.,sovereignty,conditioning,linguistics,semantics,conditioning,,,text,40,10,true
Psychology,medium,Choose the term that best represents Psychology.,bias,norms,metaphysics,verb,bias,,,text,40,10,true
Psychology,medium,Which option aligns with Psychology?,deviance,sovereignty,personality,executive,personality,,,text,40,10,true
Psychology,medium,Which option aligns with Psychology?,dialect,tense,therapy,vocabulary,therapy,,,text,40,10,true
Psychology,medium,Which term is most commonly used in Psychology?,argument,socialization,conditioning,translation,conditioning,,,text,40,10,true
Psychology,medium,Which term is most commonly used in Psychology?,temple,mind,alphabet,memory,memory,,,text,40,10,true
Psychology,medium,Which option aligns with Psychology?,predicate,demography,therapy,metaphysics,therapy,,,text,40,10,true
Psychology,medium,Which of these is a core idea in Psychology?,bias,linguistics,socialization,federalism,bias,,,text,40,10,true
Psychology,medium,Pick the concept that best matches Psychology.,norms,deviance,monotheism,perception,perception,,,text,40,10,true
Psychology,medium,Which option aligns with Psychology?,conditioning,festivals,norms,election,conditioning,,,text,40,10,true
Psychology,medium,Pick the concept that best matches Psychology.,motivation,election,dialect,festivals,motivation,,,text,40,10,true
Psychology,medium,Which term is most commonly used in Psychology?,conditioning,syntax,deviance,vocabulary,conditioning,,,text,40,10,true
Psychology,medium,Which option aligns with Psychology?,paradox,alphabet,emotion,norms,emotion,,,text,40,10,true
Psychology,medium,Choose the term that best represents Psychology.,bias,translation,clergy,script,bias,,,text,40,10,true
Psychology,medium,Pick the concept that best matches Psychology.,election,clergy,personality,semantics,personality,,,text,40,10,true
Psychology,hard,Which term is most specifically associated with Psychology?,demography,perception,ethics,culture,perception,,,text,80,8,true
Psychology,hard,Choose the most accurate term for Psychology.,bias,culture,ethics,diplomacy,bias,,,text,80,8,true
Psychology,hard,Choose the most accurate term for Psychology.,translation,prayer,paradox,memory,memory,,,text,80,8,true
Psychology,hard,Which option is most directly linked to Psychology?,group,memory,metaphysics,semantics,memory,,,text,80,8,true
Psychology,hard,Which term is most specifically associated with Psychology?,predicate,therapy,ethics,vocabulary,therapy,,,text,80,8,true
Psychology,hard,Pick the most specific concept tied to Psychology.,therapy,preposition,argument,federalism,therapy,,,text,80,8,true
Psychology,hard,Choose the most accurate term for Psychology.,predicate,therapy,tense,judiciary,therapy,,,text,80,8,true
Psychology,hard,Pick the most specific concept tied to Psychology.,motivation,logic,syntax,executive,motivation,,,text,80,8,true
Psychology,hard,Which option is most directly linked to Psychology?,noun,memory,adjective,semantics,memory,,,text,80,8,true
Psychology,hard,Which term is the closest match to Psychology?,personality,judiciary,adjective,semantics,personality,,,text,80,8,true
Psychology,hard,Pick the most specific concept tied to Psychology.,personality,festivals,grammar,translation,personality,,,text,80,8,true
Psychology,hard,Pick the most specific concept tied to Psychology.,virtue,subject,memory,diplomacy,memory,,,text,80,8,true
Psychology,hard,Which term is most specifically associated with Psychology?,society,syntax,behavior,policy,behavior,,,text,80,8,true
Psychology,hard,Choose the most accurate term for Psychology.,behavior,executive,festivals,adverb,behavior,,,text,80,8,true
Psychology,hard,Select the most precise term for Psychology.,diplomacy,adjective,scripture,conditioning,conditioning,,,text,80,8,true
Psychology,hard,Which option is most directly linked to Psychology?,scripture,institution,federalism,motivation,motivation,,,text,80,8,true
Psychology,hard,Pick the most specific concept tied to Psychology.,temple,pilgrimage,predicate,emotion,emotion,,,text,80,8,true
Psychology,hard,Select the best-fit term for Psychology.,ethics,emotion,syntax,adjective,emotion,,,text,80,8,true
Psychology,hard,Which term is the closest match to Psychology?,phonetics,noun,dialect,behavior,behavior,,,text,80,8,true
Psychology,hard,Select the most precise term for Psychology.,memory,verb,clergy,stratification,memory,,,text,80,8,true
Psychology,hard,Which option best characterizes Psychology?,democracy,emotion,epistemology,existence,emotion,,,text,80,8,true
Psychology,hard,Select the most precise term for Psychology.,tense,linguistics,translation,perception,perception,,,text,80,8,true
Psychology,hard,Which term is most specifically associated with Psychology?,norms,conditioning,judiciary,virtue,conditioning,,,text,80,8,true
Psychology,hard,Which term is the closest match to Psychology?,epistemology,culture,conditioning,linguistics,conditioning,,,text,80,8,true
Sociology,easy,Which of these fits the topic Sociology?,equation,ARPANET,institution,engagement,institution,,,text,20,12,true
Sociology,easy,Which option belongs to Sociology?,society,dictionary,soil,Ganga,society,,,text,20,12,true
Sociology,easy,Pick the correct term for Sociology.,society,breathing,novel,thread,society,,,text,20,12,true
Sociology,easy,Which option belongs to Sociology?,slogan,feature,bake,socialization,socialization,,,text,20,12,true
Sociology,easy,Pick the correct term for Sociology.,skeletal system,market cap,patent,role,role,,,text,20,12,true
Sociology,easy,Which of these is related to Sociology?,World War II,foul,stratification,spice,stratification,,,text,20,12,true
Sociology,easy,Pick the correct term for Sociology.,decor,thread,culture,policy,culture,,,text,20,12,true
Sociology,easy,Choose the item most linked to Sociology.,relay,role,API,director,role,,,text,20,12,true
Sociology,easy,Which option belongs to Sociology?,baroque,public health,Rajasthan,deviance,deviance,,,text,20,12,true
Sociology,easy,Pick the correct term for Sociology.,delta,virtue,symptom,culture,culture,,,text,20,12,true
Sociology,easy,Which of these is related to Sociology?,Danube,archipelago,demography,free throw,demography,,,text,20,12,true
Sociology,easy,Choose the item most linked to Sociology.,culture,Uttar Pradesh,cinematography,yen,culture,,,text,20,12,true
Sociology,easy,Which of these fits the topic Sociology?,Hades,model,socialization,virtualenv,socialization,,,text,20,12,true
Sociology,easy,Choose the item most linked to Sociology.,composer,socialization,jet engine,launch vehicle,socialization,,,text,20,12,true
Sociology,easy,Pick the correct term for Sociology.,radio,fulfillment,group,follower,group,,,text,20,12,true
Sociology,easy,Pick the correct term for Sociology.,altitude,demography,exchange rate,Sumatra,demography,,,text,20,12,true
Sociology,easy,Which of these is related to Sociology?,movement,demography,pronoun,ecosystem,demography,,,text,20,12,true
Sociology,easy,Pick the correct term for Sociology.,follower,society,tangent,startup,society,,,text,20,12,true
Sociology,medium,Which option is a key concept in Sociology?,translation,legislature,institution,democracy,institution,,,text,40,10,true
Sociology,medium,Which option is a key concept in Sociology?,subject,pilgrimage,ethics,culture,culture,,,text,40,10,true
Sociology,medium,Which option is a key concept in Sociology?,syntax,translation,institution,behavior,institution,,,text,40,10,true
Sociology,medium,Pick the concept that best matches Sociology.,socialization,linguistics,ethics,virtue,socialization,,,text,40,10,true
Sociology,medium,Which option aligns with Sociology?,scripture,society,dialect,polytheism,society,,,text,40,10,true
Sociology,medium,Which option aligns with Sociology?,logic,institution,clergy,perception,institution,,,text,40,10,true
Sociology,medium,Pick the concept that best matches Sociology.,clause,alphabet,constitution,deviance,deviance,,,text,40,10,true
Sociology,medium,Which term is most commonly used in Sociology?,group,festivals,subject,prayer,group,,,text,40,10,true
Sociology,medium,Select the most relevant term for Sociology.,metaphysics,argument,translation,norms,norms,,,text,40,10,true
Sociology,medium,Which term is most commonly used in Sociology?,federalism,role,memory,tense,role,,,text,40,10,true
Sociology,medium,Select the most relevant term for Sociology.,role,conditioning,paradox,judiciary,role,,,text,40,10,true
Sociology,medium,Pick the concept that best matches Sociology.,logic,clergy,argument,deviance,deviance,,,text,40,10,true
Sociology,medium,Which of these is a core idea in Sociology?,metaphysics,temple,institution,syntax,institution,,,text,40,10,true
Sociology,medium,Pick the concept that best matches Sociology.,preposition,prayer,existence,society,society,,,text,40,10,true
Sociology,medium,Which term is most commonly used in Sociology?,election,norms,diplomacy,script,norms,,,text,40,10,true
Sociology,medium,Which option is a key concept in Sociology?,society,perception,democracy,polytheism,society,,,text,40,10,true
Sociology,medium,Which option is a key concept in Sociology?,pronoun,group,phonetics,policy,group,,,text,40,10,true
Sociology,medium,Choose the term that best represents Sociology.,reason,society,noun,diplomacy,society,,,text,40,10,true
Sociology,hard,Pick the most specific concept tied to Sociology.,sovereignty,role,epistemology,legislature,role,,,text,80,8,true
Sociology,hard,Which term is the closest match to Sociology?,stratification,sovereignty,phonetics,monotheism,stratification,,,text,80,8,true
Sociology,hard,Which option is most directly linked to Sociology?,federalism,clause,vocabulary,socialization,socialization,,,text,80,8,true
Sociology,hard,Which term is the closest match to Sociology?,translation,mind,argument,group,group,,,text,80,8,true
Sociology,hard,Select the best-fit term for Sociology.,scripture,constitution,therapy,role,role,,,text,80,8,true
Sociology,hard,Pick the most specific concept tied to Sociology.,constitution,translation,virtue,demography,demography,,,text,80,8,true
Sociology,hard,Which option is most directly linked to Sociology?,preposition,adverb,clergy,institution,institution,,,text,80,8,true
Sociology,hard,Which term is the closest match to Sociology?,adjective,group,ethics,policy,group,,,text,80,8,true
Sociology,hard,Which term is most specifically associated with Sociology?,deviance,motivation,logic,pronoun,deviance,,,text,80,8,true
Sociology,hard,Which option is most directly linked to Sociology?,role,emotion,sovereignty,reason,role,,,text,80,8,true
Sociology,hard,Which term is the closest match to Sociology?,argument,memory,syntax,deviance,deviance,,,text,80,8,true
Sociology,hard,Which option best characterizes Sociology?,election,dialect,conditioning,stratification,stratification,,,text,80,8,true
Sociology,hard,Which option best characterizes Sociology?,stratification,motivation,metaphysics,sovereignty,stratification,,,text,80,8,true
Sociology,hard,Which option is most directly linked to Sociology?,institution,virtue,sovereignty,festivals,institution,,,text,80,8,true
Sociology,hard,Which term is most specifically associated with Sociology?,federalism,sovereignty,dialect,stratification,stratification,,,text,80,8,true
Sociology,hard,Which option best characterizes Sociology?,memory,festivals,polytheism,role,role,,,text,80,8,true
Sociology,hard,Select the most precise term for Sociology.,demography,festivals,pronoun,metaphysics,demography,,,text,80,8,true
Sociology,hard,Select the most precise term for Sociology.,legislature,culture,temple,preposition,culture,,,text,80,8,true
Sociology,hard,Select the best-fit term for Sociology.,ethics,society,emotion,reason,society,,,text,80,8,true
Sociology,hard,Which term is most specifically associated with Sociology?,ritual,noun,adverb,society,society,,,text,80,8,true
Sociology,hard,Choose the most accurate term for Sociology.,ethics,federalism,clergy,deviance,deviance,,,text,80,8,true
Sociology,hard,Choose the most accurate term for Sociology.,tense,legislature,federalism,institution,institution,,,text,80,8,true
Sociology,hard,Which option is most directly linked to Sociology?,adverb,scripture,sovereignty,role,role,,,text,80,8,true
Sociology,hard,Which term is most specifically associated with Sociology?,subject,argument,group,personality,group,,,text,80,8,true
Political Science,easy,Which option belongs to Political Science?,lungs,hero,identity,democracy,democracy,,,text,20,12,true
Political Science,easy,Which of these is related to Political Science?,screenplay,legislature,altitude,palette,legislature,,,text,20,12,true
Political Science,easy,Which of these is related to Political Science?,overfitting,façade,federalism,flagpole,federalism,,,text,20,12,true
Political Science,easy,Which of these fits the topic Political Science?,vocabulary,class,constitution,aerodynamics,constitution,,,text,20,12,true
Political Science,easy,Which of these is related to Political Science?,baroque,IP address,executive,character,executive,,,text,20,12,true
Political Science,easy,Select a term associated with Political Science.,superhero,executive,console,smartphone,executive,,,text,20,12,true
Political Science,easy,Select a term associated with Political Science.,election,entrepreneur,network,HTML,election,,,text,20,12,true
Political Science,easy,Which option belongs to Political Science?,adaptation,virtue,Danube,legislature,legislature,,,text,20,12,true
Political Science,easy,Which option belongs to Political Science?,planet,short story,election,Bihar,election,,,text,20,12,true
Political Science,easy,Pick the correct term for Political Science.,sea level,adverb,greenhouse gases,election,election,,,text,20,12,true
Political Science,easy,Which option belongs to Political Science?,bear market,diplomacy,pitch,South America,diplomacy,,,text,20,12,true
Political Science,easy,Select a term associated with Political Science.,executive,dot-com,Phoenicians,Lake Victoria,executive,,,text,20,12,true
Political Science,easy,Which option belongs to Political Science?,packaging,legislature,rupee,wildlife reserve,legislature,,,text,20,12,true
Political Science,easy,Choose the item most linked to Political Science.,classification,concerto,sovereignty,ledger,sovereignty,,,text,20,12,true
Political Science,easy,Select a term associated with Political Science.,pranayama,diplomacy,demography,Olympiad,diplomacy,,,text,20,12,true
Political Science,easy,Which option belongs to Political Science?,diplomacy,Medicine,sea,push notification,diplomacy,,,text,20,12,true
Political Science,easy,Which option belongs to Political Science?,Bollywood,protected area,Midgard,legislature,legislature,,,text,20,12,true
Political Science,easy,Choose the item most linked to Political Science.,policy,rocket,spacewalk,flag ratio,policy,,,text,20,12,true
Political Science,medium,Which of these is a core idea in Political Science?,diplomacy,predicate,polytheism,ethics,diplomacy,,,text,40,10,true
Political Science,medium,Which option aligns with Political Science?,federalism,ethics,existence,perception,federalism,,,text,40,10,true
Political Science,medium,Which of these is a core idea in Political Science?,norms,democracy,festivals,demography,democracy,,,text,40,10,true
Political Science,medium,Which option is a key concept in Political Science?,institution,sovereignty,existence,logic,sovereignty,,,text,40,10,true
Political Science,medium,Choose the term that best represents Political Science.,legislature,clause,adverb,linguistics,legislature,,,text,40,10,true
Political Science,medium,Which of these is a core idea in Political Science?,perception,role,constitution,script,constitution,,,text,40,10,true
Political Science,medium,Pick the concept that best matches Political Science.,demography,personality,metaphysics,constitution,constitution,,,text,40,10,true
Political Science,medium,Which option is a key concept in Political Science?,judiciary,vocabulary,motivation,paradox,judiciary,,,text,40,10,true
Political Science,medium,Pick the concept that best matches Political Science.,linguistics,reason,legislature,demography,legislature,,,text,40,10,true
Political Science,medium,Pick the concept that best matches Political Science.,sovereignty,adverb,adjective,deviance,sovereignty,,,text,40,10,true
Political Science,medium,Which of these is a core idea in Political Science?,legislature,pilgrimage,verb,socialization,legislature,,,text,40,10,true
Political Science,medium,Choose the term that best represents Political Science.,adverb,pilgrimage,policy,prayer,policy,,,text,40,10,true
Political Science,medium,Which option aligns with Political Science?,prayer,judiciary,verb,grammar,judiciary,,,text,40,10,true
Political Science,medium,Which term is most commonly used in Political Science?,vocabulary,dialect,constitution,reason,constitution,,,text,40,10,true
Political Science,medium,Select the most relevant term for Political Science.,semantics,ethics,emotion,diplomacy,diplomacy,,,text,40,10,true
Political Science,medium,Which option aligns with Political Science?,norms,temple,judiciary,ethics,judiciary,,,text,40,10,true
Political Science,medium,Pick the concept that best matches Political Science.,socialization,judiciary,metaphysics,translation,judiciary,,,text,40,10,true
Political Science,medium,Which of these is a core idea in Political Science?,subject,verb,phonetics,sovereignty,sovereignty,,,text,40,10,true
Political Science,hard,Which term is the closest match to Political Science?,personality,therapy,diplomacy,festivals,diplomacy,,,text,80,8,true
Political Science,hard,Select the best-fit term for Political Science.,pronoun,ethics,democracy,prayer,democracy,,,text,80,8,true
Political Science,hard,Which term is most specifically associated with Political Science?,election,syntax,motivation,verb,election,,,text,80,8,true
Political Science,hard,Which option best characterizes Political Science?,monotheism,conditioning,election,preposition,election,,,text,80,8,true
Political Science,hard,Select the best-fit term for Political Science.,policy,socialization,bias,adverb,policy,,,text,80,8,true
Political Science,hard,Select the best-fit term for Political Science.,emotion,grammar,diplomacy,mind,diplomacy,,,text,80,8,true
Political Science,hard,Choose the most accurate term for Political Science.,preposition,verb,epistemology,election,election,,,text,80,8,true
Political Science,hard,Select the best-fit term for Political Science.,socialization,conditioning,paradox,diplomacy,diplomacy,,,text,80,8,true
Political Science,hard,Select the most precise term for Political Science.,syntax,election,translation,festivals,election,,,text,80,8,true
Political Science,hard,Choose the most accurate term for Political Science.,norms,federalism,conditioning,polytheism,federalism,,,text,80,8,true
Political Science,hard,Which option best characterizes Political Science?,adverb,scripture,judiciary,cognition,judiciary,,,text,80,8,true
Political Science,hard,Which term is the closest match to Political Science?,executive,temple,metaphysics,therapy,executive,,,text,80,8,true
Political Science,hard,Choose the most accurate term for Political Science.,policy,culture,paradox,stratification,policy,,,text,80,8,true
Political Science,hard,Select the best-fit term for Political Science.,election,society,memory,demography,election,,,text,80,8,true
Political Science,hard,Which term is most specifically associated with Political Science?,pilgrimage,culture,policy,clause,policy,,,text,80,8,true
Political Science,hard,Select the most precise term for Political Science.,bias,executive,mind,perception,executive,,,text,80,8,true
Political Science,hard,Pick the most specific concept tied to Political Science.,cognition,linguistics,executive,epistemology,executive,,,text,80,8,true
Political Science,hard,Choose the most accurate term for Political Science.,pronoun,memory,society,federalism,federalism,,,text,80,8,true
Political Science,hard,Pick the most specific concept tied to Political Science.,monotheism,demography,existence,executive,executive,,,text,80,8,true
Political Science,hard,Select the most precise term for Political Science.,phonetics,adverb,semantics,diplomacy,diplomacy,,,text,80,8,true
Political Science,hard,Pick the most specific concept tied to Political Science.,paradox,alphabet,judiciary,personality,judiciary,,,text,80,8,true
Political Science,hard,Which option is most directly linked to Political Science?,noun,motivation,bias,constitution,constitution,,,text,80,8,true
Political Science,hard,Which term is the closest match to Political Science?,predicate,sovereignty,vocabulary,bias,sovereignty,,,text,80,8,true
Political Science,hard,Pick the most specific concept tied to Political Science.,group,deviance,socialization,federalism,federalism,,,text,80,8,true
World Religions,easy,Which of these is related to World Religions?,adaptation,wellness,prayer,star,prayer,,,text,20,12,true
World Religions,easy,Which of these is related to World Religions?,alphabet,Southern Ocean,monotheism,enzyme,monotheism,,,text,20,12,true
World Religions,easy,Pick the correct term for World Religions.,festivals,premiere,GDP,exception,festivals,,,text,20,12,true
World Religions,easy,Choose the item most linked to World Religions.,monotheism,like,Karnataka,Gujarat,monotheism,,,text,20,12,true
World Religions,easy,Choose the item most linked to World Religions.,shipping,coin,temple,automation,temple,,,text,20,12,true
World Religions,easy,Pick the correct term for World Religions.,equator,spacecraft,ritual,United Nations,ritual,,,text,20,12,true
World Religions,easy,Pick the correct term for World Religions.,Pacific Ocean,temple,origin,UI thread,temple,,,text,20,12,true
World Religions,easy,Which option belongs to World Religions?,Indus Valley,fulfillment,polytheism,vault,polytheism,,,text,20,12,true
World Religions,easy,Choose the item most linked to World Religions.,package,superpower,scripture,democracy,scripture,,,text,20,12,true
World Religions,easy,Choose the item most linked to World Religions.,Mediterranean Sea,prayer,wearable,vaccine,prayer,,,text,20,12,true
World Religions,easy,Which option belongs to World Religions?,Atlantic Ocean,temple,mindfulness,Valhalla,temple,,,text,20,12,true
World Religions,easy,Which of these is related to World Religions?,hash,feed,portfolio,scripture,scripture,,,text,20,12,true
World Religions,easy,Which of these is related to World Religions?,coefficient,periodic table,polytheism,equation,polytheism,,,text,20,12,true
World Religions,easy,Which option belongs to World Religions?,Egyptians,latency,merger,ethics,ethics,,,text,20,12,true
World Religions,easy,Select a term associated with World Religions.,knight,CSS,global warming,pilgrimage,pilgrimage,,,text,20,12,true
World Religions,easy,Which of these is related to World Religions?,host city,altitude,scripture,athletics,scripture,,,text,20,12,true
World Religions,easy,Which of these fits the topic World Religions?,clergy,pronoun,Andes,warehouse,clergy,,,text,20,12,true
World Religions,easy,Which option belongs to World Religions?,festivals,star,API,continuity,festivals,,,text,20,12,true
World Religions,medium,Which option aligns with World Religions?,pilgrimage,verb,conditioning,dialect,pilgrimage,,,text,40,10,true
World Religions,medium,Pick the concept that best matches World Religions.,society,syntax,argument,festivals,festivals,,,text,40,10,true
World Religions,medium,Which option is a key concept in World Religions?,cognition,monotheism,group,alphabet,monotheism,,,text,40,10,true
World Religions,medium,Select the most relevant term for World Religions.,logic,polytheism,personality,society,polytheism,,,text,40,10,true
World Religions,medium,Which term is most commonly used in World Religions?,monotheism,reason,election,institution,monotheism,,,text,40,10,true
World Religions,medium,Which term is most commonly used in World Religions?,preposition,society,paradox,clergy,clergy,,,text,40,10,true
World Religions,medium,Which of these is a core idea in World Religions?,ritual,motivation,logic,socialization,ritual,,,text,40,10,true
World Religions,medium,Which of these is a core idea in World Religions?,tense,democracy,clergy,adverb,clergy,,,text,40,10,true
World Religions,medium,Select the most relevant term for World Religions.,group,ritual,metaphysics,existence,ritual,,,text,40,10,true
World Religions,medium,Choose the term that best represents World Religions.,scripture,socialization,personality,motivation,scripture,,,text,40,10,true
World Religions,medium,Which option aligns with World Religions?,norms,polytheism,virtue,reason,polytheism,,,text,40,10,true
World Religions,medium,Which of these is a core idea in World Religions?,logic,tense,scripture,executive,scripture,,,text,40,10,true
World Religions,medium,Pick the concept that best matches World Religions.,norms,adverb,ethics,tense,ethics,,,text,40,10,true
World Religions,medium,Which term is most commonly used in World Religions?,argument,festivals,predicate,bias,festivals,,,text,40,10,true
World Religions,medium,Which option is a key concept in World Religions?,pilgrimage,preposition,therapy,policy,pilgrimage,,,text,40,10,true
World Religions,medium,Select the most relevant term for World Religions.,judiciary,ethics,socialization,scripture,scripture,,,text,40,10,true
World Religions,medium,Which term is most commonly used in World Religions?,prayer,adverb,perception,translation,prayer,,,text,40,10,true
World Religions,medium,Select the most relevant term for World Religions.,pilgrimage,institution,judiciary,demography,pilgrimage,,,text,40,10,true
World Religions,hard,Select the best-fit term for World Religions.,memory,culture,clergy,virtue,clergy,,,text,80,8,true
World Religions,hard,Which term is most specifically associated with World Religions?,scripture,therapy,stratification,legislature,scripture,,,text,80,8,true
World Religions,hard,Which option is most directly linked to World Religions?,motivation,norms,behavior,ethics,ethics,,,text,80,8,true
World Religions,hard,Which option is most directly linked to World Religions?,group,behavior,prayer,emotion,prayer,,,text,80,8,true
World Religions,hard,Pick the most specific concept tied to World Religions.,existence,policy,motivation,prayer,prayer,,,text,80,8,true
World Religions,hard,Which term is most specifically associated with World Religions?,script,scripture,argument,democracy,scripture,,,text,80,8,true
World Religions,hard,Which option is most directly linked to World Religions?,institution,syntax,cognition,polytheism,polytheism,,,text,80,8,true
World Religions,hard,Select the most precise term for World Religions.,adverb,sovereignty,memory,pilgrimage,pilgrimage,,,text,80,8,true
World Religions,hard,Select the best-fit term for World Religions.,argument,reason,prayer,diplomacy,prayer,,,text,80,8,true
World Religions,hard,Choose the most accurate term for World Religions.,scripture,democracy,policy,society,scripture,,,text,80,8,true
World Religions,hard,Select the most precise term for World Religions.,ethics,preposition,adverb,grammar,ethics,,,text,80,8,true
World Religions,hard,Choose the most accurate term for World Religions.,conditioning,policy,ritual,role,ritual,,,text,80,8,true
World Religions,hard,Which option is most directly linked to World Religions?,ethics,ethics,preposition,noun,ethics,,,text,80,8,true
World Religions,hard,Pick the most specific concept tied to World Religions.,reason,role,constitution,prayer,prayer,,,text,80,8,true
World Religions,hard,Pick the most specific concept tied to World Religions.,syntax,ethics,policy,noun,ethics,,,text,80,8,true
World Religions,hard,Which term is most specifically associated with World Religions?,scripture,argument,conditioning,reason,scripture,,,text,80,8,true
World Religions,hard,Which option is most directly linked to World Religions?,legislature,linguistics,ritual,constitution,ritual,,,text,80,8,true
World Religions,hard,Choose the most accurate term for World Religions.,pilgrimage,clause,subject,emotion,pilgrimage,,,text,80,8,true
World Religions,hard,Which option best characterizes World Religions?,argument,subject,monotheism,constitution,monotheism,,,text,80,8,true
World Religions,hard,Which option is most directly linked to World Religions?,pronoun,existence,syntax,ethics,ethics,,,text,80,8,true
World Religions,hard,Which term is most specifically associated with World Religions?,virtue,conditioning,ritual,subject,ritual,,,text,80,8,true
World Religions,hard,Which term is most specifically associated with World Religions?,translation,clergy,institution,verb,clergy,,,text,80,8,true
World Religions,hard,Choose the most accurate term for World Religions.,ethics,therapy,pronoun,cognition,ethics,,,text,80,8,true
World Religions,hard,Which option best characterizes World Religions?,motivation,bias,temple,judiciary,temple,,,text,80,8,true
Philosophy,easy,Select a term associated with Philosophy.,Red Sea,Olympiad,algorithm,reason,reason,,,text,20,12,true
Philosophy,easy,Select a term associated with Philosophy.,control system,ethics,single,compound,ethics,,,text,20,12,true
Philosophy,easy,Pick the correct term for Philosophy.,trend,sea level,protein,reason,reason,,,text,20,12,true
Philosophy,easy,Choose the item most linked to Philosophy.,session,Apollo,wardrobe,reason,reason,,,text,20,12,true
Philosophy,easy,Which of these fits the topic Philosophy?,migration,mind,foundation,Himalayas,mind,,,text,20,12,true
Philosophy,easy,Which option belongs to Philosophy?,South America,ethics,arch,democracy,ethics,,,text,20,12,true
Philosophy,easy,Select a term associated with Philosophy.,logic,Caribbean Sea,issue,currency symbol,logic,,,text,20,12,true
Philosophy,easy,Pick the correct term for Philosophy.,logic,Delhi Sultanate,climate model,multiple,logic,,,text,20,12,true
Philosophy,easy,Which of these fits the topic Philosophy?,mitochondria,Borneo,oil paint,epistemology,epistemology,,,text,20,12,true
Philosophy,easy,Select a term associated with Philosophy.,epistemology,Best Actress,modernism,Mississippi,epistemology,,,text,20,12,true
Philosophy,easy,Which of these fits the topic Philosophy?,gesture,compound,grill,epistemology,epistemology,,,text,20,12,true
Philosophy,easy,Pick the correct term for Philosophy.,reason,summit,hash,conversion,reason,,,text,20,12,true
Philosophy,easy,Pick the correct term for Philosophy.,forehand,tragedy,executive,reason,reason,,,text,20,12,true
Philosophy,easy,Select a term associated with Philosophy.,freight,longitude,existence,alter ego,existence,,,text,20,12,true
Philosophy,easy,Select a term associated with Philosophy.,consensus,existence,tangent,fraction,existence,,,text,20,12,true
Philosophy,easy,Select a term associated with Philosophy.,branding,existence,biodiversity,rocket,existence,,,text,20,12,true
Philosophy,easy,Pick the correct term for Philosophy.,ethics,server,magnetism,abstract,ethics,,,text,20,12,true
Philosophy,easy,Which of these fits the topic Philosophy?,paradox,reaction,costume,hook,paradox,,,text,20,12,true
Philosophy,medium,Which option aligns with Philosophy?,noun,election,constitution,epistemology,epistemology,,,text,40,10,true
Philosophy,medium,Which option is a key concept in Philosophy?,institution,virtue,clause,phonetics,virtue,,,text,40,10,true
Philosophy,medium,Pick the concept that best matches Philosophy.,clause,noun,ethics,democracy,ethics,,,text,40,10,true
Philosophy,medium,Which option is a key concept in Philosophy?,preposition,adjective,subject,metaphysics,metaphysics,,,text,40,10,true
Philosophy,medium,Select the most relevant term for Philosophy.,paradox,preposition,sovereignty,phonetics,paradox,,,text,40,10,true
Philosophy,medium,Select the most relevant term for Philosophy.,policy,logic,vocabulary,executive,logic,,,text,40,10,true
Philosophy,medium,Which term is most commonly used in Philosophy?,vocabulary,mind,grammar,prayer,mind,,,text,40,10,true
Philosophy,medium,Which option aligns with Philosophy?,argument,script,deviance,polytheism,argument,,,text,40,10,true
Philosophy,medium,Select the most relevant term for Philosophy.,adverb,argument,policy,verb,argument,,,text,40,10,true
Philosophy,medium,Pick the concept that best matches Philosophy.,metaphysics,adverb,noun,culture,metaphysics,,,text,40,10,true
Philosophy,medium,Which term is most commonly used in Philosophy?,pronoun,grammar,dialect,mind,mind,,,text,40,10,true
Philosophy,medium,Select the most relevant term for Philosophy.,norms,pronoun,virtue,executive,virtue,,,text,40,10,true
Philosophy,medium,Which term is most commonly used in Philosophy?,ethics,pilgrimage,democracy,alphabet,ethics,,,text,40,10,true
Philosophy,medium,Which of these is a core idea in Philosophy?,adverb,scripture,legislature,existence,existence,,,text,40,10,true
Philosophy,medium,Which term is most commonly used in Philosophy?,pilgrimage,ethics,temple,vocabulary,ethics,,,text,40,10,true
Philosophy,medium,Select the most relevant term for Philosophy.,bias,metaphysics,legislature,deviance,metaphysics,,,text,40,10,true
Philosophy,medium,Which option aligns with Philosophy?,linguistics,clergy,argument,tense,argument,,,text,40,10,true
Philosophy,medium,Choose the term that best represents Philosophy.,scripture,ritual,pilgrimage,ethics,ethics,,,text,40,10,true
Philosophy,hard,Select the most precise term for Philosophy.,mind,semantics,monotheism,legislature,mind,,,text,80,8,true
Philosophy,hard,Which term is the closest match to Philosophy?,society,virtue,group,syntax,virtue,,,text,80,8,true
Philosophy,hard,Which term is the closest match to Philosophy?,diplomacy,linguistics,logic,memory,logic,,,text,80,8,true
Philosophy,hard,Pick the most specific concept tied to Philosophy.,culture,monotheism,epistemology,scripture,epistemology,,,text,80,8,true
Philosophy,hard,Which term is most specifically associated with Philosophy?,translation,temple,stratification,virtue,virtue,,,text,80,8,true
Philosophy,hard,Which option is most directly linked to Philosophy?,phonetics,alphabet,semantics,epistemology,epistemology,,,text,80,8,true
Philosophy,hard,Which option is most directly linked to Philosophy?,emotion,scripture,sovereignty,reason,reason,,,text,80,8,true
Philosophy,hard,Pick the most specific concept tied to Philosophy.,election,conditioning,argument,clergy,argument,,,text,80,8,true
Philosophy,hard,Which term is the closest match to Philosophy?,democracy,argument,adverb,polytheism,argument,,,text,80,8,true
Philosophy,hard,Which term is most specifically associated with Philosophy?,tense,metaphysics,preposition,grammar,metaphysics,,,text,80,8,true
Philosophy,hard,Which option best characterizes Philosophy?,emotion,role,logic,phonetics,logic,,,text,80,8,true
Philosophy,hard,Which term is most specifically associated with Philosophy?,behavior,tense,subject,argument,argument,,,text,80,8,true
Philosophy,hard,Which option best characterizes Philosophy?,perception,therapy,predicate,existence,existence,,,text,80,8,true
Philosophy,hard,Which term is most specifically associated with Philosophy?,culture,clergy,predicate,metaphysics,metaphysics,,,text,80,8,true
Philosophy,hard,Pick the most specific concept tied to Philosophy.,translation,argument,grammar,personality,argument,,,text,80,8,true
Philosophy,hard,Which term is most specifically associated with Philosophy?,verb,democracy,paradox,polytheism,paradox,,,text,80,8,true
Philosophy,hard,Which option is most directly linked to Philosophy?,noun,script,mind,memory,mind,,,text,80,8,true
Philosophy,hard,Which option is most directly linked to Philosophy?,predicate,conditioning,argument,emotion,argument,,,text,80,8,true
Philosophy,hard,Which option best characterizes Philosophy?,institution,reason,clergy,executive,reason,,,text,80,8,true
Philosophy,hard,Select the best-fit term for Philosophy.,stratification,paradox,monotheism,perception,paradox,,,text,80,8,true
Philosophy,hard,Select the most precise term for Philosophy.,ethics,constitution,personality,group,ethics,,,text,80,8,true
Philosophy,hard,Which term is most specifically associated with Philosophy?,bias,pronoun,prayer,metaphysics,metaphysics,,,text,80,8,true
Philosophy,hard,Select the most precise term for Philosophy.,institution,scripture,reason,syntax,reason,,,text,80,8,true
Philosophy,hard,Select the best-fit term for Philosophy.,diplomacy,policy,reason,semantics,reason,,,text,80,8,true
Classic Literature,easy,Which of these fits the topic Classic Literature?,Punjab,box office,Hamlet,arid,Hamlet,,,text,20,12,true
Classic Literature,easy,Select a term associated with Classic Literature.,Europe,compost,Hamlet,operating system,Hamlet,,,text,20,12,true
Classic Literature,easy,Which of these fits the topic Classic Literature?,greenhouse gases,myth,syntax,runway,myth,,,text,20,12,true
Classic Literature,easy,Pick the correct term for Classic Literature.,wearable,inflation,Hera,Hamlet,Hamlet,,,text,20,12,true
Classic Literature,easy,Select a term associated with Classic Literature.,Odyssey,suspension,crest,watercolor,Odyssey,,,text,20,12,true
Classic Literature,easy,Which of these fits the topic Classic Literature?,posture,viral,interest,Odyssey,Odyssey,,,text,20,12,true
Classic Literature,easy,Which option belongs to Classic Literature?,abstract,atom,myth,altitude,myth,,,text,20,12,true
Classic Literature,easy,Which of these is related to Classic Literature?,force,Atlantic Ocean,iterator,Divine Comedy,Divine Comedy,,,text,20,12,true
Classic Literature,easy,Select a term associated with Classic Literature.,sensor,myth,equator,Greenland,myth,,,text,20,12,true
Classic Literature,easy,Choose the item most linked to Classic Literature.,ranger,credit,sensor,Odyssey,Odyssey,,,text,20,12,true
Classic Literature,easy,Which of these is related to Classic Literature?,leadership,Hamlet,continent,Lakshmi,Hamlet,,,text,20,12,true
Classic Literature,easy,Select a term associated with Classic Literature.,abstract,arid,flowerbed,Hamlet,Hamlet,,,text,20,12,true
Classic Literature,easy,Select a term associated with Classic Literature.,comment,Odyssey,posture,prime number,Odyssey,,,text,20,12,true
Classic Literature,easy,Which of these is related to Classic Literature?,stump,Asgard,robot arm,Hamlet,Hamlet,,,text,20,12,true
Classic Literature,easy,Pick the correct term for Classic Literature.,character,switch,Iliad,inventory,Iliad,,,text,20,12,true
Classic Literature,easy,Which option belongs to Classic Literature?,encryption,bake,myth,inflation,myth,,,text,20,12,true
Classic Literature,easy,Choose the item most linked to Classic Literature.,carbon dioxide,Indus Valley,alliteration,tragedy,tragedy,,,text,20,12,true
Classic Literature,easy,Which of these fits the topic Classic Literature?,tragedy,printing press,dribble,Kerala,tragedy,,,text,20,12,true
Classic Literature,medium,Select the most relevant term for Classic Literature.,novel,postmodern,tragedy,superhero,tragedy,,,text,40,10,true
Classic Literature,medium,Which term is most commonly used in Classic Literature?,Divine Comedy,dystopia,meter,alliteration,Divine Comedy,,,text,40,10,true
Classic Literature,medium,Which option is a key concept in Classic Literature?,superhero,stream of consciousness,panel,Odyssey,Odyssey,,,text,40,10,true
Classic Literature,medium,Which option aligns with Classic Literature?,short story,Odyssey,rhyme,stream of consciousness,Odyssey,,,text,40,10,true
Classic Literature,medium,Pick the concept that best matches Classic Literature.,issue,Don Quixote,short story,ink,Don Quixote,,,text,40,10,true
Classic Literature,medium,Which option aligns with Classic Literature?,illustration,Odyssey,haiku,stanza,Odyssey,,,text,40,10,true
Classic Literature,medium,Which of these is a core idea in Classic Literature?,epic,story arc,imagery,modernism,epic,,,text,40,10,true
Classic Literature,medium,Pick the concept that best matches Classic Literature.,dystopia,villain,Iliad,simile,Iliad,,,text,40,10,true
Classic Literature,medium,Which term is most commonly used in Classic Literature?,Divine Comedy,panel,alliteration,ink,Divine Comedy,,,text,40,10,true
Classic Literature,medium,Which term is most commonly used in Classic Literature?,Iliad,rhyme,simile,character,Iliad,,,text,40,10,true
Classic Literature,medium,Which of these is a core idea in Classic Literature?,imagery,Odyssey,short story,theme,Odyssey,,,text,40,10,true
Classic Literature,medium,Select the most relevant term for Classic Literature.,Don Quixote,novel,panel,simile,Don Quixote,,,text,40,10,true
Classic Literature,medium,Which term is most commonly used in Classic Literature?,illustration,narrator,Hamlet,superhero,Hamlet,,,text,40,10,true
Classic Literature,medium,Choose the term that best represents Classic Literature.,verse,panel,tragedy,metaphor,tragedy,,,text,40,10,true
Classic Literature,medium,Choose the term that best represents Classic Literature.,short story,publisher,Hamlet,modernism,Hamlet,,,text,40,10,true
Classic Literature,medium,Choose the term that best represents Classic Literature.,theme,Divine Comedy,stanza,simile,Divine Comedy,,,text,40,10,true
Classic Literature,medium,Pick the concept that best matches Classic Literature.,panel,tragedy,theme,verse,tragedy,,,text,40,10,true
Classic Literature,medium,Pick the concept that best matches Classic Literature.,novel,panel,postmodern,Don Quixote,Don Quixote,,,text,40,10,true
Classic Literature,hard,Select the best-fit term for Classic Literature.,alliteration,tragedy,villain,ink,tragedy,,,text,80,8,true
Classic Literature,hard,Pick the most specific concept tied to Classic Literature.,myth,character,short story,imagery,myth,,,text,80,8,true
Classic Literature,hard,Select the most precise term for Classic Literature.,stanza,haiku,realism,epic,epic,,,text,80,8,true
Classic Literature,hard,Which term is the closest match to Classic Literature?,Iliad,publisher,modernism,character,Iliad,,,text,80,8,true
Classic Literature,hard,Pick the most specific concept tied to Classic Literature.,panel,Odyssey,metaphor,issue,Odyssey,,,text,80,8,true
Classic Literature,hard,Pick the most specific concept tied to Classic Literature.,sonnet,Odyssey,character,story arc,Odyssey,,,text,80,8,true
Classic Literature,hard,Pick the most specific concept tied to Classic Literature.,imagery,short story,tragedy,story arc,tragedy,,,text,80,8,true
Classic Literature,hard,Which option best characterizes Classic Literature?,verse,Odyssey,superhero,theme,Odyssey,,,text,80,8,true
Classic Literature,hard,Which option best characterizes Classic Literature?,illustration,epic,meter,graphic novel,epic,,,text,80,8,true
Classic Literature,hard,Which term is most specifically associated with Classic Literature?,illustration,graphic novel,short story,Odyssey,Odyssey,,,text,80,8,true
Classic Literature,hard,Which option best characterizes Classic Literature?,imagery,Odyssey,simile,villain,Odyssey,,,text,80,8,true
Classic Literature,hard,Which option best characterizes Classic Literature?,short story,verse,Iliad,novel,Iliad,,,text,80,8,true
Classic Literature,hard,Which option is most directly linked to Classic Literature?,stream of consciousness,verse,origin story,Odyssey,Odyssey,,,text,80,8,true
Classic Literature,hard,Which term is most specifically associated with Classic Literature?,Don Quixote,narrator,superhero,origin story,Don Quixote,,,text,80,8,true
Classic Literature,hard,Which option is most directly linked to Classic Literature?,illustration,character,story arc,Odyssey,Odyssey,,,text,80,8,true
Classic Literature,hard,Select the best-fit term for Classic Literature.,character,narrator,Don Quixote,superhero,Don Quixote,,,text,80,8,true
Classic Literature,hard,Select the most precise term for Classic Literature.,superhero,Odyssey,imagery,stanza,Odyssey,,,text,80,8,true
Classic Literature,hard,Which term is the closest match to Classic Literature?,illustration,Don Quixote,graphic novel,modernism,Don Quixote,,,text,80,8,true
Classic Literature,hard,Pick the most specific concept tied to Classic Literature.,short story,illustration,modernism,tragedy,tragedy,,,text,80,8,true
Classic Literature,hard,Which option best characterizes Classic Literature?,imagery,Divine Comedy,postmodern,issue,Divine Comedy,,,text,80,8,true
Classic Literature,hard,Select the most precise term for Classic Literature.,origin story,novel,simile,Divine Comedy,Divine Comedy,,,text,80,8,true
Classic Literature,hard,Which option is most directly linked to Classic Literature?,Odyssey,character,superhero,verse,Odyssey,,,text,80,8,true
Classic Literature,hard,Select the best-fit term for Classic Literature.,panel,Iliad,narrator,story arc,Iliad,,,text,80,8,true
Classic Literature,hard,Which term is the closest match to Classic Literature?,short story,character,Iliad,alliteration,Iliad,,,text,80,8,true
Modern Literature,easy,Choose the item most linked to Modern Literature.,perception,North America,dystopia,deviance,dystopia,,,text,20,12,true
Modern Literature,easy,Which of these is related to Modern Literature?,temple,character,trademark,liability,character,,,text,20,12,true
Modern Literature,easy,Select a term associated with Modern Literature.,theme,hashtag,camera,landing gear,theme,,,text,20,12,true
Modern Literature,easy,Pick the correct term for Modern Literature.,director,acquisition,Hittites,novel,novel,,,text,20,12,true
Modern Literature,easy,Select a term associated with Modern Literature.,Hera,goalkeeper,trade agreement,realism,realism,,,text,20,12,true
Modern Literature,easy,Choose the item most linked to Modern Literature.,hero,Sumer,suspension,dystopia,dystopia,,,text,20,12,true
Modern Literature,easy,Which option belongs to Modern Literature?,shutter speed,dish,short story,meter,short story,,,text,20,12,true
Modern Literature,easy,Which of these fits the topic Modern Literature?,responsive design,reason,narrator,layout,narrator,,,text,20,12,true
Modern Literature,easy,Which option belongs to Modern Literature?,toxicity,goalkeeper,character,ingredient,character,,,text,20,12,true
Modern Literature,easy,Select a term associated with Modern Literature.,island chain,realism,freight,market research,realism,,,text,20,12,true
Modern Literature,easy,Which of these is related to Modern Literature?,Physics,brain,theme,yen,theme,,,text,20,12,true
Modern Literature,easy,Pick the correct term for Modern Literature.,soil,narrator,prescription,database,narrator,,,text,20,12,true
Modern Literature,easy,Which option belongs to Modern Literature?,zero trust,realism,filmfare,gold medal,realism,,,text,20,12,true
Modern Literature,easy,Pick the correct term for Modern Literature.,postmodern,phishing,gene,Hittites,postmodern,,,text,20,12,true
Modern Literature,easy,Which of these is related to Modern Literature?,Hollywood,mitochondria,APK,narrator,narrator,,,text,20,12,true
Modern Literature,easy,Which of these is related to Modern Literature?,Hera,muscular system,postmodern,hook,postmodern,,,text,20,12,true
Modern Literature,easy,Which of these fits the topic Modern Literature?,grammar,jet engine,Borneo,postmodern,postmodern,,,text,20,12,true
Modern Literature,easy,Which option belongs to Modern Literature?,short story,guild,euro,hash,short story,,,text,20,12,true
Modern Literature,medium,Which option aligns with Modern Literature?,imagery,panel,alliteration,narrator,narrator,,,text,40,10,true
Modern Literature,medium,Which of these is a core idea in Modern Literature?,haiku,superhero,dystopia,Odyssey,dystopia,,,text,40,10,true
Modern Literature,medium,Which option aligns with Modern Literature?,graphic novel,illustration,stream of consciousness,tragedy,stream of consciousness,,,text,40,10,true
Modern Literature,medium,Which option is a key concept in Modern Literature?,narrator,Iliad,origin story,haiku,narrator,,,text,40,10,true
Modern Literature,medium,Choose the term that best represents Modern Literature.,haiku,postmodern,imagery,Hamlet,postmodern,,,text,40,10,true
Modern Literature,medium,Pick the concept that best matches Modern Literature.,Odyssey,meter,ink,novel,novel,,,text,40,10,true
Modern Literature,medium,Select the most relevant term for Modern Literature.,Odyssey,Divine Comedy,theme,Hamlet,theme,,,text,40,10,true
Modern Literature,medium,Select the most relevant term for Modern Literature.,realism,Odyssey,metaphor,Divine Comedy,realism,,,text,40,10,true
Modern Literature,medium,Which of these is a core idea in Modern Literature?,Odyssey,superhero,realism,illustration,realism,,,text,40,10,true
Modern Literature,medium,Which term is most commonly used in Modern Literature?,rhyme,character,verse,Iliad,character,,,text,40,10,true
Modern Literature,medium,Which option is a key concept in Modern Literature?,Odyssey,character,myth,imagery,character,,,text,40,10,true
Modern Literature,medium,Select the most relevant term for Modern Literature.,Divine Comedy,short story,illustration,story arc,short story,,,text,40,10,true
Modern Literature,medium,Which term is most commonly used in Modern Literature?,alliteration,Odyssey,realism,publisher,realism,,,text,40,10,true
Modern Literature,medium,Which option is a key concept in Modern Literature?,epic,narrator,panel,rhyme,narrator,,,text,40,10,true
Modern Literature,medium,Which option aligns with Modern Literature?,superhero,character,verse,illustration,character,,,text,40,10,true
Modern Literature,medium,Which term is most commonly used in Modern Literature?,tragedy,meter,rhyme,narrator,narrator,,,text,40,10,true
Modern Literature,medium,Select the most relevant term for Modern Literature.,metaphor,epic,stanza,novel,novel,,,text,40,10,true
Modern Literature,medium,Pick the concept that best matches Modern Literature.,modernism,Iliad,epic,haiku,modernism,,,text,40,10,true
Modern Literature,hard,Select the best-fit term for Modern Literature.,panel,publisher,imagery,theme,theme,,,text,80,8,true
Modern Literature,hard,Which term is the closest match to Modern Literature?,ink,theme,sonnet,publisher,theme,,,text,80,8,true
Modern Literature,hard,Select the most precise term for Modern Literature.,dystopia,Hamlet,superhero,Odyssey,dystopia,,,text,80,8,true
Modern Literature,hard,Which term is the closest match to Modern Literature?,theme,story arc,panel,haiku,theme,,,text,80,8,true
Modern Literature,hard,Which term is most specifically associated with Modern Literature?,sonnet,novel,illustration,myth,novel,,,text,80,8,true
Modern Literature,hard,Pick the most specific concept tied to Modern Literature.,graphic novel,short story,alliteration,metaphor,short story,,,text,80,8,true
Modern Literature,hard,Pick the most specific concept tied to Modern Literature.,stanza,epic,Divine Comedy,dystopia,dystopia,,,text,80,8,true
Modern Literature,hard,Choose the most accurate term for Modern Literature.,Odyssey,simile,short story,ink,short story,,,text,80,8,true
Modern Literature,hard,Which option best characterizes Modern Literature?,origin story,panel,issue,stream of consciousness,stream of consciousness,,,text,80,8,true
Modern Literature,hard,Pick the most specific concept tied to Modern Literature.,Odyssey,story arc,character,rhyme,character,,,text,80,8,true
Modern Literature,hard,Select the best-fit term for Modern Literature.,narrator,story arc,superhero,rhyme,narrator,,,text,80,8,true
Modern Literature,hard,Which term is most specifically associated with Modern Literature?,myth,realism,origin story,alliteration,realism,,,text,80,8,true
Modern Literature,hard,Which term is most specifically associated with Modern Literature?,origin story,modernism,Divine Comedy,rhyme,modernism,,,text,80,8,true
Modern Literature,hard,Which option is most directly linked to Modern Literature?,epic,stream of consciousness,simile,issue,stream of consciousness,,,text,80,8,true
Modern Literature,hard,Which option is most directly linked to Modern Literature?,stanza,imagery,illustration,realism,realism,,,text,80,8,true
Modern Literature,hard,Which term is the closest match to Modern Literature?,postmodern,verse,story arc,Don Quixote,postmodern,,,text,80,8,true
Modern Literature,hard,Which option is most directly linked to Modern Literature?,haiku,sonnet,stream of consciousness,meter,stream of consciousness,,,text,80,8,true
Modern Literature,hard,Choose the most accurate term for Modern Literature.,narrator,meter,metaphor,myth,narrator,,,text,80,8,true
Modern Literature,hard,Which option best characterizes Modern Literature?,theme,Odyssey,Hamlet,story arc,theme,,,text,80,8,true
Modern Literature,hard,Select the best-fit term for Modern Literature.,stanza,rhyme,graphic novel,short story,short story,,,text,80,8,true
Modern Literature,hard,Pick the most specific concept tied to Modern Literature.,tragedy,story arc,Odyssey,narrator,narrator,,,text,80,8,true
Modern Literature,hard,Which option best characterizes Modern Literature?,simile,alliteration,stream of consciousness,myth,stream of consciousness,,,text,80,8,true
Modern Literature,hard,Which option is most directly linked to Modern Literature?,theme,Odyssey,origin story,haiku,theme,,,text,80,8,true
Modern Literature,hard,Select the best-fit term for Modern Literature.,rhyme,Hamlet,Divine Comedy,stream of consciousness,stream of consciousness,,,text,80,8,true
Poetry,easy,Which option belongs to Poetry?,logo,electricity,haiku,dosage,haiku,,,text,20,12,true
Poetry,easy,Choose the item most linked to Poetry.,education reform,imagery,diplomacy,quadratic,imagery,,,text,20,12,true
Poetry,easy,Which of these fits the topic Poetry?,encryption,reason,meter,exposure,meter,,,text,20,12,true
Poetry,easy,Pick the correct term for Poetry.,periodic table,simile,Ramayana,opening ceremony,simile,,,text,20,12,true
Poetry,easy,Which of these fits the topic Poetry?,inflection,pivot,iterator,simile,simile,,,text,20,12,true
Poetry,easy,Choose the item most linked to Poetry.,comic,patient,yield,imagery,imagery,,,text,20,12,true
Poetry,easy,Which option belongs to Poetry?,meter,epic,grill,Atacama,meter,,,text,20,12,true
Poetry,easy,Choose the item most linked to Poetry.,protocol,controller,imagery,wearable,imagery,,,text,20,12,true
Poetry,easy,Which option belongs to Poetry?,transmission,investor,behavior,simile,simile,,,text,20,12,true
Poetry,easy,Choose the item most linked to Poetry.,verse,wave,switch,match point,verse,,,text,20,12,true
Poetry,easy,Which of these is related to Poetry?,rhyme,Academy Awards,Hera,interface,rhyme,,,text,20,12,true
Poetry,easy,Pick the correct term for Poetry.,network,Lakshmi,director,stanza,stanza,,,text,20,12,true
Poetry,easy,Select a term associated with Poetry.,group,superpower,myth,imagery,imagery,,,text,20,12,true
Poetry,easy,Which option belongs to Poetry?,Egyptians,rhyme,preposition,World War I,rhyme,,,text,20,12,true
Poetry,easy,Which option belongs to Poetry?,diameter,metaphor,complexity,Treaty of Versailles,metaphor,,,text,20,12,true
Poetry,easy,Which option belongs to Poetry?,metaphor,esports,protein,socialization,metaphor,,,text,20,12,true
Poetry,easy,Pick the correct term for Poetry.,Greenland,Assam,haiku,wildlife reserve,haiku,,,text,20,12,true
Poetry,easy,Which option belongs to Poetry?,stanza,aerodynamics,modem,level,stanza,,,text,20,12,true
Poetry,medium,Which term is most commonly used in Poetry?,haiku,issue,story arc,realism,haiku,,,text,40,10,true
Poetry,medium,Which option is a key concept in Poetry?,Odyssey,epic,alliteration,publisher,alliteration,,,text,40,10,true
Poetry,medium,Pick the concept that best matches Poetry.,narrator,story arc,alliteration,superhero,alliteration,,,text,40,10,true
Poetry,medium,Choose the term that best represents Poetry.,Hamlet,haiku,narrator,Don Quixote,haiku,,,text,40,10,true
Poetry,medium,Which term is most commonly used in Poetry?,Don Quixote,theme,stream of consciousness,simile,simile,,,text,40,10,true
Poetry,medium,Which term is most commonly used in Poetry?,dystopia,origin story,theme,haiku,haiku,,,text,40,10,true
Poetry,medium,Select the most relevant term for Poetry.,short story,Odyssey,stanza,superhero,stanza,,,text,40,10,true
Poetry,medium,Which of these is a core idea in Poetry?,Don Quixote,epic,novel,rhyme,rhyme,,,text,40,10,true
Poetry,medium,Select the most relevant term for Poetry.,alliteration,Don Quixote,graphic novel,superhero,alliteration,,,text,40,10,true
Poetry,medium,Choose the term that best represents Poetry.,ink,origin story,narrator,haiku,haiku,,,text,40,10,true
Poetry,medium,Choose the term that best represents Poetry.,Divine Comedy,realism,epic,sonnet,sonnet,,,text,40,10,true
Poetry,medium,Pick the concept that best matches Poetry.,postmodern,short story,verse,theme,verse,,,text,40,10,true
Poetry,medium,Select the most relevant term for Poetry.,villain,alliteration,publisher,modernism,alliteration,,,text,40,10,true
Poetry,medium,Which option aligns with Poetry?,Don Quixote,tragedy,alliteration,epic,alliteration,,,text,40,10,true
Poetry,medium,Which option is a key concept in Poetry?,novel,villain,narrator,haiku,haiku,,,text,40,10,true
Poetry,medium,Which option aligns with Poetry?,meter,Iliad,origin story,novel,meter,,,text,40,10,true
Poetry,medium,Pick the concept that best matches Poetry.,panel,ink,short story,rhyme,rhyme,,,text,40,10,true
Poetry,medium,Which option aligns with Poetry?,realism,panel,myth,imagery,imagery,,,text,40,10,true
Poetry,hard,Which term is the closest match to Poetry?,Hamlet,haiku,narrator,stream of consciousness,haiku,,,text,80,8,true
Poetry,hard,Select the best-fit term for Poetry.,Hamlet,superhero,rhyme,illustration,rhyme,,,text,80,8,true
Poetry,hard,Which term is the closest match to Poetry?,imagery,illustration,Hamlet,villain,imagery,,,text,80,8,true
Poetry,hard,Which term is the closest match to Poetry?,narrator,superhero,publisher,sonnet,sonnet,,,text,80,8,true
Poetry,hard,Which option is most directly linked to Poetry?,stream of consciousness,sonnet,publisher,ink,sonnet,,,text,80,8,true
Poetry,hard,Select the most precise term for Poetry.,Don Quixote,panel,meter,issue,meter,,,text,80,8,true
Poetry,hard,Select the most precise term for Poetry.,imagery,modernism,realism,graphic novel,imagery,,,text,80,8,true
Poetry,hard,Which option is most directly linked to Poetry?,novel,illustration,meter,Hamlet,meter,,,text,80,8,true
Poetry,hard,Which option best characterizes Poetry?,dystopia,Odyssey,sonnet,Don Quixote,sonnet,,,text,80,8,true
Poetry,hard,Which option best characterizes Poetry?,Odyssey,postmodern,meter,panel,meter,,,text,80,8,true
Poetry,hard,Pick the most specific concept tied to Poetry.,origin story,haiku,Don Quixote,novel,haiku,,,text,80,8,true
Poetry,hard,Select the best-fit term for Poetry.,novel,stanza,publisher,Odyssey,stanza,,,text,80,8,true
Poetry,hard,Pick the most specific concept tied to Poetry.,novel,simile,graphic novel,dystopia,simile,,,text,80,8,true
Poetry,hard,Select the most precise term for Poetry.,graphic novel,short story,sonnet,issue,sonnet,,,text,80,8,true
Poetry,hard,Select the most precise term for Poetry.,tragedy,Hamlet,haiku,Divine Comedy,haiku,,,text,80,8,true
Poetry,hard,Select the best-fit term for Poetry.,Odyssey,Hamlet,Don Quixote,verse,verse,,,text,80,8,true
Poetry,hard,Choose the most accurate term for Poetry.,epic,character,meter,graphic novel,meter,,,text,80,8,true
Poetry,hard,Choose the most accurate term for Poetry.,narrator,modernism,simile,Odyssey,simile,,,text,80,8,true
Poetry,hard,Which term is the closest match to Poetry?,character,Iliad,metaphor,Hamlet,metaphor,,,text,80,8,true
Poetry,hard,Which option is most directly linked to Poetry?,origin story,rhyme,Odyssey,short story,rhyme,,,text,80,8,true
Poetry,hard,Which term is the closest match to Poetry?,Odyssey,ink,simile,graphic novel,simile,,,text,80,8,true
Poetry,hard,Choose the most accurate term for Poetry.,illustration,narrator,tragedy,verse,verse,,,text,80,8,true
Poetry,hard,Which option is most directly linked to Poetry?,theme,meter,myth,narrator,meter,,,text,80,8,true
Poetry,hard,Which term is the closest match to Poetry?,story arc,novel,alliteration,Don Quixote,alliteration,,,text,80,8,true
English Grammar,easy,Pick the correct term for English Grammar.,planting,clause,feed,justice,clause,,,text,20,12,true
English Grammar,easy,Pick the correct term for English Grammar.,origin story,endgame,pronoun,order,pronoun,,,text,20,12,true
English Grammar,easy,Which of these is related to English Grammar?,range,knight,modernism,adjective,adjective,,,text,20,12,true
English Grammar,easy,Which of these fits the topic English Grammar?,Everest,pronoun,Rama,metabolism,pronoun,,,text,20,12,true
English Grammar,easy,Choose the item most linked to English Grammar.,justice,pip,circle,predicate,predicate,,,text,20,12,true
English Grammar,easy,Pick the correct term for English Grammar.,head of state,complexity,noun,covalent bond,noun,,,text,20,12,true
English Grammar,easy,Pick the correct term for English Grammar.,virtualenv,slope,verb,API,verb,,,text,20,12,true
English Grammar,easy,Which of these fits the topic English Grammar?,modernism,clause,funnel,spacewalk,clause,,,text,20,12,true
English Grammar,easy,Which of these fits the topic English Grammar?,verb,arch,quest,triangle,verb,,,text,20,12,true
English Grammar,easy,Which option belongs to English Grammar?,altitude,director,electricity,subject,subject,,,text,20,12,true
English Grammar,easy,Pick the correct term for English Grammar.,Maurya Empire,summit,Gobi,pronoun,pronoun,,,text,20,12,true
English Grammar,easy,Which of these is related to English Grammar?,Arctic Ocean,adjective,Loki,UI thread,adjective,,,text,20,12,true
English Grammar,easy,Choose the item most linked to English Grammar.,verb,Yangtze,momentum,quest,verb,,,text,20,12,true
English Grammar,easy,Choose the item most linked to English Grammar.,predicate,United Nations,payment gateway,yen,predicate,,,text,20,12,true
English Grammar,easy,Which of these fits the topic English Grammar?,layout,prize,adverb,Danube,adverb,,,text,20,12,true
English Grammar,easy,Which of these is related to English Grammar?,billionaire,tense,Amazon,ace,tense,,,text,20,12,true
English Grammar,easy,Choose the item most linked to English Grammar.,pharmacokinetics,clause,meditation,fraction,clause,,,text,20,12,true
English Grammar,easy,Which of these fits the topic English Grammar?,kidney,ace,sonata,clause,clause,,,text,20,12,true
English Grammar,medium,Which option aligns with English Grammar?,pilgrimage,ethics,perception,adverb,adverb,,,text,40,10,true
English Grammar,medium,Which of these is a core idea in English Grammar?,epistemology,verb,linguistics,bias,verb,,,text,40,10,true
English Grammar,medium,Select the most relevant term for English Grammar.,group,verb,role,ritual,verb,,,text,40,10,true
English Grammar,medium,Select the most relevant term for English Grammar.,role,conditioning,preposition,mind,preposition,,,text,40,10,true
English Grammar,medium,Which option aligns with English Grammar?,mind,pronoun,linguistics,syntax,pronoun,,,text,40,10,true
English Grammar,medium,Which option is a key concept in English Grammar?,adverb,clergy,bias,role,adverb,,,text,40,10,true
English Grammar,medium,Pick the concept that best matches English Grammar.,virtue,polytheism,temple,pronoun,pronoun,,,text,40,10,true
English Grammar,medium,Select the most relevant term for English Grammar.,adverb,prayer,executive,metaphysics,adverb,,,text,40,10,true
English Grammar,medium,Which option aligns with English Grammar?,adjective,bias,semantics,therapy,adjective,,,text,40,10,true
English Grammar,medium,Which term is most commonly used in English Grammar?,script,norms,verb,emotion,verb,,,text,40,10,true
English Grammar,medium,Select the most relevant term for English Grammar.,prayer,personality,federalism,adjective,adjective,,,text,40,10,true
English Grammar,medium,Which term is most commonly used in English Grammar?,norms,script,clause,democracy,clause,,,text,40,10,true
English Grammar,medium,Which option is a key concept in English Grammar?,pronoun,motivation,epistemology,monotheism,pronoun,,,text,40,10,true
English Grammar,medium,Which of these is a core idea in English Grammar?,alphabet,stratification,judiciary,noun,noun,,,text,40,10,true
English Grammar,medium,Which of these is a core idea in English Grammar?,verb,policy,grammar,behavior,verb,,,text,40,10,true
English Grammar,medium,Which of these is a core idea in English Grammar?,translation,alphabet,norms,preposition,preposition,,,text,40,10,true
English Grammar,medium,Which of these is a core idea in English Grammar?,temple,group,memory,preposition,preposition,,,text,40,10,true
English Grammar,medium,Choose the term that best represents English Grammar.,festivals,noun,demography,conditioning,noun,,,text,40,10,true
English Grammar,hard,Which term is the closest match to English Grammar?,socialization,role,ritual,preposition,preposition,,,text,80,8,true
English Grammar,hard,Which option best characterizes English Grammar?,deviance,ritual,ethics,preposition,preposition,,,text,80,8,true
English Grammar,hard,Which term is most specifically associated with English Grammar?,role,group,tense,executive,tense,,,text,80,8,true
English Grammar,hard,Which term is most specifically associated with English Grammar?,federalism,ritual,script,tense,tense,,,text,80,8,true
English Grammar,hard,Which term is the closest match to English Grammar?,group,script,preposition,metaphysics,preposition,,,text,80,8,true
English Grammar,hard,Which term is most specifically associated with English Grammar?,noun,scripture,alphabet,linguistics,noun,,,text,80,8,true
English Grammar,hard,Which term is the closest match to English Grammar?,noun,stratification,norms,policy,noun,,,text,80,8,true
English Grammar,hard,Choose the most accurate term for English Grammar.,adverb,ethics,conditioning,monotheism,adverb,,,text,80,8,true
English Grammar,hard,Select the most precise term for English Grammar.,dialect,predicate,mind,syntax,predicate,,,text,80,8,true
English Grammar,hard,Which option best characterizes English Grammar?,constitution,ethics,argument,subject,subject,,,text,80,8,true
English Grammar,hard,Which term is the closest match to English Grammar?,clause,syntax,election,metaphysics,clause,,,text,80,8,true
English Grammar,hard,Pick the most specific concept tied to English Grammar.,sovereignty,perception,tense,emotion,tense,,,text,80,8,true
English Grammar,hard,Pick the most specific concept tied to English Grammar.,noun,dialect,script,vocabulary,noun,,,text,80,8,true
English Grammar,hard,Which option is most directly linked to English Grammar?,institution,sovereignty,democracy,clause,clause,,,text,80,8,true
English Grammar,hard,Pick the most specific concept tied to English Grammar.,cognition,prayer,clause,society,clause,,,text,80,8,true
English Grammar,hard,Which option is most directly linked to English Grammar?,perception,tense,grammar,role,tense,,,text,80,8,true
English Grammar,hard,Choose the most accurate term for English Grammar.,noun,logic,culture,ritual,noun,,,text,80,8,true
English Grammar,hard,Which term is most specifically associated with English Grammar?,preposition,reason,script,group,preposition,,,text,80,8,true
English Grammar,hard,Which option best characterizes English Grammar?,logic,motivation,society,predicate,predicate,,,text,80,8,true
English Grammar,hard,Select the best-fit term for English Grammar.,tense,polytheism,motivation,ritual,tense,,,text,80,8,true
English Grammar,hard,Pick the most specific concept tied to English Grammar.,verb,linguistics,democracy,election,verb,,,text,80,8,true
English Grammar,hard,Which option best characterizes English Grammar?,diplomacy,pilgrimage,behavior,preposition,preposition,,,text,80,8,true
English Grammar,hard,Choose the most accurate term for English Grammar.,conditioning,pilgrimage,vocabulary,preposition,preposition,,,text,80,8,true
English Grammar,hard,Which option best characterizes English Grammar?,ritual,subject,vocabulary,existence,subject,,,text,80,8,true
Famous Personalities,easy,Which option belongs to Famous Personalities?,proof of work,composer,semantics,interest,composer,,,text,20,12,true
Famous Personalities,easy,Which of these fits the topic Famous Personalities?,entrepreneur,pound,tangent line,Mediterranean Sea,entrepreneur,,,text,20,12,true
Famous Personalities,easy,Which of these fits the topic Famous Personalities?,philanthropist,sanctuary,laureate,genre,philanthropist,,,text,20,12,true
Famous Personalities,easy,Which option belongs to Famous Personalities?,slope,symphony,athlete,prime number,athlete,,,text,20,12,true
Famous Personalities,easy,Select a term associated with Famous Personalities.,podium,scientist,playback,jet engine,scientist,,,text,20,12,true
Famous Personalities,easy,Select a term associated with Famous Personalities.,entrepreneur,asana,Iceland,color palette,entrepreneur,,,text,20,12,true
Famous Personalities,easy,Which of these fits the topic Famous Personalities?,Ganga,three-pointer,artist,stretch,artist,,,text,20,12,true
Famous Personalities,easy,Which option belongs to Famous Personalities?,stream of consciousness,server,short story,composer,composer,,,text,20,12,true
Famous Personalities,easy,Select a term associated with Famous Personalities.,Iceland,leader,constitution,simile,leader,,,text,20,12,true
Famous Personalities,easy,Which of these fits the topic Famous Personalities?,vocabulary,alphabet,leader,species,leader,,,text,20,12,true
Famous Personalities,easy,Pick the correct term for Famous Personalities.,scripture,scientist,node,alter ego,scientist,,,text,20,12,true
Famous Personalities,easy,Which of these is related to Famous Personalities?,overfitting,Europe,adaptation,leader,leader,,,text,20,12,true
Famous Personalities,easy,Choose the item most linked to Famous Personalities.,composer,watering,alliteration,tangent,composer,,,text,20,12,true
Famous Personalities,easy,Select a term associated with Famous Personalities.,conversion,hemisphere,norms,philanthropist,philanthropist,,,text,20,12,true
Famous Personalities,easy,Select a term associated with Famous Personalities.,explorer,DNS,greenhouse,API,explorer,,,text,20,12,true
Famous Personalities,easy,Choose the item most linked to Famous Personalities.,composer,genre,momentum,baseline,composer,,,text,20,12,true
Famous Personalities,easy,Pick the correct term for Famous Personalities.,entrepreneur,verse,tangent,altitude,entrepreneur,,,text,20,12,true
Famous Personalities,easy,Which of these is related to Famous Personalities?,leader,match point,election,inventory,leader,,,text,20,12,true
Famous Personalities,medium,Pick the concept that best matches Famous Personalities.,radio,Gujarat,entrepreneur,Best Actress,entrepreneur,,,text,40,10,true
Famous Personalities,medium,Which option is a key concept in Famous Personalities?,flag ratio,diplomacy,coin,philanthropist,philanthropist,,,text,40,10,true
Famous Personalities,medium,Which option aligns with Famous Personalities?,director,author,global economy,election cycle,author,,,text,40,10,true
Famous Personalities,medium,Select the most relevant term for Famous Personalities.,chancellor,inventor,global economy,sauce,inventor,,,text,40,10,true
Famous Personalities,medium,Choose the term that best represents Famous Personalities.,scientist,rupee,Peace,Karnataka,scientist,,,text,40,10,true
Famous Personalities,medium,Which option aligns with Famous Personalities?,livestock,composer,president,Gujarat,composer,,,text,40,10,true
Famous Personalities,medium,Which of these is a core idea in Famous Personalities?,packaging,author,cockpit,exchange rate,author,,,text,40,10,true
Famous Personalities,medium,Which option aligns with Famous Personalities?,trademark,explorer,Medicine,meditation,explorer,,,text,40,10,true
Famous Personalities,medium,Pick the concept that best matches Famous Personalities.,banner,flagpole,inventor,packaging,inventor,,,text,40,10,true
Famous Personalities,medium,Select the most relevant term for Famous Personalities.,dollar,Chemistry,Literature,explorer,explorer,,,text,40,10,true
Famous Personalities,medium,Which option is a key concept in Famous Personalities?,symbol,tricolor,philanthropist,breathing,philanthropist,,,text,40,10,true
Famous Personalities,medium,Pick the concept that best matches Famous Personalities.,asana,inventor,cuisine,fuel,inventor,,,text,40,10,true
Famous Personalities,medium,Which term is most commonly used in Famous Personalities?,slogan,athlete,spice,public health,athlete,,,text,40,10,true
Famous Personalities,medium,Which option is a key concept in Famous Personalities?,entrepreneur,wellness,Tamil Nadu,flavor,entrepreneur,,,text,40,10,true
Famous Personalities,medium,Select the most relevant term for Famous Personalities.,soil,star,leader,Hollywood,leader,,,text,40,10,true
Famous Personalities,medium,Select the most relevant term for Famous Personalities.,election cycle,coin,Rajasthan,author,author,,,text,40,10,true
Famous Personalities,medium,Choose the term that best represents Famous Personalities.,composer,wellness,fuel,prize,composer,,,text,40,10,true
Famous Personalities,medium,Choose the term that best represents Famous Personalities.,philanthropist,exchange rate,Rajasthan,jet engine,philanthropist,,,text,40,10,true
Famous Personalities,hard,Which option best characterizes Famous Personalities?,flexibility,Academy Awards,suspension,explorer,explorer,,,text,80,8,true
Famous Personalities,hard,Select the most precise term for Famous Personalities.,composer,sedan,gearbox,bake,composer,,,text,80,8,true
Famous Personalities,hard,Which term is most specifically associated with Famous Personalities?,philanthropist,sedan,electricity,meditation,philanthropist,,,text,80,8,true
Famous Personalities,hard,Pick the most specific concept tied to Famous Personalities.,color,printing press,inflation,scientist,scientist,,,text,80,8,true
Famous Personalities,hard,Which term is most specifically associated with Famous Personalities?,statuette,Best Actor,horsepower,composer,composer,,,text,80,8,true
Famous Personalities,hard,Which option best characterizes Famous Personalities?,leader,education reform,stripe,brand identity,leader,,,text,80,8,true
Famous Personalities,hard,Which option is most directly linked to Famous Personalities?,Uttar Pradesh,air traffic,Rajasthan,scientist,scientist,,,text,80,8,true
Famous Personalities,hard,Which option best characterizes Famous Personalities?,entrepreneur,wellness,fuel,radio,entrepreneur,,,text,80,8,true
Famous Personalities,hard,Which term is most specifically associated with Famous Personalities?,prize,artist,Nobel Prize,trademark,artist,,,text,80,8,true
Famous Personalities,hard,Choose the most accurate term for Famous Personalities.,torque,prize,artist,wellness,artist,,,text,80,8,true
Famous Personalities,hard,Select the most precise term for Famous Personalities.,balance,athlete,diplomacy,monarch,athlete,,,text,80,8,true
Famous Personalities,hard,Choose the most accurate term for Famous Personalities.,parliament,explorer,patent,microscope,explorer,,,text,80,8,true
Famous Personalities,hard,Which option best characterizes Famous Personalities?,entrepreneur,laureate,internet,stripe,entrepreneur,,,text,80,8,true
Famous Personalities,hard,Which option best characterizes Famous Personalities?,vaccination,stripe,banner,artist,artist,,,text,80,8,true
Famous Personalities,hard,Choose the most accurate term for Famous Personalities.,director,patent,composer,altitude,composer,,,text,80,8,true
Famous Personalities,hard,Which option is most directly linked to Famous Personalities?,yen,education reform,Karnataka,author,author,,,text,80,8,true
Famous Personalities,hard,Pick the most specific concept tied to Famous Personalities.,director,author,coin,Maharashtra,author,,,text,80,8,true
Famous Personalities,hard,Pick the most specific concept tied to Famous Personalities.,stripe,philanthropist,taste,innovation,philanthropist,,,text,80,8,true
Famous Personalities,hard,Which term is most specifically associated with Famous Personalities?,chancellor,cabinet,Best Actress,composer,composer,,,text,80,8,true
Famous Personalities,hard,Which option is most directly linked to Famous Personalities?,inventor,aircraft,dollar,transmission,inventor,,,text,80,8,true
Famous Personalities,hard,Select the best-fit term for Famous Personalities.,slogan,policy debate,entrepreneur,color,entrepreneur,,,text,80,8,true
Famous Personalities,hard,Select the most precise term for Famous Personalities.,innovation,trade agreement,explorer,suspension,explorer,,,text,80,8,true
Famous Personalities,hard,Which option is most directly linked to Famous Personalities?,horsepower,air traffic,Economics,athlete,athlete,,,text,80,8,true
Famous Personalities,hard,Choose the most accurate term for Famous Personalities.,explorer,wellness,flavor,director,explorer,,,text,80,8,true
World Leaders,easy,Which option belongs to World Leaders?,single,gold medal,adverb,monarch,monarch,,,text,20,12,true
World Leaders,easy,Which of these fits the topic World Leaders?,diplomacy,hero,oasis,recursion,diplomacy,,,text,20,12,true
World Leaders,easy,Which of these fits the topic World Leaders?,mitochondria,telescope,color palette,chancellor,chancellor,,,text,20,12,true
World Leaders,easy,Which of these is related to World Leaders?,DOM,acquisition,head of state,adjective,head of state,,,text,20,12,true
World Leaders,easy,Which of these is related to World Leaders?,election,asset,browser,Tamil Nadu,election,,,text,20,12,true
World Leaders,easy,Choose the item most linked to World Leaders.,chancellor,transmission,ritual,chorus,chancellor,,,text,20,12,true
World Leaders,easy,Choose the item most linked to World Leaders.,level,monarch,inflation,microscope,monarch,,,text,20,12,true
World Leaders,easy,Which of these fits the topic World Leaders?,president,billboard,watercolor,bull market,president,,,text,20,12,true
World Leaders,easy,Pick the correct term for World Leaders.,Indus Valley,Cold War,delta,election,election,,,text,20,12,true
World Leaders,easy,Which of these fits the topic World Leaders?,data structure,banner,chancellor,depth of field,chancellor,,,text,20,12,true
World Leaders,easy,Which option belongs to World Leaders?,screenplay,virtualenv,election,Nile,election,,,text,20,12,true
World Leaders,easy,Pick the correct term for World Leaders.,Red Sea,institution,parliament,UI thread,parliament,,,text,20,12,true
World Leaders,easy,Select a term associated with World Leaders.,platform,diplomacy,pattern,noun,diplomacy,,,text,20,12,true
World Leaders,easy,Select a term associated with World Leaders.,expression,sanctuary,election,blueprint,election,,,text,20,12,true
World Leaders,easy,Which of these is related to World Leaders?,World War I,promotion,leader,parliament,parliament,,,text,20,12,true
World Leaders,easy,Which option belongs to World Leaders?,brake,mulch,Indian Ocean,head of state,head of state,,,text,20,12,true
World Leaders,easy,Which of these fits the topic World Leaders?,aperture,cabinet,processor,Ashoka,cabinet,,,text,20,12,true
World Leaders,easy,Select a term associated with World Leaders.,Asgard,nervous system,chancellor,fuselage,chancellor,,,text,20,12,true
World Leaders,medium,Choose the term that best represents World Leaders.,flavor,aerodynamics,president,dish,president,,,text,40,10,true
World Leaders,medium,Which option is a key concept in World Leaders?,infrastructure,posture,Kerala,cabinet,cabinet,,,text,40,10,true
World Leaders,medium,Pick the concept that best matches World Leaders.,landing gear,diplomacy,entrepreneur,flag ratio,diplomacy,,,text,40,10,true
World Leaders,medium,Which option is a key concept in World Leaders?,cabinet,nominee,cuisine,mindfulness,cabinet,,,text,40,10,true
World Leaders,medium,Which of these is a core idea in World Leaders?,taste,marketing,president,Nobel Prize,president,,,text,40,10,true
World Leaders,medium,Which term is most commonly used in World Leaders?,color,sedan,monarch,Physics,monarch,,,text,40,10,true
World Leaders,medium,Which option aligns with World Leaders?,Academy Awards,prime minister,cuisine,fertilizer,prime minister,,,text,40,10,true
World Leaders,medium,Choose the term that best represents World Leaders.,brake,spice,head of state,athlete,head of state,,,text,40,10,true
World Leaders,medium,Which option is a key concept in World Leaders?,head of state,Bihar,currency symbol,irrigation,head of state,,,text,40,10,true
World Leaders,medium,Pick the concept that best matches World Leaders.,cabinet,flavor,statuette,chassis,cabinet,,,text,40,10,true
World Leaders,medium,Which of these is a core idea in World Leaders?,fuselage,Stockholm,pesticide,election,election,,,text,40,10,true
World Leaders,medium,Which option aligns with World Leaders?,cabinet,Assam,coin,Stockholm,cabinet,,,text,40,10,true
World Leaders,medium,Which term is most commonly used in World Leaders?,emblem,summit,election cycle,Medicine,summit,,,text,40,10,true
World Leaders,medium,Which option is a key concept in World Leaders?,parliament,chassis,spice,livestock,parliament,,,text,40,10,true
World Leaders,medium,Which option is a key concept in World Leaders?,taste,seed,monarch,sauce,monarch,,,text,40,10,true
World Leaders,medium,Which of these is a core idea in World Leaders?,red carpet,composer,monarch,cockpit,monarch,,,text,40,10,true
World Leaders,medium,Which of these is a core idea in World Leaders?,internet,soil,crop,monarch,monarch,,,text,40,10,true
World Leaders,medium,Which option is a key concept in World Leaders?,soil,president,Economics,banner,president,,,text,40,10,true
World Leaders,hard,Select the most precise term for World Leaders.,election,Chemistry,global economy,radio,election,,,text,80,8,true
World Leaders,hard,Select the most precise term for World Leaders.,Academy Awards,Gujarat,stretch,chancellor,chancellor,,,text,80,8,true
World Leaders,hard,Which term is the closest match to World Leaders?,parliament,Rajasthan,banknote,Assam,parliament,,,text,80,8,true
World Leaders,hard,Which option is most directly linked to World Leaders?,irrigation,runway,air traffic,head of state,head of state,,,text,80,8,true
World Leaders,hard,Which option is most directly linked to World Leaders?,prime minister,trade agreement,gearbox,farm,prime minister,,,text,80,8,true
World Leaders,hard,Choose the most accurate term for World Leaders.,yield,election,color,symbol,election,,,text,80,8,true
World Leaders,hard,Select the most precise term for World Leaders.,dish,jet engine,prime minister,wellness,prime minister,,,text,80,8,true
World Leaders,hard,Pick the most specific concept tied to World Leaders.,diplomacy,flavor,cabinet,asana,cabinet,,,text,80,8,true
World Leaders,hard,Which option best characterizes World Leaders?,Gujarat,head of state,horsepower,crop,head of state,,,text,80,8,true
World Leaders,hard,Choose the most accurate term for World Leaders.,mindfulness,air traffic,diplomacy,ingredient,diplomacy,,,text,80,8,true
World Leaders,hard,Pick the most specific concept tied to World Leaders.,monarch,exchange rate,inflation,philanthropist,monarch,,,text,80,8,true
World Leaders,hard,Choose the most accurate term for World Leaders.,statuette,suspension,parliament,policy debate,parliament,,,text,80,8,true
World Leaders,hard,Which term is most specifically associated with World Leaders?,chancellor,ingredient,Kerala,Karnataka,chancellor,,,text,80,8,true
World Leaders,hard,Which term is the closest match to World Leaders?,cabinet,inventor,stripe,inflation,cabinet,,,text,80,8,true
World Leaders,hard,Select the most precise term for World Leaders.,statuette,Peace,president,banknote,president,,,text,80,8,true
World Leaders,hard,Pick the most specific concept tied to World Leaders.,president,bake,altitude,slogan,president,,,text,80,8,true
World Leaders,hard,Which option best characterizes World Leaders?,breathing,torque,athlete,diplomacy,diplomacy,,,text,80,8,true
World Leaders,hard,Which option is most directly linked to World Leaders?,electricity,prime minister,emblem,vaccination,prime minister,,,text,80,8,true
World Leaders,hard,Pick the most specific concept tied to World Leaders.,cabinet,Bihar,fertilizer,emblem,cabinet,,,text,80,8,true
World Leaders,hard,Choose the most accurate term for World Leaders.,diplomacy,slogan,Hollywood,Punjab,diplomacy,,,text,80,8,true
World Leaders,hard,Select the best-fit term for World Leaders.,Best Picture,icon,grill,president,president,,,text,80,8,true
World Leaders,hard,Pick the most specific concept tied to World Leaders.,steam engine,livestock,sauce,prime minister,prime minister,,,text,80,8,true
World Leaders,hard,Select the best-fit term for World Leaders.,livestock,parliament,Punjab,grill,parliament,,,text,80,8,true
World Leaders,hard,Which term is most specifically associated with World Leaders?,Literature,scientist,symbol,chancellor,chancellor,,,text,80,8,true
Olympic Games,easy,Select a term associated with Olympic Games.,box office,jet engine,robot arm,records,records,,,text,20,12,true
Olympic Games,easy,Choose the item most linked to Olympic Games.,structural,gold medal,stretch,Best Actress,gold medal,,,text,20,12,true
Olympic Games,easy,Choose the item most linked to Olympic Games.,relay,pawn,continuity,battery,relay,,,text,20,12,true
Olympic Games,easy,Which option belongs to Olympic Games?,prayer,records,queen,wildlife reserve,records,,,text,20,12,true
Olympic Games,easy,Which of these fits the topic Olympic Games?,policy,shipping,digestive system,opening ceremony,opening ceremony,,,text,20,12,true
Olympic Games,easy,Pick the correct term for Olympic Games.,Olympiad,SEO,tangent line,ecosystem,Olympiad,,,text,20,12,true
Olympic Games,easy,Select a term associated with Olympic Games.,Olympiad,habitat,farm,firewall,Olympiad,,,text,20,12,true
Olympic Games,easy,Choose the item most linked to Olympic Games.,diplomacy,supernova,Atacama,qualifier,qualifier,,,text,20,12,true
Olympic Games,easy,Which of these is related to Olympic Games?,hospital,artist,host city,president,host city,,,text,20,12,true
Olympic Games,easy,Select a term associated with Olympic Games.,actuator,autonomy,cognition,relay,relay,,,text,20,12,true
Olympic Games,easy,Which of these is related to Olympic Games?,qualifier,vaccination,achievement,node,qualifier,,,text,20,12,true
Olympic Games,easy,Which option belongs to Olympic Games?,podium,Punjab,polygon,emissions,podium,,,text,20,12,true
Olympic Games,easy,Which of these fits the topic Olympic Games?,podium,equator,forehand,energy,podium,,,text,20,12,true
Olympic Games,easy,Pick the correct term for Olympic Games.,volatility,epic,ecology,qualifier,qualifier,,,text,20,12,true
Olympic Games,easy,Pick the correct term for Olympic Games.,device,switch,hemisphere,athletics,athletics,,,text,20,12,true
Olympic Games,easy,Which of these fits the topic Olympic Games?,Olympiad,cape,deviance,adverb,Olympiad,,,text,20,12,true
Olympic Games,easy,Select a term associated with Olympic Games.,Olympiad,wicket,metabolism,noun,Olympiad,,,text,20,12,true
Olympic Games,easy,Select a term associated with Olympic Games.,molecule,athletics,stock exchange,Academy Awards,athletics,,,text,20,12,true
Olympic Games,medium,Which option aligns with Olympic Games?,RPG,pawn,backboard,athletics,athletics,,,text,40,10,true
Olympic Games,medium,Which option is a key concept in Olympic Games?,podium,three-pointer,console,stump,podium,,,text,40,10,true
Olympic Games,medium,Which term is most commonly used in Olympic Games?,pivot,rally,pawn,qualifier,qualifier,,,text,40,10,true
Olympic Games,medium,Which of these is a core idea in Olympic Games?,match point,athletics,forehand,endgame,athletics,,,text,40,10,true
Olympic Games,medium,Which option aligns with Olympic Games?,defender,relay,innings,midfielder,relay,,,text,40,10,true
Olympic Games,medium,Pick the concept that best matches Olympic Games.,match point,castling,Olympiad,corner kick,Olympiad,,,text,40,10,true
Olympic Games,medium,Which option aligns with Olympic Games?,dribble,backboard,relay,checkmate,relay,,,text,40,10,true
Olympic Games,medium,Which option aligns with Olympic Games?,defender,offside,forehand,qualifier,qualifier,,,text,40,10,true
Olympic Games,medium,Which option is a key concept in Olympic Games?,gold medal,queen,graphics,rally,gold medal,,,text,40,10,true
Olympic Games,medium,Which option aligns with Olympic Games?,knight,baseline,backboard,gold medal,gold medal,,,text,40,10,true
Olympic Games,medium,Which of these is a core idea in Olympic Games?,penalty,relay,batsman,three-pointer,relay,,,text,40,10,true
Olympic Games,medium,Choose the term that best represents Olympic Games.,torch,opening,net,bowler,torch,,,text,40,10,true
Olympic Games,medium,Which option is a key concept in Olympic Games?,ace,checkmate,esports,qualifier,qualifier,,,text,40,10,true
Olympic Games,medium,Which option is a key concept in Olympic Games?,gold medal,goalkeeper,ace,striker,gold medal,,,text,40,10,true
Olympic Games,medium,Which term is most commonly used in Olympic Games?,host city,net,deuce,match point,host city,,,text,40,10,true
Olympic Games,medium,Which of these is a core idea in Olympic Games?,opening,esports,records,console,records,,,text,40,10,true
Olympic Games,medium,Which of these is a core idea in Olympic Games?,pitch,boundary,gold medal,baseline,gold medal,,,text,40,10,true
Olympic Games,medium,Which of these is a core idea in Olympic Games?,run rate,podium,backhand,stalemate,podium,,,text,40,10,true
Olympic Games,hard,Pick the most specific concept tied to Olympic Games.,Olympiad,midfielder,backboard,castling,Olympiad,,,text,80,8,true
Olympic Games,hard,Choose the most accurate term for Olympic Games.,guild,over,podium,assist,podium,,,text,80,8,true
Olympic Games,hard,Choose the most accurate term for Olympic Games.,rook,foul,controller,qualifier,qualifier,,,text,80,8,true
Olympic Games,hard,Select the most precise term for Olympic Games.,knight,backhand,relay,defender,relay,,,text,80,8,true
Olympic Games,hard,Which option is most directly linked to Olympic Games?,deuce,knight,opening ceremony,backboard,opening ceremony,,,text,80,8,true
Olympic Games,hard,Which option is most directly linked to Olympic Games?,goal,controller,gold medal,knight,gold medal,,,text,80,8,true
Olympic Games,hard,Which term is the closest match to Olympic Games?,stump,stalemate,qualifier,match point,qualifier,,,text,80,8,true
Olympic Games,hard,Which option is most directly linked to Olympic Games?,torch,goal,boundary,corner kick,torch,,,text,80,8,true
Olympic Games,hard,Which option best characterizes Olympic Games?,host city,shot clock,graphics,checkmate,host city,,,text,80,8,true
Olympic Games,hard,Which option is most directly linked to Olympic Games?,pitch,host city,LBW,forehand,host city,,,text,80,8,true
Olympic Games,hard,Which option is most directly linked to Olympic Games?,shot clock,net,host city,formation,host city,,,text,80,8,true
Olympic Games,hard,Which term is most specifically associated with Olympic Games?,ace,records,serve,net,records,,,text,80,8,true
Olympic Games,hard,Which option is most directly linked to Olympic Games?,batsman,gold medal,stalemate,deuce,gold medal,,,text,80,8,true
Olympic Games,hard,Select the best-fit term for Olympic Games.,batsman,opening ceremony,over,penalty,opening ceremony,,,text,80,8,true
Olympic Games,hard,Which option best characterizes Olympic Games?,podium,baseline,checkmate,foul,podium,,,text,80,8,true
Olympic Games,hard,Which option best characterizes Olympic Games?,rally,free throw,host city,baseline,host city,,,text,80,8,true
Olympic Games,hard,Choose the most accurate term for Olympic Games.,qualifier,net,boundary,serve,qualifier,,,text,80,8,true
Olympic Games,hard,Choose the most accurate term for Olympic Games.,assist,host city,ace,rally,host city,,,text,80,8,true
Olympic Games,hard,Which option best characterizes Olympic Games?,serve,multiplayer,host city,midfielder,host city,,,text,80,8,true
Olympic Games,hard,Which option is most directly linked to Olympic Games?,opening ceremony,pawn,baseline,wicket,opening ceremony,,,text,80,8,true
Olympic Games,hard,Which term is most specifically associated with Olympic Games?,innings,podium,three-pointer,opening,podium,,,text,80,8,true
Olympic Games,hard,Which option is most directly linked to Olympic Games?,RPG,checkmate,podium,dribble,podium,,,text,80,8,true
Olympic Games,hard,Select the best-fit term for Olympic Games.,gold medal,backhand,pivot,deuce,gold medal,,,text,80,8,true
Olympic Games,hard,Pick the most specific concept tied to Olympic Games.,records,pitch,assist,graphics,records,,,text,80,8,true
Cricket,easy,Which of these is related to Cricket?,design,polytheism,stump,altitude,stump,,,text,20,12,true
Cricket,easy,Select a term associated with Cricket.,boundary,semantics,Treaty of Versailles,Apollo,boundary,,,text,20,12,true
Cricket,easy,Which option belongs to Cricket?,diplomacy,habitat,pitch,opportunity cost,pitch,,,text,20,12,true
Cricket,easy,Which of these is related to Cricket?,baroque,gravity,stump,electricity,stump,,,text,20,12,true
Cricket,easy,Which of these fits the topic Cricket?,horsepower,batsman,gene,Ares,batsman,,,text,20,12,true
Cricket,easy,Pick the correct term for Cricket.,opening,boundary,Assam,packaging,boundary,,,text,20,12,true
Cricket,easy,Pick the correct term for Cricket.,stratification,gravity,follower,run rate,run rate,,,text,20,12,true
Cricket,easy,Which option belongs to Cricket?,conservation,Yggdrasil,prime number,pitch,pitch,,,text,20,12,true
Cricket,easy,Select a term associated with Cricket.,stanza,package,volcanic island,LBW,LBW,,,text,20,12,true
Cricket,easy,Which of these fits the topic Cricket?,LBW,funnel,icon,inflation,LBW,,,text,20,12,true
Cricket,easy,Pick the correct term for Cricket.,Don Quixote,billionaire,composer,boundary,boundary,,,text,20,12,true
Cricket,easy,Choose the item most linked to Cricket.,patient,multiple,stump,TCP,stump,,,text,20,12,true
Cricket,easy,Which of these fits the topic Cricket?,innings,risk,robot arm,map scale,innings,,,text,20,12,true
Cricket,easy,Pick the correct term for Cricket.,athletics,producer,training data,stump,stump,,,text,20,12,true
Cricket,easy,Which option belongs to Cricket?,boundary,heart,Asgard,radius,boundary,,,text,20,12,true
Cricket,easy,Pick the correct term for Cricket.,run rate,conductor,robot,patent,run rate,,,text,20,12,true
Cricket,easy,Choose the item most linked to Cricket.,radius,automation,Rebellion of 1857,run rate,run rate,,,text,20,12,true
Cricket,easy,Select a term associated with Cricket.,wicket,cinematography,database,ionic bond,wicket,,,text,20,12,true
Cricket,medium,Which term is most commonly used in Cricket?,stump,athletics,multiplayer,castling,stump,,,text,40,10,true
Cricket,medium,Choose the term that best represents Cricket.,net,podium,boundary,offside,boundary,,,text,40,10,true
Cricket,medium,Select the most relevant term for Cricket.,innings,athletics,goal,rebound,innings,,,text,40,10,true
Cricket,medium,Which term is most commonly used in Cricket?,pitch,corner kick,endgame,three-pointer,pitch,,,text,40,10,true
Cricket,medium,Which option aligns with Cricket?,guild,pitch,opening ceremony,free kick,pitch,,,text,40,10,true
Cricket,medium,Choose the term that best represents Cricket.,three-pointer,over,checkmate,striker,over,,,text,40,10,true
Cricket,medium,Which option aligns with Cricket?,athletics,guild,stump,formation,stump,,,text,40,10,true
Cricket,medium,Which option aligns with Cricket?,queen,innings,checkmate,rook,innings,,,text,40,10,true
Cricket,medium,Which of these is a core idea in Cricket?,gold medal,Olympiad,endgame,boundary,boundary,,,text,40,10,true
Cricket,medium,Select the most relevant term for Cricket.,pawn,records,serve,bowler,bowler,,,text,40,10,true
Cricket,medium,Choose the term that best represents Cricket.,free throw,wicket,pawn,dunk,wicket,,,text,40,10,true
Cricket,medium,Choose the term that best represents Cricket.,dribble,opening,boundary,free throw,boundary,,,text,40,10,true
Cricket,medium,Which option aligns with Cricket?,wicket,guild,achievement,foul,wicket,,,text,40,10,true
Cricket,medium,Which term is most commonly used in Cricket?,free kick,esports,boundary,pivot,boundary,,,text,40,10,true
Cricket,medium,Which option aligns with Cricket?,gold medal,checkmate,net,wicket,wicket,,,text,40,10,true
Cricket,medium,Select the most relevant term for Cricket.,batsman,backboard,checkmate,opening,batsman,,,text,40,10,true
Cricket,medium,Which option is a key concept in Cricket?,goal,net,queen,batsman,batsman,,,text,40,10,true
Cricket,medium,Which of these is a core idea in Cricket?,offside,guild,stump,foul,stump,,,text,40,10,true
Cricket,hard,Which option is most directly linked to Cricket?,ace,stump,shot clock,host city,stump,,,text,80,8,true
Cricket,hard,Which option is most directly linked to Cricket?,penalty,innings,knight,controller,innings,,,text,80,8,true
Cricket,hard,Which term is most specifically associated with Cricket?,corner kick,graphics,backhand,stump,stump,,,text,80,8,true
Cricket,hard,Which option is most directly linked to Cricket?,stalemate,batsman,opening ceremony,RPG,batsman,,,text,80,8,true
Cricket,hard,Which term is the closest match to Cricket?,offside,backboard,checkmate,batsman,batsman,,,text,80,8,true
Cricket,hard,Which option is most directly linked to Cricket?,goal,set,level,wicket,wicket,,,text,80,8,true
Cricket,hard,Which term is most specifically associated with Cricket?,foul,wicket,match point,free throw,wicket,,,text,80,8,true
Cricket,hard,Select the best-fit term for Cricket.,penalty,three-pointer,multiplayer,run rate,run rate,,,text,80,8,true
Cricket,hard,Choose the most accurate term for Cricket.,stump,rook,rebound,backboard,stump,,,text,80,8,true
Cricket,hard,Which term is the closest match to Cricket?,endgame,gold medal,records,batsman,batsman,,,text,80,8,true
Cricket,hard,Select the best-fit term for Cricket.,podium,innings,penalty,achievement,innings,,,text,80,8,true
Cricket,hard,Select the most precise term for Cricket.,bowler,striker,gold medal,rebound,bowler,,,text,80,8,true
Cricket,hard,Choose the most accurate term for Cricket.,controller,queen,gold medal,pitch,pitch,,,text,80,8,true
Cricket,hard,Select the most precise term for Cricket.,checkmate,LBW,relay,knight,LBW,,,text,80,8,true
Cricket,hard,Pick the most specific concept tied to Cricket.,host city,gold medal,batsman,qualifier,batsman,,,text,80,8,true
Cricket,hard,Pick the most specific concept tied to Cricket.,pitch,goal,checkmate,rook,pitch,,,text,80,8,true
Cricket,hard,Which term is most specifically associated with Cricket?,controller,over,penalty,podium,over,,,text,80,8,true
Cricket,hard,Select the most precise term for Cricket.,ace,baseline,batsman,deuce,batsman,,,text,80,8,true
Cricket,hard,Choose the most accurate term for Cricket.,gold medal,host city,knight,bowler,bowler,,,text,80,8,true
Cricket,hard,Which term is most specifically associated with Cricket?,castling,offside,backhand,innings,innings,,,text,80,8,true
Cricket,hard,Select the most precise term for Cricket.,console,over,rook,qualifier,over,,,text,80,8,true
Cricket,hard,Select the most precise term for Cricket.,backboard,serve,over,torch,over,,,text,80,8,true
Cricket,hard,Which option is most directly linked to Cricket?,records,torch,innings,dribble,innings,,,text,80,8,true
Cricket,hard,Which option best characterizes Cricket?,podium,over,pivot,baseline,over,,,text,80,8,true
Football,easy,Which of these fits the topic Football?,skyscraper,goalkeeper,composer,cart,goalkeeper,,,text,20,12,true
Football,easy,Select a term associated with Football.,pronoun,free kick,multiple,robot,free kick,,,text,20,12,true
Football,easy,Which of these fits the topic Football?,goal,dialect,Economics,three-pointer,goal,,,text,20,12,true
Football,easy,Pick the correct term for Football.,Best Actor,flowerbed,DOM,midfielder,midfielder,,,text,20,12,true
Football,easy,Choose the item most linked to Football.,penalty,area under curve,Best Actress,Bluetooth,penalty,,,text,20,12,true
Football,easy,Pick the correct term for Football.,brain,periodic table,seed,striker,striker,,,text,20,12,true
Football,easy,Select a term associated with Football.,striker,Southern Ocean,post,fiscal policy,striker,,,text,20,12,true
Football,easy,Which option belongs to Football?,session,existence,seed,goal,goal,,,text,20,12,true
Football,easy,Choose the item most linked to Football.,deuce,formation,World War I,inference,formation,,,text,20,12,true
Football,easy,Pick the correct term for Football.,vaccine,epistemology,midfielder,island chain,midfielder,,,text,20,12,true
Football,easy,Which of these fits the topic Football?,defender,knight,comment,coefficient,defender,,,text,20,12,true
Football,easy,Which of these is related to Football?,recursion,goalkeeper,delta,dish,goalkeeper,,,text,20,12,true
Football,easy,Choose the item most linked to Football.,runway,corner kick,elasticity,altitude,corner kick,,,text,20,12,true
Football,easy,Which option belongs to Football?,Caribbean Sea,bias,midfielder,hypotenuse,midfielder,,,text,20,12,true
Football,easy,Choose the item most linked to Football.,Yggdrasil,penalty,Hamlet,Economics,penalty,,,text,20,12,true
Football,easy,Pick the correct term for Football.,free kick,entrepreneur,species,list comprehension,free kick,,,text,20,12,true
Football,easy,Which option belongs to Football?,diplomacy,Hindi cinema,façade,goal,goal,,,text,20,12,true
Football,easy,Select a term associated with Football.,TCP,goal,pawn,pivot,goal,,,text,20,12,true
Football,medium,Which option is a key concept in Football?,rook,goal,RPG,gold medal,goal,,,text,40,10,true
Football,medium,Select the most relevant term for Football.,guild,dribble,corner kick,controller,corner kick,,,text,40,10,true
Football,medium,Which term is most commonly used in Football?,rook,goal,free throw,graphics,goal,,,text,40,10,true
Football,medium,Choose the term that best represents Football.,dribble,striker,gold medal,over,striker,,,text,40,10,true
Football,medium,Which option aligns with Football?,ace,innings,goalkeeper,checkmate,goalkeeper,,,text,40,10,true
Football,medium,Select the most relevant term for Football.,knight,assist,queen,corner kick,corner kick,,,text,40,10,true
Football,medium,Which option is a key concept in Football?,midfielder,opening,multiplayer,rebound,midfielder,,,text,40,10,true
Football,medium,Pick the concept that best matches Football.,free throw,offside,gold medal,stump,offside,,,text,40,10,true
Football,medium,Which term is most commonly used in Football?,quest,graphics,goal,checkmate,goal,,,text,40,10,true
Football,medium,Select the most relevant term for Football.,free kick,achievement,Olympiad,serve,free kick,,,text,40,10,true
Football,medium,Select the most relevant term for Football.,console,midfielder,controller,boundary,midfielder,,,text,40,10,true
Football,medium,Pick the concept that best matches Football.,three-pointer,relay,podium,striker,striker,,,text,40,10,true
Football,medium,Which of these is a core idea in Football?,boundary,midfielder,gold medal,opening ceremony,midfielder,,,text,40,10,true
Football,medium,Choose the term that best represents Football.,deuce,torch,striker,stalemate,striker,,,text,40,10,true
Football,medium,Pick the concept that best matches Football.,achievement,level,defender,graphics,defender,,,text,40,10,true
Football,medium,Which option aligns with Football?,penalty,baseline,stalemate,match point,penalty,,,text,40,10,true
Football,medium,Pick the concept that best matches Football.,rally,RPG,free kick,foul,free kick,,,text,40,10,true
Football,medium,Select the most relevant term for Football.,set,penalty,qualifier,foul,penalty,,,text,40,10,true
Football,hard,Select the most precise term for Football.,qualifier,pitch,graphics,penalty,penalty,,,text,80,8,true
Football,hard,Which option best characterizes Football?,match point,records,goalkeeper,achievement,goalkeeper,,,text,80,8,true
Football,hard,Which term is most specifically associated with Football?,baseline,over,formation,checkmate,formation,,,text,80,8,true
Football,hard,Select the most precise term for Football.,striker,pawn,boundary,qualifier,striker,,,text,80,8,true
Football,hard,Select the best-fit term for Football.,console,free throw,guild,corner kick,corner kick,,,text,80,8,true
Football,hard,Pick the most specific concept tied to Football.,forehand,bishop,endgame,goalkeeper,goalkeeper,,,text,80,8,true
Football,hard,Which option best characterizes Football?,striker,achievement,dribble,wicket,striker,,,text,80,8,true
Football,hard,Pick the most specific concept tied to Football.,Olympiad,esports,serve,striker,striker,,,text,80,8,true
Football,hard,Which option best characterizes Football?,torch,pivot,penalty,multiplayer,penalty,,,text,80,8,true
Football,hard,Which option is most directly linked to Football?,records,dunk,penalty,qualifier,penalty,,,text,80,8,true
Football,hard,Which term is most specifically associated with Football?,rebound,goal,guild,records,goal,,,text,80,8,true
Football,hard,Select the best-fit term for Football.,podium,backboard,knight,corner kick,corner kick,,,text,80,8,true
Football,hard,Select the most precise term for Football.,shot clock,pivot,free kick,three-pointer,free kick,,,text,80,8,true
Football,hard,Which option best characterizes Football?,striker,multiplayer,wicket,rook,striker,,,text,80,8,true
Football,hard,Which term is most specifically associated with Football?,backboard,qualifier,opening,offside,offside,,,text,80,8,true
Football,hard,Pick the most specific concept tied to Football.,free kick,graphics,dunk,deuce,free kick,,,text,80,8,true
Football,hard,Which term is the closest match to Football?,three-pointer,offside,host city,endgame,offside,,,text,80,8,true
Football,hard,Which option is most directly linked to Football?,free kick,assist,controller,RPG,free kick,,,text,80,8,true
Football,hard,Which term is most specifically associated with Football?,over,opening ceremony,goal,ace,goal,,,text,80,8,true
Football,hard,Which term is the closest match to Football?,castling,corner kick,podium,stump,corner kick,,,text,80,8,true
Football,hard,Which option best characterizes Football?,rebound,relay,RPG,defender,defender,,,text,80,8,true
Football,hard,Which option is most directly linked to Football?,penalty,multiplayer,shot clock,backboard,penalty,,,text,80,8,true
Football,hard,Which term is the closest match to Football?,run rate,rebound,corner kick,knight,corner kick,,,text,80,8,true
Football,hard,Which option best characterizes Football?,knight,free kick,guild,net,free kick,,,text,80,8,true
Tennis,easy,Pick the correct term for Tennis.,match point,Bihar,carbon footprint,homeostasis,match point,,,text,20,12,true
Tennis,easy,Select a term associated with Tennis.,Ashoka,forehand,assist,Indus Valley,forehand,,,text,20,12,true
Tennis,easy,Choose the item most linked to Tennis.,electricity,Phoenicians,rally,oasis,rally,,,text,20,12,true
Tennis,easy,Pick the correct term for Tennis.,dribble,baroque,muscular system,net,net,,,text,20,12,true
Tennis,easy,Which of these fits the topic Tennis?,altitude,muscular system,continent,net,net,,,text,20,12,true
Tennis,easy,Which of these fits the topic Tennis?,match point,institution,perception,furniture,match point,,,text,20,12,true
Tennis,easy,Which of these is related to Tennis?,horsepower,vulnerability,knight,net,net,,,text,20,12,true
Tennis,easy,Which option belongs to Tennis?,sustainability,net,foundation,proof of work,net,,,text,20,12,true
Tennis,easy,Select a term associated with Tennis.,Sahara,façade,venture capital,net,net,,,text,20,12,true
Tennis,easy,Which of these fits the topic Tennis?,lens,smart contract,billboard,serve,serve,,,text,20,12,true
Tennis,easy,Choose the item most linked to Tennis.,pivot,baseline,queen,composition,baseline,,,text,20,12,true
Tennis,easy,Which of these is related to Tennis?,symptom,Zeus,backhand,servo,backhand,,,text,20,12,true
Tennis,easy,Which option belongs to Tennis?,perspective,Brahma,deuce,Borneo,deuce,,,text,20,12,true
Tennis,easy,Choose the item most linked to Tennis.,conversion,procurement,Gupta Empire,baseline,baseline,,,text,20,12,true
Tennis,easy,Which of these is related to Tennis?,motivation,dividend,trend,backhand,backhand,,,text,20,12,true
Tennis,easy,Pick the correct term for Tennis.,set,Best Actress,checkout,banknote,set,,,text,20,12,true
Tennis,easy,Which of these is related to Tennis?,rally,ice melt,goalkeeper,orbit,rally,,,text,20,12,true
Tennis,easy,Choose the item most linked to Tennis.,Peace,malware,rally,polymorphism,rally,,,text,20,12,true
Tennis,medium,Choose the term that best represents Tennis.,three-pointer,penalty,podium,set,set,,,text,40,10,true
Tennis,medium,Which option aligns with Tennis?,ace,batsman,penalty,guild,ace,,,text,40,10,true
Tennis,medium,Pick the concept that best matches Tennis.,relay,foul,backhand,guild,backhand,,,text,40,10,true
Tennis,medium,Choose the term that best represents Tennis.,gold medal,relay,backhand,qualifier,backhand,,,text,40,10,true
Tennis,medium,Which term is most commonly used in Tennis?,queen,free kick,gold medal,backhand,backhand,,,text,40,10,true
Tennis,medium,Which option aligns with Tennis?,corner kick,serve,foul,run rate,serve,,,text,40,10,true
Tennis,medium,Which option is a key concept in Tennis?,striker,host city,forehand,boundary,forehand,,,text,40,10,true
Tennis,medium,Choose the term that best represents Tennis.,backhand,foul,penalty,pitch,backhand,,,text,40,10,true
Tennis,medium,Which option aligns with Tennis?,esports,dribble,striker,baseline,baseline,,,text,40,10,true
Tennis,medium,Select the most relevant term for Tennis.,serve,controller,RPG,boundary,serve,,,text,40,10,true
Tennis,medium,Pick the concept that best matches Tennis.,rally,over,rebound,gold medal,rally,,,text,40,10,true
Tennis,medium,Choose the term that best represents Tennis.,pivot,gold medal,backhand,wicket,backhand,,,text,40,10,true
Tennis,medium,Choose the term that best represents Tennis.,qualifier,dunk,esports,rally,rally,,,text,40,10,true
Tennis,medium,Choose the term that best represents Tennis.,console,formation,serve,pivot,serve,,,text,40,10,true
Tennis,medium,Which of these is a core idea in Tennis?,three-pointer,qualifier,match point,stump,match point,,,text,40,10,true
Tennis,medium,Which option is a key concept in Tennis?,pitch,pivot,foul,baseline,baseline,,,text,40,10,true
Tennis,medium,Select the most relevant term for Tennis.,dribble,rally,dunk,bowler,rally,,,text,40,10,true
Tennis,medium,Which option is a key concept in Tennis?,corner kick,midfielder,backboard,match point,match point,,,text,40,10,true
Tennis,hard,Choose the most accurate term for Tennis.,knight,stump,penalty,ace,ace,,,text,80,8,true
Tennis,hard,Which option is most directly linked to Tennis?,forehand,innings,penalty,pawn,forehand,,,text,80,8,true
Tennis,hard,Pick the most specific concept tied to Tennis.,baseline,goal,opening ceremony,checkmate,baseline,,,text,80,8,true
Tennis,hard,Which term is most specifically associated with Tennis?,gold medal,baseline,foul,castling,baseline,,,text,80,8,true
Tennis,hard,Select the most precise term for Tennis.,stalemate,shot clock,rebound,forehand,forehand,,,text,80,8,true
Tennis,hard,Select the best-fit term for Tennis.,free kick,run rate,baseline,over,baseline,,,text,80,8,true
Tennis,hard,Select the most precise term for Tennis.,castling,deuce,podium,quest,deuce,,,text,80,8,true
Tennis,hard,Select the best-fit term for Tennis.,baseline,athletics,graphics,opening ceremony,baseline,,,text,80,8,true
Tennis,hard,Which term is most specifically associated with Tennis?,three-pointer,rebound,ace,dribble,ace,,,text,80,8,true
Tennis,hard,Choose the most accurate term for Tennis.,LBW,controller,set,batsman,set,,,text,80,8,true
Tennis,hard,Which term is most specifically associated with Tennis?,goalkeeper,rebound,pitch,baseline,baseline,,,text,80,8,true
Tennis,hard,Which option is most directly linked to Tennis?,shot clock,host city,backhand,Olympiad,backhand,,,text,80,8,true
Tennis,hard,Which option best characterizes Tennis?,qualifier,checkmate,rally,free kick,rally,,,text,80,8,true
Tennis,hard,Which option best characterizes Tennis?,host city,graphics,rally,esports,rally,,,text,80,8,true
Tennis,hard,Which term is the closest match to Tennis?,knight,torch,baseline,penalty,baseline,,,text,80,8,true
Tennis,hard,Choose the most accurate term for Tennis.,bowler,RPG,baseline,podium,baseline,,,text,80,8,true
Tennis,hard,Which option is most directly linked to Tennis?,serve,goalkeeper,goal,records,serve,,,text,80,8,true
Tennis,hard,Which option best characterizes Tennis?,bishop,backhand,formation,console,backhand,,,text,80,8,true
Tennis,hard,Which term is the closest match to Tennis?,endgame,RPG,forehand,backboard,forehand,,,text,80,8,true
Tennis,hard,Which option best characterizes Tennis?,offside,pitch,serve,penalty,serve,,,text,80,8,true
Tennis,hard,Choose the most accurate term for Tennis.,rally,goal,level,midfielder,rally,,,text,80,8,true
Tennis,hard,Which option is most directly linked to Tennis?,shot clock,athletics,set,queen,set,,,text,80,8,true
Tennis,hard,Which option best characterizes Tennis?,bowler,deuce,defender,run rate,deuce,,,text,80,8,true
Tennis,hard,Select the most precise term for Tennis.,goalkeeper,bishop,match point,three-pointer,match point,,,text,80,8,true
Basketball,easy,Which option belongs to Basketball?,rebound,conglomerate,clergy,biodiversity,rebound,,,text,20,12,true
Basketball,easy,Which option belongs to Basketball?,firewall,dribble,subject,complexity,dribble,,,text,20,12,true
Basketball,easy,Choose the item most linked to Basketball.,percentage,ISP,pivot,robot arm,pivot,,,text,20,12,true
Basketball,easy,Which of these is related to Basketball?,sonnet,trade agreement,Treaty of Versailles,dunk,dunk,,,text,20,12,true
Basketball,easy,Select a term associated with Basketball.,Hera,latency,free throw,phonetics,free throw,,,text,20,12,true
Basketball,easy,Select a term associated with Basketball.,Literature,pivot,dividend,director,pivot,,,text,20,12,true
Basketball,easy,Select a term associated with Basketball.,sensor,protein,dribble,recursion,dribble,,,text,20,12,true
Basketball,easy,Select a term associated with Basketball.,GDP,backboard,Kalahari,preposition,backboard,,,text,20,12,true
Basketball,easy,Pick the correct term for Basketball.,fulfillment,arid,assist,PEP 8,assist,,,text,20,12,true
Basketball,easy,Which of these fits the topic Basketball?,assist,inventory,vaccine,inflation,assist,,,text,20,12,true
Basketball,easy,Which option belongs to Basketball?,assist,Lake Superior,cart,Iceland,assist,,,text,20,12,true
Basketball,easy,Select a term associated with Basketball.,light-year,dribble,venture capital,Zeus,dribble,,,text,20,12,true
Basketball,easy,Select a term associated with Basketball.,mind,assist,floor plan,treatment,assist,,,text,20,12,true
Basketball,easy,Which of these is related to Basketball?,marketing,backboard,receptor,Literature,backboard,,,text,20,12,true
Basketball,easy,Which option belongs to Basketball?,recursion,dribble,merger,thread,dribble,,,text,20,12,true
Basketball,easy,Which option belongs to Basketball?,App Store,limit,flag ratio,rebound,rebound,,,text,20,12,true
Basketball,easy,Which option belongs to Basketball?,ecology,prime minister,filmfare,dunk,dunk,,,text,20,12,true
Basketball,easy,Which of these is related to Basketball?,sequel,diplomacy,rebound,mission control,rebound,,,text,20,12,true
Basketball,medium,Which term is most commonly used in Basketball?,foul,level,pawn,guild,foul,,,text,40,10,true
Basketball,medium,Which term is most commonly used in Basketball?,athletics,endgame,free kick,foul,foul,,,text,40,10,true
Basketball,medium,Which of these is a core idea in Basketball?,dribble,stalemate,checkmate,guild,dribble,,,text,40,10,true
Basketball,medium,Select the most relevant term for Basketball.,boundary,innings,backboard,wicket,backboard,,,text,40,10,true
Basketball,medium,Which option aligns with Basketball?,formation,deuce,foul,stalemate,foul,,,text,40,10,true
Basketball,medium,Which term is most commonly used in Basketball?,free throw,athletics,relay,wicket,free throw,,,text,40,10,true
Basketball,medium,Select the most relevant term for Basketball.,athletics,multiplayer,bowler,assist,assist,,,text,40,10,true
Basketball,medium,Pick the concept that best matches Basketball.,stalemate,athletics,goalkeeper,rebound,rebound,,,text,40,10,true
Basketball,medium,Which term is most commonly used in Basketball?,batsman,shot clock,penalty,torch,shot clock,,,text,40,10,true
Basketball,medium,Which option is a key concept in Basketball?,serve,qualifier,foul,pawn,foul,,,text,40,10,true
Basketball,medium,Which term is most commonly used in Basketball?,striker,RPG,opening ceremony,shot clock,shot clock,,,text,40,10,true
Basketball,medium,Which option aligns with Basketball?,assist,graphics,goalkeeper,corner kick,assist,,,text,40,10,true
Basketball,medium,Which option aligns with Basketball?,rook,free throw,stalemate,checkmate,free throw,,,text,40,10,true
Basketball,medium,Which option is a key concept in Basketball?,net,rebound,console,queen,rebound,,,text,40,10,true
Basketball,medium,Choose the term that best represents Basketball.,striker,foul,net,bishop,foul,,,text,40,10,true
Basketball,medium,Choose the term that best represents Basketball.,torch,striker,relay,assist,assist,,,text,40,10,true
Basketball,medium,Pick the concept that best matches Basketball.,wicket,free throw,batsman,over,free throw,,,text,40,10,true
Basketball,medium,Pick the concept that best matches Basketball.,goalkeeper,stalemate,offside,dribble,dribble,,,text,40,10,true
Basketball,hard,Which option is most directly linked to Basketball?,wicket,free throw,penalty,pitch,free throw,,,text,80,8,true
Basketball,hard,Which option best characterizes Basketball?,wicket,foul,defender,free kick,foul,,,text,80,8,true
Basketball,hard,Which option best characterizes Basketball?,pawn,wicket,stalemate,dunk,dunk,,,text,80,8,true
Basketball,hard,Pick the most specific concept tied to Basketball.,goal,athletics,match point,free throw,free throw,,,text,80,8,true
Basketball,hard,Which term is the closest match to Basketball?,set,dunk,boundary,deuce,dunk,,,text,80,8,true
Basketball,hard,Which term is the closest match to Basketball?,backboard,forehand,achievement,level,backboard,,,text,80,8,true
Basketball,hard,Which term is most specifically associated with Basketball?,serve,corner kick,pitch,free throw,free throw,,,text,80,8,true
Basketball,hard,Select the most precise term for Basketball.,penalty,bowler,ace,dunk,dunk,,,text,80,8,true
Basketball,hard,Which term is most specifically associated with Basketball?,set,backboard,guild,stalemate,backboard,,,text,80,8,true
Basketball,hard,Select the most precise term for Basketball.,midfielder,rally,assist,pitch,assist,,,text,80,8,true
Basketball,hard,Select the most precise term for Basketball.,backboard,deuce,forehand,stump,backboard,,,text,80,8,true
Basketball,hard,Select the best-fit term for Basketball.,serve,rally,wicket,foul,foul,,,text,80,8,true
Basketball,hard,Which option best characterizes Basketball?,qualifier,innings,pivot,console,pivot,,,text,80,8,true
Basketball,hard,Pick the most specific concept tied to Basketball.,host city,guild,dunk,midfielder,dunk,,,text,80,8,true
Basketball,hard,Which option best characterizes Basketball?,RPG,goal,formation,dunk,dunk,,,text,80,8,true
Basketball,hard,Which term is most specifically associated with Basketball?,knight,dunk,deuce,backhand,dunk,,,text,80,8,true
Basketball,hard,Choose the most accurate term for Basketball.,LBW,backboard,corner kick,graphics,backboard,,,text,80,8,true
Basketball,hard,Select the best-fit term for Basketball.,assist,qualifier,stalemate,opening ceremony,assist,,,text,80,8,true
Basketball,hard,Which term is the closest match to Basketball?,achievement,forehand,dunk,opening,dunk,,,text,80,8,true
Basketball,hard,Select the best-fit term for Basketball.,RPG,rebound,serve,endgame,rebound,,,text,80,8,true
Basketball,hard,Which option best characterizes Basketball?,athletics,pivot,achievement,records,pivot,,,text,80,8,true
Basketball,hard,Pick the most specific concept tied to Basketball.,guild,dribble,batsman,run rate,dribble,,,text,80,8,true
Basketball,hard,Which term is the closest match to Basketball?,midfielder,pawn,dunk,RPG,dunk,,,text,80,8,true
Basketball,hard,Which option best characterizes Basketball?,knight,guild,dunk,level,dunk,,,text,80,8,true
Chess,easy,Choose the item most linked to Chess.,post,castling,sensor,flexibility,castling,,,text,20,12,true
Chess,easy,Choose the item most linked to Chess.,endgame,chain rule,expert system,wellness,endgame,,,text,20,12,true
Chess,easy,Choose the item most linked to Chess.,symptom,function,queen,producer,queen,,,text,20,12,true
Chess,easy,Which of these is related to Chess?,character,assist,castling,velocity,castling,,,text,20,12,true
Chess,easy,Select a term associated with Chess.,bioavailability,Stockholm,CSS,checkmate,checkmate,,,text,20,12,true
Chess,easy,Which of these fits the topic Chess?,castling,JavaScript,Gobi,stock exchange,castling,,,text,20,12,true
Chess,easy,Which of these is related to Chess?,prime meridian,scientist,brand identity,knight,knight,,,text,20,12,true
Chess,easy,Select a term associated with Chess.,order,checkmate,smart contract,supply,checkmate,,,text,20,12,true
Chess,easy,Choose the item most linked to Chess.,stalemate,bioavailability,host city,Brahma,stalemate,,,text,20,12,true
Chess,easy,Select a term associated with Chess.,recycling,World War II,knight,guild,knight,,,text,20,12,true
Chess,easy,Pick the correct term for Chess.,stalemate,Indian Ocean,cell,regression,stalemate,,,text,20,12,true
Chess,easy,Which of these is related to Chess?,Southern Ocean,heuristic,castling,Gobi,castling,,,text,20,12,true
Chess,easy,Which option belongs to Chess?,serve,stalemate,pharmacokinetics,root,stalemate,,,text,20,12,true
Chess,easy,Pick the correct term for Chess.,defender,wicket,pawn,director,pawn,,,text,20,12,true
Chess,easy,Which of these is related to Chess?,funnel,complexity,queen,billboard,queen,,,text,20,12,true
Chess,easy,Pick the correct term for Chess.,opening ceremony,prey,consensus,knight,knight,,,text,20,12,true
Chess,easy,Which option belongs to Chess?,torch,dosage,checkmate,HTTP,checkmate,,,text,20,12,true
Chess,easy,Which of these is related to Chess?,inequality,diagnosis,stalemate,orchestra,stalemate,,,text,20,12,true
Chess,medium,Pick the concept that best matches Chess.,pawn,guild,assist,baseline,pawn,,,text,40,10,true
Chess,medium,Select the most relevant term for Chess.,pawn,three-pointer,striker,offside,pawn,,,text,40,10,true
Chess,medium,Select the most relevant term for Chess.,checkmate,baseline,penalty,records,checkmate,,,text,40,10,true
Chess,medium,Pick the concept that best matches Chess.,stump,run rate,castling,rebound,castling,,,text,40,10,true
Chess,medium,Which option aligns with Chess?,queen,corner kick,free throw,offside,queen,,,text,40,10,true
Chess,medium,Which term is most commonly used in Chess?,athletics,guild,baseline,bishop,bishop,,,text,40,10,true
Chess,medium,Select the most relevant term for Chess.,midfielder,RPG,knight,torch,knight,,,text,40,10,true
Chess,medium,Which option is a key concept in Chess?,level,foul,striker,queen,queen,,,text,40,10,true
Chess,medium,Pick the concept that best matches Chess.,bowler,pawn,console,controller,pawn,,,text,40,10,true
Chess,medium,Choose the term that best represents Chess.,controller,wicket,corner kick,rook,rook,,,text,40,10,true
Chess,medium,Choose the term that best represents Chess.,forehand,opening,quest,Olympiad,opening,,,text,40,10,true
Chess,medium,Which option aligns with Chess?,stalemate,batsman,goal,quest,stalemate,,,text,40,10,true
Chess,medium,Which option aligns with Chess?,castling,wicket,ace,set,castling,,,text,40,10,true
Chess,medium,Which option aligns with Chess?,multiplayer,host city,bishop,goalkeeper,bishop,,,text,40,10,true
Chess,medium,Which option is a key concept in Chess?,checkmate,bowler,gold medal,host city,checkmate,,,text,40,10,true
Chess,medium,Which option aligns with Chess?,queen,host city,foul,midfielder,queen,,,text,40,10,true
Chess,medium,Select the most relevant term for Chess.,set,torch,relay,opening,opening,,,text,40,10,true
Chess,medium,Select the most relevant term for Chess.,records,guild,checkmate,wicket,checkmate,,,text,40,10,true
Chess,hard,Select the best-fit term for Chess.,castling,serve,stump,offside,castling,,,text,80,8,true
Chess,hard,Select the best-fit term for Chess.,endgame,goal,batsman,LBW,endgame,,,text,80,8,true
Chess,hard,Which term is the closest match to Chess?,ace,rook,pitch,match point,rook,,,text,80,8,true
Chess,hard,Which term is most specifically associated with Chess?,pivot,pawn,innings,offside,pawn,,,text,80,8,true
Chess,hard,Select the best-fit term for Chess.,batsman,corner kick,endgame,run rate,endgame,,,text,80,8,true
Chess,hard,Which option is most directly linked to Chess?,backboard,bishop,guild,assist,bishop,,,text,80,8,true
Chess,hard,Pick the most specific concept tied to Chess.,goalkeeper,opening,foul,controller,opening,,,text,80,8,true
Chess,hard,Which term is most specifically associated with Chess?,host city,esports,multiplayer,checkmate,checkmate,,,text,80,8,true
Chess,hard,Select the most precise term for Chess.,innings,bishop,LBW,rebound,bishop,,,text,80,8,true
Chess,hard,Choose the most accurate term for Chess.,checkmate,over,net,match point,checkmate,,,text,80,8,true
Chess,hard,Which term is the closest match to Chess?,achievement,run rate,free kick,bishop,bishop,,,text,80,8,true
Chess,hard,Choose the most accurate term for Chess.,corner kick,deuce,pawn,net,pawn,,,text,80,8,true
Chess,hard,Which term is the closest match to Chess?,serve,qualifier,checkmate,assist,checkmate,,,text,80,8,true
Chess,hard,Select the most precise term for Chess.,pivot,opening,records,boundary,opening,,,text,80,8,true
Chess,hard,Which term is most specifically associated with Chess?,opening,dunk,assist,foul,opening,,,text,80,8,true
Chess,hard,Select the most precise term for Chess.,penalty,rook,set,deuce,rook,,,text,80,8,true
Chess,hard,Which option is most directly linked to Chess?,goalkeeper,rook,net,graphics,rook,,,text,80,8,true
Chess,hard,Which term is most specifically associated with Chess?,penalty,esports,rook,free kick,rook,,,text,80,8,true
Chess,hard,Which term is the closest match to Chess?,graphics,athletics,opening,level,opening,,,text,80,8,true
Chess,hard,Which term is the closest match to Chess?,wicket,dunk,castling,assist,castling,,,text,80,8,true
Chess,hard,Which term is the closest match to Chess?,run rate,rebound,castling,controller,castling,,,text,80,8,true
Chess,hard,Which option best characterizes Chess?,rook,backboard,rebound,baseline,rook,,,text,80,8,true
Chess,hard,Pick the most specific concept tied to Chess.,bishop,pivot,midfielder,offside,bishop,,,text,80,8,true
Chess,hard,Which option is most directly linked to Chess?,penalty,relay,baseline,stalemate,stalemate,,,text,80,8,true
Movies (Hollywood),easy,Which option belongs to Movies (Hollywood)?,latitude,fossil fuels,Mughal Empire,screenplay,screenplay,,,text,20,12,true
Movies (Hollywood),easy,Pick the correct term for Movies (Hollywood).,angle,cinematography,drug,host city,cinematography,,,text,20,12,true
Movies (Hollywood),easy,Pick the correct term for Movies (Hollywood).,studio,like,playlist,equator,studio,,,text,20,12,true
Movies (Hollywood),easy,Which option belongs to Movies (Hollywood)?,Rebellion of 1857,director,theme,root,director,,,text,20,12,true
Movies (Hollywood),easy,Which option belongs to Movies (Hollywood)?,Yangtze,REST,premiere,masala,premiere,,,text,20,12,true
Movies (Hollywood),easy,Which option belongs to Movies (Hollywood)?,democracy,treatment,deviance,box office,box office,,,text,20,12,true
Movies (Hollywood),easy,Which option belongs to Movies (Hollywood)?,protected area,Oscar,seed,dollar,Oscar,,,text,20,12,true
Movies (Hollywood),easy,Choose the item most linked to Movies (Hollywood).,graphic novel,multiplayer,perspective,cinematography,cinematography,,,text,20,12,true
Movies (Hollywood),easy,Which option belongs to Movies (Hollywood)?,greenhouse gases,dollar,prime number,box office,box office,,,text,20,12,true
Movies (Hollywood),easy,Which of these is related to Movies (Hollywood)?,jet engine,illustration,market research,franchise,franchise,,,text,20,12,true
Movies (Hollywood),easy,Which of these is related to Movies (Hollywood)?,sequel,foul,Amazon,endangered,sequel,,,text,20,12,true
Movies (Hollywood),easy,Pick the correct term for Movies (Hollywood).,goalkeeper,studio,crest,Sumer,studio,,,text,20,12,true
Movies (Hollywood),easy,Pick the correct term for Movies (Hollywood).,gravity,promotion,cinematography,fabric,cinematography,,,text,20,12,true
Movies (Hollywood),easy,Which option belongs to Movies (Hollywood)?,circulatory system,Uttar Pradesh,robot,Oscar,Oscar,,,text,20,12,true
Movies (Hollywood),easy,Which option belongs to Movies (Hollywood)?,franchise,fertilizer,Valhalla,panel,franchise,,,text,20,12,true
Movies (Hollywood),easy,Which of these fits the topic Movies (Hollywood)?,studio,dosage,stalemate,star,studio,,,text,20,12,true
Movies (Hollywood),easy,Which of these is related to Movies (Hollywood)?,tangent,box office,market cap,statuette,box office,,,text,20,12,true
Movies (Hollywood),easy,Which of these fits the topic Movies (Hollywood)?,Sumer,share,battery,studio,studio,,,text,20,12,true
Movies (Hollywood),medium,Select the most relevant term for Movies (Hollywood).,sequel,aperture,director,fabric,sequel,,,text,40,10,true
Movies (Hollywood),medium,Which option aligns with Movies (Hollywood)?,silhouette,song sequence,box office,layout,box office,,,text,40,10,true
Movies (Hollywood),medium,Pick the concept that best matches Movies (Hollywood).,franchise,genre,playlist,design,franchise,,,text,40,10,true
Movies (Hollywood),medium,Which option is a key concept in Movies (Hollywood)?,playlist,franchise,conductor,concerto,franchise,,,text,40,10,true
Movies (Hollywood),medium,Which of these is a core idea in Movies (Hollywood)?,conductor,cinematography,theme,shutter speed,cinematography,,,text,40,10,true
Movies (Hollywood),medium,Which option aligns with Movies (Hollywood)?,oil paint,star,Oscar,camera,Oscar,,,text,40,10,true
Movies (Hollywood),medium,Choose the term that best represents Movies (Hollywood).,screenplay,movement,oil paint,Bollywood,screenplay,,,text,40,10,true
Movies (Hollywood),medium,Which option is a key concept in Movies (Hollywood)?,color palette,depth of field,vault,cinematography,cinematography,,,text,40,10,true
Movies (Hollywood),medium,Select the most relevant term for Movies (Hollywood).,blockbuster,star,conductor,runway,blockbuster,,,text,40,10,true
Movies (Hollywood),medium,Which option aligns with Movies (Hollywood)?,remix,baroque,landscape,Oscar,Oscar,,,text,40,10,true
Movies (Hollywood),medium,Which option aligns with Movies (Hollywood)?,concert,Oscar,gallery,focus,Oscar,,,text,40,10,true
Movies (Hollywood),medium,Which option is a key concept in Movies (Hollywood)?,floor plan,director,depth of field,vault,director,,,text,40,10,true
Movies (Hollywood),medium,Choose the term that best represents Movies (Hollywood).,sequel,color palette,exposure,structural,sequel,,,text,40,10,true
Movies (Hollywood),medium,Which term is most commonly used in Movies (Hollywood)?,façade,chorus,screenplay,minimalism,screenplay,,,text,40,10,true
Movies (Hollywood),medium,Pick the concept that best matches Movies (Hollywood).,premiere,silhouette,masala,hook,premiere,,,text,40,10,true
Movies (Hollywood),medium,Which option is a key concept in Movies (Hollywood)?,sequel,playback,skyscraper,ISO,sequel,,,text,40,10,true
Movies (Hollywood),medium,Which of these is a core idea in Movies (Hollywood)?,box office,symphony,pattern,remix,box office,,,text,40,10,true
Movies (Hollywood),medium,Which of these is a core idea in Movies (Hollywood)?,symphony,trend,franchise,perspective,franchise,,,text,40,10,true
Movies (Hollywood),hard,Pick the most specific concept tied to Movies (Hollywood).,perspective,premiere,playback,playlist,premiere,,,text,80,8,true
Movies (Hollywood),hard,Which term is most specifically associated with Movies (Hollywood)?,trend,opera,cinematography,vault,cinematography,,,text,80,8,true
Movies (Hollywood),hard,Which option is most directly linked to Movies (Hollywood)?,watercolor,playback,franchise,masala,franchise,,,text,80,8,true
Movies (Hollywood),hard,Which option is most directly linked to Movies (Hollywood)?,lens,Bollywood,Oscar,billboard,Oscar,,,text,80,8,true
Movies (Hollywood),hard,Choose the most accurate term for Movies (Hollywood).,chorus,franchise,album,playlist,franchise,,,text,80,8,true
Movies (Hollywood),hard,Which option is most directly linked to Movies (Hollywood)?,screenplay,conductor,lens,concert,screenplay,,,text,80,8,true
Movies (Hollywood),hard,Which term is most specifically associated with Movies (Hollywood)?,space planning,conductor,franchise,floor plan,franchise,,,text,80,8,true
Movies (Hollywood),hard,Which term is the closest match to Movies (Hollywood)?,column,foundation,sequel,director,sequel,,,text,80,8,true
Movies (Hollywood),hard,Which option best characterizes Movies (Hollywood)?,couture,strings,producer,sequel,sequel,,,text,80,8,true
Movies (Hollywood),hard,Pick the most specific concept tied to Movies (Hollywood).,abstract,director,Oscar,theme,Oscar,,,text,80,8,true
Movies (Hollywood),hard,Pick the most specific concept tied to Movies (Hollywood).,sequel,exposure,gallery,wardrobe,sequel,,,text,80,8,true
Movies (Hollywood),hard,Pick the most specific concept tied to Movies (Hollywood).,depth of field,screenplay,lens,concert,screenplay,,,text,80,8,true
Movies (Hollywood),hard,Which term is the closest match to Movies (Hollywood)?,exposure,franchise,palette,billboard,franchise,,,text,80,8,true
Movies (Hollywood),hard,Which option best characterizes Movies (Hollywood)?,lens,façade,premiere,lighting,premiere,,,text,80,8,true
Movies (Hollywood),hard,Which option is most directly linked to Movies (Hollywood)?,palette,filmfare,concerto,screenplay,screenplay,,,text,80,8,true
Movies (Hollywood),hard,Choose the most accurate term for Movies (Hollywood).,foundation,screenplay,skyscraper,palette,screenplay,,,text,80,8,true
Movies (Hollywood),hard,Which option is most directly linked to Movies (Hollywood)?,floor plan,lighting,playlist,Oscar,Oscar,,,text,80,8,true
Movies (Hollywood),hard,Choose the most accurate term for Movies (Hollywood).,gallery,single,textile,premiere,premiere,,,text,80,8,true
Movies (Hollywood),hard,Which term is most specifically associated with Movies (Hollywood)?,screenplay,design,remix,playlist,screenplay,,,text,80,8,true
Movies (Hollywood),hard,Which term is most specifically associated with Movies (Hollywood)?,album,layout,symphony,box office,box office,,,text,80,8,true
Movies (Hollywood),hard,Which option is most directly linked to Movies (Hollywood)?,genre,design,screenplay,canvas,screenplay,,,text,80,8,true
Movies (Hollywood),hard,Which option is most directly linked to Movies (Hollywood)?,blockbuster,silhouette,color palette,vault,blockbuster,,,text,80,8,true
Movies (Hollywood),hard,Which option best characterizes Movies (Hollywood)?,star,perspective,Oscar,accessory,Oscar,,,text,80,8,true
Movies (Hollywood),hard,Which term is most specifically associated with Movies (Hollywood)?,franchise,focus,floor plan,song sequence,franchise,,,text,80,8,true
Movies (Bollywood),easy,Choose the item most linked to Movies (Bollywood).,LBW,modernism,Hindi cinema,conversion,Hindi cinema,,,text,20,12,true
Movies (Bollywood),easy,Which of these fits the topic Movies (Bollywood)?,molecule,robot arm,patient,masala,masala,,,text,20,12,true
Movies (Bollywood),easy,Which option belongs to Movies (Bollywood)?,director,shipping,servo,democracy,director,,,text,20,12,true
Movies (Bollywood),easy,Pick the correct term for Movies (Bollywood).,statuette,rebrand,bear market,Bollywood,Bollywood,,,text,20,12,true
Movies (Bollywood),easy,Which of these fits the topic Movies (Bollywood)?,habitat,entrepreneur,Hamlet,dance,dance,,,text,20,12,true
Movies (Bollywood),easy,Which of these fits the topic Movies (Bollywood)?,author,box office,offside,generator,box office,,,text,20,12,true
Movies (Bollywood),easy,Which option belongs to Movies (Bollywood)?,crop,backhand,filmfare,telescope,filmfare,,,text,20,12,true
Movies (Bollywood),easy,Which option belongs to Movies (Bollywood)?,inequality,star,red carpet,quadratic,star,,,text,20,12,true
Movies (Bollywood),easy,Pick the correct term for Movies (Bollywood).,sensor,oasis,monopoly,playback,playback,,,text,20,12,true
Movies (Bollywood),easy,Pick the correct term for Movies (Bollywood).,star,ritual,HTTP,prayer,star,,,text,20,12,true
Movies (Bollywood),easy,Which of these is related to Movies (Bollywood)?,period,electricity,education reform,playback,playback,,,text,20,12,true
Movies (Bollywood),easy,Which of these is related to Movies (Bollywood)?,serve,franchise,masala,illustration,masala,,,text,20,12,true
Movies (Bollywood),easy,Which option belongs to Movies (Bollywood)?,vulnerability,layout,interface,Hindi cinema,Hindi cinema,,,text,20,12,true
Movies (Bollywood),easy,Which of these fits the topic Movies (Bollywood)?,star,shipping,cart,quest,star,,,text,20,12,true
Movies (Bollywood),easy,Choose the item most linked to Movies (Bollywood).,altitude,Vishnu,Stockholm,masala,masala,,,text,20,12,true
Movies (Bollywood),easy,Pick the correct term for Movies (Bollywood).,latitude,Australia,pH,box office,box office,,,text,20,12,true
Movies (Bollywood),easy,Which of these fits the topic Movies (Bollywood)?,star,compound,Midgard,engine,star,,,text,20,12,true
Movies (Bollywood),easy,Which option belongs to Movies (Bollywood)?,Africa,programming,dance,conglomerate,dance,,,text,20,12,true
Movies (Bollywood),medium,Which of these is a core idea in Movies (Bollywood)?,camera,abstract,space planning,masala,masala,,,text,40,10,true
Movies (Bollywood),medium,Select the most relevant term for Movies (Bollywood).,space planning,cinematography,director,Hindi cinema,Hindi cinema,,,text,40,10,true
Movies (Bollywood),medium,Choose the term that best represents Movies (Bollywood).,ISO,Bollywood,minimalism,focus,Bollywood,,,text,40,10,true
Movies (Bollywood),medium,Which term is most commonly used in Movies (Bollywood)?,façade,furniture,textile,playback,playback,,,text,40,10,true
Movies (Bollywood),medium,Choose the term that best represents Movies (Bollywood).,perspective,orchestra,genre,dance,dance,,,text,40,10,true
Movies (Bollywood),medium,Choose the term that best represents Movies (Bollywood).,Hindi cinema,strings,floor plan,studio,Hindi cinema,,,text,40,10,true
Movies (Bollywood),medium,Which option is a key concept in Movies (Bollywood)?,wardrobe,minimalism,masala,space planning,masala,,,text,40,10,true
Movies (Bollywood),medium,Which option aligns with Movies (Bollywood)?,abstract,song sequence,silhouette,gallery,song sequence,,,text,40,10,true
Movies (Bollywood),medium,Which of these is a core idea in Movies (Bollywood)?,composition,baroque,star,landscape,star,,,text,40,10,true
Movies (Bollywood),medium,Pick the concept that best matches Movies (Bollywood).,Bollywood,camera,fabric,furniture,Bollywood,,,text,40,10,true
Movies (Bollywood),medium,Which option is a key concept in Movies (Bollywood)?,star,arch,structural,baroque,star,,,text,40,10,true
Movies (Bollywood),medium,Which term is most commonly used in Movies (Bollywood)?,concerto,song sequence,column,pattern,song sequence,,,text,40,10,true
Movies (Bollywood),medium,Which of these is a core idea in Movies (Bollywood)?,hook,perspective,exposure,masala,masala,,,text,40,10,true
Movies (Bollywood),medium,Which option aligns with Movies (Bollywood)?,layout,dance,silhouette,composer,dance,,,text,40,10,true
Movies (Bollywood),medium,Choose the term that best represents Movies (Bollywood).,baroque,filmfare,skyscraper,genre,filmfare,,,text,40,10,true
Movies (Bollywood),medium,Which option aligns with Movies (Bollywood)?,palette,exposure,Hindi cinema,aperture,Hindi cinema,,,text,40,10,true
Movies (Bollywood),medium,Select the most relevant term for Movies (Bollywood).,design,single,star,sequel,star,,,text,40,10,true
Movies (Bollywood),medium,Select the most relevant term for Movies (Bollywood).,strings,star,blueprint,trend,star,,,text,40,10,true
Movies (Bollywood),hard,Choose the most accurate term for Movies (Bollywood).,strings,runway,billboard,Hindi cinema,Hindi cinema,,,text,80,8,true
Movies (Bollywood),hard,Which option best characterizes Movies (Bollywood)?,fabric,camera,star,texture,star,,,text,80,8,true
Movies (Bollywood),hard,Which term is the closest match to Movies (Bollywood)?,playback,symphony,silhouette,color palette,playback,,,text,80,8,true
Movies (Bollywood),hard,Choose the most accurate term for Movies (Bollywood).,opera,dance,focus,single,dance,,,text,80,8,true
Movies (Bollywood),hard,Which term is the closest match to Movies (Bollywood)?,box office,hook,Hindi cinema,vault,Hindi cinema,,,text,80,8,true
Movies (Bollywood),hard,Which option is most directly linked to Movies (Bollywood)?,pattern,director,filmfare,cinematography,filmfare,,,text,80,8,true
Movies (Bollywood),hard,Select the best-fit term for Movies (Bollywood).,chorus,studio,masala,abstract,masala,,,text,80,8,true
Movies (Bollywood),hard,Choose the most accurate term for Movies (Bollywood).,Bollywood,vault,frame,couture,Bollywood,,,text,80,8,true
Movies (Bollywood),hard,Choose the most accurate term for Movies (Bollywood).,playback,blueprint,façade,Oscar,playback,,,text,80,8,true
Movies (Bollywood),hard,Pick the most specific concept tied to Movies (Bollywood).,studio,masala,playlist,chorus,masala,,,text,80,8,true
Movies (Bollywood),hard,Select the best-fit term for Movies (Bollywood).,canvas,accessory,Bollywood,lighting,Bollywood,,,text,80,8,true
Movies (Bollywood),hard,Select the most precise term for Movies (Bollywood).,strings,screenplay,camera,star,star,,,text,80,8,true
Movies (Bollywood),hard,Select the most precise term for Movies (Bollywood).,baroque,premiere,lens,song sequence,song sequence,,,text,80,8,true
Movies (Bollywood),hard,Choose the most accurate term for Movies (Bollywood).,flooring,abstract,opera,song sequence,song sequence,,,text,80,8,true
Movies (Bollywood),hard,Which term is most specifically associated with Movies (Bollywood)?,furniture,vault,playback,foundation,playback,,,text,80,8,true
Movies (Bollywood),hard,Which term is most specifically associated with Movies (Bollywood)?,vault,dance,symphony,baroque,dance,,,text,80,8,true
Movies (Bollywood),hard,Pick the most specific concept tied to Movies (Bollywood).,structural,design,façade,dance,dance,,,text,80,8,true
Movies (Bollywood),hard,Which option best characterizes Movies (Bollywood)?,couture,space planning,furniture,box office,box office,,,text,80,8,true
Movies (Bollywood),hard,Select the best-fit term for Movies (Bollywood).,premiere,Bollywood,canvas,watercolor,Bollywood,,,text,80,8,true
Movies (Bollywood),hard,Which term is the closest match to Movies (Bollywood)?,star,silhouette,canvas,gallery,star,,,text,80,8,true
Movies (Bollywood),hard,Pick the most specific concept tied to Movies (Bollywood).,billboard,song sequence,conductor,palette,song sequence,,,text,80,8,true
Movies (Bollywood),hard,Select the most precise term for Movies (Bollywood).,couture,designer,exposure,Bollywood,Bollywood,,,text,80,8,true
Movies (Bollywood),hard,Pick the most specific concept tied to Movies (Bollywood).,blockbuster,foundation,song sequence,structural,song sequence,,,text,80,8,true
Movies (Bollywood),hard,Pick the most specific concept tied to Movies (Bollywood).,filmfare,space planning,arch,screenplay,filmfare,,,text,80,8,true
Music (Classical),easy,Which option belongs to Music (Classical)?,APK,engagement,symphony,tricolor,symphony,,,text,20,12,true
Music (Classical),easy,Which of these fits the topic Music (Classical)?,intrusion,strings,prime number,skyscraper,strings,,,text,20,12,true
Music (Classical),easy,Which of these is related to Music (Classical)?,Egyptians,composer,Tamil Nadu,origin story,composer,,,text,20,12,true
Music (Classical),easy,Pick the correct term for Music (Classical).,endgame,orchestra,laureate,ARPANET,orchestra,,,text,20,12,true
Music (Classical),easy,Which option belongs to Music (Classical)?,opera,adaptation,fuel,firewall,opera,,,text,20,12,true
Music (Classical),easy,Which of these is related to Music (Classical)?,opera,gene,icon,rupee,opera,,,text,20,12,true
Music (Classical),easy,Select a term associated with Music (Classical).,boundary,Iceland,Pacific Ocean,symphony,symphony,,,text,20,12,true
Music (Classical),easy,Which of these fits the topic Music (Classical)?,baroque,demand,emotion,deviance,baroque,,,text,20,12,true
Music (Classical),easy,Which option belongs to Music (Classical)?,sonata,dialect,superhero,market research,sonata,,,text,20,12,true
Music (Classical),easy,Choose the item most linked to Music (Classical).,strings,global economy,recipe,Caribbean Sea,strings,,,text,20,12,true
Music (Classical),easy,Choose the item most linked to Music (Classical).,nebula,baroque,subnet,meditation,baroque,,,text,20,12,true
Music (Classical),easy,Which of these is related to Music (Classical)?,JVM,habitat,studio,movement,movement,,,text,20,12,true
Music (Classical),easy,Choose the item most linked to Music (Classical).,cockpit,match point,orchestra,focus,orchestra,,,text,20,12,true
Music (Classical),easy,Which of these fits the topic Music (Classical)?,conductor,knowledge base,Gujarat,altitude,conductor,,,text,20,12,true
Music (Classical),easy,Select a term associated with Music (Classical).,billionaire,strings,linear,APK,strings,,,text,20,12,true
Music (Classical),easy,Choose the item most linked to Music (Classical).,conductor,Mughal Empire,shipping,gearbox,conductor,,,text,20,12,true
Music (Classical),easy,Pick the correct term for Music (Classical).,brush,soil,symphony,Rockies,symphony,,,text,20,12,true
Music (Classical),easy,Which of these is related to Music (Classical)?,HTTP,authorization,statuette,sonata,sonata,,,text,20,12,true
Music (Classical),medium,Which term is most commonly used in Music (Classical)?,decor,design,strings,couture,strings,,,text,40,10,true
Music (Classical),medium,Which option aligns with Music (Classical)?,focus,blockbuster,sonata,textile,sonata,,,text,40,10,true
Music (Classical),medium,Choose the term that best represents Music (Classical).,star,oil paint,conductor,column,conductor,,,text,40,10,true
Music (Classical),medium,Choose the term that best represents Music (Classical).,flooring,movement,canvas,watercolor,movement,,,text,40,10,true
Music (Classical),medium,Select the most relevant term for Music (Classical).,screenplay,canvas,movement,box office,movement,,,text,40,10,true
Music (Classical),medium,Pick the concept that best matches Music (Classical).,column,studio,decor,baroque,baroque,,,text,40,10,true
Music (Classical),medium,Which term is most commonly used in Music (Classical)?,structural,strings,franchise,hook,strings,,,text,40,10,true
Music (Classical),medium,Which option aligns with Music (Classical)?,strings,pattern,composition,remix,strings,,,text,40,10,true
Music (Classical),medium,Which term is most commonly used in Music (Classical)?,façade,column,filmfare,symphony,symphony,,,text,40,10,true
Music (Classical),medium,Which option is a key concept in Music (Classical)?,furniture,lens,portrait,strings,strings,,,text,40,10,true
Music (Classical),medium,Select the most relevant term for Music (Classical).,concert,color palette,chorus,symphony,symphony,,,text,40,10,true
Music (Classical),medium,Which option is a key concept in Music (Classical)?,aperture,Bollywood,textile,movement,movement,,,text,40,10,true
Music (Classical),medium,Which option aligns with Music (Classical)?,producer,playlist,palette,composer,composer,,,text,40,10,true
Music (Classical),medium,Pick the concept that best matches Music (Classical).,flooring,sonata,runway,aperture,sonata,,,text,40,10,true
Music (Classical),medium,Which term is most commonly used in Music (Classical)?,screenplay,baroque,dance,wardrobe,baroque,,,text,40,10,true
Music (Classical),medium,Which term is most commonly used in Music (Classical)?,orchestra,structural,screenplay,watercolor,orchestra,,,text,40,10,true
Music (Classical),medium,Select the most relevant term for Music (Classical).,minimalism,sequel,textile,composer,composer,,,text,40,10,true
Music (Classical),medium,Pick the concept that best matches Music (Classical).,depth of field,strings,remix,producer,strings,,,text,40,10,true
Music (Classical),hard,Choose the most accurate term for Music (Classical).,flooring,abstract,composer,composition,composer,,,text,80,8,true
Music (Classical),hard,Select the best-fit term for Music (Classical).,pattern,opera,flooring,shutter speed,opera,,,text,80,8,true
Music (Classical),hard,Select the most precise term for Music (Classical).,chorus,lens,billboard,conductor,conductor,,,text,80,8,true
Music (Classical),hard,Select the most precise term for Music (Classical).,layout,cinematography,album,opera,opera,,,text,80,8,true
Music (Classical),hard,Which option is most directly linked to Music (Classical)?,strings,Bollywood,accessory,filmfare,strings,,,text,80,8,true
Music (Classical),hard,Pick the most specific concept tied to Music (Classical).,conductor,depth of field,blueprint,runway,conductor,,,text,80,8,true
Music (Classical),hard,Pick the most specific concept tied to Music (Classical).,sonata,director,vault,depth of field,sonata,,,text,80,8,true
Music (Classical),hard,Which option is most directly linked to Music (Classical)?,layout,orchestra,Bollywood,genre,orchestra,,,text,80,8,true
Music (Classical),hard,Select the most precise term for Music (Classical).,depth of field,opera,blueprint,genre,opera,,,text,80,8,true
Music (Classical),hard,Select the most precise term for Music (Classical).,orchestra,playlist,box office,exposure,orchestra,,,text,80,8,true
Music (Classical),hard,Which term is most specifically associated with Music (Classical)?,filmfare,couture,space planning,sonata,sonata,,,text,80,8,true
Music (Classical),hard,Which option is most directly linked to Music (Classical)?,playback,single,structural,conductor,conductor,,,text,80,8,true
Music (Classical),hard,Which term is most specifically associated with Music (Classical)?,foundation,strings,structural,flooring,strings,,,text,80,8,true
Music (Classical),hard,Choose the most accurate term for Music (Classical).,landscape,billboard,opera,star,opera,,,text,80,8,true
Music (Classical),hard,Select the most precise term for Music (Classical).,remix,theme,director,baroque,baroque,,,text,80,8,true
Music (Classical),hard,Which option best characterizes Music (Classical)?,composer,aperture,design,oil paint,composer,,,text,80,8,true
Music (Classical),hard,Which term is the closest match to Music (Classical)?,silhouette,trend,sonata,accessory,sonata,,,text,80,8,true
Music (Classical),hard,Which option best characterizes Music (Classical)?,cinematography,gallery,depth of field,conductor,conductor,,,text,80,8,true
Music (Classical),hard,Which option is most directly linked to Music (Classical)?,camera,orchestra,masala,vault,orchestra,,,text,80,8,true
Music (Classical),hard,Which term is most specifically associated with Music (Classical)?,playlist,composition,flooring,concerto,concerto,,,text,80,8,true
Music (Classical),hard,Choose the most accurate term for Music (Classical).,hook,composer,couture,vault,composer,,,text,80,8,true
Music (Classical),hard,Select the most precise term for Music (Classical).,lighting,concerto,camera,façade,concerto,,,text,80,8,true
Music (Classical),hard,Choose the most accurate term for Music (Classical).,shutter speed,director,baroque,lighting,baroque,,,text,80,8,true
Music (Classical),hard,Select the most precise term for Music (Classical).,billboard,sonata,blockbuster,shutter speed,sonata,,,text,80,8,true
Music (Pop),easy,Which of these fits the topic Music (Pop)?,billboard,nominee,function,circle,billboard,,,text,20,12,true
Music (Pop),easy,Select a term associated with Music (Pop).,Mediterranean Sea,metaphor,responsive layout,hook,hook,,,text,20,12,true
Music (Pop),easy,Which option belongs to Music (Pop)?,billboard,script,statuette,exoplanet,billboard,,,text,20,12,true
Music (Pop),easy,Select a term associated with Music (Pop).,Phoenicians,homeostasis,Valkyrie,remix,remix,,,text,20,12,true
Music (Pop),easy,Select a term associated with Music (Pop).,single,Antarctica,rupee,World War I,single,,,text,20,12,true
Music (Pop),easy,Which of these is related to Music (Pop)?,disease,rebrand,billboard,cookie,billboard,,,text,20,12,true
Music (Pop),easy,Which of these is related to Music (Pop)?,memory,CEO,single,entrepreneur,single,,,text,20,12,true
Music (Pop),easy,Pick the correct term for Music (Pop).,thread,billboard,rally,sauce,billboard,,,text,20,12,true
Music (Pop),easy,Pick the correct term for Music (Pop).,angle,Krishna,pranayama,chorus,chorus,,,text,20,12,true
Music (Pop),easy,Which of these fits the topic Music (Pop)?,opera,argument,genre,strings,genre,,,text,20,12,true
Music (Pop),easy,Select a term associated with Music (Pop).,album,atom,decolonization,virtualenv,album,,,text,20,12,true
Music (Pop),easy,Which of these fits the topic Music (Pop)?,director,remix,character,protected area,remix,,,text,20,12,true
Music (Pop),easy,Pick the correct term for Music (Pop).,author,epistemology,genre,Punjab,genre,,,text,20,12,true
Music (Pop),easy,Which of these fits the topic Music (Pop)?,hook,red carpet,queen,Mahabharata,hook,,,text,20,12,true
Music (Pop),easy,Which of these is related to Music (Pop)?,imagery,knight,Best Picture,producer,producer,,,text,20,12,true
Music (Pop),easy,Which of these fits the topic Music (Pop)?,diplomacy,billboard,Uttar Pradesh,liability,billboard,,,text,20,12,true
Music (Pop),easy,Which of these is related to Music (Pop)?,billboard,receptor,oxidation,charger,billboard,,,text,20,12,true
Music (Pop),easy,Select a term associated with Music (Pop).,Mughal Empire,album,viral,Hamlet,album,,,text,20,12,true
Music (Pop),medium,Which term is most commonly used in Music (Pop)?,oil paint,producer,floor plan,Bollywood,producer,,,text,40,10,true
Music (Pop),medium,Select the most relevant term for Music (Pop).,camera,genre,premiere,silhouette,genre,,,text,40,10,true
Music (Pop),medium,Which of these is a core idea in Music (Pop)?,song sequence,structural,blockbuster,playlist,playlist,,,text,40,10,true
Music (Pop),medium,Which term is most commonly used in Music (Pop)?,pattern,symphony,gallery,chorus,chorus,,,text,40,10,true
Music (Pop),medium,Select the most relevant term for Music (Pop).,design,genre,structural,Bollywood,genre,,,text,40,10,true
Music (Pop),medium,Pick the concept that best matches Music (Pop).,vault,gallery,couture,remix,remix,,,text,40,10,true
Music (Pop),medium,Pick the concept that best matches Music (Pop).,layout,producer,exposure,silhouette,producer,,,text,40,10,true
Music (Pop),medium,Choose the term that best represents Music (Pop).,concerto,palette,studio,hook,hook,,,text,40,10,true
Music (Pop),medium,Which option is a key concept in Music (Pop)?,foundation,playlist,blueprint,palette,playlist,,,text,40,10,true
Music (Pop),medium,Which term is most commonly used in Music (Pop)?,box office,portrait,remix,accessory,remix,,,text,40,10,true
Music (Pop),medium,Which of these is a core idea in Music (Pop)?,designer,playlist,cinematography,arch,playlist,,,text,40,10,true
Music (Pop),medium,Pick the concept that best matches Music (Pop).,decor,flooring,brush,remix,remix,,,text,40,10,true
Music (Pop),medium,Which option is a key concept in Music (Pop)?,conductor,perspective,album,box office,album,,,text,40,10,true
Music (Pop),medium,Choose the term that best represents Music (Pop).,couture,director,chorus,perspective,chorus,,,text,40,10,true
Music (Pop),medium,Which option is a key concept in Music (Pop)?,vault,concert,brush,couture,concert,,,text,40,10,true
Music (Pop),medium,Select the most relevant term for Music (Pop).,chorus,concerto,strings,sequel,chorus,,,text,40,10,true
Music (Pop),medium,Which option aligns with Music (Pop)?,brush,silhouette,remix,movement,remix,,,text,40,10,true
Music (Pop),medium,Select the most relevant term for Music (Pop).,playlist,runway,furniture,design,playlist,,,text,40,10,true
Music (Pop),hard,Pick the most specific concept tied to Music (Pop).,decor,layout,chorus,flooring,chorus,,,text,80,8,true
Music (Pop),hard,Which option best characterizes Music (Pop)?,sequel,producer,furniture,silhouette,producer,,,text,80,8,true
Music (Pop),hard,Which option best characterizes Music (Pop)?,hook,floor plan,box office,oil paint,hook,,,text,80,8,true
Music (Pop),hard,Which term is most specifically associated with Music (Pop)?,landscape,billboard,watercolor,canvas,billboard,,,text,80,8,true
Music (Pop),hard,Pick the most specific concept tied to Music (Pop).,skyscraper,genre,pattern,couture,genre,,,text,80,8,true
Music (Pop),hard,Which option best characterizes Music (Pop)?,composition,playlist,star,landscape,playlist,,,text,80,8,true
Music (Pop),hard,Choose the most accurate term for Music (Pop).,sonata,song sequence,texture,producer,producer,,,text,80,8,true
Music (Pop),hard,Select the most precise term for Music (Pop).,vault,billboard,Oscar,orchestra,billboard,,,text,80,8,true
Music (Pop),hard,Which term is most specifically associated with Music (Pop)?,depth of field,single,oil paint,sequel,single,,,text,80,8,true
Music (Pop),hard,Which option best characterizes Music (Pop)?,remix,Hindi cinema,director,baroque,remix,,,text,80,8,true
Music (Pop),hard,Select the best-fit term for Music (Pop).,fabric,concert,baroque,composition,concert,,,text,80,8,true
Music (Pop),hard,Which option best characterizes Music (Pop)?,flooring,strings,remix,Bollywood,remix,,,text,80,8,true
Music (Pop),hard,Which term is most specifically associated with Music (Pop)?,screenplay,landscape,texture,billboard,billboard,,,text,80,8,true
Music (Pop),hard,Which option is most directly linked to Music (Pop)?,remix,structural,color palette,dance,remix,,,text,80,8,true
Music (Pop),hard,Pick the most specific concept tied to Music (Pop).,abstract,gallery,minimalism,genre,genre,,,text,80,8,true
Music (Pop),hard,Which option best characterizes Music (Pop)?,flooring,box office,brush,album,album,,,text,80,8,true
Music (Pop),hard,Which term is most specifically associated with Music (Pop)?,Oscar,skyscraper,sequel,billboard,billboard,,,text,80,8,true
Music (Pop),hard,Choose the most accurate term for Music (Pop).,arch,structural,movement,single,single,,,text,80,8,true
Music (Pop),hard,Pick the most specific concept tied to Music (Pop).,focus,playlist,structural,star,playlist,,,text,80,8,true
Music (Pop),hard,Choose the most accurate term for Music (Pop).,single,designer,composition,pattern,single,,,text,80,8,true
Music (Pop),hard,Which term is the closest match to Music (Pop)?,canvas,concert,arch,composition,concert,,,text,80,8,true
Music (Pop),hard,Pick the most specific concept tied to Music (Pop).,concert,blueprint,lens,façade,concert,,,text,80,8,true
Music (Pop),hard,Select the most precise term for Music (Pop).,franchise,box office,song sequence,billboard,billboard,,,text,80,8,true
Music (Pop),hard,Which option is most directly linked to Music (Pop)?,concert,pattern,strings,watercolor,concert,,,text,80,8,true
Painting & Art,easy,Which option belongs to Painting & Art?,enzyme,gallery,engagement,Australia,gallery,,,text,20,12,true
Painting & Art,easy,Which of these is related to Painting & Art?,playback,landscape,opening ceremony,planet,landscape,,,text,20,12,true
Painting & Art,easy,Which option belongs to Painting & Art?,perspective,ice melt,prime minister,group,perspective,,,text,20,12,true
Painting & Art,easy,Which option belongs to Painting & Art?,promotion,asset,Egyptians,perspective,perspective,,,text,20,12,true
Painting & Art,easy,Choose the item most linked to Painting & Art.,heart,tricolor,election,oil paint,oil paint,,,text,20,12,true
Painting & Art,easy,Pick the correct term for Painting & Art.,Ganga,portrait,stump,merger,portrait,,,text,20,12,true
Painting & Art,easy,Pick the correct term for Painting & Art.,Yggdrasil,UDP,therapy,perspective,perspective,,,text,20,12,true
Painting & Art,easy,Which option belongs to Painting & Art?,palette,story arc,label,campaign,palette,,,text,20,12,true
Painting & Art,easy,Choose the item most linked to Painting & Art.,perspective,transaction,Shiva,metaphor,perspective,,,text,20,12,true
Painting & Art,easy,Which option belongs to Painting & Art?,motivation,predicate,virtualenv,portrait,portrait,,,text,20,12,true
Painting & Art,easy,Choose the item most linked to Painting & Art.,predator,fulfillment,bioavailability,portrait,portrait,,,text,20,12,true
Painting & Art,easy,Select a term associated with Painting & Art.,switch,superhero,cosine,portrait,portrait,,,text,20,12,true
Painting & Art,easy,Which of these is related to Painting & Art?,Mojave,gallery,conservation,ceremony,gallery,,,text,20,12,true
Painting & Art,easy,Which of these fits the topic Painting & Art?,patent,conversion,perspective,routing,perspective,,,text,20,12,true
Painting & Art,easy,Select a term associated with Painting & Art.,programming,dialect,protocol,brush,brush,,,text,20,12,true
Painting & Art,easy,Which of these is related to Painting & Art?,perspective,run rate,pound,clause,perspective,,,text,20,12,true
Painting & Art,easy,Which option belongs to Painting & Art?,gallery,Sri Lanka,agent,ingredient,gallery,,,text,20,12,true
Painting & Art,easy,Which of these fits the topic Painting & Art?,opera,depth of field,palette,Mojave,palette,,,text,20,12,true
Painting & Art,medium,Which option is a key concept in Painting & Art?,designer,symphony,abstract,frame,abstract,,,text,40,10,true
Painting & Art,medium,Choose the term that best represents Painting & Art.,portrait,conductor,concert,shutter speed,portrait,,,text,40,10,true
Painting & Art,medium,Choose the term that best represents Painting & Art.,designer,box office,watercolor,arch,watercolor,,,text,40,10,true
Painting & Art,medium,Select the most relevant term for Painting & Art.,aperture,filmfare,Hindi cinema,portrait,portrait,,,text,40,10,true
Painting & Art,medium,Which of these is a core idea in Painting & Art?,symphony,palette,textile,furniture,palette,,,text,40,10,true
Painting & Art,medium,Which option aligns with Painting & Art?,concerto,perspective,remix,baroque,perspective,,,text,40,10,true
Painting & Art,medium,Which of these is a core idea in Painting & Art?,lens,landscape,genre,chorus,landscape,,,text,40,10,true
Painting & Art,medium,Select the most relevant term for Painting & Art.,watercolor,skyscraper,aperture,theme,watercolor,,,text,40,10,true
Painting & Art,medium,Which term is most commonly used in Painting & Art?,designer,arch,column,watercolor,watercolor,,,text,40,10,true
Painting & Art,medium,Which option aligns with Painting & Art?,remix,perspective,furniture,playlist,perspective,,,text,40,10,true
Painting & Art,medium,Select the most relevant term for Painting & Art.,Oscar,decor,watercolor,Bollywood,watercolor,,,text,40,10,true
Painting & Art,medium,Which of these is a core idea in Painting & Art?,structural,remix,portrait,filmfare,portrait,,,text,40,10,true
Painting & Art,medium,Which term is most commonly used in Painting & Art?,lighting,strings,perspective,façade,perspective,,,text,40,10,true
Painting & Art,medium,Which option is a key concept in Painting & Art?,depth of field,gallery,camera,theme,gallery,,,text,40,10,true
Painting & Art,medium,Choose the term that best represents Painting & Art.,symphony,opera,runway,perspective,perspective,,,text,40,10,true
Painting & Art,medium,Which term is most commonly used in Painting & Art?,symphony,design,landscape,blueprint,landscape,,,text,40,10,true
Painting & Art,medium,Pick the concept that best matches Painting & Art.,design,single,portrait,exposure,portrait,,,text,40,10,true
Painting & Art,medium,Choose the term that best represents Painting & Art.,lighting,landscape,minimalism,conductor,landscape,,,text,40,10,true
Painting & Art,hard,Choose the most accurate term for Painting & Art.,camera,foundation,watercolor,studio,watercolor,,,text,80,8,true
Painting & Art,hard,Which term is the closest match to Painting & Art?,landscape,textile,premiere,hook,landscape,,,text,80,8,true
Painting & Art,hard,Which option is most directly linked to Painting & Art?,oil paint,exposure,playback,ISO,oil paint,,,text,80,8,true
Painting & Art,hard,Choose the most accurate term for Painting & Art.,aperture,orchestra,landscape,studio,landscape,,,text,80,8,true
Painting & Art,hard,Choose the most accurate term for Painting & Art.,gallery,façade,composer,blueprint,gallery,,,text,80,8,true
Painting & Art,hard,Which term is most specifically associated with Painting & Art?,palette,filmfare,screenplay,accessory,palette,,,text,80,8,true
Painting & Art,hard,Which option best characterizes Painting & Art?,composition,designer,palette,lighting,palette,,,text,80,8,true
Painting & Art,hard,Choose the most accurate term for Painting & Art.,texture,perspective,trend,skyscraper,perspective,,,text,80,8,true
Painting & Art,hard,Which option is most directly linked to Painting & Art?,façade,canvas,concerto,chorus,canvas,,,text,80,8,true
Painting & Art,hard,Select the most precise term for Painting & Art.,structural,column,concert,oil paint,oil paint,,,text,80,8,true
Painting & Art,hard,Select the best-fit term for Painting & Art.,trend,movement,star,abstract,abstract,,,text,80,8,true
Painting & Art,hard,Choose the most accurate term for Painting & Art.,color palette,Hindi cinema,brush,ISO,brush,,,text,80,8,true
Painting & Art,hard,Pick the most specific concept tied to Painting & Art.,dance,depth of field,baroque,landscape,landscape,,,text,80,8,true
Painting & Art,hard,Pick the most specific concept tied to Painting & Art.,dance,screenplay,canvas,playlist,canvas,,,text,80,8,true
Painting & Art,hard,Pick the most specific concept tied to Painting & Art.,flooring,screenplay,furniture,landscape,landscape,,,text,80,8,true
Painting & Art,hard,Choose the most accurate term for Painting & Art.,perspective,depth of field,concert,blueprint,perspective,,,text,80,8,true
Painting & Art,hard,Which term is most specifically associated with Painting & Art?,decor,blueprint,watercolor,screenplay,watercolor,,,text,80,8,true
Painting & Art,hard,Which option is most directly linked to Painting & Art?,orchestra,composition,oil paint,frame,oil paint,,,text,80,8,true
Painting & Art,hard,Which option best characterizes Painting & Art?,abstract,cinematography,ISO,Hindi cinema,abstract,,,text,80,8,true
Painting & Art,hard,Which option is most directly linked to Painting & Art?,furniture,watercolor,concert,vault,watercolor,,,text,80,8,true
Painting & Art,hard,Which option is most directly linked to Painting & Art?,texture,movement,watercolor,exposure,watercolor,,,text,80,8,true
Painting & Art,hard,Pick the most specific concept tied to Painting & Art.,playback,theme,perspective,sequel,perspective,,,text,80,8,true
Painting & Art,hard,Which option is most directly linked to Painting & Art?,foundation,oil paint,orchestra,producer,oil paint,,,text,80,8,true
Painting & Art,hard,Which term is most specifically associated with Painting & Art?,brush,Hindi cinema,layout,genre,brush,,,text,80,8,true
Architecture,easy,Which option belongs to Architecture?,Mojave,explorer,election,structural,structural,,,text,20,12,true
Architecture,easy,Choose the item most linked to Architecture.,blueprint,Zeus,gradient descent,wilderness,blueprint,,,text,20,12,true
Architecture,easy,Which option belongs to Architecture?,knowledge base,PEP 8,opportunity cost,vault,vault,,,text,20,12,true
Architecture,easy,Which option belongs to Architecture?,foundation,bytecode,Durga,campaign,foundation,,,text,20,12,true
Architecture,easy,Which of these fits the topic Architecture?,vault,Lake Victoria,receptor,angle,vault,,,text,20,12,true
Architecture,easy,Which of these fits the topic Architecture?,façade,Mississippi,Champaran,supernova,façade,,,text,20,12,true
Architecture,easy,Pick the correct term for Architecture.,dictionary,blueprint,Odyssey,Rajasthan,blueprint,,,text,20,12,true
Architecture,easy,Select a term associated with Architecture.,gene,deuce,arch,node,arch,,,text,20,12,true
Architecture,easy,Which of these fits the topic Architecture?,arch,ingredient,parallel,chancellor,arch,,,text,20,12,true
Architecture,easy,Select a term associated with Architecture.,Apollo,façade,pollution,list comprehension,façade,,,text,20,12,true
Architecture,easy,Which of these is related to Architecture?,philanthropist,campground,leader,design,design,,,text,20,12,true
Architecture,easy,Which of these fits the topic Architecture?,Valhalla,foundation,Thor,Babylon,foundation,,,text,20,12,true
Architecture,easy,Choose the item most linked to Architecture.,time zone,column,fuel,summit,column,,,text,20,12,true
Architecture,easy,Select a term associated with Architecture.,wearable,design,personality,epistemology,design,,,text,20,12,true
Architecture,easy,Which of these is related to Architecture?,design,procurement,opportunity cost,switch,design,,,text,20,12,true
Architecture,easy,Select a term associated with Architecture.,diagnosis,hemisphere,blueprint,heart,blueprint,,,text,20,12,true
Architecture,easy,Which of these fits the topic Architecture?,hypotenuse,Europe,façade,theme,façade,,,text,20,12,true
Architecture,easy,Pick the correct term for Architecture.,innings,foundation,free throw,gravity,foundation,,,text,20,12,true
Architecture,medium,Pick the concept that best matches Architecture.,vault,baroque,runway,hook,vault,,,text,40,10,true
Architecture,medium,Choose the term that best represents Architecture.,oil paint,billboard,foundation,shutter speed,foundation,,,text,40,10,true
Architecture,medium,Which option aligns with Architecture?,furniture,opera,skyscraper,shutter speed,skyscraper,,,text,40,10,true
Architecture,medium,Which option aligns with Architecture?,concerto,vault,designer,flooring,vault,,,text,40,10,true
Architecture,medium,Select the most relevant term for Architecture.,chorus,blueprint,palette,focus,blueprint,,,text,40,10,true
Architecture,medium,Choose the term that best represents Architecture.,design,fabric,designer,director,design,,,text,40,10,true
Architecture,medium,Pick the concept that best matches Architecture.,playback,skyscraper,pattern,Oscar,skyscraper,,,text,40,10,true
Architecture,medium,Select the most relevant term for Architecture.,column,perspective,playlist,abstract,column,,,text,40,10,true
Architecture,medium,Which option is a key concept in Architecture?,album,floor plan,chorus,director,floor plan,,,text,40,10,true
Architecture,medium,Which option is a key concept in Architecture?,decor,watercolor,furniture,skyscraper,skyscraper,,,text,40,10,true
Architecture,medium,Which option is a key concept in Architecture?,baroque,arch,trend,director,arch,,,text,40,10,true
Architecture,medium,Select the most relevant term for Architecture.,arch,lighting,couture,remix,arch,,,text,40,10,true
Architecture,medium,Which option is a key concept in Architecture?,shutter speed,texture,vault,camera,vault,,,text,40,10,true
Architecture,medium,Which option aligns with Architecture?,exposure,concerto,producer,vault,vault,,,text,40,10,true
Architecture,medium,Pick the concept that best matches Architecture.,arch,Hindi cinema,genre,canvas,arch,,,text,40,10,true
Architecture,medium,Which term is most commonly used in Architecture?,fabric,composition,blueprint,filmfare,blueprint,,,text,40,10,true
Architecture,medium,Which option aligns with Architecture?,hook,focus,textile,blueprint,blueprint,,,text,40,10,true
Architecture,medium,Which option aligns with Architecture?,lens,blueprint,baroque,exposure,blueprint,,,text,40,10,true
Architecture,hard,Select the best-fit term for Architecture.,concerto,album,arch,hook,arch,,,text,80,8,true
Architecture,hard,Which option best characterizes Architecture?,abstract,pattern,aperture,column,column,,,text,80,8,true
Architecture,hard,Select the best-fit term for Architecture.,sequel,billboard,trend,floor plan,floor plan,,,text,80,8,true
Architecture,hard,Which option is most directly linked to Architecture?,movement,floor plan,fabric,frame,floor plan,,,text,80,8,true
Architecture,hard,Select the most precise term for Architecture.,masala,chorus,lighting,structural,structural,,,text,80,8,true
Architecture,hard,Select the best-fit term for Architecture.,frame,runway,oil paint,skyscraper,skyscraper,,,text,80,8,true
Architecture,hard,Pick the most specific concept tied to Architecture.,playback,song sequence,arch,furniture,arch,,,text,80,8,true
Architecture,hard,Pick the most specific concept tied to Architecture.,space planning,gallery,structural,palette,structural,,,text,80,8,true
Architecture,hard,Choose the most accurate term for Architecture.,aperture,façade,strings,single,façade,,,text,80,8,true
Architecture,hard,Select the best-fit term for Architecture.,arch,camera,movement,producer,arch,,,text,80,8,true
Architecture,hard,Which term is most specifically associated with Architecture?,song sequence,masala,flooring,arch,arch,,,text,80,8,true
Architecture,hard,Pick the most specific concept tied to Architecture.,director,exposure,fabric,structural,structural,,,text,80,8,true
Architecture,hard,Which term is most specifically associated with Architecture?,composer,Bollywood,arch,song sequence,arch,,,text,80,8,true
Architecture,hard,Which term is the closest match to Architecture?,lighting,textile,screenplay,floor plan,floor plan,,,text,80,8,true
Architecture,hard,Select the most precise term for Architecture.,opera,foundation,aperture,frame,foundation,,,text,80,8,true
Architecture,hard,Choose the most accurate term for Architecture.,sequel,structural,genre,conductor,structural,,,text,80,8,true
Architecture,hard,Which option best characterizes Architecture?,playback,layout,skyscraper,perspective,skyscraper,,,text,80,8,true
Architecture,hard,Select the best-fit term for Architecture.,façade,song sequence,layout,focus,façade,,,text,80,8,true
Architecture,hard,Which option is most directly linked to Architecture?,structural,perspective,masala,composer,structural,,,text,80,8,true
Architecture,hard,Select the most precise term for Architecture.,floor plan,sonata,minimalism,perspective,floor plan,,,text,80,8,true
Architecture,hard,Choose the most accurate term for Architecture.,vault,palette,studio,canvas,vault,,,text,80,8,true
Architecture,hard,Pick the most specific concept tied to Architecture.,playback,blockbuster,masala,arch,arch,,,text,80,8,true
Architecture,hard,Which option best characterizes Architecture?,exposure,ISO,movement,skyscraper,skyscraper,,,text,80,8,true
Architecture,hard,Which option best characterizes Architecture?,arch,landscape,camera,conductor,arch,,,text,80,8,true
Fashion,easy,Select a term associated with Fashion.,couture,arch,binary,Mississippi,couture,,,text,20,12,true
Fashion,easy,Which of these is related to Fashion?,verb,diameter,pattern,election,pattern,,,text,20,12,true
Fashion,easy,Choose the item most linked to Fashion.,stanza,silhouette,striker,temple,silhouette,,,text,20,12,true
Fashion,easy,Select a term associated with Fashion.,Alps,runway,dish,encryption,runway,,,text,20,12,true
Fashion,easy,Which option belongs to Fashion?,remix,mission control,existence,runway,runway,,,text,20,12,true
Fashion,easy,Which of these is related to Fashion?,dystopia,triangle,silhouette,ritual,silhouette,,,text,20,12,true
Fashion,easy,Pick the correct term for Fashion.,silhouette,nebula,symptom,chorus,silhouette,,,text,20,12,true
Fashion,easy,Which option belongs to Fashion?,floor plan,clinical,Odyssey,pattern,pattern,,,text,20,12,true
Fashion,easy,Pick the correct term for Fashion.,Sumatra,accessory,stump,advertising,accessory,,,text,20,12,true
Fashion,easy,Select a term associated with Fashion.,radius,Gobi,coefficient,wardrobe,wardrobe,,,text,20,12,true
Fashion,easy,Which of these is related to Fashion?,browser,pivot,designer,Mughal Empire,designer,,,text,20,12,true
Fashion,easy,Which of these fits the topic Fashion?,CEO,pattern,ethics,topography,pattern,,,text,20,12,true
Fashion,easy,Choose the item most linked to Fashion.,arch,integer,fabric,vault,fabric,,,text,20,12,true
Fashion,easy,Which option belongs to Fashion?,opera,designer,recycling,Mediterranean Sea,designer,,,text,20,12,true
Fashion,easy,Choose the item most linked to Fashion.,diplomacy,silhouette,myth,breathing,silhouette,,,text,20,12,true
Fashion,easy,Which option belongs to Fashion?,Odin,latency,trend,blue chip,trend,,,text,20,12,true
Fashion,easy,Pick the correct term for Fashion.,wardrobe,crest,iterator,texture,wardrobe,,,text,20,12,true
Fashion,easy,Choose the item most linked to Fashion.,graphics,silhouette,public health,alliteration,silhouette,,,text,20,12,true
Fashion,medium,Which option is a key concept in Fashion?,blockbuster,textile,canvas,album,textile,,,text,40,10,true
Fashion,medium,Select the most relevant term for Fashion.,designer,ISO,façade,concert,designer,,,text,40,10,true
Fashion,medium,Choose the term that best represents Fashion.,gallery,design,playlist,wardrobe,wardrobe,,,text,40,10,true
Fashion,medium,Choose the term that best represents Fashion.,perspective,gallery,textile,lighting,textile,,,text,40,10,true
Fashion,medium,Choose the term that best represents Fashion.,ISO,chorus,wardrobe,album,wardrobe,,,text,40,10,true
Fashion,medium,Pick the concept that best matches Fashion.,texture,conductor,exposure,runway,runway,,,text,40,10,true
Fashion,medium,Which option is a key concept in Fashion?,couture,space planning,camera,design,couture,,,text,40,10,true
Fashion,medium,Which option aligns with Fashion?,strings,trend,depth of field,sequel,trend,,,text,40,10,true
Fashion,medium,Which term is most commonly used in Fashion?,portrait,oil paint,director,trend,trend,,,text,40,10,true
Fashion,medium,Choose the term that best represents Fashion.,landscape,palette,minimalism,trend,trend,,,text,40,10,true
Fashion,medium,Pick the concept that best matches Fashion.,foundation,trend,movement,opera,trend,,,text,40,10,true
Fashion,medium,Which term is most commonly used in Fashion?,accessory,lighting,color palette,concerto,accessory,,,text,40,10,true
Fashion,medium,Which option aligns with Fashion?,aperture,wardrobe,concert,Bollywood,wardrobe,,,text,40,10,true
Fashion,medium,Pick the concept that best matches Fashion.,accessory,producer,concerto,sonata,accessory,,,text,40,10,true
Fashion,medium,Pick the concept that best matches Fashion.,trend,lighting,star,director,trend,,,text,40,10,true
Fashion,medium,Which of these is a core idea in Fashion?,frame,wardrobe,aperture,director,wardrobe,,,text,40,10,true
Fashion,medium,Select the most relevant term for Fashion.,pattern,column,baroque,abstract,pattern,,,text,40,10,true
Fashion,medium,Which of these is a core idea in Fashion?,façade,composer,conductor,silhouette,silhouette,,,text,40,10,true
Fashion,hard,Which option best characterizes Fashion?,flooring,wardrobe,dance,texture,wardrobe,,,text,80,8,true
Fashion,hard,Which term is most specifically associated with Fashion?,canvas,conductor,silhouette,arch,silhouette,,,text,80,8,true
Fashion,hard,Which option best characterizes Fashion?,theme,silhouette,box office,floor plan,silhouette,,,text,80,8,true
Fashion,hard,Select the most precise term for Fashion.,structural,shutter speed,box office,accessory,accessory,,,text,80,8,true
Fashion,hard,Which term is most specifically associated with Fashion?,flooring,floor plan,pattern,symphony,pattern,,,text,80,8,true
Fashion,hard,Which term is the closest match to Fashion?,couture,billboard,vault,layout,couture,,,text,80,8,true
Fashion,hard,Pick the most specific concept tied to Fashion.,depth of field,layout,runway,flooring,runway,,,text,80,8,true
Fashion,hard,Which term is the closest match to Fashion?,column,runway,canvas,composer,runway,,,text,80,8,true
Fashion,hard,Which term is most specifically associated with Fashion?,accessory,cinematography,composer,Bollywood,accessory,,,text,80,8,true
Fashion,hard,Which term is the closest match to Fashion?,theme,pattern,franchise,skyscraper,pattern,,,text,80,8,true
Fashion,hard,Which term is the closest match to Fashion?,depth of field,conductor,remix,fabric,fabric,,,text,80,8,true
Fashion,hard,Pick the most specific concept tied to Fashion.,flooring,couture,dance,color palette,couture,,,text,80,8,true
Fashion,hard,Which term is the closest match to Fashion?,composition,song sequence,director,pattern,pattern,,,text,80,8,true
Fashion,hard,Pick the most specific concept tied to Fashion.,floor plan,runway,song sequence,portrait,runway,,,text,80,8,true
Fashion,hard,Pick the most specific concept tied to Fashion.,accessory,opera,playlist,playback,accessory,,,text,80,8,true
Fashion,hard,Which option is most directly linked to Fashion?,wardrobe,focus,Hindi cinema,conductor,wardrobe,,,text,80,8,true
Fashion,hard,Choose the most accurate term for Fashion.,franchise,premiere,pattern,Bollywood,pattern,,,text,80,8,true
Fashion,hard,Which option best characterizes Fashion?,shutter speed,masala,wardrobe,sequel,wardrobe,,,text,80,8,true
Fashion,hard,Which option best characterizes Fashion?,album,lighting,composer,trend,trend,,,text,80,8,true
Fashion,hard,Which term is most specifically associated with Fashion?,foundation,textile,box office,gallery,textile,,,text,80,8,true
Fashion,hard,Select the most precise term for Fashion.,depth of field,sonata,textile,portrait,textile,,,text,80,8,true
Fashion,hard,Select the best-fit term for Fashion.,perspective,frame,producer,silhouette,silhouette,,,text,80,8,true
Fashion,hard,Select the best-fit term for Fashion.,column,structural,texture,runway,runway,,,text,80,8,true
Fashion,hard,Which option is most directly linked to Fashion?,star,dance,accessory,Bollywood,accessory,,,text,80,8,true
Automobiles,easy,Which of these is related to Automobiles?,index,backboard,Apollo,chassis,chassis,,,text,20,12,true
Automobiles,easy,Which option belongs to Automobiles?,narrator,Greenland,chassis,muscular system,chassis,,,text,20,12,true
Automobiles,easy,Which of these fits the topic Automobiles?,Sumatra,Don Quixote,chassis,drug,chassis,,,text,20,12,true
Automobiles,easy,Select a term associated with Automobiles.,globalization,behavior,horsepower,masala,horsepower,,,text,20,12,true
Automobiles,easy,Which option belongs to Automobiles?,horsepower,wilderness,regression,patch,horsepower,,,text,20,12,true
Automobiles,easy,Which option belongs to Automobiles?,façade,brake,producer,genre,brake,,,text,20,12,true
Automobiles,easy,Pick the correct term for Automobiles.,Treaty of Versailles,Divine Comedy,engine,linguistics,engine,,,text,20,12,true
Automobiles,easy,Pick the correct term for Automobiles.,chassis,Valhalla,Atlantic Ocean,IP address,chassis,,,text,20,12,true
Automobiles,easy,Select a term associated with Automobiles.,Pacific Ocean,momentum,Nobel Prize,gearbox,gearbox,,,text,20,12,true
Automobiles,easy,Which of these fits the topic Automobiles?,pranayama,control system,horsepower,federalism,horsepower,,,text,20,12,true
Automobiles,easy,Which of these fits the topic Automobiles?,climate policy,horsepower,chain rule,athletics,horsepower,,,text,20,12,true
Automobiles,easy,Select a term associated with Automobiles.,exchange rate,respiratory system,horsepower,funnel,horsepower,,,text,20,12,true
Automobiles,easy,Which option belongs to Automobiles?,transmission,period,drug,flooring,transmission,,,text,20,12,true
Automobiles,easy,Which option belongs to Automobiles?,triangle,stratification,brake,clinical,brake,,,text,20,12,true
Automobiles,easy,Choose the item most linked to Automobiles.,acquisition,recursion,chassis,focus,chassis,,,text,20,12,true
Automobiles,easy,Pick the correct term for Automobiles.,integer,engine,plate,Lake Victoria,engine,,,text,20,12,true
Automobiles,easy,Which of these fits the topic Automobiles?,watering,pronoun,suspension,fabric,suspension,,,text,20,12,true
Automobiles,easy,Which option belongs to Automobiles?,API,archipelago,suspension,epic,suspension,,,text,20,12,true
Automobiles,medium,Which term is most commonly used in Automobiles?,sedan,election,laureate,landing gear,sedan,,,text,40,10,true
Automobiles,medium,Which option aligns with Automobiles?,engine,flavor,parliament,crop,engine,,,text,40,10,true
Automobiles,medium,Which term is most commonly used in Automobiles?,explorer,engine,climate policy,printing press,engine,,,text,40,10,true
Automobiles,medium,Which option aligns with Automobiles?,fuel,exchange rate,pound,brand equity,fuel,,,text,40,10,true
Automobiles,medium,Which of these is a core idea in Automobiles?,farm,suspension,currency symbol,irrigation,suspension,,,text,40,10,true
Automobiles,medium,Choose the term that best represents Automobiles.,yield,sauce,brake,laureate,brake,,,text,40,10,true
Automobiles,medium,Choose the term that best represents Automobiles.,pranayama,suspension,flag ratio,aircraft,suspension,,,text,40,10,true
Automobiles,medium,Choose the term that best represents Automobiles.,aircraft,ceremony,suspension,crest,suspension,,,text,40,10,true
Automobiles,medium,Choose the term that best represents Automobiles.,aircraft,director,harvest,fuel,fuel,,,text,40,10,true
Automobiles,medium,Choose the term that best represents Automobiles.,sedan,Maharashtra,nominee,Uttar Pradesh,sedan,,,text,40,10,true
Automobiles,medium,Select the most relevant term for Automobiles.,brake,public health,Chemistry,composer,brake,,,text,40,10,true
Automobiles,medium,Pick the concept that best matches Automobiles.,vaccination,Stockholm,torque,telescope,torque,,,text,40,10,true
Automobiles,medium,Which option aligns with Automobiles?,brake,climate policy,spice,coin,brake,,,text,40,10,true
Automobiles,medium,Choose the term that best represents Automobiles.,explorer,runway,torque,aircraft,torque,,,text,40,10,true
Automobiles,medium,Which option aligns with Automobiles?,nominee,sedan,seed,laureate,sedan,,,text,40,10,true
Automobiles,medium,Select the most relevant term for Automobiles.,Uttar Pradesh,Best Picture,nominee,engine,engine,,,text,40,10,true
Automobiles,medium,Which option is a key concept in Automobiles?,seed,turbulence,chassis,Rajasthan,chassis,,,text,40,10,true
Automobiles,medium,Which term is most commonly used in Automobiles?,Gujarat,stripe,diplomacy,engine,engine,,,text,40,10,true
Automobiles,hard,Which term is the closest match to Automobiles?,Rajasthan,turbulence,fuel,altitude,fuel,,,text,80,8,true
Automobiles,hard,Choose the most accurate term for Automobiles.,fuel,flexibility,banknote,monarch,fuel,,,text,80,8,true
Automobiles,hard,Select the best-fit term for Automobiles.,composer,monarch,printing press,brake,brake,,,text,80,8,true
Automobiles,hard,Which term is most specifically associated with Automobiles?,author,gearbox,leader,international summit,gearbox,,,text,80,8,true
Automobiles,hard,Which option is most directly linked to Automobiles?,harvest,symbol,Punjab,gearbox,gearbox,,,text,80,8,true
Automobiles,hard,Select the most precise term for Automobiles.,transmission,asana,dish,logo,transmission,,,text,80,8,true
Automobiles,hard,Which option is most directly linked to Automobiles?,breathing,mindfulness,engine,Nobel Prize,engine,,,text,80,8,true
Automobiles,hard,Pick the most specific concept tied to Automobiles.,election cycle,livestock,suspension,president,suspension,,,text,80,8,true
Automobiles,hard,Which term is most specifically associated with Automobiles?,director,engine,global economy,meditation,engine,,,text,80,8,true
Automobiles,hard,Pick the most specific concept tied to Automobiles.,Assam,artist,banner,brake,brake,,,text,80,8,true
Automobiles,hard,Which option is most directly linked to Automobiles?,vaccination,seed,chancellor,horsepower,horsepower,,,text,80,8,true
Automobiles,hard,Pick the most specific concept tied to Automobiles.,trade agreement,transmission,Best Actor,entrepreneur,transmission,,,text,80,8,true
Automobiles,hard,Which option best characterizes Automobiles?,transmission,internet,coin,printing press,transmission,,,text,80,8,true
Automobiles,hard,Select the most precise term for Automobiles.,flavor,seed,breathing,torque,torque,,,text,80,8,true
Automobiles,hard,Which option is most directly linked to Automobiles?,currency symbol,grill,horsepower,Uttar Pradesh,horsepower,,,text,80,8,true
Automobiles,hard,Pick the most specific concept tied to Automobiles.,prize,sedan,diplomacy,author,sedan,,,text,80,8,true
Automobiles,hard,Which option is most directly linked to Automobiles?,taste,climate policy,tricolor,brake,brake,,,text,80,8,true
Automobiles,hard,Select the best-fit term for Automobiles.,chancellor,brake,recognition,spice,brake,,,text,80,8,true
Automobiles,hard,Pick the most specific concept tied to Automobiles.,red carpet,seed,Stockholm,gearbox,gearbox,,,text,80,8,true
Automobiles,hard,Select the most precise term for Automobiles.,horsepower,Economics,laureate,prize,horsepower,,,text,80,8,true
Automobiles,hard,Which term is the closest match to Automobiles?,Bihar,Hollywood,engine,education reform,engine,,,text,80,8,true
Automobiles,hard,Which option best characterizes Automobiles?,engine,farm,stripe,symbol,engine,,,text,80,8,true
Automobiles,hard,Which option is most directly linked to Automobiles?,sedan,wellness,statuette,telescope,sedan,,,text,80,8,true
Automobiles,hard,Which term is most specifically associated with Automobiles?,wellness,sedan,euro,leader,sedan,,,text,80,8,true
Aviation,easy,Which of these fits the topic Aviation?,respiratory system,logo,runway,CEO,runway,,,text,20,12,true
Aviation,easy,Pick the correct term for Aviation.,funnel,adverb,jet engine,globalization,jet engine,,,text,20,12,true
Aviation,easy,Which of these is related to Aviation?,data structure,runway,sonata,tricolor,runway,,,text,20,12,true
Aviation,easy,Select a term associated with Aviation.,metaphor,semi-arid,landing gear,cosine,landing gear,,,text,20,12,true
Aviation,easy,Which of these fits the topic Aviation?,landing gear,star,overfitting,diplomacy,landing gear,,,text,20,12,true
Aviation,easy,Which option belongs to Aviation?,jet engine,stratification,marketing,dictionary,jet engine,,,text,20,12,true
Aviation,easy,Select a term associated with Aviation.,cockpit,pronoun,masala,adaptation,cockpit,,,text,20,12,true
Aviation,easy,Select a term associated with Aviation.,festivals,runway,emotion,Gobi,runway,,,text,20,12,true
Aviation,easy,Pick the correct term for Aviation.,label,fuselage,procurement,free kick,fuselage,,,text,20,12,true
Aviation,easy,Pick the correct term for Aviation.,Athena,fuselage,trail,chassis,fuselage,,,text,20,12,true
Aviation,easy,Which option belongs to Aviation?,aerodynamics,Berlin Wall,column,zero trust,aerodynamics,,,text,20,12,true
Aviation,easy,Which of these fits the topic Aviation?,laureate,polygon,IP address,cockpit,cockpit,,,text,20,12,true
Aviation,easy,Which of these is related to Aviation?,mind,tangent,election,cockpit,cockpit,,,text,20,12,true
Aviation,easy,Which option belongs to Aviation?,island chain,aerodynamics,supply chain,livestock,aerodynamics,,,text,20,12,true
Aviation,easy,Which of these fits the topic Aviation?,Greenland,jet engine,heuristic,Harappa,jet engine,,,text,20,12,true
Aviation,easy,Pick the correct term for Aviation.,aerodynamics,decor,like,enzyme,aerodynamics,,,text,20,12,true
Aviation,easy,Choose the item most linked to Aviation.,meditation,trademark,aircraft,screen,aircraft,,,text,20,12,true
Aviation,easy,Which of these is related to Aviation?,Nobel Prize,ARPANET,stalemate,aerodynamics,aerodynamics,,,text,20,12,true
Aviation,medium,Select the most relevant term for Aviation.,jet engine,grill,climate policy,innovation,jet engine,,,text,40,10,true
Aviation,medium,Pick the concept that best matches Aviation.,wellness,Best Actor,runway,global economy,runway,,,text,40,10,true
Aviation,medium,Pick the concept that best matches Aviation.,infrastructure,Maharashtra,Best Actress,aircraft,aircraft,,,text,40,10,true
Aviation,medium,Select the most relevant term for Aviation.,cockpit,star,pranayama,brand equity,cockpit,,,text,40,10,true
Aviation,medium,Which of these is a core idea in Aviation?,fertilizer,landing gear,coin,inventor,landing gear,,,text,40,10,true
Aviation,medium,Which option aligns with Aviation?,jet engine,recognition,farm,bake,jet engine,,,text,40,10,true
Aviation,medium,Which option aligns with Aviation?,horsepower,philanthropist,runway,election cycle,runway,,,text,40,10,true
Aviation,medium,Which option aligns with Aviation?,cockpit,recognition,innovation,Peace,cockpit,,,text,40,10,true
Aviation,medium,Which term is most commonly used in Aviation?,telescope,brand identity,turbulence,climate policy,turbulence,,,text,40,10,true
Aviation,medium,Which of these is a core idea in Aviation?,flagpole,soil,entrepreneur,runway,runway,,,text,40,10,true
Aviation,medium,Select the most relevant term for Aviation.,yield,aircraft,marketing,packaging,aircraft,,,text,40,10,true
Aviation,medium,Select the most relevant term for Aviation.,aircraft,Best Picture,radio,steam engine,aircraft,,,text,40,10,true
Aviation,medium,Which term is most commonly used in Aviation?,symbol,landing gear,euro,irrigation,landing gear,,,text,40,10,true
Aviation,medium,Which option is a key concept in Aviation?,Rajasthan,runway,election cycle,taste,runway,,,text,40,10,true
Aviation,medium,Which term is most commonly used in Aviation?,president,cockpit,athlete,Kerala,cockpit,,,text,40,10,true
Aviation,medium,Choose the term that best represents Aviation.,star,fuselage,chassis,emblem,fuselage,,,text,40,10,true
Aviation,medium,Which option is a key concept in Aviation?,leader,cuisine,chancellor,landing gear,landing gear,,,text,40,10,true
Aviation,medium,Which option is a key concept in Aviation?,soil,altitude,inventor,fuel,altitude,,,text,40,10,true
Aviation,hard,Choose the most accurate term for Aviation.,scientist,Peace,slogan,altitude,altitude,,,text,80,8,true
Aviation,hard,Which option is most directly linked to Aviation?,altitude,entrepreneur,rebrand,Physics,altitude,,,text,80,8,true
Aviation,hard,Which option is most directly linked to Aviation?,dish,aircraft,public health,meditation,aircraft,,,text,80,8,true
Aviation,hard,Select the most precise term for Aviation.,logo,athlete,aerodynamics,inflation,aerodynamics,,,text,80,8,true
Aviation,hard,Pick the most specific concept tied to Aviation.,turbulence,patent,Physics,Best Actor,turbulence,,,text,80,8,true
Aviation,hard,Which term is the closest match to Aviation?,landing gear,microscope,breathing,parliament,landing gear,,,text,80,8,true
Aviation,hard,Select the most precise term for Aviation.,cuisine,color,flexibility,altitude,altitude,,,text,80,8,true
Aviation,hard,Which option best characterizes Aviation?,president,policy debate,Physics,aerodynamics,aerodynamics,,,text,80,8,true
Aviation,hard,Pick the most specific concept tied to Aviation.,fuselage,seed,Literature,symbol,fuselage,,,text,80,8,true
Aviation,hard,Which term is the closest match to Aviation?,Best Actress,suspension,aerodynamics,logo,aerodynamics,,,text,80,8,true
Aviation,hard,Choose the most accurate term for Aviation.,seed,scientist,air traffic,engine,air traffic,,,text,80,8,true
Aviation,hard,Which term is most specifically associated with Aviation?,summit,author,cockpit,internet,cockpit,,,text,80,8,true
Aviation,hard,Which term is most specifically associated with Aviation?,crop,recipe,meditation,aircraft,aircraft,,,text,80,8,true
Aviation,hard,Which term is most specifically associated with Aviation?,education reform,turbulence,symbol,Tamil Nadu,turbulence,,,text,80,8,true
Aviation,hard,Which term is the closest match to Aviation?,altitude,leader,global economy,Bihar,altitude,,,text,80,8,true
Aviation,hard,Select the most precise term for Aviation.,yield,Hollywood,internet,air traffic,air traffic,,,text,80,8,true
Aviation,hard,Choose the most accurate term for Aviation.,mindfulness,patent,crest,fuselage,fuselage,,,text,80,8,true
Aviation,hard,Which term is the closest match to Aviation?,Assam,marketing,cockpit,emblem,cockpit,,,text,80,8,true
Aviation,hard,Pick the most specific concept tied to Aviation.,banner,crest,posture,landing gear,landing gear,,,text,80,8,true
Aviation,hard,Which option is most directly linked to Aviation?,farm,chancellor,brand identity,aerodynamics,aerodynamics,,,text,80,8,true
Aviation,hard,Choose the most accurate term for Aviation.,altitude,sedan,policy debate,dollar,altitude,,,text,80,8,true
Aviation,hard,Which term is the closest match to Aviation?,icon,cabinet,cockpit,electricity,cockpit,,,text,80,8,true
Aviation,hard,Choose the most accurate term for Aviation.,runway,yen,flagpole,harvest,runway,,,text,80,8,true
Aviation,hard,Which term is the closest match to Aviation?,coin,jet engine,explorer,scientist,jet engine,,,text,80,8,true
Environmental Science,easy,Choose the item most linked to Environmental Science.,queen,respiratory system,renewable,translation,renewable,,,text,20,12,true
Environmental Science,easy,Which of these fits the topic Environmental Science?,habitat,costume,Stockholm,browser,habitat,,,text,20,12,true
Environmental Science,easy,Which of these fits the topic Environmental Science?,federalism,conservation,composer,consensus,conservation,,,text,20,12,true
Environmental Science,easy,Which of these fits the topic Environmental Science?,carbon footprint,consensus,treatment,digestive system,carbon footprint,,,text,20,12,true
Environmental Science,easy,Which option belongs to Environmental Science?,conservation,digestive system,volume,variable,conservation,,,text,20,12,true
Environmental Science,easy,Which option belongs to Environmental Science?,habitat,assist,mind,Lake Victoria,habitat,,,text,20,12,true
Environmental Science,easy,Pick the correct term for Environmental Science.,lighting,RPG,biodiversity,vault,biodiversity,,,text,20,12,true
Environmental Science,easy,Select a term associated with Environmental Science.,Thar,realism,Tamil Nadu,pollution,pollution,,,text,20,12,true
Environmental Science,easy,Pick the correct term for Environmental Science.,intrusion,satellite,renewable,box office,renewable,,,text,20,12,true
Environmental Science,easy,Select a term associated with Environmental Science.,GDP,seed,sustainability,Medicine,sustainability,,,text,20,12,true
Environmental Science,easy,Pick the correct term for Environmental Science.,habitat,bear market,focus,Economics,habitat,,,text,20,12,true
Environmental Science,easy,Pick the correct term for Environmental Science.,Mohenjo-daro,conservation,League of Nations,credit,conservation,,,text,20,12,true
Environmental Science,easy,Which of these fits the topic Environmental Science?,turbulence,Literature,sustainability,chancellor,sustainability,,,text,20,12,true
Environmental Science,easy,Pick the correct term for Environmental Science.,Rajasthan,habitat,myth,author,habitat,,,text,20,12,true
Environmental Science,easy,Which of these is related to Environmental Science?,ecology,perception,wicket,pesticide,ecology,,,text,20,12,true
Environmental Science,easy,Select a term associated with Environmental Science.,carbon footprint,over,overfitting,rebound,carbon footprint,,,text,20,12,true
Environmental Science,easy,Select a term associated with Environmental Science.,space planning,box office,syntax,habitat,habitat,,,text,20,12,true
Environmental Science,easy,Pick the correct term for Environmental Science.,payment gateway,ecosystem,adjective,renewable,renewable,,,text,20,12,true
Environmental Science,medium,Pick the concept that best matches Environmental Science.,pollution,prescription,electricity,ice melt,pollution,,,text,40,10,true
Environmental Science,medium,Select the most relevant term for Environmental Science.,therapy,molecule,carbon footprint,adaptation,carbon footprint,,,text,40,10,true
Environmental Science,medium,Select the most relevant term for Environmental Science.,magnetism,ecosystem,respiratory system,prescription,ecosystem,,,text,40,10,true
Environmental Science,medium,Pick the concept that best matches Environmental Science.,treatment,force,ionic bond,biodiversity,biodiversity,,,text,40,10,true
Environmental Science,medium,Which option is a key concept in Environmental Science?,dosage,pH,recycling,reaction,recycling,,,text,40,10,true
Environmental Science,medium,Which term is most commonly used in Environmental Science?,recycling,prescription,compound,global warming,recycling,,,text,40,10,true
Environmental Science,medium,Which term is most commonly used in Environmental Science?,pollution,heart,energy,atom,pollution,,,text,40,10,true
Environmental Science,medium,Select the most relevant term for Environmental Science.,gravity,molecule,sustainability,force,sustainability,,,text,40,10,true
Environmental Science,medium,Which option aligns with Environmental Science?,pollution,drug,nervous system,mitochondria,pollution,,,text,40,10,true
Environmental Science,medium,Which term is most commonly used in Environmental Science?,evolution,drug,energy,sustainability,sustainability,,,text,40,10,true
Environmental Science,medium,Pick the concept that best matches Environmental Science.,habitat,hospital,skeletal system,compound,habitat,,,text,40,10,true
Environmental Science,medium,Which term is most commonly used in Environmental Science?,reaction,ecosystem,gene,carbon footprint,carbon footprint,,,text,40,10,true
Environmental Science,medium,Which of these is a core idea in Environmental Science?,fossil fuels,treatment,habitat,skeletal system,habitat,,,text,40,10,true
Environmental Science,medium,Which option is a key concept in Environmental Science?,mitigation,therapy,conservation,evolution,conservation,,,text,40,10,true
Environmental Science,medium,Pick the concept that best matches Environmental Science.,symptom,carbon footprint,mitigation,metabolism,carbon footprint,,,text,40,10,true
Environmental Science,medium,Which option is a key concept in Environmental Science?,sea level,prescription,toxicity,renewable,renewable,,,text,40,10,true
Environmental Science,medium,Choose the term that best represents Environmental Science.,adaptation,kidney,pollution,compound,pollution,,,text,40,10,true
Environmental Science,medium,Choose the term that best represents Environmental Science.,skeletal system,conservation,force,velocity,conservation,,,text,40,10,true
Environmental Science,hard,Which option best characterizes Environmental Science?,prescription,vaccine,ecology,ionic bond,ecology,,,text,80,8,true
Environmental Science,hard,Which option best characterizes Environmental Science?,catalyst,ecosystem,molecule,receptor,ecosystem,,,text,80,8,true
Environmental Science,hard,Pick the most specific concept tied to Environmental Science.,vaccine,molecule,pharmacokinetics,sustainability,sustainability,,,text,80,8,true
Environmental Science,hard,Which term is most specifically associated with Environmental Science?,protein,renewable,disease,symptom,renewable,,,text,80,8,true
Environmental Science,hard,Select the most precise term for Environmental Science.,cell,wave,sustainability,emissions,sustainability,,,text,80,8,true
Environmental Science,hard,Select the best-fit term for Environmental Science.,diagnosis,sustainability,pH,evolution,sustainability,,,text,80,8,true
Environmental Science,hard,Which option is most directly linked to Environmental Science?,ice melt,renewable,toxicity,prescription,renewable,,,text,80,8,true
Environmental Science,hard,Select the most precise term for Environmental Science.,conservation,periodic table,electricity,sea level,conservation,,,text,80,8,true
Environmental Science,hard,Choose the most accurate term for Environmental Science.,pollution,hospital,lungs,catalyst,pollution,,,text,80,8,true
Environmental Science,hard,Which term is the closest match to Environmental Science?,emissions,drug,recycling,receptor,recycling,,,text,80,8,true
Environmental Science,hard,Select the best-fit term for Environmental Science.,photosynthesis,acceleration,recycling,ecosystem,recycling,,,text,80,8,true
Environmental Science,hard,Which term is the closest match to Environmental Science?,catalyst,renewable,enzyme,magnetism,renewable,,,text,80,8,true
Environmental Science,hard,Which option best characterizes Environmental Science?,ecology,electricity,vaccine,acceleration,ecology,,,text,80,8,true
Environmental Science,hard,Select the best-fit term for Environmental Science.,DNA,renewable,muscular system,gravity,renewable,,,text,80,8,true
Environmental Science,hard,Choose the most accurate term for Environmental Science.,receptor,ecosystem,disease,carbon footprint,carbon footprint,,,text,80,8,true
Environmental Science,hard,Which option best characterizes Environmental Science?,ecosystem,acceleration,mitigation,ecosystem,ecosystem,,,text,80,8,true
Environmental Science,hard,Choose the most accurate term for Environmental Science.,molecule,enzyme,momentum,ecosystem,ecosystem,,,text,80,8,true
Environmental Science,hard,Select the best-fit term for Environmental Science.,gene,habitat,fossil fuels,nervous system,habitat,,,text,80,8,true
Environmental Science,hard,Select the most precise term for Environmental Science.,enzyme,circulatory system,ecosystem,compound,ecosystem,,,text,80,8,true
Environmental Science,hard,Which option is most directly linked to Environmental Science?,disease,side effect,recycling,brain,recycling,,,text,80,8,true
Environmental Science,hard,Select the most precise term for Environmental Science.,mitigation,ecosystem,compound,velocity,ecosystem,,,text,80,8,true
Environmental Science,hard,Which option is most directly linked to Environmental Science?,renewable,treatment,energy,compound,renewable,,,text,80,8,true
Environmental Science,hard,Select the best-fit term for Environmental Science.,lungs,digestive system,recycling,circulatory system,recycling,,,text,80,8,true
Environmental Science,hard,Select the best-fit term for Environmental Science.,pollution,brain,momentum,treatment,pollution,,,text,80,8,true
Climate Change,easy,Select a term associated with Climate Change.,fossil fuels,bear market,Olympiad,telescope,fossil fuels,,,text,20,12,true
Climate Change,easy,Which of these fits the topic Climate Change?,equation,striker,fossil fuels,pattern,fossil fuels,,,text,20,12,true
Climate Change,easy,Choose the item most linked to Climate Change.,firewall,greenhouse gases,Lake Superior,cookie,greenhouse gases,,,text,20,12,true
Climate Change,easy,Which option belongs to Climate Change?,dunk,watercolor,climate model,rook,climate model,,,text,20,12,true
Climate Change,easy,Choose the item most linked to Climate Change.,mitigation,gesture,issue,patch,mitigation,,,text,20,12,true
Climate Change,easy,Choose the item most linked to Climate Change.,receptor,DNA,global warming,symbol,global warming,,,text,20,12,true
Climate Change,easy,Which of these is related to Climate Change?,ritual,climate model,biodiversity,flavor,climate model,,,text,20,12,true
Climate Change,easy,Which option belongs to Climate Change?,superpower,match point,sea level,alphabet,sea level,,,text,20,12,true
Climate Change,easy,Which of these fits the topic Climate Change?,therapy,greenhouse gases,composer,perception,greenhouse gases,,,text,20,12,true
Climate Change,easy,Which option belongs to Climate Change?,mitigation,Chemistry,Mojave,stream of consciousness,mitigation,,,text,20,12,true
Climate Change,easy,Which of these is related to Climate Change?,tributary,monopoly,greenhouse gases,foul,greenhouse gases,,,text,20,12,true
Climate Change,easy,Which option belongs to Climate Change?,ecosystem,mitigation,thermodynamics,engine,mitigation,,,text,20,12,true
Climate Change,easy,Which option belongs to Climate Change?,thermodynamics,internet,climate model,Mojave,climate model,,,text,20,12,true
Climate Change,easy,Which of these is related to Climate Change?,Apollo,rally,dictionary,sea level,sea level,,,text,20,12,true
Climate Change,easy,Choose the item most linked to Climate Change.,society,composer,infrastructure,greenhouse gases,greenhouse gases,,,text,20,12,true
Climate Change,easy,Which option belongs to Climate Change?,Kerala,composer,socialization,sea level,sea level,,,text,20,12,true
Climate Change,easy,Which option belongs to Climate Change?,conservation,fossil fuels,phishing,charger,fossil fuels,,,text,20,12,true
Climate Change,easy,Which option belongs to Climate Change?,carbon dioxide,electricity,United Nations,dollar,carbon dioxide,,,text,20,12,true
Climate Change,medium,Pick the concept that best matches Climate Change.,global warming,muscular system,kidney,carbon footprint,global warming,,,text,40,10,true
Climate Change,medium,Which of these is a core idea in Climate Change?,digestive system,sea level,heart,pH,sea level,,,text,40,10,true
Climate Change,medium,Choose the term that best represents Climate Change.,greenhouse gases,nervous system,reaction,bioavailability,greenhouse gases,,,text,40,10,true
Climate Change,medium,Choose the term that best represents Climate Change.,brain,sea level,photosynthesis,pollution,sea level,,,text,40,10,true
Climate Change,medium,Pick the concept that best matches Climate Change.,protein,covalent bond,emissions,thermodynamics,emissions,,,text,40,10,true
Climate Change,medium,Pick the concept that best matches Climate Change.,patient,acceleration,atom,global warming,global warming,,,text,40,10,true
Climate Change,medium,Pick the concept that best matches Climate Change.,ecosystem,protein,vaccine,ice melt,ice melt,,,text,40,10,true
Climate Change,medium,Pick the concept that best matches Climate Change.,treatment,wave,fossil fuels,cell,fossil fuels,,,text,40,10,true
Climate Change,medium,Which term is most commonly used in Climate Change?,sea level,thermodynamics,heart,toxicity,sea level,,,text,40,10,true
Climate Change,medium,Select the most relevant term for Climate Change.,sea level,pH,energy,drug,sea level,,,text,40,10,true
Climate Change,medium,Pick the concept that best matches Climate Change.,pollution,mitigation,force,renewable,mitigation,,,text,40,10,true
Climate Change,medium,Pick the concept that best matches Climate Change.,emissions,gravity,recycling,reaction,emissions,,,text,40,10,true
Climate Change,medium,Which term is most commonly used in Climate Change?,sea level,atom,evolution,skeletal system,sea level,,,text,40,10,true
Climate Change,medium,Choose the term that best represents Climate Change.,dosage,diagnosis,emissions,wave,emissions,,,text,40,10,true
Climate Change,medium,Which term is most commonly used in Climate Change?,treatment,heart,mitochondria,sea level,sea level,,,text,40,10,true
Climate Change,medium,Pick the concept that best matches Climate Change.,disease,pH,protein,global warming,global warming,,,text,40,10,true
Climate Change,medium,Which of these is a core idea in Climate Change?,biodiversity,mitigation,gene,brain,mitigation,,,text,40,10,true
Climate Change,medium,Choose the term that best represents Climate Change.,energy,global warming,compound,patient,global warming,,,text,40,10,true
Climate Change,hard,Which option best characterizes Climate Change?,heart,magnetism,emissions,momentum,emissions,,,text,80,8,true
Climate Change,hard,Choose the most accurate term for Climate Change.,dosage,global warming,velocity,pollution,global warming,,,text,80,8,true
Climate Change,hard,Select the most precise term for Climate Change.,nervous system,magnetism,compound,global warming,global warming,,,text,80,8,true
Climate Change,hard,Which term is the closest match to Climate Change?,mitigation,photosynthesis,evolution,oxidation,mitigation,,,text,80,8,true
Climate Change,hard,Which option is most directly linked to Climate Change?,kidney,enzyme,emissions,recycling,emissions,,,text,80,8,true
Climate Change,hard,Pick the most specific concept tied to Climate Change.,digestive system,pharmacokinetics,hospital,carbon dioxide,carbon dioxide,,,text,80,8,true
Climate Change,hard,Which term is the closest match to Climate Change?,renewable,receptor,pollution,ice melt,ice melt,,,text,80,8,true
Climate Change,hard,Select the best-fit term for Climate Change.,nervous system,fossil fuels,compound,reaction,fossil fuels,,,text,80,8,true
Climate Change,hard,Select the most precise term for Climate Change.,prescription,ecosystem,mitigation,habitat,mitigation,,,text,80,8,true
Climate Change,hard,Pick the most specific concept tied to Climate Change.,force,wave,adaptation,gene,adaptation,,,text,80,8,true
Climate Change,hard,Which term is the closest match to Climate Change?,emissions,momentum,ecosystem,kidney,emissions,,,text,80,8,true
Climate Change,hard,Which option is most directly linked to Climate Change?,muscular system,adaptation,disease,hospital,adaptation,,,text,80,8,true
Climate Change,hard,Which term is the closest match to Climate Change?,ice melt,ecosystem,electricity,recycling,ice melt,,,text,80,8,true
Climate Change,hard,Pick the most specific concept tied to Climate Change.,emissions,renewable,protein,clinical,emissions,,,text,80,8,true
Climate Change,hard,Which term is most specifically associated with Climate Change?,evolution,catalyst,global warming,thermodynamics,global warming,,,text,80,8,true
Climate Change,hard,Which option is most directly linked to Climate Change?,adaptation,heart,cell,momentum,adaptation,,,text,80,8,true
Climate Change,hard,Which option best characterizes Climate Change?,evolution,molecule,skeletal system,sea level,sea level,,,text,80,8,true
Climate Change,hard,Which option best characterizes Climate Change?,toxicity,molecule,global warming,biodiversity,global warming,,,text,80,8,true
Climate Change,hard,Select the best-fit term for Climate Change.,ecosystem,fossil fuels,force,therapy,fossil fuels,,,text,80,8,true
Climate Change,hard,Which option is most directly linked to Climate Change?,ecosystem,emissions,receptor,homeostasis,emissions,,,text,80,8,true
Climate Change,hard,Select the best-fit term for Climate Change.,adaptation,wave,diagnosis,acceleration,adaptation,,,text,80,8,true
Climate Change,hard,Pick the most specific concept tied to Climate Change.,sustainability,carbon footprint,ice melt,muscular system,ice melt,,,text,80,8,true
Climate Change,hard,Pick the most specific concept tied to Climate Change.,emissions,side effect,metabolism,gene,emissions,,,text,80,8,true
Climate Change,hard,Which term is the closest match to Climate Change?,evolution,mitigation,symptom,vaccine,mitigation,,,text,80,8,true
Wildlife,easy,Which option belongs to Wildlife?,biodiversity,hero,internet,rebrand,biodiversity,,,text,20,12,true
Wildlife,easy,Pick the correct term for Wildlife.,theme,conservation,conservation,ceremony,conservation,,,text,20,12,true
Wildlife,easy,Which option belongs to Wildlife?,digestive system,polynomial,conservation,pronoun,conservation,,,text,20,12,true
Wildlife,easy,Select a term associated with Wildlife.,predator,IPO,post,policy debate,predator,,,text,20,12,true
Wildlife,easy,Which of these is related to Wildlife?,blueprint,conservation,composer,Odyssey,conservation,,,text,20,12,true
Wildlife,easy,Select a term associated with Wildlife.,viral,conservation,fertilizer,premiere,conservation,,,text,20,12,true
Wildlife,easy,Select a term associated with Wildlife.,bioavailability,migration,wellness,billionaire,migration,,,text,20,12,true
Wildlife,easy,Pick the correct term for Wildlife.,Industrial Revolution,adjective,ecosystem,database,ecosystem,,,text,20,12,true
Wildlife,easy,Choose the item most linked to Wildlife.,predator,meditation,Nobel Prize,lens,predator,,,text,20,12,true
Wildlife,easy,Which of these fits the topic Wildlife?,Andes,ecosystem,superpower,online store,ecosystem,,,text,20,12,true
Wildlife,easy,Which of these is related to Wildlife?,cart,backhand,pranayama,predator,predator,,,text,20,12,true
Wildlife,easy,Pick the correct term for Wildlife.,wildlife reserve,generator,layout,socialization,wildlife reserve,,,text,20,12,true
Wildlife,easy,Which option belongs to Wildlife?,habitat,continent,torch,agent,habitat,,,text,20,12,true
Wildlife,easy,Pick the correct term for Wildlife.,wildlife reserve,Rockies,paradox,striker,wildlife reserve,,,text,20,12,true
Wildlife,easy,Which option belongs to Wildlife?,migration,comic,JavaScript,shipping,migration,,,text,20,12,true
Wildlife,easy,Which of these is related to Wildlife?,Industrial Revolution,biodiversity,chancellor,tributary,biodiversity,,,text,20,12,true
Wildlife,easy,Which option belongs to Wildlife?,prey,Yangtze,RPG,molecule,prey,,,text,20,12,true
Wildlife,easy,Which of these is related to Wildlife?,endangered,bioavailability,habitat,Stockholm,endangered,,,text,20,12,true
Wildlife,medium,Which term is most commonly used in Wildlife?,species,time zone,hemisphere,conservation,species,,,text,40,10,true
Wildlife,medium,Select the most relevant term for Wildlife.,conservation,Africa,Arctic Ocean,Gobi,conservation,,,text,40,10,true
Wildlife,medium,Which option is a key concept in Wildlife?,migration,oasis,atoll,Sri Lanka,migration,,,text,40,10,true
Wildlife,medium,Which option aligns with Wildlife?,migration,Atlantic Ocean,longitude,topography,migration,,,text,40,10,true
Wildlife,medium,Which term is most commonly used in Wildlife?,ecosystem,continent,oasis,delta,ecosystem,,,text,40,10,true
Wildlife,medium,Which option aligns with Wildlife?,endangered,Kalahari,semi-arid,Europe,endangered,,,text,40,10,true
Wildlife,medium,Which option is a key concept in Wildlife?,Mississippi,Africa,species,hemisphere,species,,,text,40,10,true
Wildlife,medium,Which option is a key concept in Wildlife?,Atlantic Ocean,habitat,Atacama,Africa,habitat,,,text,40,10,true
Wildlife,medium,Which term is most commonly used in Wildlife?,habitat,migration,Andes,Indian Ocean,migration,,,text,40,10,true
Wildlife,medium,Which option is a key concept in Wildlife?,Iceland,Red Sea,Pacific Ocean,prey,prey,,,text,40,10,true
Wildlife,medium,Which of these is a core idea in Wildlife?,habitat,Mojave,range,predator,predator,,,text,40,10,true
Wildlife,medium,Choose the term that best represents Wildlife.,archipelago,continent,atoll,migration,migration,,,text,40,10,true
Wildlife,medium,Select the most relevant term for Wildlife.,campground,habitat,Red Sea,Sumatra,habitat,,,text,40,10,true
Wildlife,medium,Select the most relevant term for Wildlife.,prey,Southern Ocean,island chain,Lake Victoria,prey,,,text,40,10,true
Wildlife,medium,Choose the term that best represents Wildlife.,conservation,conservation,Southern Ocean,latitude,conservation,,,text,40,10,true
Wildlife,medium,Which option aligns with Wildlife?,Alps,altitude,volcanic island,biodiversity,biodiversity,,,text,40,10,true
Wildlife,medium,Which option aligns with Wildlife?,prime meridian,ranger,Himalayas,conservation,conservation,,,text,40,10,true
Wildlife,medium,Which option is a key concept in Wildlife?,protected area,endangered,Indian Ocean,Everest,endangered,,,text,40,10,true
Wildlife,hard,Which term is the closest match to Wildlife?,Atlantic Ocean,dune,Caribbean Sea,habitat,habitat,,,text,80,8,true
Wildlife,hard,Select the best-fit term for Wildlife.,Europe,equator,migration,Andes,migration,,,text,80,8,true
Wildlife,hard,Which option is most directly linked to Wildlife?,summit,Mediterranean Sea,habitat,campground,habitat,,,text,80,8,true
Wildlife,hard,Select the most precise term for Wildlife.,predator,trail,atoll,Danube,predator,,,text,80,8,true
Wildlife,hard,Select the most precise term for Wildlife.,ranger,predator,Iceland,Southern Ocean,predator,,,text,80,8,true
Wildlife,hard,Select the best-fit term for Wildlife.,archipelago,Gulf,Ganga,ecosystem,ecosystem,,,text,80,8,true
Wildlife,hard,Which option best characterizes Wildlife?,Caribbean Sea,time zone,altitude,habitat,habitat,,,text,80,8,true
Wildlife,hard,Select the best-fit term for Wildlife.,continent,prey,Gobi,North America,prey,,,text,80,8,true
Wildlife,hard,Which option is most directly linked to Wildlife?,ranger,Australia,conservation,ecosystem,ecosystem,,,text,80,8,true
Wildlife,hard,Which term is most specifically associated with Wildlife?,protected area,longitude,Lake Superior,conservation,conservation,,,text,80,8,true
Wildlife,hard,Choose the most accurate term for Wildlife.,Amazon,ecosystem,prime meridian,Everest,ecosystem,,,text,80,8,true
Wildlife,hard,Which option is most directly linked to Wildlife?,peak,Ganga,trail,predator,predator,,,text,80,8,true
Wildlife,hard,Which option is most directly linked to Wildlife?,Mississippi,conservation,prime meridian,range,conservation,,,text,80,8,true
Wildlife,hard,Select the most precise term for Wildlife.,Iceland,longitude,endangered,Rockies,endangered,,,text,80,8,true
Wildlife,hard,Select the most precise term for Wildlife.,habitat,Mojave,altitude,Indian Ocean,habitat,,,text,80,8,true
Wildlife,hard,Select the best-fit term for Wildlife.,species,dune,Lake Victoria,protected area,species,,,text,80,8,true
Wildlife,hard,Which term is the closest match to Wildlife?,prey,ranger,range,Asia,prey,,,text,80,8,true
Wildlife,hard,Which option best characterizes Wildlife?,Sri Lanka,campground,habitat,Atlantic Ocean,habitat,,,text,80,8,true
Wildlife,hard,Select the best-fit term for Wildlife.,wildlife reserve,Andes,Australia,protected area,wildlife reserve,,,text,80,8,true
Wildlife,hard,Pick the most specific concept tied to Wildlife.,longitude,species,tributary,Southern Ocean,species,,,text,80,8,true
Wildlife,hard,Which option best characterizes Wildlife?,continent,migration,North America,Rockies,migration,,,text,80,8,true
Wildlife,hard,Pick the most specific concept tied to Wildlife.,topography,ecosystem,time zone,wilderness,ecosystem,,,text,80,8,true
Wildlife,hard,Which option is most directly linked to Wildlife?,longitude,endangered,wilderness,South America,endangered,,,text,80,8,true
Wildlife,hard,Which term is the closest match to Wildlife?,island chain,prey,Yangtze,Danube,prey,,,text,80,8,true
National Parks,easy,Pick the correct term for National Parks.,protected area,playlist,director,prescription,protected area,,,text,20,12,true
National Parks,easy,Pick the correct term for National Parks.,sanctuary,continuity,Lakshmi,Best Picture,sanctuary,,,text,20,12,true
National Parks,easy,Select a term associated with National Parks.,App Store,CSS,cart,campground,campground,,,text,20,12,true
National Parks,easy,Select a term associated with National Parks.,pawn,inequality,biodiversity,statuette,biodiversity,,,text,20,12,true
National Parks,easy,Which option belongs to National Parks?,banknote,campground,adjective,respiratory system,campground,,,text,20,12,true
National Parks,easy,Pick the correct term for National Parks.,flexibility,protected area,postmodern,coin,protected area,,,text,20,12,true
National Parks,easy,Pick the correct term for National Parks.,conservation,socialization,Indus Valley,orbit,conservation,,,text,20,12,true
National Parks,easy,Choose the item most linked to National Parks.,sequence,wilderness,latitude,Red Sea,wilderness,,,text,20,12,true
National Parks,easy,Select a term associated with National Parks.,machine,branding,merger,campground,campground,,,text,20,12,true
National Parks,easy,Pick the correct term for National Parks.,Krishna,protected area,suspension,checkout,protected area,,,text,20,12,true
National Parks,easy,Which of these is related to National Parks?,façade,wilderness,verse,leadership,wilderness,,,text,20,12,true
National Parks,easy,Select a term associated with National Parks.,Literature,renewable,Sumatra,habitat,habitat,,,text,20,12,true
National Parks,easy,Select a term associated with National Parks.,Greenland,portfolio,suspension,trail,trail,,,text,20,12,true
National Parks,easy,Select a term associated with National Parks.,global warming,dune,campground,Everest,campground,,,text,20,12,true
National Parks,easy,Choose the item most linked to National Parks.,Odyssey,reason,habitat,director,habitat,,,text,20,12,true
National Parks,easy,Select a term associated with National Parks.,seed,habitat,risk,malware,habitat,,,text,20,12,true
National Parks,easy,Choose the item most linked to National Parks.,dot-com,Durga,slogan,wilderness,wilderness,,,text,20,12,true
National Parks,easy,Choose the item most linked to National Parks.,ranger,tragedy,superhero,nominee,ranger,,,text,20,12,true
National Parks,medium,Which option is a key concept in National Parks?,South America,campground,semi-arid,ecosystem,campground,,,text,40,10,true
National Parks,medium,Which term is most commonly used in National Parks?,habitat,Atlantic Ocean,peak,visitor center,visitor center,,,text,40,10,true
National Parks,medium,Pick the concept that best matches National Parks.,Gulf,protected area,tributary,Greenland,protected area,,,text,40,10,true
National Parks,medium,Choose the term that best represents National Parks.,campground,Ganga,Antarctica,Danube,campground,,,text,40,10,true
National Parks,medium,Which option aligns with National Parks?,Thar,Pacific Ocean,Australia,ranger,ranger,,,text,40,10,true
National Parks,medium,Which option aligns with National Parks?,campground,atoll,continent,Sri Lanka,campground,,,text,40,10,true
National Parks,medium,Which of these is a core idea in National Parks?,conservation,Sumatra,island chain,visitor center,visitor center,,,text,40,10,true
National Parks,medium,Which of these is a core idea in National Parks?,habitat,biodiversity,Madagascar,island chain,biodiversity,,,text,40,10,true
National Parks,medium,Choose the term that best represents National Parks.,topography,prime meridian,migration,wilderness,wilderness,,,text,40,10,true
National Parks,medium,Pick the concept that best matches National Parks.,tributary,biodiversity,island chain,South America,biodiversity,,,text,40,10,true
National Parks,medium,Which option aligns with National Parks?,South America,continent,protected area,Everest,protected area,,,text,40,10,true
National Parks,medium,Choose the term that best represents National Parks.,altitude,sanctuary,Mojave,Sri Lanka,sanctuary,,,text,40,10,true
National Parks,medium,Pick the concept that best matches National Parks.,sanctuary,North America,Yangtze,Mediterranean Sea,sanctuary,,,text,40,10,true
National Parks,medium,Which option aligns with National Parks?,map scale,sanctuary,continent,Caribbean Sea,sanctuary,,,text,40,10,true
National Parks,medium,Select the most relevant term for National Parks.,wilderness,Amazon,archipelago,semi-arid,wilderness,,,text,40,10,true
National Parks,medium,Choose the term that best represents National Parks.,Atacama,visitor center,Red Sea,Lake Superior,visitor center,,,text,40,10,true
National Parks,medium,Which term is most commonly used in National Parks?,Australia,latitude,trail,Gulf,trail,,,text,40,10,true
National Parks,medium,Select the most relevant term for National Parks.,migration,Yangtze,ranger,predator,ranger,,,text,40,10,true
National Parks,hard,Select the most precise term for National Parks.,Madagascar,plate,Gobi,protected area,protected area,,,text,80,8,true
National Parks,hard,Which option best characterizes National Parks?,wildlife reserve,Caribbean Sea,visitor center,Everest,visitor center,,,text,80,8,true
National Parks,hard,Which option best characterizes National Parks?,visitor center,prime meridian,Atlantic Ocean,species,visitor center,,,text,80,8,true
National Parks,hard,Pick the most specific concept tied to National Parks.,Yangtze,Rockies,protected area,continent,protected area,,,text,80,8,true
National Parks,hard,Select the best-fit term for National Parks.,biodiversity,map scale,Mojave,habitat,biodiversity,,,text,80,8,true
National Parks,hard,Pick the most specific concept tied to National Parks.,latitude,biodiversity,Greenland,ranger,ranger,,,text,80,8,true
National Parks,hard,Which option best characterizes National Parks?,topography,habitat,Thar,protected area,protected area,,,text,80,8,true
National Parks,hard,Choose the most accurate term for National Parks.,prime meridian,biodiversity,map scale,continent,biodiversity,,,text,80,8,true
National Parks,hard,Which term is most specifically associated with National Parks?,Asia,conservation,Sumatra,Mojave,conservation,,,text,80,8,true
National Parks,hard,Which term is the closest match to National Parks?,biodiversity,species,archipelago,biodiversity,biodiversity,,,text,80,8,true
National Parks,hard,Choose the most accurate term for National Parks.,sanctuary,Atacama,hemisphere,Rockies,sanctuary,,,text,80,8,true
National Parks,hard,Which term is most specifically associated with National Parks?,island chain,altitude,Himalayas,visitor center,visitor center,,,text,80,8,true
National Parks,hard,Pick the most specific concept tied to National Parks.,island chain,campground,atoll,K2,campground,,,text,80,8,true
National Parks,hard,Pick the most specific concept tied to National Parks.,peak,range,trail,Europe,trail,,,text,80,8,true
National Parks,hard,Which term is the closest match to National Parks?,campground,oasis,predator,Mojave,campground,,,text,80,8,true
National Parks,hard,Select the best-fit term for National Parks.,time zone,Sri Lanka,trail,tributary,trail,,,text,80,8,true
National Parks,hard,Select the best-fit term for National Parks.,Australia,arid,equator,ranger,ranger,,,text,80,8,true
National Parks,hard,Which option is most directly linked to National Parks?,ranger,Caribbean Sea,semi-arid,atoll,ranger,,,text,80,8,true
National Parks,hard,Select the best-fit term for National Parks.,Atacama,Arctic Ocean,Nile,sanctuary,sanctuary,,,text,80,8,true
National Parks,hard,Select the best-fit term for National Parks.,conservation,plate,semi-arid,Borneo,conservation,,,text,80,8,true
National Parks,hard,Select the best-fit term for National Parks.,Borneo,arid,trail,dune,trail,,,text,80,8,true
National Parks,hard,Which term is the closest match to National Parks?,prey,sanctuary,hemisphere,migration,sanctuary,,,text,80,8,true
National Parks,hard,Which option best characterizes National Parks?,biodiversity,Borneo,Ganga,map scale,biodiversity,,,text,80,8,true
National Parks,hard,Which option is most directly linked to National Parks?,species,Sri Lanka,migration,protected area,protected area,,,text,80,8,true
Inventions & Discoveries,easy,Select a term associated with Inventions & Discoveries.,Oscar,fiscal policy,banknote,internet,internet,,,text,20,12,true
Inventions & Discoveries,easy,Select a term associated with Inventions & Discoveries.,Bollywood,patent,online store,existence,patent,,,text,20,12,true
Inventions & Discoveries,easy,Choose the item most linked to Inventions & Discoveries.,watercolor,conservation,opening ceremony,electricity,electricity,,,text,20,12,true
Inventions & Discoveries,easy,Which option belongs to Inventions & Discoveries?,wardrobe,Nile,inflation,patent,patent,,,text,20,12,true
Inventions & Discoveries,easy,Select a term associated with Inventions & Discoveries.,backboard,microscope,map scale,election,microscope,,,text,20,12,true
Inventions & Discoveries,easy,Pick the correct term for Inventions & Discoveries.,microscope,dot-com,cabinet,wearable,microscope,,,text,20,12,true
Inventions & Discoveries,easy,Select a term associated with Inventions & Discoveries.,printing press,target audience,skyscraper,polymorphism,printing press,,,text,20,12,true
Inventions & Discoveries,easy,Pick the correct term for Inventions & Discoveries.,star,watering,United Nations,patent,patent,,,text,20,12,true
Inventions & Discoveries,easy,Which of these fits the topic Inventions & Discoveries?,printing press,semi-arid,realism,inventory,printing press,,,text,20,12,true
Inventions & Discoveries,easy,Which of these fits the topic Inventions & Discoveries?,vaccination,flavor,decorator,blockbuster,vaccination,,,text,20,12,true
Inventions & Discoveries,easy,Pick the correct term for Inventions & Discoveries.,Maharashtra,patent,rebrand,battery,patent,,,text,20,12,true
Inventions & Discoveries,easy,Which option belongs to Inventions & Discoveries?,backboard,wellness,internet,liability,internet,,,text,20,12,true
Inventions & Discoveries,easy,Choose the item most linked to Inventions & Discoveries.,energy,telescope,runway,supply chain,telescope,,,text,20,12,true
Inventions & Discoveries,easy,Choose the item most linked to Inventions & Discoveries.,patent,emulator,Yangtze,Olympus,patent,,,text,20,12,true
Inventions & Discoveries,easy,Which of these is related to Inventions & Discoveries?,livestock,session,radio,ritual,radio,,,text,20,12,true
Inventions & Discoveries,easy,Which of these is related to Inventions & Discoveries?,dish,innovation,grill,iterator,innovation,,,text,20,12,true
Inventions & Discoveries,easy,Which option belongs to Inventions & Discoveries?,runway,sonnet,internet,Shiva,internet,,,text,20,12,true
Inventions & Discoveries,easy,Choose the item most linked to Inventions & Discoveries.,rocket,defender,radio,opera,radio,,,text,20,12,true
Inventions & Discoveries,medium,Which option aligns with Inventions & Discoveries?,suspension,Economics,electricity,public health,electricity,,,text,40,10,true
Inventions & Discoveries,medium,Which option aligns with Inventions & Discoveries?,innovation,head of state,mindfulness,composer,innovation,,,text,40,10,true
Inventions & Discoveries,medium,Which term is most commonly used in Inventions & Discoveries?,Peace,harvest,posture,microscope,microscope,,,text,40,10,true
Inventions & Discoveries,medium,Choose the term that best represents Inventions & Discoveries.,Gujarat,seed,electricity,Kerala,electricity,,,text,40,10,true
Inventions & Discoveries,medium,Which term is most commonly used in Inventions & Discoveries?,landing gear,monarch,printing press,Best Actress,printing press,,,text,40,10,true
Inventions & Discoveries,medium,Which option aligns with Inventions & Discoveries?,currency symbol,Best Actress,internet,trademark,internet,,,text,40,10,true
Inventions & Discoveries,medium,Which term is most commonly used in Inventions & Discoveries?,Chemistry,patent,turbulence,pesticide,patent,,,text,40,10,true
Inventions & Discoveries,medium,Which of these is a core idea in Inventions & Discoveries?,ingredient,Assam,banner,steam engine,steam engine,,,text,40,10,true
Inventions & Discoveries,medium,Which option is a key concept in Inventions & Discoveries?,electricity,banknote,Maharashtra,philanthropist,electricity,,,text,40,10,true
Inventions & Discoveries,medium,Select the most relevant term for Inventions & Discoveries.,Punjab,pesticide,vaccination,slogan,vaccination,,,text,40,10,true
Inventions & Discoveries,medium,Which of these is a core idea in Inventions & Discoveries?,Kerala,innovation,crest,taste,innovation,,,text,40,10,true
Inventions & Discoveries,medium,Select the most relevant term for Inventions & Discoveries.,pound,internet,exchange rate,landing gear,internet,,,text,40,10,true
Inventions & Discoveries,medium,Which option is a key concept in Inventions & Discoveries?,Nobel Prize,director,innovation,explorer,innovation,,,text,40,10,true
Inventions & Discoveries,medium,Which option is a key concept in Inventions & Discoveries?,microscope,flavor,fuel,posture,microscope,,,text,40,10,true
Inventions & Discoveries,medium,Which term is most commonly used in Inventions & Discoveries?,laureate,yen,diplomacy,steam engine,steam engine,,,text,40,10,true
Inventions & Discoveries,medium,Which option aligns with Inventions & Discoveries?,steam engine,horsepower,runway,flavor,steam engine,,,text,40,10,true
Inventions & Discoveries,medium,Which option is a key concept in Inventions & Discoveries?,internet,Best Actor,red carpet,spice,internet,,,text,40,10,true
Inventions & Discoveries,medium,Select the most relevant term for Inventions & Discoveries.,pesticide,banner,printing press,red carpet,printing press,,,text,40,10,true
Inventions & Discoveries,hard,Which term is most specifically associated with Inventions & Discoveries?,scientist,vaccination,stretch,chancellor,vaccination,,,text,80,8,true
Inventions & Discoveries,hard,Pick the most specific concept tied to Inventions & Discoveries.,transmission,harvest,education reform,electricity,electricity,,,text,80,8,true
Inventions & Discoveries,hard,Pick the most specific concept tied to Inventions & Discoveries.,sedan,cuisine,coin,vaccination,vaccination,,,text,80,8,true
Inventions & Discoveries,hard,Which term is the closest match to Inventions & Discoveries?,vaccination,seed,president,packaging,vaccination,,,text,80,8,true
Inventions & Discoveries,hard,Select the most precise term for Inventions & Discoveries.,farm,Nobel Prize,stripe,internet,internet,,,text,80,8,true
Inventions & Discoveries,hard,Which option best characterizes Inventions & Discoveries?,sedan,electricity,air traffic,trade agreement,electricity,,,text,80,8,true
Inventions & Discoveries,hard,Which option best characterizes Inventions & Discoveries?,dollar,telescope,recipe,election cycle,telescope,,,text,80,8,true
Inventions & Discoveries,hard,Select the most precise term for Inventions & Discoveries.,crop,climate policy,inflation,internet,internet,,,text,80,8,true
Inventions & Discoveries,hard,Which option best characterizes Inventions & Discoveries?,policy debate,election,internet,Rajasthan,internet,,,text,80,8,true
Inventions & Discoveries,hard,Which option best characterizes Inventions & Discoveries?,suspension,patent,explorer,cockpit,patent,,,text,80,8,true
Inventions & Discoveries,hard,Which option is most directly linked to Inventions & Discoveries?,internet,Best Actress,breathing,farm,internet,,,text,80,8,true
Inventions & Discoveries,hard,Select the most precise term for Inventions & Discoveries.,patent,soil,recognition,prize,patent,,,text,80,8,true
Inventions & Discoveries,hard,Which term is most specifically associated with Inventions & Discoveries?,international summit,turbulence,steam engine,sauce,steam engine,,,text,80,8,true
Inventions & Discoveries,hard,Which option is most directly linked to Inventions & Discoveries?,suspension,telescope,Physics,emblem,telescope,,,text,80,8,true
Inventions & Discoveries,hard,Select the best-fit term for Inventions & Discoveries.,seed,microscope,Peace,balance,microscope,,,text,80,8,true
Inventions & Discoveries,hard,Which option best characterizes Inventions & Discoveries?,innovation,color,laureate,dish,innovation,,,text,80,8,true
Inventions & Discoveries,hard,Which option best characterizes Inventions & Discoveries?,Uttar Pradesh,aerodynamics,Bihar,vaccination,vaccination,,,text,80,8,true
Inventions & Discoveries,hard,Which term is the closest match to Inventions & Discoveries?,breathing,posture,internet,prime minister,internet,,,text,80,8,true
Inventions & Discoveries,hard,Pick the most specific concept tied to Inventions & Discoveries.,telescope,election cycle,banknote,Tamil Nadu,telescope,,,text,80,8,true
Inventions & Discoveries,hard,Which term is most specifically associated with Inventions & Discoveries?,sauce,microscope,Maharashtra,pound,microscope,,,text,80,8,true
Inventions & Discoveries,hard,Select the most precise term for Inventions & Discoveries.,slogan,entrepreneur,microscope,fuel,microscope,,,text,80,8,true
Inventions & Discoveries,hard,Which option best characterizes Inventions & Discoveries?,electricity,pranayama,head of state,cuisine,electricity,,,text,80,8,true
Inventions & Discoveries,hard,Which option best characterizes Inventions & Discoveries?,red carpet,aircraft,printing press,prime minister,printing press,,,text,80,8,true
Inventions & Discoveries,hard,Which option best characterizes Inventions & Discoveries?,Bihar,printing press,irrigation,summit,printing press,,,text,80,8,true
Brands & Logos,easy,Choose the item most linked to Brands & Logos.,reaction,innings,diameter,icon,icon,,,text,20,12,true
Brands & Logos,easy,Which option belongs to Brands & Logos?,validation,packaging,free kick,emotion,packaging,,,text,20,12,true
Brands & Logos,easy,Select a term associated with Brands & Logos.,run rate,Gujarat,brand identity,argument,brand identity,,,text,20,12,true
Brands & Logos,easy,Choose the item most linked to Brands & Logos.,Atacama,icon,cinematography,climate model,icon,,,text,20,12,true
Brands & Logos,easy,Which option belongs to Brands & Logos?,Maurya Empire,icon,prime meridian,conductor,icon,,,text,20,12,true
Brands & Logos,easy,Which option belongs to Brands & Logos?,peak,Shiva,brand equity,vulnerability,brand equity,,,text,20,12,true
Brands & Logos,easy,Which option belongs to Brands & Logos?,verb,Plassey,trademark,branding,trademark,,,text,20,12,true
Brands & Logos,easy,Which of these fits the topic Brands & Logos?,level,brand equity,concerto,constitution,brand equity,,,text,20,12,true
Brands & Logos,easy,Pick the correct term for Brands & Logos.,knight,semi-arid,supernova,icon,icon,,,text,20,12,true
Brands & Logos,easy,Choose the item most linked to Brands & Logos.,slogan,aircraft,session,Nile,slogan,,,text,20,12,true
Brands & Logos,easy,Which of these fits the topic Brands & Logos?,haiku,logo,inequality,taste,logo,,,text,20,12,true
Brands & Logos,easy,Choose the item most linked to Brands & Logos.,monopoly,Kalahari,logo,exoplanet,logo,,,text,20,12,true
Brands & Logos,easy,Which of these fits the topic Brands & Logos?,adjective,tributary,packaging,habitat,packaging,,,text,20,12,true
Brands & Logos,easy,Choose the item most linked to Brands & Logos.,depth of field,peak,brand equity,latitude,brand equity,,,text,20,12,true
Brands & Logos,easy,Which of these fits the topic Brands & Logos?,optimization,trademark,responsive design,crest,trademark,,,text,20,12,true
Brands & Logos,easy,Which of these is related to Brands & Logos?,gearbox,brand identity,cabinet,mission control,brand identity,,,text,20,12,true
Brands & Logos,easy,Which of these is related to Brands & Logos?,banner,recognition,habitat,startup,recognition,,,text,20,12,true
Brands & Logos,easy,Which of these fits the topic Brands & Logos?,texture,trend,marketing,lead time,marketing,,,text,20,12,true
Brands & Logos,medium,Pick the concept that best matches Brands & Logos.,farm,brand identity,fertilizer,Best Actor,brand identity,,,text,40,10,true
Brands & Logos,medium,Which option aligns with Brands & Logos?,brand equity,vaccination,soil,Tamil Nadu,brand equity,,,text,40,10,true
Brands & Logos,medium,Which of these is a core idea in Brands & Logos?,monarch,slogan,parliament,global economy,slogan,,,text,40,10,true
Brands & Logos,medium,Select the most relevant term for Brands & Logos.,trademark,recipe,posture,infrastructure,trademark,,,text,40,10,true
Brands & Logos,medium,Which term is most commonly used in Brands & Logos?,Rajasthan,flagpole,marketing,recipe,marketing,,,text,40,10,true
Brands & Logos,medium,Which option is a key concept in Brands & Logos?,chancellor,innovation,pranayama,slogan,slogan,,,text,40,10,true
Brands & Logos,medium,Choose the term that best represents Brands & Logos.,chassis,flagpole,packaging,prize,packaging,,,text,40,10,true
Brands & Logos,medium,Which option aligns with Brands & Logos?,rebrand,summit,red carpet,recipe,rebrand,,,text,40,10,true
Brands & Logos,medium,Pick the concept that best matches Brands & Logos.,trademark,symbol,pranayama,harvest,trademark,,,text,40,10,true
Brands & Logos,medium,Pick the concept that best matches Brands & Logos.,leader,steam engine,packaging,symbol,packaging,,,text,40,10,true
Brands & Logos,medium,Which option is a key concept in Brands & Logos?,irrigation,printing press,global economy,icon,icon,,,text,40,10,true
Brands & Logos,medium,Select the most relevant term for Brands & Logos.,diplomacy,rebrand,Stockholm,suspension,rebrand,,,text,40,10,true
Brands & Logos,medium,Which option aligns with Brands & Logos?,marketing,yen,banknote,education reform,marketing,,,text,40,10,true
Brands & Logos,medium,Which term is most commonly used in Brands & Logos?,taste,flag ratio,nominee,recognition,recognition,,,text,40,10,true
Brands & Logos,medium,Choose the term that best represents Brands & Logos.,brand identity,inventor,election,Bihar,brand identity,,,text,40,10,true
Brands & Logos,medium,Which term is most commonly used in Brands & Logos?,brand equity,air traffic,laureate,steam engine,brand equity,,,text,40,10,true
Brands & Logos,medium,Which option aligns with Brands & Logos?,taste,recognition,irrigation,Assam,recognition,,,text,40,10,true
Brands & Logos,medium,Which term is most commonly used in Brands & Logos?,air traffic,soil,brand identity,tricolor,brand identity,,,text,40,10,true
Brands & Logos,hard,Select the best-fit term for Brands & Logos.,Physics,grill,color,brand identity,brand identity,,,text,80,8,true
Brands & Logos,hard,Which option is most directly linked to Brands & Logos?,flexibility,horsepower,nominee,packaging,packaging,,,text,80,8,true
Brands & Logos,hard,Which term is most specifically associated with Brands & Logos?,sedan,nominee,rebrand,recipe,rebrand,,,text,80,8,true
Brands & Logos,hard,Which option best characterizes Brands & Logos?,bake,recognition,printing press,ceremony,recognition,,,text,80,8,true
Brands & Logos,hard,Select the most precise term for Brands & Logos.,tricolor,icon,election cycle,dollar,icon,,,text,80,8,true
Brands & Logos,hard,Choose the most accurate term for Brands & Logos.,marketing,transmission,dollar,flexibility,marketing,,,text,80,8,true
Brands & Logos,hard,Which option is most directly linked to Brands & Logos?,trademark,farm,explorer,taste,trademark,,,text,80,8,true
Brands & Logos,hard,Choose the most accurate term for Brands & Logos.,tricolor,marketing,banknote,nominee,marketing,,,text,80,8,true
Brands & Logos,hard,Which option best characterizes Brands & Logos?,slogan,inflation,microscope,crop,slogan,,,text,80,8,true
Brands & Logos,hard,Pick the most specific concept tied to Brands & Logos.,brand equity,diplomacy,stretch,stripe,brand equity,,,text,80,8,true
Brands & Logos,hard,Which option best characterizes Brands & Logos?,taste,fuel,education reform,rebrand,rebrand,,,text,80,8,true
Brands & Logos,hard,Which option is most directly linked to Brands & Logos?,diplomacy,laureate,runway,icon,icon,,,text,80,8,true
Brands & Logos,hard,Choose the most accurate term for Brands & Logos.,logo,prime minister,inventor,sedan,logo,,,text,80,8,true
Brands & Logos,hard,Which option best characterizes Brands & Logos?,gearbox,brand equity,prime minister,explorer,brand equity,,,text,80,8,true
Brands & Logos,hard,Choose the most accurate term for Brands & Logos.,fuel,trademark,Tamil Nadu,color,trademark,,,text,80,8,true
Brands & Logos,hard,Choose the most accurate term for Brands & Logos.,recognition,runway,bake,ingredient,recognition,,,text,80,8,true
Brands & Logos,hard,Select the most precise term for Brands & Logos.,torque,brake,brand identity,crest,brand identity,,,text,80,8,true
Brands & Logos,hard,Which term is the closest match to Brands & Logos?,landing gear,composer,trademark,altitude,trademark,,,text,80,8,true
Brands & Logos,hard,Pick the most specific concept tied to Brands & Logos.,vaccination,flag ratio,sauce,slogan,slogan,,,text,80,8,true
Brands & Logos,hard,Which term is the closest match to Brands & Logos?,dish,trademark,cockpit,fuel,trademark,,,text,80,8,true
Brands & Logos,hard,Pick the most specific concept tied to Brands & Logos.,crest,policy debate,brand identity,torque,brand identity,,,text,80,8,true
Brands & Logos,hard,Select the most precise term for Brands & Logos.,rebrand,diplomacy,flag ratio,stripe,rebrand,,,text,80,8,true
Brands & Logos,hard,Select the best-fit term for Brands & Logos.,turbulence,Rajasthan,recognition,harvest,recognition,,,text,80,8,true
Brands & Logos,hard,Choose the most accurate term for Brands & Logos.,banknote,microscope,election,rebrand,rebrand,,,text,80,8,true
Business Tycoons,easy,Pick the correct term for Business Tycoons.,ingredient,Best Actress,equation,merger,merger,,,text,20,12,true
Business Tycoons,easy,Which of these is related to Business Tycoons?,innovation,World Wide Web,CEO,irrigation,CEO,,,text,20,12,true
Business Tycoons,easy,Which option belongs to Business Tycoons?,server,lambda,CEO,baseline,CEO,,,text,20,12,true
Business Tycoons,easy,Choose the item most linked to Business Tycoons.,camera,conglomerate,root,clause,conglomerate,,,text,20,12,true
Business Tycoons,easy,Choose the item most linked to Business Tycoons.,conditioning,class,myth,venture capital,venture capital,,,text,20,12,true
Business Tycoons,easy,Select a term associated with Business Tycoons.,currency symbol,free throw,flagpole,billionaire,billionaire,,,text,20,12,true
Business Tycoons,easy,Select a term associated with Business Tycoons.,malware,League of Nations,Bollywood,merger,merger,,,text,20,12,true
Business Tycoons,easy,Select a term associated with Business Tycoons.,inheritance,switch,acquisition,Don Quixote,acquisition,,,text,20,12,true
Business Tycoons,easy,Choose the item most linked to Business Tycoons.,entrepreneur,League of Nations,socialization,altitude,entrepreneur,,,text,20,12,true
Business Tycoons,easy,Which option belongs to Business Tycoons?,short story,Rebellion of 1857,venture capital,euro,venture capital,,,text,20,12,true
Business Tycoons,easy,Which of these fits the topic Business Tycoons?,JavaScript,Madagascar,CEO,over,CEO,,,text,20,12,true
Business Tycoons,easy,Select a term associated with Business Tycoons.,indentation,billionaire,HTTP,Akbar,billionaire,,,text,20,12,true
Business Tycoons,easy,Pick the correct term for Business Tycoons.,Asia,startup,Industrial Revolution,Asgard,startup,,,text,20,12,true
Business Tycoons,easy,Choose the item most linked to Business Tycoons.,prey,theme,foul,acquisition,acquisition,,,text,20,12,true
Business Tycoons,easy,Pick the correct term for Business Tycoons.,climate policy,Odyssey,CEO,host city,CEO,,,text,20,12,true
Business Tycoons,easy,Which of these fits the topic Business Tycoons?,engine,composition,director,CEO,CEO,,,text,20,12,true
Business Tycoons,easy,Choose the item most linked to Business Tycoons.,merger,AI,perception,formation,merger,,,text,20,12,true
Business Tycoons,easy,Which of these is related to Business Tycoons?,decorator,rebound,wallet,billionaire,billionaire,,,text,20,12,true
Business Tycoons,medium,Which option aligns with Business Tycoons?,investor,checkout,funnel,scarcity,investor,,,text,40,10,true
Business Tycoons,medium,Which of these is a core idea in Business Tycoons?,monopoly,elasticity,merger,cash flow,merger,,,text,40,10,true
Business Tycoons,medium,Pick the concept that best matches Business Tycoons.,credit,market research,entrepreneur,promotion,entrepreneur,,,text,40,10,true
Business Tycoons,medium,Which option aligns with Business Tycoons?,demand,volatility,merger,fiscal policy,merger,,,text,40,10,true
Business Tycoons,medium,Select the most relevant term for Business Tycoons.,returns,credit,checkout,billionaire,billionaire,,,text,40,10,true
Business Tycoons,medium,Which of these is a core idea in Business Tycoons?,IPO,inventory,startup,branding,startup,,,text,40,10,true
Business Tycoons,medium,Which of these is a core idea in Business Tycoons?,billionaire,blue chip,product page,dividend yield,billionaire,,,text,40,10,true
Business Tycoons,medium,Pick the concept that best matches Business Tycoons.,leadership,warehouse,checkout,opportunity cost,leadership,,,text,40,10,true
Business Tycoons,medium,Which of these is a core idea in Business Tycoons?,leadership,distribution,inventory,IPO,leadership,,,text,40,10,true
Business Tycoons,medium,Select the most relevant term for Business Tycoons.,inventory,returns,market,investor,investor,,,text,40,10,true
Business Tycoons,medium,Choose the term that best represents Business Tycoons.,portfolio,returns,market cap,acquisition,acquisition,,,text,40,10,true
Business Tycoons,medium,Choose the term that best represents Business Tycoons.,portfolio,market,investor,demand,investor,,,text,40,10,true
Business Tycoons,medium,Which option is a key concept in Business Tycoons?,bull market,billionaire,dividend yield,bond,billionaire,,,text,40,10,true
Business Tycoons,medium,Which term is most commonly used in Business Tycoons?,asset,CEO,conversion,inventory,CEO,,,text,40,10,true
Business Tycoons,medium,Which of these is a core idea in Business Tycoons?,product page,venture capital,bond,online store,venture capital,,,text,40,10,true
Business Tycoons,medium,Pick the concept that best matches Business Tycoons.,startup,procurement,engagement,advertising,startup,,,text,40,10,true
Business Tycoons,medium,Choose the term that best represents Business Tycoons.,lead time,inventory,engagement,leadership,leadership,,,text,40,10,true
Business Tycoons,medium,Which option aligns with Business Tycoons?,CEO,asset,fiscal policy,portfolio,CEO,,,text,40,10,true
Business Tycoons,hard,Select the best-fit term for Business Tycoons.,funnel,monopoly,inflation,acquisition,acquisition,,,text,80,8,true
Business Tycoons,hard,Which term is most specifically associated with Business Tycoons?,shipping,bear market,billionaire,market cap,billionaire,,,text,80,8,true
Business Tycoons,hard,Which term is the closest match to Business Tycoons?,branding,startup,target audience,monopoly,startup,,,text,80,8,true
Business Tycoons,hard,Choose the most accurate term for Business Tycoons.,distribution,conglomerate,risk,demand,conglomerate,,,text,80,8,true
Business Tycoons,hard,Select the best-fit term for Business Tycoons.,demand,return,cash flow,leadership,leadership,,,text,80,8,true
Business Tycoons,hard,Which term is the closest match to Business Tycoons?,conversion,opportunity cost,index,acquisition,acquisition,,,text,80,8,true
Business Tycoons,hard,Which term is the closest match to Business Tycoons?,demand,SEO,return,acquisition,acquisition,,,text,80,8,true
Business Tycoons,hard,Select the best-fit term for Business Tycoons.,conversion,billionaire,advertising,bull market,billionaire,,,text,80,8,true
Business Tycoons,hard,Which term is most specifically associated with Business Tycoons?,elasticity,blue chip,investor,distribution,investor,,,text,80,8,true
Business Tycoons,hard,Choose the most accurate term for Business Tycoons.,advertising,acquisition,engagement,freight,acquisition,,,text,80,8,true
Business Tycoons,hard,Which term is most specifically associated with Business Tycoons?,market research,online store,bull market,investor,investor,,,text,80,8,true
Business Tycoons,hard,Choose the most accurate term for Business Tycoons.,CEO,cart,branding,stock exchange,CEO,,,text,80,8,true
Business Tycoons,hard,Pick the most specific concept tied to Business Tycoons.,blue chip,inventory,venture capital,order,venture capital,,,text,80,8,true
Business Tycoons,hard,Which option is most directly linked to Business Tycoons?,monopoly,credit,SEO,merger,merger,,,text,80,8,true
Business Tycoons,hard,Select the most precise term for Business Tycoons.,IPO,blue chip,leadership,procurement,leadership,,,text,80,8,true
Business Tycoons,hard,Choose the most accurate term for Business Tycoons.,online store,CEO,market,inventory,CEO,,,text,80,8,true
Business Tycoons,hard,Which option best characterizes Business Tycoons?,campaign,shipping,billionaire,blue chip,billionaire,,,text,80,8,true
Business Tycoons,hard,Which term is the closest match to Business Tycoons?,distribution,investor,conversion,scarcity,investor,,,text,80,8,true
Business Tycoons,hard,Select the most precise term for Business Tycoons.,leadership,payment gateway,share,routing,leadership,,,text,80,8,true
Business Tycoons,hard,Select the best-fit term for Business Tycoons.,supply chain,CEO,scarcity,IPO,CEO,,,text,80,8,true
Business Tycoons,hard,Choose the most accurate term for Business Tycoons.,routing,bull market,stock exchange,billionaire,billionaire,,,text,80,8,true
Business Tycoons,hard,Which option is most directly linked to Business Tycoons?,order,CEO,asset,dividend,CEO,,,text,80,8,true
Business Tycoons,hard,Which option is most directly linked to Business Tycoons?,payment gateway,IPO,dividend,merger,merger,,,text,80,8,true
Business Tycoons,hard,Pick the most specific concept tied to Business Tycoons.,checkout,promotion,cash flow,merger,merger,,,text,80,8,true
Current Affairs,easy,Choose the item most linked to Current Affairs.,cockpit,diplomacy,generator,predicate,diplomacy,,,text,20,12,true
Current Affairs,easy,Select a term associated with Current Affairs.,Stockholm,education reform,credit,liability,education reform,,,text,20,12,true
Current Affairs,easy,Select a term associated with Current Affairs.,equator,serve,bishop,international summit,international summit,,,text,20,12,true
Current Affairs,easy,Which of these is related to Current Affairs?,election cycle,electricity,bond,DOM,election cycle,,,text,20,12,true
Current Affairs,easy,Pick the correct term for Current Affairs.,Krishna,semi-arid,election cycle,relay,election cycle,,,text,20,12,true
Current Affairs,easy,Which option belongs to Current Affairs?,balance,policy debate,biodiversity,trend,policy debate,,,text,20,12,true
Current Affairs,easy,Choose the item most linked to Current Affairs.,international summit,grammar,demand,inventory,international summit,,,text,20,12,true
Current Affairs,easy,Pick the correct term for Current Affairs.,node,infrastructure,pranayama,myth,infrastructure,,,text,20,12,true
Current Affairs,easy,Select a term associated with Current Affairs.,World War I,mulch,global economy,area under curve,global economy,,,text,20,12,true
Current Affairs,easy,Which option belongs to Current Affairs?,defender,structural,policy debate,angle,policy debate,,,text,20,12,true
Current Affairs,easy,Choose the item most linked to Current Affairs.,operating system,mitochondria,tablet,election cycle,election cycle,,,text,20,12,true
Current Affairs,easy,Which of these fits the topic Current Affairs?,screen,trade agreement,PEP 8,neural network,trade agreement,,,text,20,12,true
Current Affairs,easy,Pick the correct term for Current Affairs.,circle,memory,coin,climate policy,climate policy,,,text,20,12,true
Current Affairs,easy,Which option belongs to Current Affairs?,Sahara,election cycle,World Wide Web,continent,election cycle,,,text,20,12,true
Current Affairs,easy,Which option belongs to Current Affairs?,currency symbol,trade agreement,diplomacy,shutter speed,trade agreement,,,text,20,12,true
Current Affairs,easy,Choose the item most linked to Current Affairs.,trade agreement,Indus Valley,society,lifecycle,trade agreement,,,text,20,12,true
Current Affairs,easy,Pick the correct term for Current Affairs.,public health,bandwidth,cosine,control system,public health,,,text,20,12,true
Current Affairs,easy,Select a term associated with Current Affairs.,assist,ecosystem,decolonization,public health,public health,,,text,20,12,true
Current Affairs,medium,Which option is a key concept in Current Affairs?,emblem,Punjab,Gujarat,education reform,education reform,,,text,40,10,true
Current Affairs,medium,Pick the concept that best matches Current Affairs.,Tamil Nadu,policy debate,Economics,leader,policy debate,,,text,40,10,true
Current Affairs,medium,Pick the concept that best matches Current Affairs.,scientist,exchange rate,leader,climate policy,climate policy,,,text,40,10,true
Current Affairs,medium,Which option is a key concept in Current Affairs?,mindfulness,Best Picture,posture,education reform,education reform,,,text,40,10,true
Current Affairs,medium,Which option aligns with Current Affairs?,nominee,public health,currency symbol,flagpole,public health,,,text,40,10,true
Current Affairs,medium,Which option is a key concept in Current Affairs?,livestock,education reform,inventor,icon,education reform,,,text,40,10,true
Current Affairs,medium,Which term is most commonly used in Current Affairs?,Bihar,cuisine,trade agreement,mindfulness,trade agreement,,,text,40,10,true
Current Affairs,medium,Which option aligns with Current Affairs?,color,flagpole,author,diplomacy,diplomacy,,,text,40,10,true
Current Affairs,medium,Choose the term that best represents Current Affairs.,trademark,internet,Hollywood,international summit,international summit,,,text,40,10,true
Current Affairs,medium,Which option is a key concept in Current Affairs?,ingredient,grill,spice,election cycle,election cycle,,,text,40,10,true
Current Affairs,medium,Select the most relevant term for Current Affairs.,aircraft,tricolor,public health,flagpole,public health,,,text,40,10,true
Current Affairs,medium,Which of these is a core idea in Current Affairs?,transmission,diplomacy,trademark,athlete,diplomacy,,,text,40,10,true
Current Affairs,medium,Select the most relevant term for Current Affairs.,education reform,chancellor,tricolor,laureate,education reform,,,text,40,10,true
Current Affairs,medium,Choose the term that best represents Current Affairs.,chassis,yield,logo,trade agreement,trade agreement,,,text,40,10,true
Current Affairs,medium,Pick the concept that best matches Current Affairs.,symbol,cockpit,statuette,public health,public health,,,text,40,10,true
Current Affairs,medium,Pick the concept that best matches Current Affairs.,air traffic,slogan,election,climate policy,climate policy,,,text,40,10,true
Current Affairs,medium,Pick the concept that best matches Current Affairs.,flavor,fertilizer,torque,infrastructure,infrastructure,,,text,40,10,true
Current Affairs,medium,Pick the concept that best matches Current Affairs.,patent,landing gear,diplomacy,Hollywood,diplomacy,,,text,40,10,true
Current Affairs,hard,Which option best characterizes Current Affairs?,pesticide,Bihar,trade agreement,Physics,trade agreement,,,text,80,8,true
Current Affairs,hard,Which term is most specifically associated with Current Affairs?,composer,patent,Stockholm,public health,public health,,,text,80,8,true
Current Affairs,hard,Pick the most specific concept tied to Current Affairs.,climate policy,aircraft,rupee,symbol,climate policy,,,text,80,8,true
Current Affairs,hard,Choose the most accurate term for Current Affairs.,fuel,inflation,transmission,public health,public health,,,text,80,8,true
Current Affairs,hard,Choose the most accurate term for Current Affairs.,recognition,climate policy,monarch,symbol,climate policy,,,text,80,8,true
Current Affairs,hard,Which option is most directly linked to Current Affairs?,Stockholm,pranayama,public health,brake,public health,,,text,80,8,true
Current Affairs,hard,Which term is most specifically associated with Current Affairs?,global economy,author,Academy Awards,livestock,global economy,,,text,80,8,true
Current Affairs,hard,Which option best characterizes Current Affairs?,artist,banknote,cuisine,public health,public health,,,text,80,8,true
Current Affairs,hard,Pick the most specific concept tied to Current Affairs.,Physics,radio,jet engine,climate policy,climate policy,,,text,80,8,true
Current Affairs,hard,Select the most precise term for Current Affairs.,Literature,climate policy,telescope,election,climate policy,,,text,80,8,true
Current Affairs,hard,Choose the most accurate term for Current Affairs.,global economy,posture,pound,ceremony,global economy,,,text,80,8,true
Current Affairs,hard,Select the best-fit term for Current Affairs.,Economics,patent,global economy,artist,global economy,,,text,80,8,true
Current Affairs,hard,Which term is most specifically associated with Current Affairs?,fuselage,icon,Assam,infrastructure,infrastructure,,,text,80,8,true
Current Affairs,hard,Which term is most specifically associated with Current Affairs?,dish,laureate,Hollywood,international summit,international summit,,,text,80,8,true
Current Affairs,hard,Which option is most directly linked to Current Affairs?,leader,education reform,fuselage,euro,education reform,,,text,80,8,true
Current Affairs,hard,Which option best characterizes Current Affairs?,stripe,director,public health,statuette,public health,,,text,80,8,true
Current Affairs,hard,Select the best-fit term for Current Affairs.,prime minister,cockpit,climate policy,altitude,climate policy,,,text,80,8,true
Current Affairs,hard,Which term is most specifically associated with Current Affairs?,trademark,tricolor,leader,international summit,international summit,,,text,80,8,true
Current Affairs,hard,Choose the most accurate term for Current Affairs.,Tamil Nadu,Medicine,global economy,icon,global economy,,,text,80,8,true
Current Affairs,hard,Choose the most accurate term for Current Affairs.,public health,leader,recognition,radio,public health,,,text,80,8,true
Current Affairs,hard,Which term is most specifically associated with Current Affairs?,turbulence,policy debate,grill,Karnataka,policy debate,,,text,80,8,true
Current Affairs,hard,Select the best-fit term for Current Affairs.,seed,turbulence,public health,taste,public health,,,text,80,8,true
Current Affairs,hard,Which term is most specifically associated with Current Affairs?,athlete,international summit,tricolor,dish,international summit,,,text,80,8,true
Current Affairs,hard,Which term is the closest match to Current Affairs?,Physics,symbol,climate policy,Peace,climate policy,,,text,80,8,true
Mythology (Greek),easy,Choose the item most linked to Mythology (Greek).,international summit,proof of work,Zeus,skyscraper,Zeus,,,text,20,12,true
Mythology (Greek),easy,Pick the correct term for Mythology (Greek).,ecosystem,pharmacokinetics,expert system,Poseidon,Poseidon,,,text,20,12,true
Mythology (Greek),easy,Choose the item most linked to Mythology (Greek).,merger,sedan,director,Apollo,Apollo,,,text,20,12,true
Mythology (Greek),easy,Which option belongs to Mythology (Greek)?,match point,Andes,flag ratio,myth,myth,,,text,20,12,true
Mythology (Greek),easy,Which of these fits the topic Mythology (Greek)?,Apollo,adverb,director,short story,Apollo,,,text,20,12,true
Mythology (Greek),easy,Which of these is related to Mythology (Greek)?,Olympus,entrepreneur,Academy Awards,renewable,Olympus,,,text,20,12,true
Mythology (Greek),easy,Choose the item most linked to Mythology (Greek).,HTTP,Athena,wave,landing gear,Athena,,,text,20,12,true
Mythology (Greek),easy,Which option belongs to Mythology (Greek)?,Hades,conversion,Atacama,flowerbed,Hades,,,text,20,12,true
Mythology (Greek),easy,Which of these is related to Mythology (Greek)?,motivation,shipping,velocity,Apollo,Apollo,,,text,20,12,true
Mythology (Greek),easy,Select a term associated with Mythology (Greek).,public health,hero,authentication,volume,hero,,,text,20,12,true
Mythology (Greek),easy,Select a term associated with Mythology (Greek).,operating system,ecology,story arc,Poseidon,Poseidon,,,text,20,12,true
Mythology (Greek),easy,Which option belongs to Mythology (Greek)?,norms,radian,perimeter,Athena,Athena,,,text,20,12,true
Mythology (Greek),easy,Which of these fits the topic Mythology (Greek)?,midfielder,Hades,athletics,stalemate,Hades,,,text,20,12,true
Mythology (Greek),easy,Which of these is related to Mythology (Greek)?,dosage,Olympus,alphabet,Akbar,Olympus,,,text,20,12,true
Mythology (Greek),easy,Select a term associated with Mythology (Greek).,server,Olympus,cash flow,inheritance,Olympus,,,text,20,12,true
Mythology (Greek),easy,Pick the correct term for Mythology (Greek).,shot clock,nominee,scientist,Ares,Ares,,,text,20,12,true
Mythology (Greek),easy,Choose the item most linked to Mythology (Greek).,tense,return,factorization,Apollo,Apollo,,,text,20,12,true
Mythology (Greek),easy,Choose the item most linked to Mythology (Greek).,infrastructure,Athena,catalyst,genre,Athena,,,text,20,12,true
Mythology (Greek),medium,Which term is most commonly used in Mythology (Greek)?,role,Hades,Delhi Sultanate,node,Hades,,,text,40,10,true
Mythology (Greek),medium,Choose the term that best represents Mythology (Greek).,over,bandwidth,vocabulary,Hades,Hades,,,text,40,10,true
Mythology (Greek),medium,Which option aligns with Mythology (Greek)?,prime number,Hera,epistemology,batsman,Hera,,,text,40,10,true
Mythology (Greek),medium,Which of these is a core idea in Mythology (Greek)?,DOM,pranayama,Ares,DNA,Ares,,,text,40,10,true
Mythology (Greek),medium,Which option is a key concept in Mythology (Greek)?,sovereignty,torch,digestive system,Hades,Hades,,,text,40,10,true
Mythology (Greek),medium,Pick the concept that best matches Mythology (Greek).,black hole,Poseidon,verse,entrepreneur,Poseidon,,,text,40,10,true
Mythology (Greek),medium,Which option aligns with Mythology (Greek)?,Hera,dunk,virtualenv,superhero,Hera,,,text,40,10,true
Mythology (Greek),medium,Which option is a key concept in Mythology (Greek)?,visitor center,arch,Athena,lambda,Athena,,,text,40,10,true
Mythology (Greek),medium,Pick the concept that best matches Mythology (Greek).,conductor,hero,Physics,conversion,hero,,,text,40,10,true
Mythology (Greek),medium,Choose the term that best represents Mythology (Greek).,Athena,rebound,binary,polymorphism,Athena,,,text,40,10,true
Mythology (Greek),medium,Which option aligns with Mythology (Greek)?,epic,Apollo,time zone,preposition,Apollo,,,text,40,10,true
Mythology (Greek),medium,Choose the term that best represents Mythology (Greek).,Hades,arch,prescription,triangle,Hades,,,text,40,10,true
Mythology (Greek),medium,Pick the concept that best matches Mythology (Greek).,Ares,coin,habitat,integral,Ares,,,text,40,10,true
Mythology (Greek),medium,Which term is most commonly used in Mythology (Greek)?,Ares,routing,sustainability,League of Nations,Ares,,,text,40,10,true
Mythology (Greek),medium,Which option is a key concept in Mythology (Greek)?,myth,reason,oxidation,Best Actress,myth,,,text,40,10,true
Mythology (Greek),medium,Which of these is a core idea in Mythology (Greek)?,Ares,pawn,myth,Android,Ares,,,text,40,10,true
Mythology (Greek),medium,Which of these is a core idea in Mythology (Greek)?,metaphor,stanza,Hera,entrepreneur,Hera,,,text,40,10,true
Mythology (Greek),medium,Which term is most commonly used in Mythology (Greek)?,K2,podium,Olympus,black hole,Olympus,,,text,40,10,true
Mythology (Greek),hard,Pick the most specific concept tied to Mythology (Greek).,Olympus,star,justice,rebound,Olympus,,,text,80,8,true
Mythology (Greek),hard,Which option is most directly linked to Mythology (Greek)?,diplomacy,Economics,Poseidon,orchestra,Poseidon,,,text,80,8,true
Mythology (Greek),hard,Select the most precise term for Mythology (Greek).,hero,song sequence,tributary,wave,hero,,,text,80,8,true
Mythology (Greek),hard,Which option is most directly linked to Mythology (Greek)?,Athena,meter,demand,triangle,Athena,,,text,80,8,true
Mythology (Greek),hard,Choose the most accurate term for Mythology (Greek).,scripture,checkout,Zeus,wilderness,Zeus,,,text,80,8,true
Mythology (Greek),hard,Choose the most accurate term for Mythology (Greek).,adverb,Zeus,overfitting,router,Zeus,,,text,80,8,true
Mythology (Greek),hard,Select the best-fit term for Mythology (Greek).,director,Ares,guild,monotheism,Ares,,,text,80,8,true
Mythology (Greek),hard,Select the most precise term for Mythology (Greek).,Ashoka,hero,Rajasthan,oil paint,hero,,,text,80,8,true
Mythology (Greek),hard,Which option best characterizes Mythology (Greek)?,graphics,hero,penalty,chorus,hero,,,text,80,8,true
Mythology (Greek),hard,Select the best-fit term for Mythology (Greek).,runway,recognition,Ares,patient,Ares,,,text,80,8,true
Mythology (Greek),hard,Select the best-fit term for Mythology (Greek).,Maharashtra,Rajasthan,ecology,myth,myth,,,text,80,8,true
Mythology (Greek),hard,Pick the most specific concept tied to Mythology (Greek).,longitude,stream of consciousness,Zeus,inventory,Zeus,,,text,80,8,true
Mythology (Greek),hard,Choose the most accurate term for Mythology (Greek).,Poseidon,diameter,ranger,therapy,Poseidon,,,text,80,8,true
Mythology (Greek),hard,Select the most precise term for Mythology (Greek).,forehand,cape,free kick,Hades,Hades,,,text,80,8,true
Mythology (Greek),hard,Select the most precise term for Mythology (Greek).,chain rule,texture,treatment,hero,hero,,,text,80,8,true
Mythology (Greek),hard,Select the most precise term for Mythology (Greek).,portfolio,Poseidon,existence,proof of work,Poseidon,,,text,80,8,true
Mythology (Greek),hard,Pick the most specific concept tied to Mythology (Greek).,queen,Hades,reason,subject,Hades,,,text,80,8,true
Mythology (Greek),hard,Pick the most specific concept tied to Mythology (Greek).,Athena,protein,Stockholm,circulatory system,Athena,,,text,80,8,true
Mythology (Greek),hard,Pick the most specific concept tied to Mythology (Greek).,space planning,greenhouse gases,relay,Olympus,Olympus,,,text,80,8,true
Mythology (Greek),hard,Choose the most accurate term for Mythology (Greek).,festivals,hero,diplomacy,App Store,hero,,,text,80,8,true
Mythology (Greek),hard,Which option best characterizes Mythology (Greek)?,chorus,Hera,programming,quest,Hera,,,text,80,8,true
Mythology (Greek),hard,Pick the most specific concept tied to Mythology (Greek).,rebrand,gold medal,pawn,Athena,Athena,,,text,80,8,true
Mythology (Greek),hard,Select the most precise term for Mythology (Greek).,myth,Atacama,Poseidon,semi-arid,Poseidon,,,text,80,8,true
Mythology (Greek),hard,Which term is the closest match to Mythology (Greek)?,vaccine,over,wilderness,Athena,Athena,,,text,80,8,true
Mythology (Indian),easy,Which of these fits the topic Mythology (Indian)?,list comprehension,livestock,Lakshmi,altitude,Lakshmi,,,text,20,12,true
Mythology (Indian),easy,Which option belongs to Mythology (Indian)?,Durga,free throw,batsman,midfielder,Durga,,,text,20,12,true
Mythology (Indian),easy,Which of these is related to Mythology (Indian)?,nebula,DNS,fiscal policy,Vishnu,Vishnu,,,text,20,12,true
Mythology (Indian),easy,Which of these is related to Mythology (Indian)?,billboard,motivation,Rama,qualifier,Rama,,,text,20,12,true
Mythology (Indian),easy,Which of these is related to Mythology (Indian)?,Shiva,education reform,sustainability,heuristic,Shiva,,,text,20,12,true
Mythology (Indian),easy,Which of these fits the topic Mythology (Indian)?,wallet,Brahma,textile,volcanic island,Brahma,,,text,20,12,true
Mythology (Indian),easy,Which option belongs to Mythology (Indian)?,Vishnu,Android,canvas,radius,Vishnu,,,text,20,12,true
Mythology (Indian),easy,Pick the correct term for Mythology (Indian).,conversion,bioavailability,Iliad,Durga,Durga,,,text,20,12,true
Mythology (Indian),easy,Which of these is related to Mythology (Indian)?,Assyrians,bytecode,realism,deity,deity,,,text,20,12,true
Mythology (Indian),easy,Which option belongs to Mythology (Indian)?,factorization,Vishnu,set,society,Vishnu,,,text,20,12,true
Mythology (Indian),easy,Which of these is related to Mythology (Indian)?,Indian Ocean,climate model,Ramayana,electricity,Ramayana,,,text,20,12,true
Mythology (Indian),easy,Which of these fits the topic Mythology (Indian)?,scientist,Rama,aerodynamics,interface,Rama,,,text,20,12,true
Mythology (Indian),easy,Choose the item most linked to Mythology (Indian).,deity,market cap,Athena,election cycle,deity,,,text,20,12,true
Mythology (Indian),easy,Pick the correct term for Mythology (Indian).,inference,Vishnu,emotion,radian,Vishnu,,,text,20,12,true
Mythology (Indian),easy,Select a term associated with Mythology (Indian).,Brahma,Bihar,simile,trade agreement,Brahma,,,text,20,12,true
Mythology (Indian),easy,Which of these is related to Mythology (Indian)?,peak,dosage,skyscraper,Krishna,Krishna,,,text,20,12,true
Mythology (Indian),easy,Pick the correct term for Mythology (Indian).,society,encryption,Rama,Best Picture,Rama,,,text,20,12,true
Mythology (Indian),easy,Pick the correct term for Mythology (Indian).,Stockholm,deity,coefficient,seed,deity,,,text,20,12,true
Mythology (Indian),medium,Which of these is a core idea in Mythology (Indian)?,dictionary,function,Shiva,tricolor,Shiva,,,text,40,10,true
Mythology (Indian),medium,Which option is a key concept in Mythology (Indian)?,deity,baseline,posture,phishing,deity,,,text,40,10,true
Mythology (Indian),medium,Pick the concept that best matches Mythology (Indian).,clinical,innovation,Rama,optimization,Rama,,,text,40,10,true
Mythology (Indian),medium,Pick the concept that best matches Mythology (Indian).,DNA,linguistics,Mahabharata,compound,Mahabharata,,,text,40,10,true
Mythology (Indian),medium,Select the most relevant term for Mythology (Indian).,Rama,prayer,façade,payment gateway,Rama,,,text,40,10,true
Mythology (Indian),medium,Which option is a key concept in Mythology (Indian)?,console,Shiva,Mesopotamia,symptom,Shiva,,,text,40,10,true
Mythology (Indian),medium,Which term is most commonly used in Mythology (Indian)?,villain,institution,database,Durga,Durga,,,text,40,10,true
Mythology (Indian),medium,Choose the term that best represents Mythology (Indian).,Himalayas,mind,Ramayana,gearbox,Ramayana,,,text,40,10,true
Mythology (Indian),medium,Choose the term that best represents Mythology (Indian).,grammar,composer,polytheism,Shiva,Shiva,,,text,40,10,true
Mythology (Indian),medium,Which option aligns with Mythology (Indian)?,data structure,share,engine,Ramayana,Ramayana,,,text,40,10,true
Mythology (Indian),medium,Which option is a key concept in Mythology (Indian)?,magnetism,dish,Physics,Krishna,Krishna,,,text,40,10,true
Mythology (Indian),medium,Which term is most commonly used in Mythology (Indian)?,pruning,minimalism,Rama,portrait,Rama,,,text,40,10,true
Mythology (Indian),medium,Choose the term that best represents Mythology (Indian).,defender,force,therapy,Lakshmi,Lakshmi,,,text,40,10,true
Mythology (Indian),medium,Which option aligns with Mythology (Indian)?,deity,trade agreement,supply,decor,deity,,,text,40,10,true
Mythology (Indian),medium,Pick the concept that best matches Mythology (Indian).,hero,Lakshmi,time zone,Android,Lakshmi,,,text,40,10,true
Mythology (Indian),medium,Which term is most commonly used in Mythology (Indian)?,Vishnu,semi-arid,energy,layout,Vishnu,,,text,40,10,true
Mythology (Indian),medium,Pick the concept that best matches Mythology (Indian).,pharmacokinetics,leader,designer,Vishnu,Vishnu,,,text,40,10,true
Mythology (Indian),medium,Choose the term that best represents Mythology (Indian).,heart,sea level,conservation,Brahma,Brahma,,,text,40,10,true
Mythology (Indian),hard,Which term is most specifically associated with Mythology (Indian)?,symptom,Ganga,pruning,Durga,Durga,,,text,80,8,true
Mythology (Indian),hard,Which option best characterizes Mythology (Indian)?,diplomacy,kidney,Rockies,Krishna,Krishna,,,text,80,8,true
Mythology (Indian),hard,Which term is the closest match to Mythology (Indian)?,proof of work,vocabulary,Mahabharata,integer,Mahabharata,,,text,80,8,true
Mythology (Indian),hard,Choose the most accurate term for Mythology (Indian).,JavaScript,Shiva,sustainability,Olympus,Shiva,,,text,80,8,true
Mythology (Indian),hard,Which term is most specifically associated with Mythology (Indian)?,deviance,globalization,Ramayana,conductor,Ramayana,,,text,80,8,true
Mythology (Indian),hard,Pick the most specific concept tied to Mythology (Indian).,furniture,run rate,shot clock,Brahma,Brahma,,,text,80,8,true
Mythology (Indian),hard,Which term is most specifically associated with Mythology (Indian)?,deity,node,culture,protocol,deity,,,text,80,8,true
Mythology (Indian),hard,Select the most precise term for Mythology (Indian).,Ragnarok,exchange rate,Shiva,layout,Shiva,,,text,80,8,true
Mythology (Indian),hard,Which option is most directly linked to Mythology (Indian)?,Ramayana,electricity,philanthropist,billboard,Ramayana,,,text,80,8,true
Mythology (Indian),hard,Choose the most accurate term for Mythology (Indian).,Lakshmi,pronoun,vaccine,Everest,Lakshmi,,,text,80,8,true
Mythology (Indian),hard,Which option is most directly linked to Mythology (Indian)?,toxicity,Krishna,ledger,paradox,Krishna,,,text,80,8,true
Mythology (Indian),hard,Pick the most specific concept tied to Mythology (Indian).,dot-com,switch,Shiva,Pacific Ocean,Shiva,,,text,80,8,true
Mythology (Indian),hard,Which term is most specifically associated with Mythology (Indian)?,tricolor,Industrial Revolution,assist,Lakshmi,Lakshmi,,,text,80,8,true
Mythology (Indian),hard,Pick the most specific concept tied to Mythology (Indian).,Mojave,conductor,malware,Durga,Durga,,,text,80,8,true
Mythology (Indian),hard,Choose the most accurate term for Mythology (Indian).,encryption,deity,rhyme,backhand,deity,,,text,80,8,true
Mythology (Indian),hard,Select the most precise term for Mythology (Indian).,deity,map scale,mulch,bake,deity,,,text,80,8,true
Mythology (Indian),hard,Which option best characterizes Mythology (Indian)?,verse,concerto,net,Krishna,Krishna,,,text,80,8,true
Mythology (Indian),hard,Which term is most specifically associated with Mythology (Indian)?,Krishna,athletics,free throw,Hollywood,Krishna,,,text,80,8,true
Mythology (Indian),hard,Which term is the closest match to Mythology (Indian)?,follower,Kalahari,Durga,range,Durga,,,text,80,8,true
Mythology (Indian),hard,Pick the most specific concept tied to Mythology (Indian).,run rate,console,conditioning,deity,deity,,,text,80,8,true
Mythology (Indian),hard,Which term is the closest match to Mythology (Indian)?,Durga,gesture,unit circle,coin,Durga,,,text,80,8,true
Mythology (Indian),hard,Which term is most specifically associated with Mythology (Indian)?,side effect,clinical,Brahma,North America,Brahma,,,text,80,8,true
Mythology (Indian),hard,Choose the most accurate term for Mythology (Indian).,automation,Rama,explorer,posture,Rama,,,text,80,8,true
Mythology (Indian),hard,Which option is most directly linked to Mythology (Indian)?,backboard,Rama,Hollywood,legislature,Rama,,,text,80,8,true
Mythology (Norse),easy,Choose the item most linked to Mythology (Norse).,simile,Midgard,Assyrians,studio,Midgard,,,text,20,12,true
Mythology (Norse),easy,Which of these fits the topic Mythology (Norse)?,Loki,charger,rupee,summit,Loki,,,text,20,12,true
Mythology (Norse),easy,Which of these is related to Mythology (Norse)?,guild,Valkyrie,force,Industrial Revolution,Valkyrie,,,text,20,12,true
Mythology (Norse),easy,Which of these is related to Mythology (Norse)?,subnet,Valkyrie,campaign,Maharashtra,Valkyrie,,,text,20,12,true
Mythology (Norse),easy,Choose the item most linked to Mythology (Norse).,SEO,Delhi Sultanate,battery,Odin,Odin,,,text,20,12,true
Mythology (Norse),easy,Which of these is related to Mythology (Norse)?,greenhouse gases,magnetism,ISP,Valhalla,Valhalla,,,text,20,12,true
Mythology (Norse),easy,Which option belongs to Mythology (Norse)?,texture,feed,Thor,browser,Thor,,,text,20,12,true
Mythology (Norse),easy,Select a term associated with Mythology (Norse).,villain,volcanic island,myth,gravity,myth,,,text,20,12,true
Mythology (Norse),easy,Which of these is related to Mythology (Norse)?,seed,campaign,billboard,myth,myth,,,text,20,12,true
Mythology (Norse),easy,Which option belongs to Mythology (Norse)?,gallery,supernova,thread,Odin,Odin,,,text,20,12,true
Mythology (Norse),easy,Select a term associated with Mythology (Norse).,Yggdrasil,node,dialect,robot,Yggdrasil,,,text,20,12,true
Mythology (Norse),easy,Which option belongs to Mythology (Norse)?,watering,Literature,Midgard,internet,Midgard,,,text,20,12,true
Mythology (Norse),easy,Which option belongs to Mythology (Norse)?,limit,Midgard,Yangtze,symphony,Midgard,,,text,20,12,true
Mythology (Norse),easy,Choose the item most linked to Mythology (Norse).,volcanic island,legislature,area under curve,Thor,Thor,,,text,20,12,true
Mythology (Norse),easy,Which option belongs to Mythology (Norse)?,Midgard,exchange rate,expression,suspension,Midgard,,,text,20,12,true
Mythology (Norse),easy,Select a term associated with Mythology (Norse).,Valhalla,force,epic,campground,Valhalla,,,text,20,12,true
Mythology (Norse),easy,Select a term associated with Mythology (Norse).,screen,myth,chassis,Assam,myth,,,text,20,12,true
Mythology (Norse),easy,Which option belongs to Mythology (Norse)?,circulatory system,hemisphere,Thor,chain rule,Thor,,,text,20,12,true
Mythology (Norse),medium,Which term is most commonly used in Mythology (Norse)?,global economy,sovereignty,Midgard,composer,Midgard,,,text,40,10,true
Mythology (Norse),medium,Select the most relevant term for Mythology (Norse).,clergy,CSS,Midgard,ionic bond,Midgard,,,text,40,10,true
Mythology (Norse),medium,Choose the term that best represents Mythology (Norse).,Gulf,scientist,Australia,Valhalla,Valhalla,,,text,40,10,true
Mythology (Norse),medium,Which term is most commonly used in Mythology (Norse)?,Midgard,epistemology,fabric,translation,Midgard,,,text,40,10,true
Mythology (Norse),medium,Choose the term that best represents Mythology (Norse).,Odin,freight,circle,robot arm,Odin,,,text,40,10,true
Mythology (Norse),medium,Which option is a key concept in Mythology (Norse)?,bandwidth,Valhalla,recognition,Africa,Valhalla,,,text,40,10,true
Mythology (Norse),medium,Pick the concept that best matches Mythology (Norse).,Valkyrie,conductor,stanza,society,Valkyrie,,,text,40,10,true
Mythology (Norse),medium,Which option aligns with Mythology (Norse)?,Odyssey,opera,engine,Midgard,Midgard,,,text,40,10,true
Mythology (Norse),medium,Pick the concept that best matches Mythology (Norse).,share,Gulf,guild,Odin,Odin,,,text,40,10,true
Mythology (Norse),medium,Which of these is a core idea in Mythology (Norse)?,myth,robot arm,palette,emissions,myth,,,text,40,10,true
Mythology (Norse),medium,Pick the concept that best matches Mythology (Norse).,Yggdrasil,slogan,composition,network,Yggdrasil,,,text,40,10,true
Mythology (Norse),medium,Select the most relevant term for Mythology (Norse).,illustration,World Wide Web,pilgrimage,Odin,Odin,,,text,40,10,true
Mythology (Norse),medium,Which of these is a core idea in Mythology (Norse)?,Divine Comedy,translation,pesticide,Thor,Thor,,,text,40,10,true
Mythology (Norse),medium,Which option aligns with Mythology (Norse)?,sequel,innovation,superpower,Yggdrasil,Yggdrasil,,,text,40,10,true
Mythology (Norse),medium,Which option is a key concept in Mythology (Norse)?,stretch,Odin,asana,tangent,Odin,,,text,40,10,true
Mythology (Norse),medium,Which of these is a core idea in Mythology (Norse)?,Bihar,postmodern,shipping,Valhalla,Valhalla,,,text,40,10,true
Mythology (Norse),medium,Which of these is a core idea in Mythology (Norse)?,DOM,gene,Loki,Mississippi,Loki,,,text,40,10,true
Mythology (Norse),medium,Which term is most commonly used in Mythology (Norse)?,opera,Yggdrasil,hash,variable,Yggdrasil,,,text,40,10,true
Mythology (Norse),hard,Choose the most accurate term for Mythology (Norse).,heart,Loki,frame,international summit,Loki,,,text,80,8,true
Mythology (Norse),hard,Which option is most directly linked to Mythology (Norse)?,covalent bond,Don Quixote,Yggdrasil,parliament,Yggdrasil,,,text,80,8,true
Mythology (Norse),hard,Choose the most accurate term for Mythology (Norse).,Loki,dystopia,sustainability,PEP 8,Loki,,,text,80,8,true
Mythology (Norse),hard,Choose the most accurate term for Mythology (Norse).,backboard,leadership,Nile,myth,myth,,,text,80,8,true
Mythology (Norse),hard,Which term is the closest match to Mythology (Norse)?,Athena,endgame,Valhalla,habitat,Valhalla,,,text,80,8,true
Mythology (Norse),hard,Select the most precise term for Mythology (Norse).,Greenland,script,nervous system,myth,myth,,,text,80,8,true
Mythology (Norse),hard,Select the best-fit term for Mythology (Norse).,Valhalla,demand,ecosystem,minimalism,Valhalla,,,text,80,8,true
Mythology (Norse),hard,Which option best characterizes Mythology (Norse)?,Asgard,equation,Atacama,sidekick,Asgard,,,text,80,8,true
Mythology (Norse),hard,Choose the most accurate term for Mythology (Norse).,Himalayas,LBW,Loki,atom,Loki,,,text,80,8,true
Mythology (Norse),hard,Select the best-fit term for Mythology (Norse).,tangent,optimization,payment gateway,Yggdrasil,Yggdrasil,,,text,80,8,true
Mythology (Norse),hard,Select the most precise term for Mythology (Norse).,shipping,Ragnarok,climate policy,personality,Ragnarok,,,text,80,8,true
Mythology (Norse),hard,Choose the most accurate term for Mythology (Norse).,demand,metabolism,continent,Valkyrie,Valkyrie,,,text,80,8,true
Mythology (Norse),hard,Which term is the closest match to Mythology (Norse)?,RPG,culture,engagement,myth,myth,,,text,80,8,true
Mythology (Norse),hard,Which term is the closest match to Mythology (Norse)?,memory,advertising,Ragnarok,Indian Ocean,Ragnarok,,,text,80,8,true
Mythology (Norse),hard,Pick the most specific concept tied to Mythology (Norse).,mitochondria,perspective,Valkyrie,Harappa,Valkyrie,,,text,80,8,true
Mythology (Norse),hard,Pick the most specific concept tied to Mythology (Norse).,Valkyrie,vulnerability,Best Actor,derivative,Valkyrie,,,text,80,8,true
Mythology (Norse),hard,Pick the most specific concept tied to Mythology (Norse).,altitude,prime minister,global warming,Valkyrie,Valkyrie,,,text,80,8,true
Mythology (Norse),hard,Pick the most specific concept tied to Mythology (Norse).,myth,emblem,playlist,international summit,myth,,,text,80,8,true
Mythology (Norse),hard,Which option is most directly linked to Mythology (Norse)?,goalkeeper,ARPANET,Thor,queen,Thor,,,text,80,8,true
Mythology (Norse),hard,Which option best characterizes Mythology (Norse)?,arid,Valkyrie,skyscraper,level,Valkyrie,,,text,80,8,true
Mythology (Norse),hard,Which term is most specifically associated with Mythology (Norse)?,simile,Asgard,semantics,ice melt,Asgard,,,text,80,8,true
Mythology (Norse),hard,Which option best characterizes Mythology (Norse)?,inheritance,orbit,adjective,Yggdrasil,Yggdrasil,,,text,80,8,true
Mythology (Norse),hard,Choose the most accurate term for Mythology (Norse).,couture,Thor,achievement,block,Thor,,,text,80,8,true
Mythology (Norse),hard,Which option is most directly linked to Mythology (Norse)?,sine,Red Sea,Loki,email,Loki,,,text,80,8,true
Languages,easy,Which option belongs to Languages?,chassis,prey,script,Hindi cinema,script,,,text,20,12,true
Languages,easy,Which option belongs to Languages?,ceremony,overfitting,linguistics,wildlife reserve,linguistics,,,text,20,12,true
Languages,easy,Which of these is related to Languages?,predicate,App Store,linguistics,arid,linguistics,,,text,20,12,true
Languages,easy,Which of these fits the topic Languages?,AI,alphabet,Indus Valley,authentication,alphabet,,,text,20,12,true
Languages,easy,Select a term associated with Languages.,metabolism,grammar,wicket,DNS,grammar,,,text,20,12,true
Languages,easy,Choose the item most linked to Languages.,set,linguistics,diplomacy,TCP,linguistics,,,text,20,12,true
Languages,easy,Select a term associated with Languages.,Caribbean Sea,Africa,syntax,box office,syntax,,,text,20,12,true
Languages,easy,Which of these is related to Languages?,Australia,issue,semantics,identity,semantics,,,text,20,12,true
Languages,easy,Choose the item most linked to Languages.,grammar,superhero,mining,biodiversity,grammar,,,text,20,12,true
Languages,easy,Pick the correct term for Languages.,sovereignty,firewall,assist,alphabet,alphabet,,,text,20,12,true
Languages,easy,Which of these fits the topic Languages?,Valhalla,phonetics,façade,respiratory system,phonetics,,,text,20,12,true
Languages,easy,Which option belongs to Languages?,stump,linguistics,demand,subject,linguistics,,,text,20,12,true
Languages,easy,Which option belongs to Languages?,dialect,soil,fabric,laureate,dialect,,,text,20,12,true
Languages,easy,Choose the item most linked to Languages.,complexity,stretch,vocabulary,volume,vocabulary,,,text,20,12,true
Languages,easy,Which of these is related to Languages?,composer,prime minister,syntax,DNA,syntax,,,text,20,12,true
Languages,easy,Choose the item most linked to Languages.,single,hero,lungs,grammar,grammar,,,text,20,12,true
Languages,easy,Which of these is related to Languages?,velocity,motivation,alter ego,dialect,dialect,,,text,20,12,true
Languages,easy,Which of these fits the topic Languages?,Olympus,neural network,reason,syntax,syntax,,,text,20,12,true
Languages,medium,Select the most relevant term for Languages.,culture,argument,institution,script,script,,,text,40,10,true
Languages,medium,Which term is most commonly used in Languages?,perception,script,memory,monotheism,script,,,text,40,10,true
Languages,medium,Select the most relevant term for Languages.,judiciary,socialization,linguistics,tense,linguistics,,,text,40,10,true
Languages,medium,Which option is a key concept in Languages?,existence,syntax,argument,diplomacy,syntax,,,text,40,10,true
Languages,medium,Which of these is a core idea in Languages?,executive,phonetics,adjective,ritual,phonetics,,,text,40,10,true
Languages,medium,Which term is most commonly used in Languages?,tense,stratification,reason,alphabet,alphabet,,,text,40,10,true
Languages,medium,Choose the term that best represents Languages.,adverb,script,existence,socialization,script,,,text,40,10,true
Languages,medium,Which of these is a core idea in Languages?,diplomacy,perception,epistemology,script,script,,,text,40,10,true
Languages,medium,Which option aligns with Languages?,emotion,temple,deviance,vocabulary,vocabulary,,,text,40,10,true
Languages,medium,Which option is a key concept in Languages?,semantics,personality,socialization,society,semantics,,,text,40,10,true
Languages,medium,Which option aligns with Languages?,democracy,constitution,subject,alphabet,alphabet,,,text,40,10,true
Languages,medium,Choose the term that best represents Languages.,role,memory,phonetics,stratification,phonetics,,,text,40,10,true
Languages,medium,Select the most relevant term for Languages.,judiciary,pilgrimage,phonetics,executive,phonetics,,,text,40,10,true
Languages,medium,Which term is most commonly used in Languages?,prayer,bias,pronoun,translation,translation,,,text,40,10,true
Languages,medium,Pick the concept that best matches Languages.,conditioning,translation,temple,judiciary,translation,,,text,40,10,true
Languages,medium,Which of these is a core idea in Languages?,bias,semantics,judiciary,adverb,semantics,,,text,40,10,true
Languages,medium,Which option is a key concept in Languages?,phonetics,bias,constitution,adverb,phonetics,,,text,40,10,true
Languages,medium,Which term is most commonly used in Languages?,legislature,cognition,election,syntax,syntax,,,text,40,10,true
Languages,hard,Select the most precise term for Languages.,festivals,prayer,predicate,phonetics,phonetics,,,text,80,8,true
Languages,hard,Which option is most directly linked to Languages?,mind,grammar,logic,sovereignty,grammar,,,text,80,8,true
Languages,hard,Choose the most accurate term for Languages.,sovereignty,bias,grammar,verb,grammar,,,text,80,8,true
Languages,hard,Pick the most specific concept tied to Languages.,institution,alphabet,paradox,norms,alphabet,,,text,80,8,true
Languages,hard,Select the best-fit term for Languages.,linguistics,tense,verb,constitution,linguistics,,,text,80,8,true
Languages,hard,Which term is most specifically associated with Languages?,semantics,motivation,emotion,prayer,semantics,,,text,80,8,true
Languages,hard,Select the most precise term for Languages.,script,adverb,mind,culture,script,,,text,80,8,true
Languages,hard,Select the best-fit term for Languages.,federalism,prayer,polytheism,syntax,syntax,,,text,80,8,true
Languages,hard,Pick the most specific concept tied to Languages.,verb,clergy,preposition,translation,translation,,,text,80,8,true
Languages,hard,Which term is the closest match to Languages?,prayer,polytheism,script,legislature,script,,,text,80,8,true
Languages,hard,Choose the most accurate term for Languages.,bias,socialization,ethics,grammar,grammar,,,text,80,8,true
Languages,hard,Which option best characterizes Languages?,memory,adjective,grammar,policy,grammar,,,text,80,8,true
Languages,hard,Select the best-fit term for Languages.,monotheism,culture,noun,grammar,grammar,,,text,80,8,true
Languages,hard,Which option is most directly linked to Languages?,adjective,culture,ethics,script,script,,,text,80,8,true
Languages,hard,Which option is most directly linked to Languages?,dialect,ethics,therapy,norms,dialect,,,text,80,8,true
Languages,hard,Choose the most accurate term for Languages.,cognition,dialect,culture,temple,dialect,,,text,80,8,true
Languages,hard,Which option best characterizes Languages?,linguistics,stratification,sovereignty,epistemology,linguistics,,,text,80,8,true
Languages,hard,Which term is most specifically associated with Languages?,deviance,personality,grammar,perception,grammar,,,text,80,8,true
Languages,hard,Select the most precise term for Languages.,clergy,executive,linguistics,legislature,linguistics,,,text,80,8,true
Languages,hard,Select the best-fit term for Languages.,election,phonetics,predicate,clergy,phonetics,,,text,80,8,true
Languages,hard,Which option best characterizes Languages?,adverb,pronoun,federalism,grammar,grammar,,,text,80,8,true
Languages,hard,Which term is most specifically associated with Languages?,sovereignty,mind,semantics,diplomacy,semantics,,,text,80,8,true
Languages,hard,Which term is the closest match to Languages?,ritual,demography,linguistics,bias,linguistics,,,text,80,8,true
Languages,hard,Which option best characterizes Languages?,election,grammar,emotion,metaphysics,grammar,,,text,80,8,true
Indian States,easy,Which of these fits the topic Indian States?,electricity,nervous system,Karnataka,scientist,Karnataka,,,text,20,12,true
Indian States,easy,Which of these is related to Indian States?,cell,free kick,chassis,Punjab,Punjab,,,text,20,12,true
Indian States,easy,Choose the item most linked to Indian States.,inventory,knowledge base,Punjab,Athena,Punjab,,,text,20,12,true
Indian States,easy,Pick the correct term for Indian States.,pound,society,radio,Rajasthan,Rajasthan,,,text,20,12,true
Indian States,easy,Which of these is related to Indian States?,pilgrimage,Gujarat,flooring,credit,Gujarat,,,text,20,12,true
Indian States,easy,Which option belongs to Indian States?,slope,SEO,gearbox,Punjab,Punjab,,,text,20,12,true
Indian States,easy,Choose the item most linked to Indian States.,screenplay,motivation,Gulf,Maharashtra,Maharashtra,,,text,20,12,true
Indian States,easy,Pick the correct term for Indian States.,Gujarat,catalyst,dish,fulfillment,Gujarat,,,text,20,12,true
Indian States,easy,Select a term associated with Indian States.,election,minimalism,mission control,Punjab,Punjab,,,text,20,12,true
Indian States,easy,Which of these fits the topic Indian States?,lifecycle,Sumer,cookie,Punjab,Punjab,,,text,20,12,true
Indian States,easy,Which of these fits the topic Indian States?,preposition,grammar,stock exchange,Rajasthan,Rajasthan,,,text,20,12,true
Indian States,easy,Pick the correct term for Indian States.,corner kick,archipelago,ingredient,Bihar,Bihar,,,text,20,12,true
Indian States,easy,Which of these is related to Indian States?,patent,Maharashtra,promotion,telescope,Maharashtra,,,text,20,12,true
Indian States,easy,Which option belongs to Indian States?,vocabulary,Punjab,concert,masala,Punjab,,,text,20,12,true
Indian States,easy,Choose the item most linked to Indian States.,packaging,Kerala,ratio,rhyme,Kerala,,,text,20,12,true
Indian States,easy,Which of these is related to Indian States?,demography,investor,Karnataka,imagery,Karnataka,,,text,20,12,true
Indian States,easy,Select a term associated with Indian States.,console,Kalahari,Rajasthan,space planning,Rajasthan,,,text,20,12,true
Indian States,easy,Pick the correct term for Indian States.,oil paint,Gujarat,education reform,ecosystem,Gujarat,,,text,20,12,true
Indian States,medium,Choose the term that best represents Indian States.,fuselage,infrastructure,jet engine,Assam,Assam,,,text,40,10,true
Indian States,medium,Choose the term that best represents Indian States.,athlete,telescope,Kerala,fuselage,Kerala,,,text,40,10,true
Indian States,medium,Which term is most commonly used in Indian States?,aircraft,Academy Awards,vaccination,Gujarat,Gujarat,,,text,40,10,true
Indian States,medium,Which option aligns with Indian States?,Karnataka,slogan,internet,grill,Karnataka,,,text,40,10,true
Indian States,medium,Which option aligns with Indian States?,flag ratio,Medicine,stripe,Punjab,Punjab,,,text,40,10,true
Indian States,medium,Pick the concept that best matches Indian States.,Assam,head of state,cuisine,flagpole,Assam,,,text,40,10,true
Indian States,medium,Which option is a key concept in Indian States?,philanthropist,Tamil Nadu,composer,prime minister,Tamil Nadu,,,text,40,10,true
Indian States,medium,Select the most relevant term for Indian States.,flag ratio,red carpet,Rajasthan,patent,Rajasthan,,,text,40,10,true
Indian States,medium,Select the most relevant term for Indian States.,election cycle,dish,Karnataka,yen,Karnataka,,,text,40,10,true
Indian States,medium,Which term is most commonly used in Indian States?,Maharashtra,dollar,pound,electricity,Maharashtra,,,text,40,10,true
Indian States,medium,Choose the term that best represents Indian States.,prime minister,Tamil Nadu,election,altitude,Tamil Nadu,,,text,40,10,true
Indian States,medium,Pick the concept that best matches Indian States.,aerodynamics,Maharashtra,parliament,nominee,Maharashtra,,,text,40,10,true
Indian States,medium,Which option is a key concept in Indian States?,public health,brake,statuette,Bihar,Bihar,,,text,40,10,true
Indian States,medium,Which option aligns with Indian States?,inflation,Bihar,pound,breathing,Bihar,,,text,40,10,true
Indian States,medium,Which option is a key concept in Indian States?,torque,athlete,statuette,Maharashtra,Maharashtra,,,text,40,10,true
Indian States,medium,Which option aligns with Indian States?,suspension,gearbox,Kerala,flag ratio,Kerala,,,text,40,10,true
Indian States,medium,Choose the term that best represents Indian States.,Hollywood,scientist,Uttar Pradesh,pesticide,Uttar Pradesh,,,text,40,10,true
Indian States,medium,Which option aligns with Indian States?,sedan,prize,inventor,Punjab,Punjab,,,text,40,10,true
Indian States,hard,Which term is the closest match to Indian States?,Stockholm,Uttar Pradesh,mindfulness,sedan,Uttar Pradesh,,,text,80,8,true
Indian States,hard,Which option is most directly linked to Indian States?,Rajasthan,Chemistry,chassis,aircraft,Rajasthan,,,text,80,8,true
Indian States,hard,Which term is the closest match to Indian States?,leader,athlete,Rajasthan,altitude,Rajasthan,,,text,80,8,true
Indian States,hard,Pick the most specific concept tied to Indian States.,Kerala,taste,stretch,brake,Kerala,,,text,80,8,true
Indian States,hard,Which option best characterizes Indian States?,landing gear,Kerala,seed,Best Actress,Kerala,,,text,80,8,true
Indian States,hard,Which term is most specifically associated with Indian States?,coin,Uttar Pradesh,inventor,monarch,Uttar Pradesh,,,text,80,8,true
Indian States,hard,Select the most precise term for Indian States.,color,Chemistry,Gujarat,engine,Gujarat,,,text,80,8,true
Indian States,hard,Pick the most specific concept tied to Indian States.,global economy,Maharashtra,balance,rebrand,Maharashtra,,,text,80,8,true
Indian States,hard,Select the most precise term for Indian States.,statuette,aircraft,Bihar,rebrand,Bihar,,,text,80,8,true
Indian States,hard,Which term is the closest match to Indian States?,prize,rebrand,Maharashtra,infrastructure,Maharashtra,,,text,80,8,true
Indian States,hard,Which option best characterizes Indian States?,farm,public health,Punjab,Physics,Punjab,,,text,80,8,true
Indian States,hard,Which term is most specifically associated with Indian States?,symbol,Tamil Nadu,artist,internet,Tamil Nadu,,,text,80,8,true
Indian States,hard,Select the most precise term for Indian States.,trade agreement,Peace,Tamil Nadu,philanthropist,Tamil Nadu,,,text,80,8,true
Indian States,hard,Choose the most accurate term for Indian States.,coin,Physics,Best Actress,Tamil Nadu,Tamil Nadu,,,text,80,8,true
Indian States,hard,Select the best-fit term for Indian States.,Uttar Pradesh,brand equity,Nobel Prize,aerodynamics,Uttar Pradesh,,,text,80,8,true
Indian States,hard,Pick the most specific concept tied to Indian States.,public health,Gujarat,Academy Awards,gearbox,Gujarat,,,text,80,8,true
Indian States,hard,Which option best characterizes Indian States?,flagpole,Karnataka,jet engine,head of state,Karnataka,,,text,80,8,true
Indian States,hard,Which term is the closest match to Indian States?,Physics,Tamil Nadu,Stockholm,jet engine,Tamil Nadu,,,text,80,8,true
Indian States,hard,Pick the most specific concept tied to Indian States.,flag ratio,balance,trade agreement,Assam,Assam,,,text,80,8,true
Indian States,hard,Which term is most specifically associated with Indian States?,chancellor,Assam,director,Hollywood,Assam,,,text,80,8,true
Indian States,hard,Select the most precise term for Indian States.,pranayama,Bihar,Academy Awards,gearbox,Bihar,,,text,80,8,true
Indian States,hard,Select the most precise term for Indian States.,sauce,head of state,inventor,Gujarat,Gujarat,,,text,80,8,true
Indian States,hard,Which term is the closest match to Indian States?,athlete,livestock,Maharashtra,composer,Maharashtra,,,text,80,8,true
Indian States,hard,Choose the most accurate term for Indian States.,turbulence,explorer,jet engine,Bihar,Bihar,,,text,80,8,true
World Continents,easy,Which option belongs to World Continents?,console,marketing,song sequence,South America,South America,,,text,20,12,true
World Continents,easy,Pick the correct term for World Continents.,North America,programming,Uttar Pradesh,democracy,North America,,,text,20,12,true
World Continents,easy,Choose the item most linked to World Continents.,plate,virtue,feature,Olympiad,plate,,,text,20,12,true
World Continents,easy,Which of these is related to World Continents?,continent,castling,SEO,servo,continent,,,text,20,12,true
World Continents,easy,Select a term associated with World Continents.,Europe,supply,baseline,deity,Europe,,,text,20,12,true
World Continents,easy,Choose the item most linked to World Continents.,torque,proof of work,banner,hemisphere,hemisphere,,,text,20,12,true
World Continents,easy,Select a term associated with World Continents.,mitochondria,Himalayas,plate,alter ego,plate,,,text,20,12,true
World Continents,easy,Which of these is related to World Continents?,crop,alliteration,Asia,protocol,Asia,,,text,20,12,true
World Continents,easy,Which option belongs to World Continents?,iterator,Asia,topography,election cycle,Asia,,,text,20,12,true
World Continents,easy,Select a term associated with World Continents.,acceleration,modernism,continent,boundary,continent,,,text,20,12,true
World Continents,easy,Which of these is related to World Continents?,Africa,volume,Physics,inventory,Africa,,,text,20,12,true
World Continents,easy,Which of these fits the topic World Continents?,goalkeeper,North America,director,post,North America,,,text,20,12,true
World Continents,easy,Choose the item most linked to World Continents.,Australia,imagery,endgame,rebrand,Australia,,,text,20,12,true
World Continents,easy,Which of these fits the topic World Continents?,oil paint,watering,landscape,Europe,Europe,,,text,20,12,true
World Continents,easy,Which option belongs to World Continents?,fabric,serve,Europe,match point,Europe,,,text,20,12,true
World Continents,easy,Choose the item most linked to World Continents.,South America,Kalahari,flavor,festivals,South America,,,text,20,12,true
World Continents,easy,Choose the item most linked to World Continents.,Nobel Prize,portrait,accessory,Antarctica,Antarctica,,,text,20,12,true
World Continents,easy,Which of these fits the topic World Continents?,prime minister,multiplayer,Antarctica,prescription,Antarctica,,,text,20,12,true
World Continents,medium,Which option is a key concept in World Continents?,Amazon,Gulf,Andes,Africa,Africa,,,text,40,10,true
World Continents,medium,Which option aligns with World Continents?,Atacama,equator,endangered,Asia,Asia,,,text,40,10,true
World Continents,medium,Pick the concept that best matches World Continents.,topography,hemisphere,migration,Ganga,hemisphere,,,text,40,10,true
World Continents,medium,Select the most relevant term for World Continents.,protected area,biodiversity,Mojave,Antarctica,Antarctica,,,text,40,10,true
World Continents,medium,Which option aligns with World Continents?,K2,hemisphere,sea,Nile,hemisphere,,,text,40,10,true
World Continents,medium,Pick the concept that best matches World Continents.,volcanic island,archipelago,continent,South America,South America,,,text,40,10,true
World Continents,medium,Which of these is a core idea in World Continents?,continent,volcanic island,species,archipelago,continent,,,text,40,10,true
World Continents,medium,Pick the concept that best matches World Continents.,Amazon,archipelago,Europe,altitude,Europe,,,text,40,10,true
World Continents,medium,Which of these is a core idea in World Continents?,peak,species,North America,dune,North America,,,text,40,10,true
World Continents,medium,Which option aligns with World Continents?,archipelago,Arctic Ocean,plate,Gobi,plate,,,text,40,10,true
World Continents,medium,Select the most relevant term for World Continents.,Antarctica,conservation,K2,sea,Antarctica,,,text,40,10,true
World Continents,medium,Pick the concept that best matches World Continents.,Africa,Iceland,Southern Ocean,Andes,Africa,,,text,40,10,true
World Continents,medium,Pick the concept that best matches World Continents.,Australia,dune,Pacific Ocean,Borneo,Australia,,,text,40,10,true
World Continents,medium,Which of these is a core idea in World Continents?,dune,Asia,prey,Amazon,Asia,,,text,40,10,true
World Continents,medium,Which option is a key concept in World Continents?,campground,Lake Victoria,North America,island chain,North America,,,text,40,10,true
World Continents,medium,Choose the term that best represents World Continents.,wildlife reserve,Africa,semi-arid,Kalahari,Africa,,,text,40,10,true
World Continents,medium,Which option is a key concept in World Continents?,Europe,wilderness,conservation,equator,Europe,,,text,40,10,true
World Continents,medium,Select the most relevant term for World Continents.,endangered,Kalahari,Asia,Pacific Ocean,Asia,,,text,40,10,true
World Continents,hard,Select the best-fit term for World Continents.,tributary,South America,Nile,sanctuary,South America,,,text,80,8,true
World Continents,hard,Which term is most specifically associated with World Continents?,Gobi,archipelago,Indian Ocean,Asia,Asia,,,text,80,8,true
World Continents,hard,Select the most precise term for World Continents.,tributary,predator,hemisphere,archipelago,hemisphere,,,text,80,8,true
World Continents,hard,Which option is most directly linked to World Continents?,Everest,Sahara,Mississippi,hemisphere,hemisphere,,,text,80,8,true
World Continents,hard,Select the most precise term for World Continents.,Greenland,arid,volcanic island,Europe,Europe,,,text,80,8,true
World Continents,hard,Choose the most accurate term for World Continents.,Lake Superior,Africa,Arctic Ocean,prime meridian,Africa,,,text,80,8,true
World Continents,hard,Pick the most specific concept tied to World Continents.,Madagascar,continent,range,Kalahari,continent,,,text,80,8,true
World Continents,hard,Choose the most accurate term for World Continents.,Amazon,hemisphere,Borneo,Nile,hemisphere,,,text,80,8,true
World Continents,hard,Select the most precise term for World Continents.,Sri Lanka,North America,K2,Rockies,North America,,,text,80,8,true
World Continents,hard,Which option best characterizes World Continents?,continent,sea,equator,species,continent,,,text,80,8,true
World Continents,hard,Which term is most specifically associated with World Continents?,campground,prey,altitude,Europe,Europe,,,text,80,8,true
World Continents,hard,Select the best-fit term for World Continents.,Indian Ocean,longitude,continent,continent,continent,,,text,80,8,true
World Continents,hard,Which option best characterizes World Continents?,continent,latitude,Ganga,tributary,continent,,,text,80,8,true
World Continents,hard,Which option is most directly linked to World Continents?,tributary,Arctic Ocean,plate,Danube,plate,,,text,80,8,true
World Continents,hard,Select the most precise term for World Continents.,Mississippi,Australia,Red Sea,Ganga,Australia,,,text,80,8,true
World Continents,hard,Pick the most specific concept tied to World Continents.,Sri Lanka,continent,topography,Nile,continent,,,text,80,8,true
World Continents,hard,Select the most precise term for World Continents.,Africa,Southern Ocean,tributary,atoll,Africa,,,text,80,8,true
World Continents,hard,Which term is the closest match to World Continents?,Australia,protected area,Kalahari,Greenland,Australia,,,text,80,8,true
World Continents,hard,Which term is the closest match to World Continents?,Europe,Nile,Amazon,continent,Europe,,,text,80,8,true
World Continents,hard,Pick the most specific concept tied to World Continents.,continent,equator,migration,Indian Ocean,continent,,,text,80,8,true
World Continents,hard,Pick the most specific concept tied to World Continents.,Asia,Arctic Ocean,Southern Ocean,biodiversity,Asia,,,text,80,8,true
World Continents,hard,Which option is most directly linked to World Continents?,prime meridian,predator,Sumatra,Asia,Asia,,,text,80,8,true
World Continents,hard,Which term is the closest match to World Continents?,North America,Atlantic Ocean,Gobi,Himalayas,North America,,,text,80,8,true
World Continents,hard,Which option is most directly linked to World Continents?,biodiversity,K2,South America,wildlife reserve,South America,,,text,80,8,true
Oceans & Seas,easy,Which option belongs to Oceans & Seas?,Indian Ocean,device,pollution,credit,Indian Ocean,,,text,20,12,true
Oceans & Seas,easy,Which option belongs to Oceans & Seas?,habitat,Indian Ocean,block,area under curve,Indian Ocean,,,text,20,12,true
Oceans & Seas,easy,Select a term associated with Oceans & Seas.,evolution,Andes,Punjab,Arctic Ocean,Arctic Ocean,,,text,20,12,true
Oceans & Seas,easy,Pick the correct term for Oceans & Seas.,hospital,franchise,Arctic Ocean,ionic bond,Arctic Ocean,,,text,20,12,true
Oceans & Seas,easy,Which of these is related to Oceans & Seas?,simile,Gulf,species,ethics,Gulf,,,text,20,12,true
Oceans & Seas,easy,Choose the item most linked to Oceans & Seas.,Mediterranean Sea,Nobel Prize,DNS,pattern,Mediterranean Sea,,,text,20,12,true
Oceans & Seas,easy,Which option belongs to Oceans & Seas?,blue chip,franchise,rhyme,Arctic Ocean,Arctic Ocean,,,text,20,12,true
Oceans & Seas,easy,Choose the item most linked to Oceans & Seas.,innovation,global economy,memory,Atlantic Ocean,Atlantic Ocean,,,text,20,12,true
Oceans & Seas,easy,Which option belongs to Oceans & Seas?,sea,bowler,leadership,head of state,sea,,,text,20,12,true
Oceans & Seas,easy,Select a term associated with Oceans & Seas.,Pacific Ocean,Hera,bandwidth,map scale,Pacific Ocean,,,text,20,12,true
Oceans & Seas,easy,Which of these is related to Oceans & Seas?,steam engine,masala,Indian Ocean,force,Indian Ocean,,,text,20,12,true
Oceans & Seas,easy,Choose the item most linked to Oceans & Seas.,hook,Valhalla,Pacific Ocean,oil paint,Pacific Ocean,,,text,20,12,true
Oceans & Seas,easy,Select a term associated with Oceans & Seas.,oxidation,Mohenjo-daro,periodic table,Arctic Ocean,Arctic Ocean,,,text,20,12,true
Oceans & Seas,easy,Which of these is related to Oceans & Seas?,athlete,Best Actress,superpower,Southern Ocean,Southern Ocean,,,text,20,12,true
Oceans & Seas,easy,Which option belongs to Oceans & Seas?,binary,brake,Mediterranean Sea,trail,Mediterranean Sea,,,text,20,12,true
Oceans & Seas,easy,Which option belongs to Oceans & Seas?,Rajasthan,conversion,iOS,Gulf,Gulf,,,text,20,12,true
Oceans & Seas,easy,Which option belongs to Oceans & Seas?,design,hospital,controller,sea,sea,,,text,20,12,true
Oceans & Seas,easy,Which option belongs to Oceans & Seas?,UI thread,deuce,Mughal Empire,Arctic Ocean,Arctic Ocean,,,text,20,12,true
Oceans & Seas,medium,Which option aligns with Oceans & Seas?,Sri Lanka,Mediterranean Sea,latitude,sanctuary,Mediterranean Sea,,,text,40,10,true
Oceans & Seas,medium,Choose the term that best represents Oceans & Seas.,time zone,prime meridian,Mediterranean Sea,wilderness,Mediterranean Sea,,,text,40,10,true
Oceans & Seas,medium,Which of these is a core idea in Oceans & Seas?,Africa,Iceland,Pacific Ocean,Atacama,Pacific Ocean,,,text,40,10,true
Oceans & Seas,medium,Select the most relevant term for Oceans & Seas.,Arctic Ocean,biodiversity,Atacama,campground,Arctic Ocean,,,text,40,10,true
Oceans & Seas,medium,Which of these is a core idea in Oceans & Seas?,Everest,Southern Ocean,trail,Nile,Southern Ocean,,,text,40,10,true
Oceans & Seas,medium,Which option aligns with Oceans & Seas?,altitude,sea,ecosystem,trail,sea,,,text,40,10,true
Oceans & Seas,medium,Pick the concept that best matches Oceans & Seas.,Africa,Caribbean Sea,map scale,Asia,Caribbean Sea,,,text,40,10,true
Oceans & Seas,medium,Choose the term that best represents Oceans & Seas.,Thar,Antarctica,Kalahari,Pacific Ocean,Pacific Ocean,,,text,40,10,true
Oceans & Seas,medium,Pick the concept that best matches Oceans & Seas.,latitude,Sumatra,Red Sea,Madagascar,Red Sea,,,text,40,10,true
Oceans & Seas,medium,Which option is a key concept in Oceans & Seas?,ecosystem,hemisphere,Mediterranean Sea,species,Mediterranean Sea,,,text,40,10,true
Oceans & Seas,medium,Which term is most commonly used in Oceans & Seas?,oasis,Kalahari,map scale,Pacific Ocean,Pacific Ocean,,,text,40,10,true
Oceans & Seas,medium,Pick the concept that best matches Oceans & Seas.,Greenland,equator,Lake Superior,Indian Ocean,Indian Ocean,,,text,40,10,true
Oceans & Seas,medium,Pick the concept that best matches Oceans & Seas.,Asia,Caribbean Sea,archipelago,longitude,Caribbean Sea,,,text,40,10,true
Oceans & Seas,medium,Pick the concept that best matches Oceans & Seas.,Borneo,wildlife reserve,Amazon,Mediterranean Sea,Mediterranean Sea,,,text,40,10,true
Oceans & Seas,medium,Choose the term that best represents Oceans & Seas.,Mojave,Mediterranean Sea,continent,dune,Mediterranean Sea,,,text,40,10,true
Oceans & Seas,medium,Select the most relevant term for Oceans & Seas.,Lake Victoria,Atlantic Ocean,archipelago,hemisphere,Atlantic Ocean,,,text,40,10,true
Oceans & Seas,medium,Choose the term that best represents Oceans & Seas.,Australia,Gobi,sea,biodiversity,sea,,,text,40,10,true
Oceans & Seas,medium,Which option is a key concept in Oceans & Seas?,Indian Ocean,Australia,summit,Thar,Indian Ocean,,,text,40,10,true
Oceans & Seas,hard,Select the most precise term for Oceans & Seas.,arid,Europe,Pacific Ocean,range,Pacific Ocean,,,text,80,8,true
Oceans & Seas,hard,Choose the most accurate term for Oceans & Seas.,prime meridian,Iceland,ecosystem,Gulf,Gulf,,,text,80,8,true
Oceans & Seas,hard,Which option best characterizes Oceans & Seas?,Gulf,Yangtze,conservation,Antarctica,Gulf,,,text,80,8,true
Oceans & Seas,hard,Which option best characterizes Oceans & Seas?,range,Caribbean Sea,habitat,biodiversity,Caribbean Sea,,,text,80,8,true
Oceans & Seas,hard,Pick the most specific concept tied to Oceans & Seas.,altitude,South America,Caribbean Sea,Antarctica,Caribbean Sea,,,text,80,8,true
Oceans & Seas,hard,Which term is the closest match to Oceans & Seas?,migration,Arctic Ocean,wildlife reserve,species,Arctic Ocean,,,text,80,8,true
Oceans & Seas,hard,Pick the most specific concept tied to Oceans & Seas.,Lake Victoria,Everest,Mediterranean Sea,continent,Mediterranean Sea,,,text,80,8,true
Oceans & Seas,hard,Which term is most specifically associated with Oceans & Seas?,summit,Atlantic Ocean,North America,latitude,Atlantic Ocean,,,text,80,8,true
Oceans & Seas,hard,Which term is most specifically associated with Oceans & Seas?,continent,Greenland,Atlantic Ocean,ecosystem,Atlantic Ocean,,,text,80,8,true
Oceans & Seas,hard,Which option is most directly linked to Oceans & Seas?,Mediterranean Sea,Australia,hemisphere,Mississippi,Mediterranean Sea,,,text,80,8,true
Oceans & Seas,hard,Which option is most directly linked to Oceans & Seas?,time zone,Southern Ocean,altitude,longitude,Southern Ocean,,,text,80,8,true
Oceans & Seas,hard,Which term is most specifically associated with Oceans & Seas?,Southern Ocean,Greenland,Amazon,prey,Southern Ocean,,,text,80,8,true
Oceans & Seas,hard,Select the best-fit term for Oceans & Seas.,Southern Ocean,Borneo,South America,visitor center,Southern Ocean,,,text,80,8,true
Oceans & Seas,hard,Which option is most directly linked to Oceans & Seas?,habitat,Mississippi,longitude,sea,sea,,,text,80,8,true
Oceans & Seas,hard,Select the most precise term for Oceans & Seas.,tributary,Southern Ocean,Everest,range,Southern Ocean,,,text,80,8,true
Oceans & Seas,hard,Which option best characterizes Oceans & Seas?,Borneo,Mojave,biodiversity,Red Sea,Red Sea,,,text,80,8,true
Oceans & Seas,hard,Choose the most accurate term for Oceans & Seas.,Pacific Ocean,altitude,Antarctica,summit,Pacific Ocean,,,text,80,8,true
Oceans & Seas,hard,Pick the most specific concept tied to Oceans & Seas.,Everest,sanctuary,Atlantic Ocean,habitat,Atlantic Ocean,,,text,80,8,true
Oceans & Seas,hard,Select the best-fit term for Oceans & Seas.,biodiversity,tributary,equator,Caribbean Sea,Caribbean Sea,,,text,80,8,true
Oceans & Seas,hard,Choose the most accurate term for Oceans & Seas.,Red Sea,Lake Superior,Everest,Australia,Red Sea,,,text,80,8,true
Oceans & Seas,hard,Which option best characterizes Oceans & Seas?,protected area,visitor center,map scale,Gulf,Gulf,,,text,80,8,true
Oceans & Seas,hard,Choose the most accurate term for Oceans & Seas.,Southern Ocean,summit,Sumatra,biodiversity,Southern Ocean,,,text,80,8,true
Oceans & Seas,hard,Choose the most accurate term for Oceans & Seas.,hemisphere,Madagascar,Thar,Indian Ocean,Indian Ocean,,,text,80,8,true
Oceans & Seas,hard,Which term is the closest match to Oceans & Seas?,volcanic island,sea,Africa,continent,sea,,,text,80,8,true
Mountains & Peaks,easy,Select a term associated with Mountains & Peaks.,APK,range,polymorphism,LBW,range,,,text,20,12,true
Mountains & Peaks,easy,Pick the correct term for Mountains & Peaks.,Babylon,sequence,Mesopotamia,peak,peak,,,text,20,12,true
Mountains & Peaks,easy,Which option belongs to Mountains & Peaks?,paradox,Everest,shot clock,abstract,Everest,,,text,20,12,true
Mountains & Peaks,easy,Pick the correct term for Mountains & Peaks.,lambda,alliteration,Alps,planet,Alps,,,text,20,12,true
Mountains & Peaks,easy,Pick the correct term for Mountains & Peaks.,Alps,perception,myth,role,Alps,,,text,20,12,true
Mountains & Peaks,easy,Pick the correct term for Mountains & Peaks.,reaction,summit,volatility,shipping,summit,,,text,20,12,true
Mountains & Peaks,easy,Which of these is related to Mountains & Peaks?,adaptation,emotion,Himalayas,dune,Himalayas,,,text,20,12,true
Mountains & Peaks,easy,Select a term associated with Mountains & Peaks.,DOM,summit,hero,greenhouse gases,summit,,,text,20,12,true
Mountains & Peaks,easy,Pick the correct term for Mountains & Peaks.,torch,altitude,class,knight,altitude,,,text,20,12,true
Mountains & Peaks,easy,Which of these fits the topic Mountains & Peaks?,Asgard,mulch,chorus,Andes,Andes,,,text,20,12,true
Mountains & Peaks,easy,Which of these fits the topic Mountains & Peaks?,realism,Rockies,tablet,bull market,Rockies,,,text,20,12,true
Mountains & Peaks,easy,Which of these fits the topic Mountains & Peaks?,peak,network,silhouette,Hades,peak,,,text,20,12,true
Mountains & Peaks,easy,Pick the correct term for Mountains & Peaks.,peak,Mahabharata,script,Valhalla,peak,,,text,20,12,true
Mountains & Peaks,easy,Which of these fits the topic Mountains & Peaks?,programming,fabric,Andes,Thar,Andes,,,text,20,12,true
Mountains & Peaks,easy,Which of these is related to Mountains & Peaks?,recognition,summit,abstract,Mars rover,summit,,,text,20,12,true
Mountains & Peaks,easy,Which option belongs to Mountains & Peaks?,movement,Alps,Harappa,backboard,Alps,,,text,20,12,true
Mountains & Peaks,easy,Which of these fits the topic Mountains & Peaks?,dunk,training data,summit,engagement,summit,,,text,20,12,true
Mountains & Peaks,easy,Which option belongs to Mountains & Peaks?,demography,Alps,Danube,deity,Alps,,,text,20,12,true
Mountains & Peaks,medium,Which option aligns with Mountains & Peaks?,habitat,ecosystem,latitude,range,range,,,text,40,10,true
Mountains & Peaks,medium,Which option is a key concept in Mountains & Peaks?,delta,conservation,South America,altitude,altitude,,,text,40,10,true
Mountains & Peaks,medium,Which option aligns with Mountains & Peaks?,Red Sea,Everest,Indian Ocean,prey,Everest,,,text,40,10,true
Mountains & Peaks,medium,Which term is most commonly used in Mountains & Peaks?,latitude,campground,peak,Mediterranean Sea,peak,,,text,40,10,true
Mountains & Peaks,medium,Which of these is a core idea in Mountains & Peaks?,K2,wildlife reserve,Madagascar,volcanic island,K2,,,text,40,10,true
Mountains & Peaks,medium,Select the most relevant term for Mountains & Peaks.,hemisphere,peak,Sahara,Sumatra,peak,,,text,40,10,true
Mountains & Peaks,medium,Which term is most commonly used in Mountains & Peaks?,Iceland,Australia,conservation,K2,K2,,,text,40,10,true
Mountains & Peaks,medium,Which option is a key concept in Mountains & Peaks?,biodiversity,Yangtze,tributary,Alps,Alps,,,text,40,10,true
Mountains & Peaks,medium,Select the most relevant term for Mountains & Peaks.,arid,Madagascar,Everest,conservation,Everest,,,text,40,10,true
Mountains & Peaks,medium,Pick the concept that best matches Mountains & Peaks.,island chain,campground,peak,Danube,peak,,,text,40,10,true
Mountains & Peaks,medium,Which of these is a core idea in Mountains & Peaks?,sanctuary,Australia,Himalayas,biodiversity,Himalayas,,,text,40,10,true
Mountains & Peaks,medium,Which option is a key concept in Mountains & Peaks?,Nile,atoll,altitude,protected area,altitude,,,text,40,10,true
Mountains & Peaks,medium,Which of these is a core idea in Mountains & Peaks?,prey,Thar,Gulf,Everest,Everest,,,text,40,10,true
Mountains & Peaks,medium,Pick the concept that best matches Mountains & Peaks.,K2,Amazon,Sri Lanka,Antarctica,K2,,,text,40,10,true
Mountains & Peaks,medium,Which option aligns with Mountains & Peaks?,island chain,summit,Atacama,Ganga,summit,,,text,40,10,true
Mountains & Peaks,medium,Which term is most commonly used in Mountains & Peaks?,latitude,Caribbean Sea,Andes,conservation,Andes,,,text,40,10,true
Mountains & Peaks,medium,Which of these is a core idea in Mountains & Peaks?,Himalayas,Greenland,ecosystem,Ganga,Himalayas,,,text,40,10,true
Mountains & Peaks,medium,Which term is most commonly used in Mountains & Peaks?,Andes,habitat,semi-arid,prime meridian,Andes,,,text,40,10,true
Mountains & Peaks,hard,Pick the most specific concept tied to Mountains & Peaks.,predator,Ganga,island chain,range,range,,,text,80,8,true
Mountains & Peaks,hard,Choose the most accurate term for Mountains & Peaks.,island chain,longitude,Sri Lanka,altitude,altitude,,,text,80,8,true
Mountains & Peaks,hard,Select the best-fit term for Mountains & Peaks.,Caribbean Sea,K2,Lake Victoria,wildlife reserve,K2,,,text,80,8,true
Mountains & Peaks,hard,Which term is the closest match to Mountains & Peaks?,Australia,species,peak,delta,peak,,,text,80,8,true
Mountains & Peaks,hard,Select the most precise term for Mountains & Peaks.,Yangtze,Andes,Australia,biodiversity,Andes,,,text,80,8,true
Mountains & Peaks,hard,Which option is most directly linked to Mountains & Peaks?,K2,Europe,Indian Ocean,sea,K2,,,text,80,8,true
Mountains & Peaks,hard,Select the most precise term for Mountains & Peaks.,range,island chain,ecosystem,delta,range,,,text,80,8,true
Mountains & Peaks,hard,Which term is the closest match to Mountains & Peaks?,Andes,Yangtze,continent,altitude,Andes,,,text,80,8,true
Mountains & Peaks,hard,Select the most precise term for Mountains & Peaks.,prime meridian,topography,Europe,Andes,Andes,,,text,80,8,true
Mountains & Peaks,hard,Which term is the closest match to Mountains & Peaks?,conservation,Mojave,tributary,altitude,altitude,,,text,80,8,true
Mountains & Peaks,hard,Which option best characterizes Mountains & Peaks?,Antarctica,Iceland,Rockies,Africa,Rockies,,,text,80,8,true
Mountains & Peaks,hard,Which option is most directly linked to Mountains & Peaks?,equator,Alps,island chain,delta,Alps,,,text,80,8,true
Mountains & Peaks,hard,Pick the most specific concept tied to Mountains & Peaks.,topography,peak,biodiversity,endangered,peak,,,text,80,8,true
Mountains & Peaks,hard,Which term is most specifically associated with Mountains & Peaks?,Andes,Nile,endangered,hemisphere,Andes,,,text,80,8,true
Mountains & Peaks,hard,Which term is the closest match to Mountains & Peaks?,Andes,Iceland,Lake Victoria,North America,Andes,,,text,80,8,true
Mountains & Peaks,hard,Which option is most directly linked to Mountains & Peaks?,oasis,altitude,wilderness,range,range,,,text,80,8,true
Mountains & Peaks,hard,Pick the most specific concept tied to Mountains & Peaks.,Asia,habitat,Alps,biodiversity,Alps,,,text,80,8,true
Mountains & Peaks,hard,Which term is the closest match to Mountains & Peaks?,ecosystem,predator,Himalayas,Sumatra,Himalayas,,,text,80,8,true
Mountains & Peaks,hard,Which term is the closest match to Mountains & Peaks?,Andes,semi-arid,Kalahari,Iceland,Andes,,,text,80,8,true
Mountains & Peaks,hard,Which term is the closest match to Mountains & Peaks?,species,sanctuary,summit,protected area,summit,,,text,80,8,true
Mountains & Peaks,hard,Select the best-fit term for Mountains & Peaks.,hemisphere,Greenland,arid,Rockies,Rockies,,,text,80,8,true
Mountains & Peaks,hard,Which option is most directly linked to Mountains & Peaks?,prey,continent,Himalayas,wilderness,Himalayas,,,text,80,8,true
Mountains & Peaks,hard,Pick the most specific concept tied to Mountains & Peaks.,plate,Pacific Ocean,Australia,peak,peak,,,text,80,8,true
Mountains & Peaks,hard,Which term is the closest match to Mountains & Peaks?,plate,summit,arid,volcanic island,summit,,,text,80,8,true
Rivers & Lakes,easy,Which option belongs to Rivers & Lakes?,landing gear,legislature,arid,tributary,tributary,,,text,20,12,true
Rivers & Lakes,easy,Which of these fits the topic Rivers & Lakes?,Nile,pronoun,App Store,single,Nile,,,text,20,12,true
Rivers & Lakes,easy,Select a term associated with Rivers & Lakes.,returns,Mississippi,vaccination,multiplayer,Mississippi,,,text,20,12,true
Rivers & Lakes,easy,Pick the correct term for Rivers & Lakes.,climate policy,level,Lake Superior,castling,Lake Superior,,,text,20,12,true
Rivers & Lakes,easy,Which of these fits the topic Rivers & Lakes?,lifecycle,spacewalk,Lake Victoria,flavor,Lake Victoria,,,text,20,12,true
Rivers & Lakes,easy,Choose the item most linked to Rivers & Lakes.,Best Actress,taste,Nile,preposition,Nile,,,text,20,12,true
Rivers & Lakes,easy,Pick the correct term for Rivers & Lakes.,parliament,cabinet,Amazon,slogan,Amazon,,,text,20,12,true
Rivers & Lakes,easy,Which option belongs to Rivers & Lakes?,Mississippi,concert,treatment,Apollo,Mississippi,,,text,20,12,true
Rivers & Lakes,easy,Pick the correct term for Rivers & Lakes.,irrigation,altitude,Nile,Ragnarok,Nile,,,text,20,12,true
Rivers & Lakes,easy,Which of these fits the topic Rivers & Lakes?,elasticity,Lake Victoria,catalyst,festivals,Lake Victoria,,,text,20,12,true
Rivers & Lakes,easy,Choose the item most linked to Rivers & Lakes.,charger,multiplayer,Lake Victoria,inflection,Lake Victoria,,,text,20,12,true
Rivers & Lakes,easy,Which of these fits the topic Rivers & Lakes?,energy,tributary,imagery,angle,tributary,,,text,20,12,true
Rivers & Lakes,easy,Which of these is related to Rivers & Lakes?,protected area,Delhi Sultanate,Athena,delta,delta,,,text,20,12,true
Rivers & Lakes,easy,Pick the correct term for Rivers & Lakes.,biodiversity,Ganga,Valhalla,goal,Ganga,,,text,20,12,true
Rivers & Lakes,easy,Pick the correct term for Rivers & Lakes.,Nile,servo,dollar,Europe,Nile,,,text,20,12,true
Rivers & Lakes,easy,Pick the correct term for Rivers & Lakes.,delta,genre,rhyme,percentage,delta,,,text,20,12,true
Rivers & Lakes,easy,Choose the item most linked to Rivers & Lakes.,transaction,Amazon,Gobi,gravity,Amazon,,,text,20,12,true
Rivers & Lakes,easy,Choose the item most linked to Rivers & Lakes.,Yangtze,sea,patient,coefficient,Yangtze,,,text,20,12,true
Rivers & Lakes,medium,Which option is a key concept in Rivers & Lakes?,Lake Victoria,arid,Andes,sea,Lake Victoria,,,text,40,10,true
Rivers & Lakes,medium,Which option is a key concept in Rivers & Lakes?,plate,Europe,Danube,South America,Danube,,,text,40,10,true
Rivers & Lakes,medium,Which option aligns with Rivers & Lakes?,Lake Victoria,summit,Himalayas,Red Sea,Lake Victoria,,,text,40,10,true
Rivers & Lakes,medium,Select the most relevant term for Rivers & Lakes.,Nile,habitat,latitude,Mojave,Nile,,,text,40,10,true
Rivers & Lakes,medium,Which of these is a core idea in Rivers & Lakes?,Antarctica,Danube,campground,Asia,Danube,,,text,40,10,true
Rivers & Lakes,medium,Choose the term that best represents Rivers & Lakes.,peak,trail,tributary,latitude,tributary,,,text,40,10,true
Rivers & Lakes,medium,Which of these is a core idea in Rivers & Lakes?,Thar,Himalayas,Danube,Indian Ocean,Danube,,,text,40,10,true
Rivers & Lakes,medium,Select the most relevant term for Rivers & Lakes.,Mediterranean Sea,tributary,Iceland,continent,tributary,,,text,40,10,true
Rivers & Lakes,medium,Pick the concept that best matches Rivers & Lakes.,habitat,Antarctica,Andes,Ganga,Ganga,,,text,40,10,true
Rivers & Lakes,medium,Which option aligns with Rivers & Lakes?,Caribbean Sea,ecosystem,Iceland,Lake Victoria,Lake Victoria,,,text,40,10,true
Rivers & Lakes,medium,Choose the term that best represents Rivers & Lakes.,sanctuary,ecosystem,topography,Lake Victoria,Lake Victoria,,,text,40,10,true
Rivers & Lakes,medium,Which term is most commonly used in Rivers & Lakes?,summit,range,Mississippi,semi-arid,Mississippi,,,text,40,10,true
Rivers & Lakes,medium,Which option aligns with Rivers & Lakes?,Antarctica,semi-arid,Yangtze,altitude,Yangtze,,,text,40,10,true
Rivers & Lakes,medium,Which option is a key concept in Rivers & Lakes?,Antarctica,tributary,Gobi,Mojave,tributary,,,text,40,10,true
Rivers & Lakes,medium,Pick the concept that best matches Rivers & Lakes.,conservation,continent,Indian Ocean,Danube,Danube,,,text,40,10,true
Rivers & Lakes,medium,Which option aligns with Rivers & Lakes?,biodiversity,Yangtze,Indian Ocean,Africa,Yangtze,,,text,40,10,true
Rivers & Lakes,medium,Pick the concept that best matches Rivers & Lakes.,tributary,Mojave,ranger,Gobi,tributary,,,text,40,10,true
Rivers & Lakes,medium,Which of these is a core idea in Rivers & Lakes?,arid,Sri Lanka,Lake Superior,map scale,Lake Superior,,,text,40,10,true
Rivers & Lakes,hard,Choose the most accurate term for Rivers & Lakes.,protected area,dune,summit,Danube,Danube,,,text,80,8,true
Rivers & Lakes,hard,Which term is most specifically associated with Rivers & Lakes?,prime meridian,Mississippi,Borneo,archipelago,Mississippi,,,text,80,8,true
Rivers & Lakes,hard,Select the best-fit term for Rivers & Lakes.,island chain,sanctuary,Lake Victoria,Gulf,Lake Victoria,,,text,80,8,true
Rivers & Lakes,hard,Which option is most directly linked to Rivers & Lakes?,Gobi,Amazon,Borneo,Red Sea,Amazon,,,text,80,8,true
Rivers & Lakes,hard,Which term is most specifically associated with Rivers & Lakes?,Mediterranean Sea,Atacama,Sri Lanka,Mississippi,Mississippi,,,text,80,8,true
Rivers & Lakes,hard,Which term is the closest match to Rivers & Lakes?,predator,Africa,delta,Antarctica,delta,,,text,80,8,true
Rivers & Lakes,hard,Choose the most accurate term for Rivers & Lakes.,Danube,habitat,migration,North America,Danube,,,text,80,8,true
Rivers & Lakes,hard,Which term is most specifically associated with Rivers & Lakes?,Amazon,Kalahari,Thar,Arctic Ocean,Amazon,,,text,80,8,true
Rivers & Lakes,hard,Which term is the closest match to Rivers & Lakes?,tributary,continent,conservation,Africa,tributary,,,text,80,8,true
Rivers & Lakes,hard,Choose the most accurate term for Rivers & Lakes.,island chain,altitude,tributary,Iceland,tributary,,,text,80,8,true
Rivers & Lakes,hard,Select the best-fit term for Rivers & Lakes.,Thar,Nile,biodiversity,Mojave,Nile,,,text,80,8,true
Rivers & Lakes,hard,Which term is the closest match to Rivers & Lakes?,volcanic island,continent,Sri Lanka,Nile,Nile,,,text,80,8,true
Rivers & Lakes,hard,Select the best-fit term for Rivers & Lakes.,delta,Australia,latitude,biodiversity,delta,,,text,80,8,true
Rivers & Lakes,hard,Select the best-fit term for Rivers & Lakes.,volcanic island,wildlife reserve,sea,tributary,tributary,,,text,80,8,true
Rivers & Lakes,hard,Select the best-fit term for Rivers & Lakes.,Gulf,Sumatra,arid,Lake Superior,Lake Superior,,,text,80,8,true
Rivers & Lakes,hard,Which option best characterizes Rivers & Lakes?,Iceland,Mississippi,South America,prey,Mississippi,,,text,80,8,true
Rivers & Lakes,hard,Choose the most accurate term for Rivers & Lakes.,oasis,plate,Ganga,ecosystem,Ganga,,,text,80,8,true
Rivers & Lakes,hard,Which term is most specifically associated with Rivers & Lakes?,Amazon,Alps,campground,Everest,Amazon,,,text,80,8,true
Rivers & Lakes,hard,Which option is most directly linked to Rivers & Lakes?,Lake Victoria,Himalayas,Mediterranean Sea,continent,Lake Victoria,,,text,80,8,true
Rivers & Lakes,hard,Which option best characterizes Rivers & Lakes?,Danube,visitor center,peak,Atacama,Danube,,,text,80,8,true
Rivers & Lakes,hard,Which option is most directly linked to Rivers & Lakes?,conservation,Gulf,archipelago,Danube,Danube,,,text,80,8,true
Rivers & Lakes,hard,Which option is most directly linked to Rivers & Lakes?,Gulf,biodiversity,Lake Victoria,Madagascar,Lake Victoria,,,text,80,8,true
Rivers & Lakes,hard,Which term is the closest match to Rivers & Lakes?,Mississippi,Arctic Ocean,Antarctica,hemisphere,Mississippi,,,text,80,8,true
Rivers & Lakes,hard,Select the most precise term for Rivers & Lakes.,Iceland,Yangtze,predator,topography,Yangtze,,,text,80,8,true
Deserts,easy,Select a term associated with Deserts.,Antarctica,narrator,oasis,inventory,oasis,,,text,20,12,true
Deserts,easy,Which option belongs to Deserts?,star,indentation,migration,dune,dune,,,text,20,12,true
Deserts,easy,Select a term associated with Deserts.,watering,accessory,Atacama,Lakshmi,Atacama,,,text,20,12,true
Deserts,easy,Choose the item most linked to Deserts.,deviance,wellness,oasis,air traffic,oasis,,,text,20,12,true
Deserts,easy,Which of these fits the topic Deserts?,Sahara,billboard,switch,diplomacy,Sahara,,,text,20,12,true
Deserts,easy,Choose the item most linked to Deserts.,node,fertilizer,graphics,Sahara,Sahara,,,text,20,12,true
Deserts,easy,Choose the item most linked to Deserts.,star,semi-arid,HTML,director,semi-arid,,,text,20,12,true
Deserts,easy,Which of these fits the topic Deserts?,Hades,promotion,satellite,Thar,Thar,,,text,20,12,true
Deserts,easy,Pick the correct term for Deserts.,public health,Mojave,bake,JavaScript,Mojave,,,text,20,12,true
Deserts,easy,Pick the correct term for Deserts.,algorithm,color,Akbar,Thar,Thar,,,text,20,12,true
Deserts,easy,Which of these is related to Deserts?,suspension,plate,Sahara,Indus Valley,Sahara,,,text,20,12,true
Deserts,easy,Select a term associated with Deserts.,origin story,prime minister,rupee,dune,dune,,,text,20,12,true
Deserts,easy,Which of these is related to Deserts?,authorization,semi-arid,longitude,evolution,semi-arid,,,text,20,12,true
Deserts,easy,Select a term associated with Deserts.,ecosystem,textile,Sahara,Chemistry,Sahara,,,text,20,12,true
Deserts,easy,Pick the correct term for Deserts.,aperture,Thar,box office,portrait,Thar,,,text,20,12,true
Deserts,easy,Pick the correct term for Deserts.,arid,diameter,electricity,polygon,arid,,,text,20,12,true
Deserts,easy,Pick the correct term for Deserts.,machine,Mojave,digestive system,Mars rover,Mojave,,,text,20,12,true
Deserts,easy,Select a term associated with Deserts.,integer,sequence,tangent,Atacama,Atacama,,,text,20,12,true
Deserts,medium,Pick the concept that best matches Deserts.,delta,dune,altitude,Australia,dune,,,text,40,10,true
Deserts,medium,Select the most relevant term for Deserts.,Mediterranean Sea,Arctic Ocean,Sahara,Antarctica,Sahara,,,text,40,10,true
Deserts,medium,Which of these is a core idea in Deserts?,prime meridian,Atacama,island chain,biodiversity,Atacama,,,text,40,10,true
Deserts,medium,Choose the term that best represents Deserts.,conservation,Southern Ocean,dune,prey,dune,,,text,40,10,true
Deserts,medium,Pick the concept that best matches Deserts.,atoll,time zone,oasis,hemisphere,oasis,,,text,40,10,true
Deserts,medium,Which option aligns with Deserts?,Europe,campground,Nile,Mojave,Mojave,,,text,40,10,true
Deserts,medium,Which term is most commonly used in Deserts?,tributary,Sri Lanka,sea,Thar,Thar,,,text,40,10,true
Deserts,medium,Choose the term that best represents Deserts.,Sahara,Caribbean Sea,topography,species,Sahara,,,text,40,10,true
Deserts,medium,Which option is a key concept in Deserts?,Kalahari,prey,archipelago,plate,Kalahari,,,text,40,10,true
Deserts,medium,Choose the term that best represents Deserts.,Pacific Ocean,arid,Yangtze,hemisphere,arid,,,text,40,10,true
Deserts,medium,Which of these is a core idea in Deserts?,longitude,Gobi,Pacific Ocean,Yangtze,Gobi,,,text,40,10,true
Deserts,medium,Which option is a key concept in Deserts?,Mojave,ranger,Himalayas,prey,Mojave,,,text,40,10,true
Deserts,medium,Which option is a key concept in Deserts?,oasis,wilderness,trail,K2,oasis,,,text,40,10,true
Deserts,medium,Which option is a key concept in Deserts?,oasis,tributary,habitat,K2,oasis,,,text,40,10,true
Deserts,medium,Which option aligns with Deserts?,visitor center,semi-arid,longitude,Nile,semi-arid,,,text,40,10,true
Deserts,medium,Select the most relevant term for Deserts.,Rockies,visitor center,Kalahari,Pacific Ocean,Kalahari,,,text,40,10,true
Deserts,medium,Which term is most commonly used in Deserts?,Ganga,Africa,Arctic Ocean,Kalahari,Kalahari,,,text,40,10,true
Deserts,medium,Which option is a key concept in Deserts?,ranger,trail,dune,endangered,dune,,,text,40,10,true
Deserts,hard,Which term is the closest match to Deserts?,habitat,Europe,Gobi,Ganga,Gobi,,,text,80,8,true
Deserts,hard,Which option best characterizes Deserts?,species,Atlantic Ocean,Rockies,arid,arid,,,text,80,8,true
Deserts,hard,Which option best characterizes Deserts?,continent,habitat,peak,arid,arid,,,text,80,8,true
Deserts,hard,Choose the most accurate term for Deserts.,Sahara,Nile,Europe,altitude,Sahara,,,text,80,8,true
Deserts,hard,Which term is most specifically associated with Deserts?,Sri Lanka,semi-arid,peak,Amazon,semi-arid,,,text,80,8,true
Deserts,hard,Pick the most specific concept tied to Deserts.,wildlife reserve,prey,biodiversity,Gobi,Gobi,,,text,80,8,true
Deserts,hard,Which option is most directly linked to Deserts?,Sahara,hemisphere,delta,K2,Sahara,,,text,80,8,true
Deserts,hard,Select the most precise term for Deserts.,endangered,Southern Ocean,Gobi,habitat,Gobi,,,text,80,8,true
Deserts,hard,Pick the most specific concept tied to Deserts.,wildlife reserve,sea,Amazon,arid,arid,,,text,80,8,true
Deserts,hard,Which term is the closest match to Deserts?,Mediterranean Sea,Atlantic Ocean,Madagascar,Gobi,Gobi,,,text,80,8,true
Deserts,hard,Select the best-fit term for Deserts.,Amazon,Yangtze,Thar,Lake Victoria,Thar,,,text,80,8,true
Deserts,hard,Which term is most specifically associated with Deserts?,Mojave,sanctuary,trail,hemisphere,Mojave,,,text,80,8,true
Deserts,hard,Select the best-fit term for Deserts.,Sahara,atoll,Sumatra,campground,Sahara,,,text,80,8,true
Deserts,hard,Which term is most specifically associated with Deserts?,North America,dune,Borneo,Madagascar,dune,,,text,80,8,true
Deserts,hard,Select the most precise term for Deserts.,longitude,Europe,Rockies,oasis,oasis,,,text,80,8,true
Deserts,hard,Which term is the closest match to Deserts?,North America,Mediterranean Sea,semi-arid,protected area,semi-arid,,,text,80,8,true
Deserts,hard,Which option is most directly linked to Deserts?,Atacama,map scale,Africa,archipelago,Atacama,,,text,80,8,true
Deserts,hard,Which term is most specifically associated with Deserts?,range,Gulf,oasis,Mississippi,oasis,,,text,80,8,true
Deserts,hard,Select the best-fit term for Deserts.,biodiversity,Sahara,wilderness,species,Sahara,,,text,80,8,true
Deserts,hard,Select the best-fit term for Deserts.,map scale,wildlife reserve,Greenland,Atacama,Atacama,,,text,80,8,true
Deserts,hard,Which option best characterizes Deserts?,Andes,Caribbean Sea,Thar,latitude,Thar,,,text,80,8,true
Deserts,hard,Choose the most accurate term for Deserts.,dune,biodiversity,Arctic Ocean,ranger,dune,,,text,80,8,true
Deserts,hard,Select the best-fit term for Deserts.,Borneo,continent,plate,Mojave,Mojave,,,text,80,8,true
Deserts,hard,Which option is most directly linked to Deserts?,semi-arid,Iceland,protected area,latitude,semi-arid,,,text,80,8,true
Islands,easy,Which option belongs to Islands?,Madagascar,heuristic,artist,brake,Madagascar,,,text,20,12,true
Islands,easy,Which option belongs to Islands?,merger,global warming,atoll,layout,atoll,,,text,20,12,true
Islands,easy,Which of these fits the topic Islands?,Madagascar,inference,corner kick,vault,Madagascar,,,text,20,12,true
Islands,easy,Which of these is related to Islands?,Iceland,dialect,liability,space station,Iceland,,,text,20,12,true
Islands,easy,Pick the correct term for Islands.,Indian Ocean,Andes,Greenland,electricity,Greenland,,,text,20,12,true
Islands,easy,Which option belongs to Islands?,binary,archipelago,carbon footprint,layout,archipelago,,,text,20,12,true
Islands,easy,Which of these fits the topic Islands?,gallery,transaction,Sumatra,Peace,Sumatra,,,text,20,12,true
Islands,easy,Select a term associated with Islands.,inference,accuracy,continent,volcanic island,volcanic island,,,text,20,12,true
Islands,easy,Which of these fits the topic Islands?,atoll,servo,character,script,atoll,,,text,20,12,true
Islands,easy,Pick the correct term for Islands.,limit,designer,volcanic island,electricity,volcanic island,,,text,20,12,true
Islands,easy,Which option belongs to Islands?,list comprehension,volcanic island,over,diagnosis,volcanic island,,,text,20,12,true
Islands,easy,Which option belongs to Islands?,radio,phonetics,sea,island chain,island chain,,,text,20,12,true
Islands,easy,Choose the item most linked to Islands.,Valkyrie,torque,atoll,nebula,atoll,,,text,20,12,true
Islands,easy,Pick the correct term for Islands.,Sumatra,proof of work,nominee,responsive layout,Sumatra,,,text,20,12,true
Islands,easy,Which of these fits the topic Islands?,Ares,Madagascar,interface,dish,Madagascar,,,text,20,12,true
Islands,easy,Which of these is related to Islands?,vault,energy,emissions,Sri Lanka,Sri Lanka,,,text,20,12,true
Islands,easy,Which of these is related to Islands?,opportunity cost,Atlantic Ocean,URL,volcanic island,volcanic island,,,text,20,12,true
Islands,easy,Pick the correct term for Islands.,Borneo,deviance,emulator,portfolio,Borneo,,,text,20,12,true
Islands,medium,Which option aligns with Islands?,Himalayas,Asia,Madagascar,ranger,Madagascar,,,text,40,10,true
Islands,medium,Pick the concept that best matches Islands.,equator,Kalahari,Madagascar,Africa,Madagascar,,,text,40,10,true
Islands,medium,Pick the concept that best matches Islands.,Sumatra,equator,Everest,Danube,Sumatra,,,text,40,10,true
Islands,medium,Choose the term that best represents Islands.,ranger,semi-arid,island chain,habitat,island chain,,,text,40,10,true
Islands,medium,Which option is a key concept in Islands?,equator,Sri Lanka,Nile,altitude,Sri Lanka,,,text,40,10,true
Islands,medium,Which option aligns with Islands?,protected area,Alps,Madagascar,Europe,Madagascar,,,text,40,10,true
Islands,medium,Which option is a key concept in Islands?,archipelago,North America,peak,ranger,archipelago,,,text,40,10,true
Islands,medium,Which option aligns with Islands?,tributary,continent,Iceland,predator,Iceland,,,text,40,10,true
Islands,medium,Which of these is a core idea in Islands?,biodiversity,Madagascar,Africa,peak,Madagascar,,,text,40,10,true
Islands,medium,Which option aligns with Islands?,island chain,Sahara,Europe,continent,island chain,,,text,40,10,true
Islands,medium,Select the most relevant term for Islands.,Madagascar,South America,ranger,Atlantic Ocean,Madagascar,,,text,40,10,true
Islands,medium,Pick the concept that best matches Islands.,prime meridian,Borneo,Asia,ecosystem,Borneo,,,text,40,10,true
Islands,medium,Which option is a key concept in Islands?,Asia,conservation,island chain,Sahara,island chain,,,text,40,10,true
Islands,medium,Which option aligns with Islands?,archipelago,protected area,Red Sea,prey,archipelago,,,text,40,10,true
Islands,medium,Which option aligns with Islands?,prey,biodiversity,Madagascar,hemisphere,Madagascar,,,text,40,10,true
Islands,medium,Pick the concept that best matches Islands.,campground,habitat,archipelago,plate,archipelago,,,text,40,10,true
Islands,medium,Which option is a key concept in Islands?,Danube,archipelago,range,continent,archipelago,,,text,40,10,true
Islands,medium,Pick the concept that best matches Islands.,archipelago,Gobi,longitude,prey,archipelago,,,text,40,10,true
Islands,hard,Which term is the closest match to Islands?,map scale,Arctic Ocean,Australia,island chain,island chain,,,text,80,8,true
Islands,hard,Choose the most accurate term for Islands.,ranger,migration,Himalayas,Borneo,Borneo,,,text,80,8,true
Islands,hard,Which option best characterizes Islands?,volcanic island,Southern Ocean,ranger,Asia,volcanic island,,,text,80,8,true
Islands,hard,Select the best-fit term for Islands.,plate,archipelago,sea,continent,archipelago,,,text,80,8,true
Islands,hard,Which term is most specifically associated with Islands?,Atlantic Ocean,trail,habitat,Iceland,Iceland,,,text,80,8,true
Islands,hard,Which option best characterizes Islands?,oasis,Mediterranean Sea,campground,Madagascar,Madagascar,,,text,80,8,true
Islands,hard,Which term is the closest match to Islands?,Africa,arid,Greenland,habitat,Greenland,,,text,80,8,true
Islands,hard,Which term is the closest match to Islands?,Borneo,Andes,conservation,Thar,Borneo,,,text,80,8,true
Islands,hard,Pick the most specific concept tied to Islands.,K2,wildlife reserve,Greenland,time zone,Greenland,,,text,80,8,true
Islands,hard,Pick the most specific concept tied to Islands.,atoll,predator,peak,Andes,atoll,,,text,80,8,true
Islands,hard,Choose the most accurate term for Islands.,Atlantic Ocean,Greenland,trail,Ganga,Greenland,,,text,80,8,true
Islands,hard,Select the most precise term for Islands.,Greenland,map scale,Thar,hemisphere,Greenland,,,text,80,8,true
Islands,hard,Which option best characterizes Islands?,Amazon,K2,Madagascar,hemisphere,Madagascar,,,text,80,8,true
Islands,hard,Which option is most directly linked to Islands?,continent,North America,summit,Iceland,Iceland,,,text,80,8,true
Islands,hard,Which term is the closest match to Islands?,Greenland,delta,endangered,Yangtze,Greenland,,,text,80,8,true
Islands,hard,Choose the most accurate term for Islands.,summit,Andes,island chain,latitude,island chain,,,text,80,8,true
Islands,hard,Choose the most accurate term for Islands.,Africa,continent,atoll,map scale,atoll,,,text,80,8,true
Islands,hard,Which option best characterizes Islands?,dune,habitat,Alps,Iceland,Iceland,,,text,80,8,true
Islands,hard,Choose the most accurate term for Islands.,ranger,conservation,Greenland,oasis,Greenland,,,text,80,8,true
Islands,hard,Select the best-fit term for Islands.,Amazon,Gulf,migration,Borneo,Borneo,,,text,80,8,true
Islands,hard,Pick the most specific concept tied to Islands.,wilderness,delta,altitude,volcanic island,volcanic island,,,text,80,8,true
Islands,hard,Which term is the closest match to Islands?,Rockies,Gulf,Sri Lanka,plate,Sri Lanka,,,text,80,8,true
Islands,hard,Pick the most specific concept tied to Islands.,summit,Madagascar,peak,Lake Victoria,Madagascar,,,text,80,8,true
Islands,hard,Which term is the closest match to Islands?,species,Borneo,Gulf,Nile,Borneo,,,text,80,8,true
National Flags,easy,Select a term associated with National Flags.,flag ratio,assist,momentum,palette,flag ratio,,,text,20,12,true
National Flags,easy,Pick the correct term for National Flags.,color palette,arid,Durga,symbol,symbol,,,text,20,12,true
National Flags,easy,Which of these fits the topic National Flags?,emblem,innings,adjective,carbon footprint,emblem,,,text,20,12,true
National Flags,easy,Which of these is related to National Flags?,banner,responsive design,flexibility,statuette,banner,,,text,20,12,true
National Flags,easy,Which of these fits the topic National Flags?,billboard,stanza,monarch,stripe,stripe,,,text,20,12,true
National Flags,easy,Select a term associated with National Flags.,banner,circulatory system,existence,K2,banner,,,text,20,12,true
National Flags,easy,Select a term associated with National Flags.,emblem,campground,AI,column,emblem,,,text,20,12,true
National Flags,easy,Which of these is related to National Flags?,perception,flag ratio,fertilizer,parliament,flag ratio,,,text,20,12,true
National Flags,easy,Pick the correct term for National Flags.,asset,aperture,color,pitch,color,,,text,20,12,true
National Flags,easy,Which of these is related to National Flags?,complexity,star,tributary,banknote,star,,,text,20,12,true
National Flags,easy,Pick the correct term for National Flags.,crest,energy,decorator,dance,crest,,,text,20,12,true
National Flags,easy,Select a term associated with National Flags.,checkout,star,euro,LBW,star,,,text,20,12,true
National Flags,easy,Which option belongs to National Flags?,dollar,orbit,banner,HTTP,banner,,,text,20,12,true
National Flags,easy,Which option belongs to National Flags?,knight,emblem,Stockholm,spice,emblem,,,text,20,12,true
National Flags,easy,Which of these is related to National Flags?,cognition,crest,festivals,esports,crest,,,text,20,12,true
National Flags,easy,Which of these is related to National Flags?,banner,interface,online store,patch,banner,,,text,20,12,true
National Flags,easy,Which of these is related to National Flags?,director,galaxy,vocabulary,color,color,,,text,20,12,true
National Flags,easy,Select a term associated with National Flags.,exposure,Durga,color,unit circle,color,,,text,20,12,true
National Flags,medium,Pick the concept that best matches National Flags.,engine,nominee,star,Chemistry,star,,,text,40,10,true
National Flags,medium,Which of these is a core idea in National Flags?,cockpit,emblem,soil,cabinet,emblem,,,text,40,10,true
National Flags,medium,Choose the term that best represents National Flags.,taste,trade agreement,Bihar,emblem,emblem,,,text,40,10,true
National Flags,medium,Pick the concept that best matches National Flags.,statuette,posture,sauce,tricolor,tricolor,,,text,40,10,true
National Flags,medium,Pick the concept that best matches National Flags.,jet engine,flag ratio,monarch,president,flag ratio,,,text,40,10,true
National Flags,medium,Choose the term that best represents National Flags.,rebrand,taste,emblem,horsepower,emblem,,,text,40,10,true
National Flags,medium,Which of these is a core idea in National Flags?,flagpole,chancellor,Maharashtra,trade agreement,flagpole,,,text,40,10,true
National Flags,medium,Which option aligns with National Flags?,yield,author,fuel,stripe,stripe,,,text,40,10,true
National Flags,medium,Choose the term that best represents National Flags.,fuselage,flag ratio,yen,diplomacy,flag ratio,,,text,40,10,true
National Flags,medium,Which of these is a core idea in National Flags?,head of state,rebrand,inflation,emblem,emblem,,,text,40,10,true
National Flags,medium,Pick the concept that best matches National Flags.,star,president,Hollywood,cabinet,star,,,text,40,10,true
National Flags,medium,Pick the concept that best matches National Flags.,asana,entrepreneur,star,Chemistry,star,,,text,40,10,true
National Flags,medium,Which of these is a core idea in National Flags?,director,seed,symbol,yield,symbol,,,text,40,10,true
National Flags,medium,Which term is most commonly used in National Flags?,slogan,star,global economy,inflation,star,,,text,40,10,true
National Flags,medium,Which option is a key concept in National Flags?,jet engine,brand equity,icon,flagpole,flagpole,,,text,40,10,true
National Flags,medium,Which option aligns with National Flags?,microscope,banknote,Economics,flagpole,flagpole,,,text,40,10,true
National Flags,medium,Pick the concept that best matches National Flags.,wellness,athlete,flag ratio,gearbox,flag ratio,,,text,40,10,true
National Flags,medium,Which term is most commonly used in National Flags?,wellness,brand identity,exchange rate,stripe,stripe,,,text,40,10,true
National Flags,hard,Pick the most specific concept tied to National Flags.,color,flavor,statuette,livestock,color,,,text,80,8,true
National Flags,hard,Which term is most specifically associated with National Flags?,entrepreneur,tricolor,flexibility,Tamil Nadu,tricolor,,,text,80,8,true
National Flags,hard,Select the best-fit term for National Flags.,stripe,entrepreneur,pound,chassis,stripe,,,text,80,8,true
National Flags,hard,Which option is most directly linked to National Flags?,Assam,bake,symbol,breathing,symbol,,,text,80,8,true
National Flags,hard,Which term is most specifically associated with National Flags?,telescope,gearbox,Literature,symbol,symbol,,,text,80,8,true
National Flags,hard,Select the best-fit term for National Flags.,symbol,fuel,cockpit,brake,symbol,,,text,80,8,true
National Flags,hard,Select the most precise term for National Flags.,Physics,tricolor,vaccination,dish,tricolor,,,text,80,8,true
National Flags,hard,Pick the most specific concept tied to National Flags.,trademark,landing gear,symbol,patent,symbol,,,text,80,8,true
National Flags,hard,Choose the most accurate term for National Flags.,tricolor,landing gear,Rajasthan,diplomacy,tricolor,,,text,80,8,true
National Flags,hard,Choose the most accurate term for National Flags.,diplomacy,torque,flexibility,emblem,emblem,,,text,80,8,true
National Flags,hard,Which term is the closest match to National Flags?,banner,head of state,euro,harvest,banner,,,text,80,8,true
National Flags,hard,Select the best-fit term for National Flags.,inventor,star,sauce,global economy,star,,,text,80,8,true
National Flags,hard,Which term is the closest match to National Flags?,Gujarat,Bihar,emblem,global economy,emblem,,,text,80,8,true
National Flags,hard,Which term is the closest match to National Flags?,soil,summit,emblem,inflation,emblem,,,text,80,8,true
National Flags,hard,Which option is most directly linked to National Flags?,balance,Stockholm,symbol,Medicine,symbol,,,text,80,8,true
National Flags,hard,Which option is most directly linked to National Flags?,tricolor,nominee,radio,sauce,tricolor,,,text,80,8,true
National Flags,hard,Which option best characterizes National Flags?,ingredient,crest,coin,logo,crest,,,text,80,8,true
National Flags,hard,Which term is most specifically associated with National Flags?,coin,symbol,scientist,policy debate,symbol,,,text,80,8,true
National Flags,hard,Which term is the closest match to National Flags?,breathing,color,stretch,red carpet,color,,,text,80,8,true
National Flags,hard,Which option is most directly linked to National Flags?,soil,international summit,flag ratio,philanthropist,flag ratio,,,text,80,8,true
National Flags,hard,Pick the most specific concept tied to National Flags.,emblem,radio,prime minister,engine,emblem,,,text,80,8,true
National Flags,hard,Choose the most accurate term for National Flags.,brand equity,coin,crest,philanthropist,crest,,,text,80,8,true
National Flags,hard,Pick the most specific concept tied to National Flags.,air traffic,summit,emblem,yen,emblem,,,text,80,8,true
National Flags,hard,Select the most precise term for National Flags.,director,electricity,crest,slogan,crest,,,text,80,8,true
Currencies,easy,Pick the correct term for Currencies.,rupee,Kerala,adverb,fiscal policy,rupee,,,text,20,12,true
Currencies,easy,Which of these is related to Currencies?,latitude,evolution,App Store,yen,yen,,,text,20,12,true
Currencies,easy,Which of these fits the topic Currencies?,dollar,movement,circulatory system,bull market,dollar,,,text,20,12,true
Currencies,easy,Which of these is related to Currencies?,habitat,telescope,currency symbol,multiplayer,currency symbol,,,text,20,12,true
Currencies,easy,Which option belongs to Currencies?,currency symbol,imagery,Red Sea,conservation,currency symbol,,,text,20,12,true
Currencies,easy,Which of these is related to Currencies?,return,Greenland,volume,currency symbol,currency symbol,,,text,20,12,true
Currencies,easy,Choose the item most linked to Currencies.,currency symbol,gearbox,chassis,logo,currency symbol,,,text,20,12,true
Currencies,easy,Which option belongs to Currencies?,role,euro,cookie,dividend yield,euro,,,text,20,12,true
Currencies,easy,Which of these fits the topic Currencies?,Asia,equator,overfitting,exchange rate,exchange rate,,,text,20,12,true
Currencies,easy,Which of these fits the topic Currencies?,robot,banknote,meter,bond,banknote,,,text,20,12,true
Currencies,easy,Which option belongs to Currencies?,banknote,ledger,cabinet,Mississippi,banknote,,,text,20,12,true
Currencies,easy,Which of these fits the topic Currencies?,satellite,rupee,Uttar Pradesh,Lake Victoria,rupee,,,text,20,12,true
Currencies,easy,Which of these fits the topic Currencies?,villain,telescope,myth,currency symbol,currency symbol,,,text,20,12,true
Currencies,easy,Choose the item most linked to Currencies.,area under curve,imagery,Hera,coin,coin,,,text,20,12,true
Currencies,easy,Which of these fits the topic Currencies?,follower,coin,telescope,Oscar,coin,,,text,20,12,true
Currencies,easy,Which option belongs to Currencies?,diplomacy,coin,run rate,enzyme,coin,,,text,20,12,true
Currencies,easy,Which of these fits the topic Currencies?,remix,ionic bond,inflation,dune,inflation,,,text,20,12,true
Currencies,easy,Which of these fits the topic Currencies?,federalism,election,inflation,narrator,inflation,,,text,20,12,true
Currencies,medium,Which option is a key concept in Currencies?,ceremony,flexibility,recipe,banknote,banknote,,,text,40,10,true
Currencies,medium,Pick the concept that best matches Currencies.,star,banknote,brake,fuselage,banknote,,,text,40,10,true
Currencies,medium,Which option aligns with Currencies?,chassis,exchange rate,fuselage,symbol,exchange rate,,,text,40,10,true
Currencies,medium,Which option aligns with Currencies?,turbulence,ceremony,rupee,color,rupee,,,text,40,10,true
Currencies,medium,Which option is a key concept in Currencies?,innovation,steam engine,coin,athlete,coin,,,text,40,10,true
Currencies,medium,Select the most relevant term for Currencies.,banknote,spice,transmission,parliament,banknote,,,text,40,10,true
Currencies,medium,Pick the concept that best matches Currencies.,inflation,balance,steam engine,brand identity,inflation,,,text,40,10,true
Currencies,medium,Which of these is a core idea in Currencies?,sedan,crop,rupee,climate policy,rupee,,,text,40,10,true
Currencies,medium,Which of these is a core idea in Currencies?,Hollywood,Maharashtra,printing press,exchange rate,exchange rate,,,text,40,10,true
Currencies,medium,Select the most relevant term for Currencies.,leader,radio,fuel,coin,coin,,,text,40,10,true
Currencies,medium,Select the most relevant term for Currencies.,euro,Assam,printing press,torque,euro,,,text,40,10,true
Currencies,medium,Which option aligns with Currencies?,exchange rate,flexibility,scientist,printing press,exchange rate,,,text,40,10,true
Currencies,medium,Choose the term that best represents Currencies.,prime minister,star,Economics,pound,pound,,,text,40,10,true
Currencies,medium,Select the most relevant term for Currencies.,pranayama,pesticide,symbol,inflation,inflation,,,text,40,10,true
Currencies,medium,Which of these is a core idea in Currencies?,recognition,brand equity,rebrand,euro,euro,,,text,40,10,true
Currencies,medium,Which of these is a core idea in Currencies?,livestock,marketing,dollar,education reform,dollar,,,text,40,10,true
Currencies,medium,Which of these is a core idea in Currencies?,entrepreneur,yen,Medicine,pesticide,yen,,,text,40,10,true
Currencies,medium,Pick the concept that best matches Currencies.,global economy,scientist,pound,soil,pound,,,text,40,10,true
Currencies,hard,Which option is most directly linked to Currencies?,brake,currency symbol,Punjab,bake,currency symbol,,,text,80,8,true
Currencies,hard,Which term is the closest match to Currencies?,diplomacy,prime minister,electricity,banknote,banknote,,,text,80,8,true
Currencies,hard,Pick the most specific concept tied to Currencies.,chancellor,tricolor,rebrand,coin,coin,,,text,80,8,true
Currencies,hard,Which option best characterizes Currencies?,color,torque,philanthropist,exchange rate,exchange rate,,,text,80,8,true
Currencies,hard,Which option is most directly linked to Currencies?,engine,radio,dollar,artist,dollar,,,text,80,8,true
Currencies,hard,Which option is most directly linked to Currencies?,euro,star,Medicine,taste,euro,,,text,80,8,true
Currencies,hard,Which term is the closest match to Currencies?,dollar,stretch,Karnataka,cabinet,dollar,,,text,80,8,true
Currencies,hard,Select the most precise term for Currencies.,marketing,parliament,coin,altitude,coin,,,text,80,8,true
Currencies,hard,Which term is the closest match to Currencies?,pound,education reform,statuette,pranayama,pound,,,text,80,8,true
Currencies,hard,Which term is most specifically associated with Currencies?,stretch,diplomacy,public health,coin,coin,,,text,80,8,true
Currencies,hard,Which term is the closest match to Currencies?,irrigation,flag ratio,vaccination,euro,euro,,,text,80,8,true
Currencies,hard,Select the most precise term for Currencies.,steam engine,flagpole,Kerala,pound,pound,,,text,80,8,true
Currencies,hard,Which option best characterizes Currencies?,Best Picture,banknote,Maharashtra,posture,banknote,,,text,80,8,true
Currencies,hard,Which term is the closest match to Currencies?,leader,internet,currency symbol,prime minister,currency symbol,,,text,80,8,true
Currencies,hard,Select the best-fit term for Currencies.,turbulence,Tamil Nadu,microscope,coin,coin,,,text,80,8,true
Currencies,hard,Select the most precise term for Currencies.,currency symbol,soil,gearbox,monarch,currency symbol,,,text,80,8,true
Currencies,hard,Choose the most accurate term for Currencies.,cockpit,banknote,inventor,Uttar Pradesh,banknote,,,text,80,8,true
Currencies,hard,Pick the most specific concept tied to Currencies.,Chemistry,yen,education reform,stripe,yen,,,text,80,8,true
Currencies,hard,Which term is most specifically associated with Currencies?,engine,election cycle,inflation,telescope,inflation,,,text,80,8,true
Currencies,hard,Select the most precise term for Currencies.,cockpit,transmission,irrigation,dollar,dollar,,,text,80,8,true
Currencies,hard,Pick the most specific concept tied to Currencies.,public health,inventor,suspension,exchange rate,exchange rate,,,text,80,8,true
Currencies,hard,Which option best characterizes Currencies?,yen,runway,patent,flagpole,yen,,,text,80,8,true
Currencies,hard,Which option is most directly linked to Currencies?,statuette,cockpit,Rajasthan,inflation,inflation,,,text,80,8,true
Currencies,hard,Choose the most accurate term for Currencies.,printing press,yen,livestock,seed,yen,,,text,80,8,true
Awards (Nobel),easy,Which of these is related to Awards (Nobel)?,horsepower,factorization,prize,accuracy,prize,,,text,20,12,true
Awards (Nobel),easy,Choose the item most linked to Awards (Nobel).,acquisition,wallet,control system,Physics,Physics,,,text,20,12,true
Awards (Nobel),easy,Which of these is related to Awards (Nobel)?,diameter,Bollywood,therapy,Chemistry,Chemistry,,,text,20,12,true
Awards (Nobel),easy,Pick the correct term for Awards (Nobel).,Chemistry,warehouse,greenhouse,multiple,Chemistry,,,text,20,12,true
Awards (Nobel),easy,Which of these fits the topic Awards (Nobel)?,dune,Iliad,laureate,vaccination,laureate,,,text,20,12,true
Awards (Nobel),easy,Which option belongs to Awards (Nobel)?,market,Chemistry,endgame,online store,Chemistry,,,text,20,12,true
Awards (Nobel),easy,Choose the item most linked to Awards (Nobel).,indentation,Nile,alphabet,Literature,Literature,,,text,20,12,true
Awards (Nobel),easy,Choose the item most linked to Awards (Nobel).,smart contract,pivot,transaction,Peace,Peace,,,text,20,12,true
Awards (Nobel),easy,Choose the item most linked to Awards (Nobel).,seed,taste,laureate,remix,laureate,,,text,20,12,true
Awards (Nobel),easy,Select a term associated with Awards (Nobel).,Medicine,cinematography,seed,gradient descent,Medicine,,,text,20,12,true
Awards (Nobel),easy,Choose the item most linked to Awards (Nobel).,transmission,Physics,plate,opera,Physics,,,text,20,12,true
Awards (Nobel),easy,Which of these fits the topic Awards (Nobel)?,Stockholm,inequality,Athena,stanza,Stockholm,,,text,20,12,true
Awards (Nobel),easy,Choose the item most linked to Awards (Nobel).,air traffic,Chemistry,algorithm,pattern,Chemistry,,,text,20,12,true
Awards (Nobel),easy,Which of these fits the topic Awards (Nobel)?,watering,sea,nominee,Economics,Economics,,,text,20,12,true
Awards (Nobel),easy,Which of these is related to Awards (Nobel)?,United Nations,Atacama,model,Nobel Prize,Nobel Prize,,,text,20,12,true
Awards (Nobel),easy,Choose the item most linked to Awards (Nobel).,fertilizer,Nobel Prize,integral,memory,Nobel Prize,,,text,20,12,true
Awards (Nobel),easy,Which of these is related to Awards (Nobel)?,Hades,records,post,prize,prize,,,text,20,12,true
Awards (Nobel),easy,Choose the item most linked to Awards (Nobel).,symphony,Nobel Prize,stretch,assist,Nobel Prize,,,text,20,12,true
Awards (Nobel),medium,Which term is most commonly used in Awards (Nobel)?,Medicine,meditation,Uttar Pradesh,electricity,Medicine,,,text,40,10,true
Awards (Nobel),medium,Which option aligns with Awards (Nobel)?,Economics,yen,global economy,director,Economics,,,text,40,10,true
Awards (Nobel),medium,Select the most relevant term for Awards (Nobel).,trade agreement,Best Actress,Medicine,currency symbol,Medicine,,,text,40,10,true
Awards (Nobel),medium,Which term is most commonly used in Awards (Nobel)?,currency symbol,brand identity,election,Chemistry,Chemistry,,,text,40,10,true
Awards (Nobel),medium,Which term is most commonly used in Awards (Nobel)?,wellness,flexibility,Stockholm,inflation,Stockholm,,,text,40,10,true
Awards (Nobel),medium,Choose the term that best represents Awards (Nobel).,Stockholm,bake,soil,pranayama,Stockholm,,,text,40,10,true
Awards (Nobel),medium,Which term is most commonly used in Awards (Nobel)?,recipe,director,Stockholm,pound,Stockholm,,,text,40,10,true
Awards (Nobel),medium,Select the most relevant term for Awards (Nobel).,air traffic,prime minister,laureate,icon,laureate,,,text,40,10,true
Awards (Nobel),medium,Pick the concept that best matches Awards (Nobel).,prize,pranayama,harvest,Tamil Nadu,prize,,,text,40,10,true
Awards (Nobel),medium,Which term is most commonly used in Awards (Nobel)?,Physics,Hollywood,global economy,leader,Physics,,,text,40,10,true
Awards (Nobel),medium,Choose the term that best represents Awards (Nobel).,internet,stretch,entrepreneur,Medicine,Medicine,,,text,40,10,true
Awards (Nobel),medium,Which term is most commonly used in Awards (Nobel)?,explorer,Best Actor,Literature,radio,Literature,,,text,40,10,true
Awards (Nobel),medium,Choose the term that best represents Awards (Nobel).,laureate,spice,Rajasthan,chancellor,laureate,,,text,40,10,true
Awards (Nobel),medium,Select the most relevant term for Awards (Nobel).,Medicine,cockpit,farm,Assam,Medicine,,,text,40,10,true
Awards (Nobel),medium,Which of these is a core idea in Awards (Nobel)?,microscope,star,Medicine,farm,Medicine,,,text,40,10,true
Awards (Nobel),medium,Which of these is a core idea in Awards (Nobel)?,Nobel Prize,symbol,Kerala,leader,Nobel Prize,,,text,40,10,true
Awards (Nobel),medium,Choose the term that best represents Awards (Nobel).,trade agreement,Chemistry,transmission,Best Actress,Chemistry,,,text,40,10,true
Awards (Nobel),medium,Pick the concept that best matches Awards (Nobel).,Stockholm,banner,ingredient,engine,Stockholm,,,text,40,10,true
Awards (Nobel),hard,Select the best-fit term for Awards (Nobel).,seed,Nobel Prize,education reform,yen,Nobel Prize,,,text,80,8,true
Awards (Nobel),hard,Select the most precise term for Awards (Nobel).,statuette,air traffic,color,laureate,laureate,,,text,80,8,true
Awards (Nobel),hard,Pick the most specific concept tied to Awards (Nobel).,aerodynamics,Peace,irrigation,Maharashtra,Peace,,,text,80,8,true
Awards (Nobel),hard,Select the best-fit term for Awards (Nobel).,turbulence,Medicine,fuel,recipe,Medicine,,,text,80,8,true
Awards (Nobel),hard,Choose the most accurate term for Awards (Nobel).,nominee,Chemistry,yield,director,Chemistry,,,text,80,8,true
Awards (Nobel),hard,Select the best-fit term for Awards (Nobel).,global economy,Physics,recipe,fuselage,Physics,,,text,80,8,true
Awards (Nobel),hard,Select the best-fit term for Awards (Nobel).,author,altitude,Stockholm,exchange rate,Stockholm,,,text,80,8,true
Awards (Nobel),hard,Select the most precise term for Awards (Nobel).,Literature,trade agreement,breathing,mindfulness,Literature,,,text,80,8,true
Awards (Nobel),hard,Pick the most specific concept tied to Awards (Nobel).,irrigation,entrepreneur,flexibility,Peace,Peace,,,text,80,8,true
Awards (Nobel),hard,Pick the most specific concept tied to Awards (Nobel).,nominee,meditation,diplomacy,Economics,Economics,,,text,80,8,true
Awards (Nobel),hard,Select the best-fit term for Awards (Nobel).,Assam,patent,meditation,Stockholm,Stockholm,,,text,80,8,true
Awards (Nobel),hard,Pick the most specific concept tied to Awards (Nobel).,Stockholm,euro,exchange rate,radio,Stockholm,,,text,80,8,true
Awards (Nobel),hard,Pick the most specific concept tied to Awards (Nobel).,livestock,Physics,icon,gearbox,Physics,,,text,80,8,true
Awards (Nobel),hard,Select the most precise term for Awards (Nobel).,currency symbol,Stockholm,flexibility,nominee,Stockholm,,,text,80,8,true
Awards (Nobel),hard,Which option best characterizes Awards (Nobel)?,statuette,Economics,innovation,aircraft,Economics,,,text,80,8,true
Awards (Nobel),hard,Choose the most accurate term for Awards (Nobel).,prize,farm,balance,innovation,prize,,,text,80,8,true
Awards (Nobel),hard,Select the most precise term for Awards (Nobel).,Punjab,Rajasthan,Assam,Peace,Peace,,,text,80,8,true
Awards (Nobel),hard,Which term is most specifically associated with Awards (Nobel)?,pranayama,Chemistry,stretch,telescope,Chemistry,,,text,80,8,true
Awards (Nobel),hard,Pick the most specific concept tied to Awards (Nobel).,emblem,internet,Stockholm,printing press,Stockholm,,,text,80,8,true
Awards (Nobel),hard,Pick the most specific concept tied to Awards (Nobel).,gearbox,slogan,grill,Economics,Economics,,,text,80,8,true
Awards (Nobel),hard,Which term is the closest match to Awards (Nobel)?,flexibility,bake,pesticide,Medicine,Medicine,,,text,80,8,true
Awards (Nobel),hard,Choose the most accurate term for Awards (Nobel).,Physics,sedan,director,Assam,Physics,,,text,80,8,true
Awards (Nobel),hard,Which term is most specifically associated with Awards (Nobel)?,packaging,Tamil Nadu,Physics,rupee,Physics,,,text,80,8,true
Awards (Nobel),hard,Select the most precise term for Awards (Nobel).,farm,microscope,trade agreement,prize,prize,,,text,80,8,true
Awards (Oscars),easy,Select a term associated with Awards (Oscars).,knowledge base,nominee,Maurya Empire,Loki,nominee,,,text,20,12,true
Awards (Oscars),easy,Pick the correct term for Awards (Oscars).,queen,vault,limit,nominee,nominee,,,text,20,12,true
Awards (Oscars),easy,Which of these fits the topic Awards (Oscars)?,Ragnarok,statuette,radian,mining,statuette,,,text,20,12,true
Awards (Oscars),easy,Which option belongs to Awards (Oscars)?,Best Picture,agent,realism,epistemology,Best Picture,,,text,20,12,true
Awards (Oscars),easy,Select a term associated with Awards (Oscars).,alphabet,sanctuary,policy,ceremony,ceremony,,,text,20,12,true
Awards (Oscars),easy,Which of these fits the topic Awards (Oscars)?,treatment,seed,oxidation,Best Actress,Best Actress,,,text,20,12,true
Awards (Oscars),easy,Pick the correct term for Awards (Oscars).,hypotenuse,director,landscape,distribution,director,,,text,20,12,true
Awards (Oscars),easy,Which of these is related to Awards (Oscars)?,ceremony,node,Hamlet,Nile,ceremony,,,text,20,12,true
Awards (Oscars),easy,Which of these fits the topic Awards (Oscars)?,color,protected area,nominee,procurement,nominee,,,text,20,12,true
Awards (Oscars),easy,Which of these fits the topic Awards (Oscars)?,stump,Best Picture,Yggdrasil,dance,Best Picture,,,text,20,12,true
Awards (Oscars),easy,Pick the correct term for Awards (Oscars).,strings,stratification,argument,Best Picture,Best Picture,,,text,20,12,true
Awards (Oscars),easy,Which of these is related to Awards (Oscars)?,pip,temple,Cold War,ceremony,ceremony,,,text,20,12,true
Awards (Oscars),easy,Which of these is related to Awards (Oscars)?,ice melt,entrepreneur,nominee,HTML,nominee,,,text,20,12,true
Awards (Oscars),easy,Choose the item most linked to Awards (Oscars).,issue,screenplay,Best Actor,explorer,Best Actor,,,text,20,12,true
Awards (Oscars),easy,Pick the correct term for Awards (Oscars).,statuette,recognition,Olympiad,algorithm,statuette,,,text,20,12,true
Awards (Oscars),easy,Which of these fits the topic Awards (Oscars)?,therapy,Academy Awards,graphic novel,modem,Academy Awards,,,text,20,12,true
Awards (Oscars),easy,Pick the correct term for Awards (Oscars).,brush,Best Actress,rocket,automation,Best Actress,,,text,20,12,true
Awards (Oscars),easy,Which of these is related to Awards (Oscars)?,conglomerate,red carpet,emulator,Assam,red carpet,,,text,20,12,true
Awards (Oscars),medium,Pick the concept that best matches Awards (Oscars).,cuisine,laureate,logo,ceremony,ceremony,,,text,40,10,true
Awards (Oscars),medium,Which of these is a core idea in Awards (Oscars)?,head of state,statuette,summit,prize,statuette,,,text,40,10,true
Awards (Oscars),medium,Select the most relevant term for Awards (Oscars).,livestock,seed,Hollywood,innovation,Hollywood,,,text,40,10,true
Awards (Oscars),medium,Which term is most commonly used in Awards (Oscars)?,flexibility,brand identity,ceremony,Literature,ceremony,,,text,40,10,true
Awards (Oscars),medium,Pick the concept that best matches Awards (Oscars).,Best Actor,emblem,icon,sauce,Best Actor,,,text,40,10,true
Awards (Oscars),medium,Select the most relevant term for Awards (Oscars).,pesticide,Gujarat,statuette,Chemistry,statuette,,,text,40,10,true
Awards (Oscars),medium,Choose the term that best represents Awards (Oscars).,Best Picture,suspension,steam engine,stretch,Best Picture,,,text,40,10,true
Awards (Oscars),medium,Select the most relevant term for Awards (Oscars).,jet engine,euro,Best Actress,landing gear,Best Actress,,,text,40,10,true
Awards (Oscars),medium,Which option is a key concept in Awards (Oscars)?,ingredient,Best Actor,athlete,dollar,Best Actor,,,text,40,10,true
Awards (Oscars),medium,Which option is a key concept in Awards (Oscars)?,patent,statuette,torque,stripe,statuette,,,text,40,10,true
Awards (Oscars),medium,Which of these is a core idea in Awards (Oscars)?,policy debate,wellness,suspension,ceremony,ceremony,,,text,40,10,true
Awards (Oscars),medium,Select the most relevant term for Awards (Oscars).,slogan,aerodynamics,director,public health,director,,,text,40,10,true
Awards (Oscars),medium,Choose the term that best represents Awards (Oscars).,statuette,fuel,cockpit,Nobel Prize,statuette,,,text,40,10,true
Awards (Oscars),medium,Which option aligns with Awards (Oscars)?,red carpet,pesticide,brand equity,engine,red carpet,,,text,40,10,true
Awards (Oscars),medium,Which option aligns with Awards (Oscars)?,internet,Hollywood,patent,Literature,Hollywood,,,text,40,10,true
Awards (Oscars),medium,Which option aligns with Awards (Oscars)?,landing gear,statuette,wellness,recognition,statuette,,,text,40,10,true
Awards (Oscars),medium,Pick the concept that best matches Awards (Oscars).,Best Picture,asana,banner,stretch,Best Picture,,,text,40,10,true
Awards (Oscars),medium,Pick the concept that best matches Awards (Oscars).,banknote,sedan,vaccination,Hollywood,Hollywood,,,text,40,10,true
Awards (Oscars),hard,Which option is most directly linked to Awards (Oscars)?,Best Actress,composer,global economy,aerodynamics,Best Actress,,,text,80,8,true
Awards (Oscars),hard,Choose the most accurate term for Awards (Oscars).,mindfulness,steam engine,Academy Awards,taste,Academy Awards,,,text,80,8,true
Awards (Oscars),hard,Choose the most accurate term for Awards (Oscars).,monarch,chassis,ceremony,composer,ceremony,,,text,80,8,true
Awards (Oscars),hard,Choose the most accurate term for Awards (Oscars).,fuel,statuette,Literature,cuisine,statuette,,,text,80,8,true
Awards (Oscars),hard,Pick the most specific concept tied to Awards (Oscars).,crop,electricity,ingredient,Best Actor,Best Actor,,,text,80,8,true
Awards (Oscars),hard,Which term is most specifically associated with Awards (Oscars)?,coin,Uttar Pradesh,Best Picture,Chemistry,Best Picture,,,text,80,8,true
Awards (Oscars),hard,Select the best-fit term for Awards (Oscars).,international summit,ceremony,sedan,flavor,ceremony,,,text,80,8,true
Awards (Oscars),hard,Which option is most directly linked to Awards (Oscars)?,author,Best Actress,landing gear,sauce,Best Actress,,,text,80,8,true
Awards (Oscars),hard,Select the most precise term for Awards (Oscars).,Hollywood,recognition,aerodynamics,inflation,Hollywood,,,text,80,8,true
Awards (Oscars),hard,Select the most precise term for Awards (Oscars).,mindfulness,ceremony,flagpole,engine,ceremony,,,text,80,8,true
Awards (Oscars),hard,Which option best characterizes Awards (Oscars)?,Best Actor,entrepreneur,stripe,pound,Best Actor,,,text,80,8,true
Awards (Oscars),hard,Which term is most specifically associated with Awards (Oscars)?,air traffic,education reform,statuette,banknote,statuette,,,text,80,8,true
Awards (Oscars),hard,Which option best characterizes Awards (Oscars)?,trade agreement,cuisine,Academy Awards,Stockholm,Academy Awards,,,text,80,8,true
Awards (Oscars),hard,Which term is most specifically associated with Awards (Oscars)?,sauce,Best Actor,crop,athlete,Best Actor,,,text,80,8,true
Awards (Oscars),hard,Which term is the closest match to Awards (Oscars)?,internet,Academy Awards,public health,banknote,Academy Awards,,,text,80,8,true
Awards (Oscars),hard,Which term is the closest match to Awards (Oscars)?,horsepower,public health,explorer,red carpet,red carpet,,,text,80,8,true
Awards (Oscars),hard,Which option is most directly linked to Awards (Oscars)?,pound,Gujarat,nominee,pesticide,nominee,,,text,80,8,true
Awards (Oscars),hard,Which option is most directly linked to Awards (Oscars)?,athlete,pesticide,meditation,statuette,statuette,,,text,80,8,true
Awards (Oscars),hard,Select the best-fit term for Awards (Oscars).,director,stretch,cockpit,election,director,,,text,80,8,true
Awards (Oscars),hard,Which term is most specifically associated with Awards (Oscars)?,air traffic,nominee,farm,trademark,nominee,,,text,80,8,true
Awards (Oscars),hard,Pick the most specific concept tied to Awards (Oscars).,turbulence,rebrand,flexibility,ceremony,ceremony,,,text,80,8,true
Awards (Oscars),hard,Which option best characterizes Awards (Oscars)?,Best Actress,spice,flavor,cockpit,Best Actress,,,text,80,8,true
Awards (Oscars),hard,Which option best characterizes Awards (Oscars)?,election cycle,Best Actress,international summit,balance,Best Actress,,,text,80,8,true
Awards (Oscars),hard,Which term is the closest match to Awards (Oscars)?,packaging,parliament,Best Picture,rebrand,Best Picture,,,text,80,8,true
Agriculture,easy,Choose the item most linked to Agriculture.,Maurya Empire,island chain,stanza,seed,seed,,,text,20,12,true
Agriculture,easy,Pick the correct term for Agriculture.,fertilizer,venture capital,multiplayer,masala,fertilizer,,,text,20,12,true
Agriculture,easy,Select a term associated with Agriculture.,gold medal,drug,noun,soil,soil,,,text,20,12,true
Agriculture,easy,Select a term associated with Agriculture.,Tamil Nadu,Odin,harvest,virtualenv,harvest,,,text,20,12,true
Agriculture,easy,Which of these fits the topic Agriculture?,perception,toxicity,seed,proof of work,seed,,,text,20,12,true
Agriculture,easy,Choose the item most linked to Agriculture.,engagement,oasis,livestock,viral,livestock,,,text,20,12,true
Agriculture,easy,Which option belongs to Agriculture?,radian,biodiversity,yield,bear market,yield,,,text,20,12,true
Agriculture,easy,Pick the correct term for Agriculture.,harvest,spacecraft,coin,therapy,harvest,,,text,20,12,true
Agriculture,easy,Choose the item most linked to Agriculture.,soil,share,leader,molecule,soil,,,text,20,12,true
Agriculture,easy,Which of these fits the topic Agriculture?,pesticide,engine,protected area,Bluetooth,pesticide,,,text,20,12,true
Agriculture,easy,Which of these is related to Agriculture?,cell,rally,fertilizer,Apollo,fertilizer,,,text,20,12,true
Agriculture,easy,Pick the correct term for Agriculture.,inflation,climate policy,Odyssey,irrigation,irrigation,,,text,20,12,true
Agriculture,easy,Select a term associated with Agriculture.,innings,crop,pH,polygon,crop,,,text,20,12,true
Agriculture,easy,Which option belongs to Agriculture?,star,ecosystem,routing,yield,yield,,,text,20,12,true
Agriculture,easy,Which of these fits the topic Agriculture?,seed,kidney,light-year,group,seed,,,text,20,12,true
Agriculture,easy,Select a term associated with Agriculture.,Gupta Empire,vulnerability,farm,topography,farm,,,text,20,12,true
Agriculture,easy,Which option belongs to Agriculture?,paradox,fertilizer,parallel,binary,fertilizer,,,text,20,12,true
Agriculture,easy,Which of these is related to Agriculture?,soil,athletics,dance,inventor,soil,,,text,20,12,true
Agriculture,medium,Select the most relevant term for Agriculture.,irrigation,stripe,flavor,flagpole,irrigation,,,text,40,10,true
Agriculture,medium,Which option is a key concept in Agriculture?,laureate,color,fertilizer,innovation,fertilizer,,,text,40,10,true
Agriculture,medium,Which term is most commonly used in Agriculture?,Hollywood,grill,yield,altitude,yield,,,text,40,10,true
Agriculture,medium,Which option aligns with Agriculture?,currency symbol,diplomacy,farm,packaging,farm,,,text,40,10,true
Agriculture,medium,Which term is most commonly used in Agriculture?,farm,spice,transmission,Stockholm,farm,,,text,40,10,true
Agriculture,medium,Which term is most commonly used in Agriculture?,statuette,pesticide,posture,euro,pesticide,,,text,40,10,true
Agriculture,medium,Pick the concept that best matches Agriculture.,summit,seed,bake,exchange rate,seed,,,text,40,10,true
Agriculture,medium,Pick the concept that best matches Agriculture.,pesticide,coin,spice,posture,pesticide,,,text,40,10,true
Agriculture,medium,Which term is most commonly used in Agriculture?,trade agreement,aircraft,philanthropist,pesticide,pesticide,,,text,40,10,true
Agriculture,medium,Which option is a key concept in Agriculture?,recognition,international summit,Medicine,soil,soil,,,text,40,10,true
Agriculture,medium,Pick the concept that best matches Agriculture.,recognition,Best Actress,crop,chassis,crop,,,text,40,10,true
Agriculture,medium,Which of these is a core idea in Agriculture?,philanthropist,vaccination,livestock,prime minister,livestock,,,text,40,10,true
Agriculture,medium,Select the most relevant term for Agriculture.,stripe,election cycle,seed,infrastructure,seed,,,text,40,10,true
Agriculture,medium,Which option aligns with Agriculture?,flagpole,livestock,transmission,patent,livestock,,,text,40,10,true
Agriculture,medium,Which option aligns with Agriculture?,landing gear,ceremony,pesticide,president,pesticide,,,text,40,10,true
Agriculture,medium,Pick the concept that best matches Agriculture.,Chemistry,slogan,harvest,laureate,harvest,,,text,40,10,true
Agriculture,medium,Pick the concept that best matches Agriculture.,banknote,farm,Punjab,diplomacy,farm,,,text,40,10,true
Agriculture,medium,Which option aligns with Agriculture?,irrigation,color,inventor,brake,irrigation,,,text,40,10,true
Agriculture,hard,Which option best characterizes Agriculture?,fuel,slogan,Literature,farm,farm,,,text,80,8,true
Agriculture,hard,Which term is most specifically associated with Agriculture?,internet,seed,euro,philanthropist,seed,,,text,80,8,true
Agriculture,hard,Which term is the closest match to Agriculture?,Literature,soil,breathing,electricity,soil,,,text,80,8,true
Agriculture,hard,Which term is most specifically associated with Agriculture?,parliament,crop,slogan,coin,crop,,,text,80,8,true
Agriculture,hard,Select the best-fit term for Agriculture.,Gujarat,microscope,composer,fertilizer,fertilizer,,,text,80,8,true
Agriculture,hard,Which option is most directly linked to Agriculture?,Best Picture,yield,aircraft,euro,yield,,,text,80,8,true
Agriculture,hard,Which option is most directly linked to Agriculture?,irrigation,yen,explorer,ceremony,irrigation,,,text,80,8,true
Agriculture,hard,Choose the most accurate term for Agriculture.,harvest,flavor,nominee,asana,harvest,,,text,80,8,true
Agriculture,hard,Pick the most specific concept tied to Agriculture.,nominee,marketing,crop,dollar,crop,,,text,80,8,true
Agriculture,hard,Which option best characterizes Agriculture?,fertilizer,Best Actor,aerodynamics,flexibility,fertilizer,,,text,80,8,true
Agriculture,hard,Select the most precise term for Agriculture.,harvest,flagpole,landing gear,public health,harvest,,,text,80,8,true
Agriculture,hard,Which option best characterizes Agriculture?,Best Actor,pesticide,posture,stretch,pesticide,,,text,80,8,true
Agriculture,hard,Which option is most directly linked to Agriculture?,soil,monarch,horsepower,tricolor,soil,,,text,80,8,true
Agriculture,hard,Which term is most specifically associated with Agriculture?,yield,dollar,Chemistry,vaccination,yield,,,text,80,8,true
Agriculture,hard,Pick the most specific concept tied to Agriculture.,Physics,steam engine,emblem,pesticide,pesticide,,,text,80,8,true
Agriculture,hard,Pick the most specific concept tied to Agriculture.,education reform,euro,soil,landing gear,soil,,,text,80,8,true
Agriculture,hard,Which option best characterizes Agriculture?,crest,farm,Nobel Prize,horsepower,farm,,,text,80,8,true
Agriculture,hard,Which option best characterizes Agriculture?,currency symbol,yield,stretch,fuel,yield,,,text,80,8,true
Agriculture,hard,Select the most precise term for Agriculture.,policy debate,harvest,Gujarat,Physics,harvest,,,text,80,8,true
Agriculture,hard,Pick the most specific concept tied to Agriculture.,jet engine,currency symbol,flexibility,harvest,harvest,,,text,80,8,true
Agriculture,hard,Pick the most specific concept tied to Agriculture.,pesticide,sauce,mindfulness,spice,pesticide,,,text,80,8,true
Agriculture,hard,Choose the most accurate term for Agriculture.,pesticide,tricolor,cockpit,head of state,pesticide,,,text,80,8,true
Agriculture,hard,Which option is most directly linked to Agriculture?,ingredient,Assam,rebrand,yield,yield,,,text,80,8,true
Agriculture,hard,Select the best-fit term for Agriculture.,fertilizer,fuel,posture,yen,fertilizer,,,text,80,8,true
Food & Cuisine,easy,Which option belongs to Food & Cuisine?,hospital,Loki,cuisine,penalty,cuisine,,,text,20,12,true
Food & Cuisine,easy,Choose the item most linked to Food & Cuisine.,design,ingredient,grammar,search,ingredient,,,text,20,12,true
Food & Cuisine,easy,Which of these fits the topic Food & Cuisine?,cuisine,shipping,farm,elasticity,cuisine,,,text,20,12,true
Food & Cuisine,easy,Which of these fits the topic Food & Cuisine?,ice melt,rebound,Andes,taste,taste,,,text,20,12,true
Food & Cuisine,easy,Which of these is related to Food & Cuisine?,ingredient,decor,role,Assyrians,ingredient,,,text,20,12,true
Food & Cuisine,easy,Which option belongs to Food & Cuisine?,taste,momentum,wave,knight,taste,,,text,20,12,true
Food & Cuisine,easy,Which of these is related to Food & Cuisine?,myth,cuisine,publisher,habitat,cuisine,,,text,20,12,true
Food & Cuisine,easy,Which of these fits the topic Food & Cuisine?,international summit,metaphysics,Best Actress,cuisine,cuisine,,,text,20,12,true
Food & Cuisine,easy,Select a term associated with Food & Cuisine.,Olympiad,sauce,clergy,phishing,sauce,,,text,20,12,true
Food & Cuisine,easy,Which of these fits the topic Food & Cuisine?,prime meridian,taste,tablet,Sri Lanka,taste,,,text,20,12,true
Food & Cuisine,easy,Pick the correct term for Food & Cuisine.,Phoenicians,flavor,epic,genre,flavor,,,text,20,12,true
Food & Cuisine,easy,Which of these fits the topic Food & Cuisine?,flavor,Shiva,deuce,modem,flavor,,,text,20,12,true
Food & Cuisine,easy,Select a term associated with Food & Cuisine.,bond,realism,taste,batsman,taste,,,text,20,12,true
Food & Cuisine,easy,Which option belongs to Food & Cuisine?,bake,Punjab,browser,baseline,bake,,,text,20,12,true
Food & Cuisine,easy,Which of these is related to Food & Cuisine?,sauce,acquisition,APK,policy debate,sauce,,,text,20,12,true
Food & Cuisine,easy,Which option belongs to Food & Cuisine?,sauce,director,velocity,election,sauce,,,text,20,12,true
Food & Cuisine,easy,Pick the correct term for Food & Cuisine.,crop,training data,climate policy,recipe,recipe,,,text,20,12,true
Food & Cuisine,easy,Which option belongs to Food & Cuisine?,Indus Valley,adverb,cuisine,Rockies,cuisine,,,text,20,12,true
Food & Cuisine,medium,Which option is a key concept in Food & Cuisine?,trademark,nominee,Best Picture,flavor,flavor,,,text,40,10,true
Food & Cuisine,medium,Which option aligns with Food & Cuisine?,vaccination,president,rebrand,spice,spice,,,text,40,10,true
Food & Cuisine,medium,Which option aligns with Food & Cuisine?,mindfulness,Best Picture,dish,logo,dish,,,text,40,10,true
Food & Cuisine,medium,Which option is a key concept in Food & Cuisine?,Medicine,bake,color,banknote,bake,,,text,40,10,true
Food & Cuisine,medium,Which term is most commonly used in Food & Cuisine?,policy debate,recipe,brake,microscope,recipe,,,text,40,10,true
Food & Cuisine,medium,Which option is a key concept in Food & Cuisine?,electricity,director,meditation,sauce,sauce,,,text,40,10,true
Food & Cuisine,medium,Which of these is a core idea in Food & Cuisine?,Uttar Pradesh,tricolor,pound,taste,taste,,,text,40,10,true
Food & Cuisine,medium,Pick the concept that best matches Food & Cuisine.,ingredient,innovation,global economy,prize,ingredient,,,text,40,10,true
Food & Cuisine,medium,Which term is most commonly used in Food & Cuisine?,balance,jet engine,banner,bake,bake,,,text,40,10,true
Food & Cuisine,medium,Select the most relevant term for Food & Cuisine.,yield,public health,ingredient,fuel,ingredient,,,text,40,10,true
Food & Cuisine,medium,Select the most relevant term for Food & Cuisine.,prize,sedan,harvest,grill,grill,,,text,40,10,true
Food & Cuisine,medium,Choose the term that best represents Food & Cuisine.,air traffic,dish,international summit,aerodynamics,dish,,,text,40,10,true
Food & Cuisine,medium,Which option is a key concept in Food & Cuisine?,head of state,Medicine,recipe,summit,recipe,,,text,40,10,true
Food & Cuisine,medium,Which option is a key concept in Food & Cuisine?,brand identity,diplomacy,composer,flavor,flavor,,,text,40,10,true
Food & Cuisine,medium,Which term is most commonly used in Food & Cuisine?,bake,summit,Best Actress,stretch,bake,,,text,40,10,true
Food & Cuisine,medium,Select the most relevant term for Food & Cuisine.,recipe,Bihar,Nobel Prize,red carpet,recipe,,,text,40,10,true
Food & Cuisine,medium,Which of these is a core idea in Food & Cuisine?,policy debate,Peace,dish,president,dish,,,text,40,10,true
Food & Cuisine,medium,Which option is a key concept in Food & Cuisine?,fuel,dollar,artist,dish,dish,,,text,40,10,true
Food & Cuisine,hard,Select the best-fit term for Food & Cuisine.,diplomacy,sauce,soil,sedan,sauce,,,text,80,8,true
Food & Cuisine,hard,Which option best characterizes Food & Cuisine?,Assam,balance,banner,dish,dish,,,text,80,8,true
Food & Cuisine,hard,Pick the most specific concept tied to Food & Cuisine.,cabinet,grill,composer,symbol,grill,,,text,80,8,true
Food & Cuisine,hard,Select the most precise term for Food & Cuisine.,icon,scientist,crest,ingredient,ingredient,,,text,80,8,true
Food & Cuisine,hard,Which term is most specifically associated with Food & Cuisine?,bake,Best Picture,wellness,balance,bake,,,text,80,8,true
Food & Cuisine,hard,Choose the most accurate term for Food & Cuisine.,dish,composer,coin,infrastructure,dish,,,text,80,8,true
Food & Cuisine,hard,Pick the most specific concept tied to Food & Cuisine.,posture,Rajasthan,crop,ingredient,ingredient,,,text,80,8,true
Food & Cuisine,hard,Which term is most specifically associated with Food & Cuisine?,monarch,spice,recognition,patent,spice,,,text,80,8,true
Food & Cuisine,hard,Which option best characterizes Food & Cuisine?,marketing,yield,athlete,cuisine,cuisine,,,text,80,8,true
Food & Cuisine,hard,Pick the most specific concept tied to Food & Cuisine.,Punjab,grill,microscope,international summit,grill,,,text,80,8,true
Food & Cuisine,hard,Which term is most specifically associated with Food & Cuisine?,yen,philanthropist,cuisine,monarch,cuisine,,,text,80,8,true
Food & Cuisine,hard,Which term is the closest match to Food & Cuisine?,emblem,cuisine,Maharashtra,education reform,cuisine,,,text,80,8,true
Food & Cuisine,hard,Choose the most accurate term for Food & Cuisine.,grill,banner,turbulence,posture,grill,,,text,80,8,true
Food & Cuisine,hard,Choose the most accurate term for Food & Cuisine.,recipe,Best Actor,Best Actress,marketing,recipe,,,text,80,8,true
Food & Cuisine,hard,Which term is the closest match to Food & Cuisine?,ingredient,crest,education reform,explorer,ingredient,,,text,80,8,true
Food & Cuisine,hard,Choose the most accurate term for Food & Cuisine.,irrigation,turbulence,cuisine,sedan,cuisine,,,text,80,8,true
Food & Cuisine,hard,Pick the most specific concept tied to Food & Cuisine.,cuisine,summit,Hollywood,Best Actor,cuisine,,,text,80,8,true
Food & Cuisine,hard,Which term is the closest match to Food & Cuisine?,innovation,education reform,chassis,recipe,recipe,,,text,80,8,true
Food & Cuisine,hard,Which term is the closest match to Food & Cuisine?,color,Best Picture,climate policy,dish,dish,,,text,80,8,true
Food & Cuisine,hard,Which option is most directly linked to Food & Cuisine?,Nobel Prize,yen,election cycle,spice,spice,,,text,80,8,true
Food & Cuisine,hard,Choose the most accurate term for Food & Cuisine.,soil,irrigation,ingredient,dollar,ingredient,,,text,80,8,true
Food & Cuisine,hard,Pick the most specific concept tied to Food & Cuisine.,international summit,sauce,livestock,chassis,sauce,,,text,80,8,true
Food & Cuisine,hard,Pick the most specific concept tied to Food & Cuisine.,international summit,recipe,entrepreneur,suspension,recipe,,,text,80,8,true
Food & Cuisine,hard,Which option best characterizes Food & Cuisine?,pesticide,president,Chemistry,sauce,sauce,,,text,80,8,true
Medicine,easy,Which option belongs to Medicine?,flexibility,Ramayana,penalty,patient,patient,,,text,20,12,true
Medicine,easy,Choose the item most linked to Medicine.,investor,vaccine,sanctuary,inventory,vaccine,,,text,20,12,true
Medicine,easy,Which option belongs to Medicine?,symptom,character,device,script,symptom,,,text,20,12,true
Medicine,easy,Pick the correct term for Medicine.,hospital,color,monarch,device,hospital,,,text,20,12,true
Medicine,easy,Select a term associated with Medicine.,flavor,vaccine,Economics,tricolor,vaccine,,,text,20,12,true
Medicine,easy,Which of these fits the topic Medicine?,policy debate,jet engine,integral,prescription,prescription,,,text,20,12,true
Medicine,easy,Which of these is related to Medicine?,disease,firewall,icon,stream of consciousness,disease,,,text,20,12,true
Medicine,easy,Select a term associated with Medicine.,masala,prescription,prey,wildlife reserve,prescription,,,text,20,12,true
Medicine,easy,Select a term associated with Medicine.,Best Picture,patient,polytheism,Sumatra,patient,,,text,20,12,true
Medicine,easy,Which of these fits the topic Medicine?,symptom,song sequence,climate model,Hades,symptom,,,text,20,12,true
Medicine,easy,Which of these fits the topic Medicine?,Peace,prescription,hashtag,feature,prescription,,,text,20,12,true
Medicine,easy,Select a term associated with Medicine.,tragedy,currency symbol,symptom,knowledge base,symptom,,,text,20,12,true
Medicine,easy,Select a term associated with Medicine.,processor,coin,vaccine,superpower,vaccine,,,text,20,12,true
Medicine,easy,Which option belongs to Medicine?,Olympiad,Atacama,clinical,Harappa,clinical,,,text,20,12,true
Medicine,easy,Choose the item most linked to Medicine.,flooring,diagnosis,Everest,HTML,diagnosis,,,text,20,12,true
Medicine,easy,Which of these fits the topic Medicine?,society,market,treatment,perspective,treatment,,,text,20,12,true
Medicine,easy,Which of these is related to Medicine?,records,volatility,hospital,author,hospital,,,text,20,12,true
Medicine,easy,Which of these fits the topic Medicine?,crest,symphony,symptom,therapy,symptom,,,text,20,12,true
Medicine,medium,Pick the concept that best matches Medicine.,disease,respiratory system,periodic table,habitat,disease,,,text,40,10,true
Medicine,medium,Which option aligns with Medicine?,prescription,gene,ice melt,global warming,prescription,,,text,40,10,true
Medicine,medium,Which term is most commonly used in Medicine?,treatment,sea level,ecosystem,conservation,treatment,,,text,40,10,true
Medicine,medium,Which of these is a core idea in Medicine?,reaction,wave,ecology,hospital,hospital,,,text,40,10,true
Medicine,medium,Which term is most commonly used in Medicine?,kidney,electricity,molecule,symptom,symptom,,,text,40,10,true
Medicine,medium,Select the most relevant term for Medicine.,photosynthesis,carbon dioxide,diagnosis,bioavailability,diagnosis,,,text,40,10,true
Medicine,medium,Select the most relevant term for Medicine.,symptom,energy,prescription,oxidation,symptom,,,text,40,10,true
Medicine,medium,Which term is most commonly used in Medicine?,prescription,magnetism,enzyme,atom,prescription,,,text,40,10,true
Medicine,medium,Select the most relevant term for Medicine.,cell,sea level,reaction,disease,disease,,,text,40,10,true
Medicine,medium,Pick the concept that best matches Medicine.,pharmacokinetics,bioavailability,prescription,reaction,prescription,,,text,40,10,true
Medicine,medium,Select the most relevant term for Medicine.,therapy,habitat,catalyst,pharmacokinetics,therapy,,,text,40,10,true
Medicine,medium,Select the most relevant term for Medicine.,catalyst,disease,ecosystem,molecule,disease,,,text,40,10,true
Medicine,medium,Pick the concept that best matches Medicine.,prescription,greenhouse gases,homeostasis,diagnosis,diagnosis,,,text,40,10,true
Medicine,medium,Which option aligns with Medicine?,skeletal system,brain,vaccine,oxidation,vaccine,,,text,40,10,true
Medicine,medium,Which term is most commonly used in Medicine?,mitigation,enzyme,receptor,hospital,hospital,,,text,40,10,true
Medicine,medium,Which term is most commonly used in Medicine?,hospital,gene,renewable,force,hospital,,,text,40,10,true
Medicine,medium,Which option aligns with Medicine?,molecule,photosynthesis,prescription,diagnosis,diagnosis,,,text,40,10,true
Medicine,medium,Select the most relevant term for Medicine.,lungs,ecosystem,oxidation,patient,patient,,,text,40,10,true
Medicine,hard,Which option is most directly linked to Medicine?,clinical,dosage,global warming,momentum,clinical,,,text,80,8,true
Medicine,hard,Which option is most directly linked to Medicine?,diagnosis,oxidation,molecule,kidney,diagnosis,,,text,80,8,true
Medicine,hard,Select the most precise term for Medicine.,ecosystem,side effect,ice melt,hospital,hospital,,,text,80,8,true
Medicine,hard,Pick the most specific concept tied to Medicine.,heart,carbon footprint,prescription,digestive system,prescription,,,text,80,8,true
Medicine,hard,Which option is most directly linked to Medicine?,clinical,reaction,fossil fuels,dosage,clinical,,,text,80,8,true
Medicine,hard,Which option best characterizes Medicine?,photosynthesis,evolution,patient,ecology,patient,,,text,80,8,true
Medicine,hard,Select the best-fit term for Medicine.,ice melt,pH,prescription,pharmacokinetics,prescription,,,text,80,8,true
Medicine,hard,Which term is most specifically associated with Medicine?,emissions,sustainability,symptom,pollution,symptom,,,text,80,8,true
Medicine,hard,Select the best-fit term for Medicine.,diagnosis,conservation,ecosystem,gene,diagnosis,,,text,80,8,true
Medicine,hard,Select the best-fit term for Medicine.,heart,sea level,therapy,DNA,therapy,,,text,80,8,true
Medicine,hard,Select the most precise term for Medicine.,pharmacokinetics,molecule,disease,circulatory system,disease,,,text,80,8,true
Medicine,hard,Pick the most specific concept tied to Medicine.,emissions,enzyme,digestive system,prescription,prescription,,,text,80,8,true
Medicine,hard,Choose the most accurate term for Medicine.,therapy,adaptation,ionic bond,covalent bond,therapy,,,text,80,8,true
Medicine,hard,Which term is the closest match to Medicine?,vaccine,protein,pharmacokinetics,acceleration,vaccine,,,text,80,8,true
Medicine,hard,Pick the most specific concept tied to Medicine.,ice melt,magnetism,force,therapy,therapy,,,text,80,8,true
Medicine,hard,Select the most precise term for Medicine.,clinical,covalent bond,DNA,circulatory system,clinical,,,text,80,8,true
Medicine,hard,Select the best-fit term for Medicine.,respiratory system,energy,symptom,muscular system,symptom,,,text,80,8,true
Medicine,hard,Which option is most directly linked to Medicine?,compound,clinical,global warming,dosage,clinical,,,text,80,8,true
Medicine,hard,Select the best-fit term for Medicine.,habitat,oxidation,ice melt,symptom,symptom,,,text,80,8,true
Medicine,hard,Choose the most accurate term for Medicine.,force,symptom,ecosystem,digestive system,symptom,,,text,80,8,true
Medicine,hard,Which option best characterizes Medicine?,pharmacokinetics,symptom,enzyme,emissions,symptom,,,text,80,8,true
Medicine,hard,Which option best characterizes Medicine?,renewable,thermodynamics,nervous system,disease,disease,,,text,80,8,true
Medicine,hard,Choose the most accurate term for Medicine.,momentum,diagnosis,heart,greenhouse gases,diagnosis,,,text,80,8,true
Medicine,hard,Select the best-fit term for Medicine.,wave,evolution,therapy,velocity,therapy,,,text,80,8,true
Pharmacology,easy,Pick the correct term for Pharmacology.,Bihar,dosage,robot,responsive layout,dosage,,,text,20,12,true
Pharmacology,easy,Pick the correct term for Pharmacology.,run rate,comment,receptor,JavaScript,receptor,,,text,20,12,true
Pharmacology,easy,Which of these is related to Pharmacology?,ionic bond,prescription,covalent bond,equator,prescription,,,text,20,12,true
Pharmacology,easy,Which of these fits the topic Pharmacology?,PEP 8,mindfulness,prescription,vault,prescription,,,text,20,12,true
Pharmacology,easy,Select a term associated with Pharmacology.,classification,behavior,side effect,policy,side effect,,,text,20,12,true
Pharmacology,easy,Which option belongs to Pharmacology?,sequence,dosage,robot,PEP 8,dosage,,,text,20,12,true
Pharmacology,easy,Which of these fits the topic Pharmacology?,director,PEP 8,cell,side effect,side effect,,,text,20,12,true
Pharmacology,easy,Which of these is related to Pharmacology?,oil paint,Odyssey,side effect,frame,side effect,,,text,20,12,true
Pharmacology,easy,Which of these is related to Pharmacology?,bull market,athletics,battery,dosage,dosage,,,text,20,12,true
Pharmacology,easy,Which of these fits the topic Pharmacology?,floor plan,metabolism,routing,Best Actress,metabolism,,,text,20,12,true
Pharmacology,easy,Choose the item most linked to Pharmacology.,explorer,Hamlet,space planning,metabolism,metabolism,,,text,20,12,true
Pharmacology,easy,Which of these is related to Pharmacology?,toxicity,hemisphere,opportunity cost,Physics,toxicity,,,text,20,12,true
Pharmacology,easy,Which option belongs to Pharmacology?,oasis,livestock,bioavailability,renewable,bioavailability,,,text,20,12,true
Pharmacology,easy,Which of these is related to Pharmacology?,continent,sine,receptor,LBW,receptor,,,text,20,12,true
Pharmacology,easy,Choose the item most linked to Pharmacology.,skyscraper,Mediterranean Sea,neural network,pharmacokinetics,pharmacokinetics,,,text,20,12,true
Pharmacology,easy,Which of these is related to Pharmacology?,diplomacy,filmfare,dosage,seed,dosage,,,text,20,12,true
Pharmacology,easy,Pick the correct term for Pharmacology.,gradient descent,short story,Best Actress,pharmacokinetics,pharmacokinetics,,,text,20,12,true
Pharmacology,easy,Which of these fits the topic Pharmacology?,postmodern,procurement,regression,pharmacokinetics,pharmacokinetics,,,text,20,12,true
Pharmacology,medium,Select the most relevant term for Pharmacology.,toxicity,pH,ice melt,ecology,toxicity,,,text,40,10,true
Pharmacology,medium,Which option is a key concept in Pharmacology?,vaccine,molecule,receptor,biodiversity,receptor,,,text,40,10,true
Pharmacology,medium,Which term is most commonly used in Pharmacology?,pH,ionic bond,gravity,toxicity,toxicity,,,text,40,10,true
Pharmacology,medium,Which term is most commonly used in Pharmacology?,sea level,clinical,side effect,photosynthesis,side effect,,,text,40,10,true
Pharmacology,medium,Choose the term that best represents Pharmacology.,homeostasis,prescription,conservation,reaction,prescription,,,text,40,10,true
Pharmacology,medium,Choose the term that best represents Pharmacology.,molecule,DNA,nervous system,pharmacokinetics,pharmacokinetics,,,text,40,10,true
Pharmacology,medium,Which term is most commonly used in Pharmacology?,prescription,vaccine,climate model,dosage,dosage,,,text,40,10,true
Pharmacology,medium,Which option aligns with Pharmacology?,compound,treatment,emissions,evolution,compound,,,text,40,10,true
Pharmacology,medium,Which term is most commonly used in Pharmacology?,enzyme,receptor,fossil fuels,disease,receptor,,,text,40,10,true
Pharmacology,medium,Which option is a key concept in Pharmacology?,toxicity,conservation,ionic bond,digestive system,toxicity,,,text,40,10,true
Pharmacology,medium,Select the most relevant term for Pharmacology.,ice melt,oxidation,bioavailability,acceleration,bioavailability,,,text,40,10,true
Pharmacology,medium,Which of these is a core idea in Pharmacology?,bioavailability,biodiversity,skeletal system,gene,bioavailability,,,text,40,10,true
Pharmacology,medium,Which option is a key concept in Pharmacology?,adaptation,toxicity,ice melt,prescription,toxicity,,,text,40,10,true
Pharmacology,medium,Choose the term that best represents Pharmacology.,evolution,habitat,cell,toxicity,toxicity,,,text,40,10,true
Pharmacology,medium,Which option is a key concept in Pharmacology?,velocity,dosage,gravity,global warming,dosage,,,text,40,10,true
Pharmacology,medium,Choose the term that best represents Pharmacology.,diagnosis,evolution,greenhouse gases,side effect,side effect,,,text,40,10,true
Pharmacology,medium,Pick the concept that best matches Pharmacology.,muscular system,toxicity,diagnosis,energy,toxicity,,,text,40,10,true
Pharmacology,medium,Select the most relevant term for Pharmacology.,gravity,prescription,hospital,renewable,prescription,,,text,40,10,true
Pharmacology,hard,Which term is the closest match to Pharmacology?,nervous system,dosage,enzyme,ecosystem,dosage,,,text,80,8,true
Pharmacology,hard,Pick the most specific concept tied to Pharmacology.,cell,carbon dioxide,fossil fuels,toxicity,toxicity,,,text,80,8,true
Pharmacology,hard,Which option is most directly linked to Pharmacology?,drug,conservation,cell,habitat,drug,,,text,80,8,true
Pharmacology,hard,Select the best-fit term for Pharmacology.,atom,conservation,toxicity,gravity,toxicity,,,text,80,8,true
Pharmacology,hard,Pick the most specific concept tied to Pharmacology.,wave,pharmacokinetics,magnetism,lungs,pharmacokinetics,,,text,80,8,true
Pharmacology,hard,Which option is most directly linked to Pharmacology?,pH,pharmacokinetics,recycling,acceleration,pharmacokinetics,,,text,80,8,true
Pharmacology,hard,Select the most precise term for Pharmacology.,sea level,biodiversity,pharmacokinetics,covalent bond,pharmacokinetics,,,text,80,8,true
Pharmacology,hard,Choose the most accurate term for Pharmacology.,treatment,disease,dosage,velocity,dosage,,,text,80,8,true
Pharmacology,hard,Select the best-fit term for Pharmacology.,drug,photosynthesis,ecosystem,magnetism,drug,,,text,80,8,true
Pharmacology,hard,Which option is most directly linked to Pharmacology?,velocity,biodiversity,toxicity,ice melt,toxicity,,,text,80,8,true
Pharmacology,hard,Choose the most accurate term for Pharmacology.,digestive system,recycling,thermodynamics,drug,drug,,,text,80,8,true
Pharmacology,hard,Select the most precise term for Pharmacology.,compound,fossil fuels,bioavailability,skeletal system,bioavailability,,,text,80,8,true
Pharmacology,hard,Which option best characterizes Pharmacology?,side effect,biodiversity,carbon footprint,lungs,side effect,,,text,80,8,true
Pharmacology,hard,Pick the most specific concept tied to Pharmacology.,energy,drug,muscular system,mitochondria,drug,,,text,80,8,true
Pharmacology,hard,Choose the most accurate term for Pharmacology.,ice melt,sea level,muscular system,drug,drug,,,text,80,8,true
Pharmacology,hard,Pick the most specific concept tied to Pharmacology.,disease,protein,pH,prescription,prescription,,,text,80,8,true
Pharmacology,hard,Which term is most specifically associated with Pharmacology?,compound,covalent bond,sea level,skeletal system,compound,,,text,80,8,true
Pharmacology,hard,Which term is the closest match to Pharmacology?,drug,sustainability,cell,ecosystem,drug,,,text,80,8,true
Pharmacology,hard,Which term is most specifically associated with Pharmacology?,nervous system,fossil fuels,bioavailability,patient,bioavailability,,,text,80,8,true
Pharmacology,hard,Which option is most directly linked to Pharmacology?,cell,homeostasis,dosage,greenhouse gases,dosage,,,text,80,8,true
Pharmacology,hard,Select the best-fit term for Pharmacology.,wave,toxicity,mitigation,digestive system,toxicity,,,text,80,8,true
Pharmacology,hard,Which option is most directly linked to Pharmacology?,climate model,prescription,ecology,nervous system,prescription,,,text,80,8,true
Pharmacology,hard,Pick the most specific concept tied to Pharmacology.,sustainability,side effect,ionic bond,protein,side effect,,,text,80,8,true
Pharmacology,hard,Pick the most specific concept tied to Pharmacology.,side effect,habitat,compound,evolution,side effect,,,text,80,8,true
Robotics,easy,Select a term associated with Robotics.,robot,banknote,Everest,data structure,robot,,,text,20,12,true
Robotics,easy,Which of these is related to Robotics?,checkout,machine,operating system,opportunity cost,machine,,,text,20,12,true
Robotics,easy,Select a term associated with Robotics.,email,assist,AI,currency symbol,AI,,,text,20,12,true
Robotics,easy,Choose the item most linked to Robotics.,foundation,servo,angle,session,servo,,,text,20,12,true
Robotics,easy,Which of these fits the topic Robotics?,blue chip,delta,robot,relay,robot,,,text,20,12,true
Robotics,easy,Select a term associated with Robotics.,actuator,quest,App Store,Mughal Empire,actuator,,,text,20,12,true
Robotics,easy,Pick the correct term for Robotics.,Treaty of Versailles,modem,AI,League of Nations,AI,,,text,20,12,true
Robotics,easy,Select a term associated with Robotics.,APK,sensor,box office,ISP,sensor,,,text,20,12,true
Robotics,easy,Choose the item most linked to Robotics.,phonetics,sensor,black hole,exchange rate,sensor,,,text,20,12,true
Robotics,easy,Choose the item most linked to Robotics.,Arctic Ocean,robot arm,producer,checkout,robot arm,,,text,20,12,true
Robotics,easy,Pick the correct term for Robotics.,order,automation,tangent,vulnerability,automation,,,text,20,12,true
Robotics,easy,Which option belongs to Robotics?,servo,composer,Harappa,battery,servo,,,text,20,12,true
Robotics,easy,Choose the item most linked to Robotics.,fertilizer,sensor,box office,mulch,sensor,,,text,20,12,true
Robotics,easy,Pick the correct term for Robotics.,control system,concert,Nile,Madagascar,control system,,,text,20,12,true
Robotics,easy,Pick the correct term for Robotics.,peak,concerto,robot arm,controller,robot arm,,,text,20,12,true
Robotics,easy,Choose the item most linked to Robotics.,Academy Awards,PEP 8,actuator,fertilizer,actuator,,,text,20,12,true
Robotics,easy,Which option belongs to Robotics?,batsman,servo,red carpet,operating system,servo,,,text,20,12,true
Robotics,easy,Choose the item most linked to Robotics.,delta,sensor,Yangtze,DOM,sensor,,,text,20,12,true
Robotics,medium,Which option aligns with Robotics?,consensus,control system,polymorphism,subnet,control system,,,text,40,10,true
Robotics,medium,Which option aligns with Robotics?,knowledge base,indentation,feature,control system,control system,,,text,40,10,true
Robotics,medium,Pick the concept that best matches Robotics.,patch,post,hash,automation,automation,,,text,40,10,true
Robotics,medium,Select the most relevant term for Robotics.,lifecycle,like,actuator,agent,actuator,,,text,40,10,true
Robotics,medium,Pick the concept that best matches Robotics.,garbage collection,search,APK,robot,robot,,,text,40,10,true
Robotics,medium,Which option aligns with Robotics?,model,router,actuator,switch,actuator,,,text,40,10,true
Robotics,medium,Which of these is a core idea in Robotics?,classification,search,App Store,robot arm,robot arm,,,text,40,10,true
Robotics,medium,Which option aligns with Robotics?,email,planning,iOS,machine,machine,,,text,40,10,true
Robotics,medium,Choose the term that best represents Robotics.,responsive design,algorithm,iterator,robot,robot,,,text,40,10,true
Robotics,medium,Choose the term that best represents Robotics.,API,robot,App Store,list comprehension,robot,,,text,40,10,true
Robotics,medium,Which option aligns with Robotics?,firewall,CSS,autonomy,complexity,autonomy,,,text,40,10,true
Robotics,medium,Which of these is a core idea in Robotics?,overfitting,neural network,algorithm,machine,machine,,,text,40,10,true
Robotics,medium,Which option aligns with Robotics?,email,planning,encryption,automation,automation,,,text,40,10,true
Robotics,medium,Which option aligns with Robotics?,pip,session,encryption,actuator,actuator,,,text,40,10,true
Robotics,medium,Choose the term that best represents Robotics.,servo,validation,exception,encryption,servo,,,text,40,10,true
Robotics,medium,Choose the term that best represents Robotics.,complexity,agent,consensus,servo,servo,,,text,40,10,true
Robotics,medium,Which option is a key concept in Robotics?,router,World Wide Web,push notification,servo,servo,,,text,40,10,true
Robotics,medium,Choose the term that best represents Robotics.,engagement,ARPANET,robot,label,robot,,,text,40,10,true
Robotics,hard,Which option is most directly linked to Robotics?,classification,algorithm,machine,APK,machine,,,text,80,8,true
Robotics,hard,Which option best characterizes Robotics?,smart contract,sensor,complexity,TCP,sensor,,,text,80,8,true
Robotics,hard,Which term is most specifically associated with Robotics?,authentication,robot,DNS,decorator,robot,,,text,80,8,true
Robotics,hard,Which option best characterizes Robotics?,email,servo,garbage collection,ARPANET,servo,,,text,80,8,true
Robotics,hard,Which term is the closest match to Robotics?,agent,decorator,actuator,smart contract,actuator,,,text,80,8,true
Robotics,hard,Which option best characterizes Robotics?,cookie,processor,AI,dot-com,AI,,,text,80,8,true
Robotics,hard,Choose the most accurate term for Robotics.,servo,API,zero trust,processor,servo,,,text,80,8,true
Robotics,hard,Select the most precise term for Robotics.,robot arm,UDP,data structure,consensus,robot arm,,,text,80,8,true
Robotics,hard,Select the best-fit term for Robotics.,control system,viral,regression,decorator,control system,,,text,80,8,true
Robotics,hard,Which term is the closest match to Robotics?,vulnerability,comment,automation,World Wide Web,automation,,,text,80,8,true
Robotics,hard,Which option best characterizes Robotics?,autonomy,smart contract,programming,API,autonomy,,,text,80,8,true
Robotics,hard,Which option is most directly linked to Robotics?,patch,node,email,actuator,actuator,,,text,80,8,true
Robotics,hard,Which term is most specifically associated with Robotics?,wearable,intrusion,garbage collection,sensor,sensor,,,text,80,8,true
Robotics,hard,Select the best-fit term for Robotics.,agent,server,thread,automation,automation,,,text,80,8,true
Robotics,hard,Pick the most specific concept tied to Robotics.,autonomy,binary,compiler,validation,autonomy,,,text,80,8,true
Robotics,hard,Which term is most specifically associated with Robotics?,JavaScript,polymorphism,autonomy,follower,autonomy,,,text,80,8,true
Robotics,hard,Choose the most accurate term for Robotics.,UI thread,ARPANET,app,servo,servo,,,text,80,8,true
Robotics,hard,Select the best-fit term for Robotics.,Bluetooth,automation,algorithm,complexity,automation,,,text,80,8,true
Robotics,hard,Which option is most directly linked to Robotics?,gesture,mining,servo,tablet,servo,,,text,80,8,true
Robotics,hard,Which term is most specifically associated with Robotics?,robot,hash,algorithm,browser,robot,,,text,80,8,true
Robotics,hard,Select the best-fit term for Robotics.,screen,autonomy,cookie,planning,autonomy,,,text,80,8,true
Robotics,hard,Pick the most specific concept tied to Robotics.,compiler,planning,IP address,automation,automation,,,text,80,8,true
Robotics,hard,Select the most precise term for Robotics.,malware,automation,PEP 8,TCP,automation,,,text,80,8,true
Robotics,hard,Which option is most directly linked to Robotics?,consensus,malware,servo,encryption,servo,,,text,80,8,true
Gadgets,easy,Choose the item most linked to Gadgets.,smartphone,Don Quixote,global warming,area,smartphone,,,text,20,12,true
Gadgets,easy,Which of these is related to Gadgets?,delta,chancellor,Bluetooth,visitor center,Bluetooth,,,text,20,12,true
Gadgets,easy,Which of these fits the topic Gadgets?,breathing,heart,wellness,smartphone,smartphone,,,text,20,12,true
Gadgets,easy,Which of these is related to Gadgets?,device,tense,promotion,studio,device,,,text,20,12,true
Gadgets,easy,Which option belongs to Gadgets?,balance,cart,symphony,app,app,,,text,20,12,true
Gadgets,easy,Pick the correct term for Gadgets.,sauce,magnetism,wearable,exception,wearable,,,text,20,12,true
Gadgets,easy,Choose the item most linked to Gadgets.,sidekick,frame,pattern,Bluetooth,Bluetooth,,,text,20,12,true
Gadgets,easy,Choose the item most linked to Gadgets.,HTTP,smartphone,perspective,recognition,smartphone,,,text,20,12,true
Gadgets,easy,Choose the item most linked to Gadgets.,merger,bandwidth,processor,tricolor,processor,,,text,20,12,true
Gadgets,easy,Which of these fits the topic Gadgets?,rebrand,app,CEO,emotion,app,,,text,20,12,true
Gadgets,easy,Which option belongs to Gadgets?,knight,recycling,wearable,aperture,wearable,,,text,20,12,true
Gadgets,easy,Pick the correct term for Gadgets.,flavor,garbage collection,screen,irrigation,screen,,,text,20,12,true
Gadgets,easy,Select a term associated with Gadgets.,skeletal system,ecosystem,HTML,device,device,,,text,20,12,true
Gadgets,easy,Pick the correct term for Gadgets.,tablet,knight,derivative,Maharashtra,tablet,,,text,20,12,true
Gadgets,easy,Pick the correct term for Gadgets.,World Wide Web,data structure,muscular system,processor,processor,,,text,20,12,true
Gadgets,easy,Pick the correct term for Gadgets.,president,bandwidth,device,endangered,device,,,text,20,12,true
Gadgets,easy,Which option belongs to Gadgets?,equator,Ashoka,drug,tablet,tablet,,,text,20,12,true
Gadgets,easy,Which of these fits the topic Gadgets?,root,charger,ink,carbon footprint,charger,,,text,20,12,true
Gadgets,medium,Which option is a key concept in Gadgets?,charger,subnet,responsive layout,data structure,charger,,,text,40,10,true
Gadgets,medium,Which term is most commonly used in Gadgets?,polymorphism,browser,wearable,node,wearable,,,text,40,10,true
Gadgets,medium,Which option is a key concept in Gadgets?,feed,vulnerability,screen,garbage collection,screen,,,text,40,10,true
Gadgets,medium,Which option aligns with Gadgets?,regression,latency,charger,node,charger,,,text,40,10,true
Gadgets,medium,Which of these is a core idea in Gadgets?,transaction,iterator,battery,share,battery,,,text,40,10,true
Gadgets,medium,Which term is most commonly used in Gadgets?,autonomy,ledger,screen,servo,screen,,,text,40,10,true
Gadgets,medium,Which option is a key concept in Gadgets?,list comprehension,recursion,like,tablet,tablet,,,text,40,10,true
Gadgets,medium,Choose the term that best represents Gadgets.,sensor,consensus,app,generator,app,,,text,40,10,true
Gadgets,medium,Which option is a key concept in Gadgets?,screen,proof of work,binary,package,screen,,,text,40,10,true
Gadgets,medium,Select the most relevant term for Gadgets.,PEP 8,smartphone,World Wide Web,ISP,smartphone,,,text,40,10,true
Gadgets,medium,Which of these is a core idea in Gadgets?,malware,algorithm,processor,expert system,processor,,,text,40,10,true
Gadgets,medium,Which of these is a core idea in Gadgets?,regression,browser,machine,charger,charger,,,text,40,10,true
Gadgets,medium,Which term is most commonly used in Gadgets?,expert system,URL,app,iOS,app,,,text,40,10,true
Gadgets,medium,Which option aligns with Gadgets?,wearable,lambda,feature,switch,wearable,,,text,40,10,true
Gadgets,medium,Choose the term that best represents Gadgets.,TCP,complexity,virtualenv,wearable,wearable,,,text,40,10,true
Gadgets,medium,Which option is a key concept in Gadgets?,lifecycle,model,app,robot,app,,,text,40,10,true
Gadgets,medium,Which of these is a core idea in Gadgets?,training data,charger,World Wide Web,pip,charger,,,text,40,10,true
Gadgets,medium,Select the most relevant term for Gadgets.,generator,heuristic,charger,control system,charger,,,text,40,10,true
Gadgets,hard,Select the best-fit term for Gadgets.,charger,REST,inheritance,proof of work,charger,,,text,80,8,true
Gadgets,hard,Which term is the closest match to Gadgets?,heuristic,screen,smart contract,programming,screen,,,text,80,8,true
Gadgets,hard,Which term is most specifically associated with Gadgets?,App Store,subnet,email,smartphone,smartphone,,,text,80,8,true
Gadgets,hard,Which term is most specifically associated with Gadgets?,tablet,dot-com,responsive layout,switch,tablet,,,text,80,8,true
Gadgets,hard,Which term is the closest match to Gadgets?,pip,recursion,follower,wearable,wearable,,,text,80,8,true
Gadgets,hard,Which option is most directly linked to Gadgets?,post,decorator,smartphone,ARPANET,smartphone,,,text,80,8,true
Gadgets,hard,Select the most precise term for Gadgets.,charger,interface,validation,HTTP,charger,,,text,80,8,true
Gadgets,hard,Which term is the closest match to Gadgets?,authorization,comment,battery,label,battery,,,text,80,8,true
Gadgets,hard,Select the most precise term for Gadgets.,app,phishing,exception,list comprehension,app,,,text,80,8,true
Gadgets,hard,Which option is most directly linked to Gadgets?,iOS,screen,API,servo,screen,,,text,80,8,true
Gadgets,hard,Select the best-fit term for Gadgets.,wearable,CSS,UI thread,indentation,wearable,,,text,80,8,true
Gadgets,hard,Which option best characterizes Gadgets?,search,PEP 8,smartphone,DNS,smartphone,,,text,80,8,true
Gadgets,hard,Select the most precise term for Gadgets.,wearable,agent,patch,iOS,wearable,,,text,80,8,true
Gadgets,hard,Which term is the closest match to Gadgets?,neural network,package,Bluetooth,email,Bluetooth,,,text,80,8,true
Gadgets,hard,Pick the most specific concept tied to Gadgets.,Bluetooth,data structure,HTML,planning,Bluetooth,,,text,80,8,true
Gadgets,hard,Which option is most directly linked to Gadgets?,ISP,CSS,charger,proof of work,charger,,,text,80,8,true
Gadgets,hard,Which option is most directly linked to Gadgets?,wearable,database,router,follower,wearable,,,text,80,8,true
Gadgets,hard,Which option best characterizes Gadgets?,dot-com,app,App Store,inheritance,app,,,text,80,8,true
Gadgets,hard,Which term is the closest match to Gadgets?,email,app,ledger,follower,app,,,text,80,8,true
Gadgets,hard,Pick the most specific concept tied to Gadgets.,label,regression,like,Bluetooth,Bluetooth,,,text,80,8,true
Gadgets,hard,Which option best characterizes Gadgets?,algorithm,App Store,smartphone,virtualenv,smartphone,,,text,80,8,true
Gadgets,hard,Select the most precise term for Gadgets.,intrusion,session,app,platform,app,,,text,80,8,true
Gadgets,hard,Which term is most specifically associated with Gadgets?,virtualenv,smartphone,neural network,accuracy,smartphone,,,text,80,8,true
Gadgets,hard,Which option best characterizes Gadgets?,actuator,automation,app,latency,app,,,text,80,8,true
Social Media,easy,Which option belongs to Social Media?,balance,RPG,engagement,Mars rover,engagement,,,text,20,12,true
Social Media,easy,Pick the correct term for Social Media.,returns,viral,novel,shipping,viral,,,text,20,12,true
Social Media,easy,Choose the item most linked to Social Media.,diplomacy,comment,federalism,genre,comment,,,text,20,12,true
Social Media,easy,Choose the item most linked to Social Media.,DNS,Andes,Physics,engagement,engagement,,,text,20,12,true
Social Media,easy,Which of these fits the topic Social Media?,telescope,angle,share,post,post,,,text,20,12,true
Social Media,easy,Choose the item most linked to Social Media.,posture,hashtag,nominee,payment gateway,hashtag,,,text,20,12,true
Social Media,easy,Select a term associated with Social Media.,deity,Assam,velocity,engagement,engagement,,,text,20,12,true
Social Media,easy,Pick the correct term for Social Media.,viral,covalent bond,superpower,script,viral,,,text,20,12,true
Social Media,easy,Which option belongs to Social Media?,ISP,yield,feed,protocol,feed,,,text,20,12,true
Social Media,easy,Which of these is related to Social Media?,theme,dot-com,drug,hashtag,hashtag,,,text,20,12,true
Social Media,easy,Which of these is related to Social Media?,biodiversity,feed,global warming,conservation,feed,,,text,20,12,true
Social Media,easy,Which of these fits the topic Social Media?,device,engagement,dialect,realism,engagement,,,text,20,12,true
Social Media,easy,Select a term associated with Social Media.,masala,character,atoll,share,share,,,text,20,12,true
Social Media,easy,Which of these fits the topic Social Media?,feed,risk,Southern Ocean,trail,feed,,,text,20,12,true
Social Media,easy,Choose the item most linked to Social Media.,like,legislature,norms,radian,like,,,text,20,12,true
Social Media,easy,Select a term associated with Social Media.,director,ecology,platform,Hittites,platform,,,text,20,12,true
Social Media,easy,Choose the item most linked to Social Media.,label,post,pronoun,elasticity,post,,,text,20,12,true
Social Media,easy,Choose the item most linked to Social Media.,post,tangent line,bytecode,Andes,post,,,text,20,12,true
Social Media,medium,Which option aligns with Social Media?,generator,dictionary,platform,charger,platform,,,text,40,10,true
Social Media,medium,Which option aligns with Social Media?,feed,session,transaction,recursion,feed,,,text,40,10,true
Social Media,medium,Choose the term that best represents Social Media.,programming,subnet,follower,DOM,follower,,,text,40,10,true
Social Media,medium,Pick the concept that best matches Social Media.,bandwidth,email,follower,switch,follower,,,text,40,10,true
Social Media,medium,Select the most relevant term for Social Media.,search,comment,dot-com,generator,comment,,,text,40,10,true
Social Media,medium,Choose the term that best represents Social Media.,feed,polymorphism,validation,machine,feed,,,text,40,10,true
Social Media,medium,Pick the concept that best matches Social Media.,feed,dot-com,DNS,automation,feed,,,text,40,10,true
Social Media,medium,Choose the term that best represents Social Media.,lifecycle,mining,hashtag,compiler,hashtag,,,text,40,10,true
Social Media,medium,Which of these is a core idea in Social Media?,complexity,transaction,comment,tablet,comment,,,text,40,10,true
Social Media,medium,Which option aligns with Social Media?,agent,viral,accuracy,App Store,viral,,,text,40,10,true
Social Media,medium,Select the most relevant term for Social Media.,consensus,search,regression,platform,platform,,,text,40,10,true
Social Media,medium,Which option is a key concept in Social Media?,smart contract,bandwidth,comment,UI thread,comment,,,text,40,10,true
Social Media,medium,Which option is a key concept in Social Media?,polymorphism,authorization,protocol,engagement,engagement,,,text,40,10,true
Social Media,medium,Which of these is a core idea in Social Media?,transaction,comment,Bluetooth,autonomy,comment,,,text,40,10,true
Social Media,medium,Pick the concept that best matches Social Media.,JVM,viral,expert system,patch,viral,,,text,40,10,true
Social Media,medium,Choose the term that best represents Social Media.,browser,viral,knowledge base,DNS,viral,,,text,40,10,true
Social Media,medium,Which term is most commonly used in Social Media?,hashtag,zero trust,router,dot-com,hashtag,,,text,40,10,true
Social Media,medium,Pick the concept that best matches Social Media.,comment,neural network,TCP,JVM,comment,,,text,40,10,true
Social Media,hard,Pick the most specific concept tied to Social Media.,switch,World Wide Web,hashtag,heuristic,hashtag,,,text,80,8,true
Social Media,hard,Which term is most specifically associated with Social Media?,JVM,REST,viral,robot,viral,,,text,80,8,true
Social Media,hard,Which term is the closest match to Social Media?,platform,actuator,polymorphism,virtualenv,platform,,,text,80,8,true
Social Media,hard,Choose the most accurate term for Social Media.,label,mining,JavaScript,platform,platform,,,text,80,8,true
Social Media,hard,Pick the most specific concept tied to Social Media.,lambda,post,heuristic,training data,post,,,text,80,8,true
Social Media,hard,Which option best characterizes Social Media?,share,garbage collection,HTTP,machine,share,,,text,80,8,true
Social Media,hard,Select the most precise term for Social Media.,zero trust,gesture,CSS,platform,platform,,,text,80,8,true
Social Media,hard,Which term is most specifically associated with Social Media?,engagement,battery,responsive design,agent,engagement,,,text,80,8,true
Social Media,hard,Which option is most directly linked to Social Media?,overfitting,control system,URL,viral,viral,,,text,80,8,true
Social Media,hard,Pick the most specific concept tied to Social Media.,CSS,platform,validation,smart contract,platform,,,text,80,8,true
Social Media,hard,Choose the most accurate term for Social Media.,responsive design,share,smartphone,charger,share,,,text,80,8,true
Social Media,hard,Select the most precise term for Social Media.,interface,consensus,feed,iOS,feed,,,text,80,8,true
Social Media,hard,Pick the most specific concept tied to Social Media.,interface,comment,operating system,search,comment,,,text,80,8,true
Social Media,hard,Which option is most directly linked to Social Media?,wallet,gesture,engagement,exception,engagement,,,text,80,8,true
Social Media,hard,Select the most precise term for Social Media.,switch,classification,accuracy,share,share,,,text,80,8,true
Social Media,hard,Which option best characterizes Social Media?,subnet,IP address,data structure,follower,follower,,,text,80,8,true
Social Media,hard,Which option best characterizes Social Media?,interface,post,router,neural network,post,,,text,80,8,true
Social Media,hard,Pick the most specific concept tied to Social Media.,emulator,post,router,responsive design,post,,,text,80,8,true
Social Media,hard,Which term is the closest match to Social Media?,pip,robot arm,comment,database,comment,,,text,80,8,true
Social Media,hard,Choose the most accurate term for Social Media.,IP address,neural network,URL,engagement,engagement,,,text,80,8,true
Social Media,hard,Select the most precise term for Social Media.,DOM,hash,patch,hashtag,hashtag,,,text,80,8,true
Social Media,hard,Select the most precise term for Social Media.,cookie,wallet,battery,follower,follower,,,text,80,8,true
Social Media,hard,Select the best-fit term for Social Media.,control system,malware,engagement,label,engagement,,,text,80,8,true
Social Media,hard,Which option is most directly linked to Social Media?,lifecycle,platform,accuracy,validation,platform,,,text,80,8,true
Internet History,easy,Select a term associated with Internet History.,syntax,World Wide Web,role,bowler,World Wide Web,,,text,20,12,true
Internet History,easy,Select a term associated with Internet History.,skeletal system,flexibility,ARPANET,serve,ARPANET,,,text,20,12,true
Internet History,easy,Pick the correct term for Internet History.,light-year,Delhi Sultanate,server,orbit,server,,,text,20,12,true
Internet History,easy,Which option belongs to Internet History?,email,share,epistemology,risk,email,,,text,20,12,true
Internet History,easy,Pick the correct term for Internet History.,clergy,root,protocol,drug,protocol,,,text,20,12,true
Internet History,easy,Which of these fits the topic Internet History?,protocol,stalemate,torque,RPG,protocol,,,text,20,12,true
Internet History,easy,Which option belongs to Internet History?,checkout,host city,runway,dot-com,dot-com,,,text,20,12,true
Internet History,easy,Pick the correct term for Internet History.,frame,canvas,angle,browser,browser,,,text,20,12,true
Internet History,easy,Which of these fits the topic Internet History?,programming,server,encryption,reaction,server,,,text,20,12,true
Internet History,easy,Choose the item most linked to Internet History.,box office,bond,election cycle,modem,modem,,,text,20,12,true
Internet History,easy,Which of these fits the topic Internet History?,perimeter,Kerala,World Wide Web,clinical,World Wide Web,,,text,20,12,true
Internet History,easy,Which of these is related to Internet History?,protocol,irrigation,conditioning,midfielder,protocol,,,text,20,12,true
Internet History,easy,Select a term associated with Internet History.,equation,supernova,Rockies,URL,URL,,,text,20,12,true
Internet History,easy,Which option belongs to Internet History?,South America,grill,dot-com,platform,dot-com,,,text,20,12,true
Internet History,easy,Select a term associated with Internet History.,server,League of Nations,nervous system,index,server,,,text,20,12,true
Internet History,easy,Which of these is related to Internet History?,Treaty of Versailles,memory,platform,ISP,ISP,,,text,20,12,true
Internet History,easy,Choose the item most linked to Internet History.,Lakshmi,dot-com,ionic bond,crest,dot-com,,,text,20,12,true
Internet History,easy,Which of these fits the topic Internet History?,modem,Industrial Revolution,stump,athlete,modem,,,text,20,12,true
Internet History,medium,Which option aligns with Internet History?,responsive design,zero trust,URL,planning,URL,,,text,40,10,true
Internet History,medium,Which option is a key concept in Internet History?,browser,DOM,robot,node,browser,,,text,40,10,true
Internet History,medium,Pick the concept that best matches Internet History.,protocol,binary,indentation,email,email,,,text,40,10,true
Internet History,medium,Which option aligns with Internet History?,neural network,lifecycle,router,ARPANET,ARPANET,,,text,40,10,true
Internet History,medium,Which of these is a core idea in Internet History?,regression,push notification,server,expert system,server,,,text,40,10,true
Internet History,medium,Which of these is a core idea in Internet History?,autonomy,email,binary,ledger,email,,,text,40,10,true
Internet History,medium,Which option aligns with Internet History?,follower,session,ARPANET,patch,ARPANET,,,text,40,10,true
Internet History,medium,Pick the concept that best matches Internet History.,Android,email,servo,transaction,email,,,text,40,10,true
Internet History,medium,Which option aligns with Internet History?,machine,ARPANET,viral,App Store,ARPANET,,,text,40,10,true
Internet History,medium,Which term is most commonly used in Internet History?,browser,share,planning,machine,browser,,,text,40,10,true
Internet History,medium,Pick the concept that best matches Internet History.,post,regression,browser,mining,browser,,,text,40,10,true
Internet History,medium,Choose the term that best represents Internet History.,emulator,email,screen,engagement,email,,,text,40,10,true
Internet History,medium,Which term is most commonly used in Internet History?,protocol,algorithm,generator,server,server,,,text,40,10,true
Internet History,medium,Choose the term that best represents Internet History.,compiler,inference,URL,feed,URL,,,text,40,10,true
Internet History,medium,Select the most relevant term for Internet History.,cookie,class,regression,modem,modem,,,text,40,10,true
Internet History,medium,Pick the concept that best matches Internet History.,battery,protocol,JavaScript,Bluetooth,protocol,,,text,40,10,true
Internet History,medium,Which term is most commonly used in Internet History?,ISP,accuracy,polymorphism,authorization,ISP,,,text,40,10,true
Internet History,medium,Which option aligns with Internet History?,hashtag,World Wide Web,processor,iterator,World Wide Web,,,text,40,10,true
Internet History,hard,Pick the most specific concept tied to Internet History.,neural network,intrusion,exception,server,server,,,text,80,8,true
Internet History,hard,Which option best characterizes Internet History?,protocol,smart contract,patch,bytecode,protocol,,,text,80,8,true
Internet History,hard,Which option is most directly linked to Internet History?,network,browser,intrusion,push notification,browser,,,text,80,8,true
Internet History,hard,Which option best characterizes Internet History?,DOM,UI thread,control system,email,email,,,text,80,8,true
Internet History,hard,Pick the most specific concept tied to Internet History.,responsive design,emulator,email,firewall,email,,,text,80,8,true
Internet History,hard,Select the most precise term for Internet History.,overfitting,browser,classification,AI,browser,,,text,80,8,true
Internet History,hard,Which option is most directly linked to Internet History?,dot-com,authentication,Bluetooth,device,dot-com,,,text,80,8,true
Internet History,hard,Choose the most accurate term for Internet History.,protocol,knowledge base,actuator,label,protocol,,,text,80,8,true
Internet History,hard,Select the best-fit term for Internet History.,JavaScript,browser,database,app,browser,,,text,80,8,true
Internet History,hard,Choose the most accurate term for Internet History.,classification,model,email,generator,email,,,text,80,8,true
Internet History,hard,Choose the most accurate term for Internet History.,URL,follower,wearable,search,URL,,,text,80,8,true
Internet History,hard,Which option best characterizes Internet History?,URL,knowledge base,bandwidth,wearable,URL,,,text,80,8,true
Internet History,hard,Select the most precise term for Internet History.,polymorphism,app,block,email,email,,,text,80,8,true
Internet History,hard,Which option best characterizes Internet History?,UI thread,vulnerability,URL,overfitting,URL,,,text,80,8,true
Internet History,hard,Select the most precise term for Internet History.,smartphone,share,email,charger,email,,,text,80,8,true
Internet History,hard,Select the most precise term for Internet History.,router,charger,ARPANET,JavaScript,ARPANET,,,text,80,8,true
Internet History,hard,Which option is most directly linked to Internet History?,share,network,encryption,modem,modem,,,text,80,8,true
Internet History,hard,Which option is most directly linked to Internet History?,iOS,virtualenv,World Wide Web,database,World Wide Web,,,text,80,8,true
Internet History,hard,Select the best-fit term for Internet History.,inference,TCP,subnet,ARPANET,ARPANET,,,text,80,8,true
Internet History,hard,Which term is most specifically associated with Internet History?,modem,training data,intrusion,generator,modem,,,text,80,8,true
Internet History,hard,Which option best characterizes Internet History?,dot-com,Bluetooth,lifecycle,mining,dot-com,,,text,80,8,true
Internet History,hard,Select the most precise term for Internet History.,encryption,ARPANET,viral,mining,ARPANET,,,text,80,8,true
Internet History,hard,Which term is most specifically associated with Internet History?,decorator,server,encryption,data structure,server,,,text,80,8,true
Internet History,hard,Which term is the closest match to Internet History?,modem,app,inheritance,binary,modem,,,text,80,8,true
Gaming,easy,Select a term associated with Gaming.,air traffic,hemisphere,nervous system,level,level,,,text,20,12,true
Gaming,easy,Choose the item most linked to Gaming.,RPG,variable,furniture,brand equity,RPG,,,text,20,12,true
Gaming,easy,Pick the correct term for Gaming.,deuce,ISO,quest,design,quest,,,text,20,12,true
Gaming,easy,Which of these fits the topic Gaming?,origin,console,UDP,unit circle,console,,,text,20,12,true
Gaming,easy,Choose the item most linked to Gaming.,quest,serve,posture,turbulence,quest,,,text,20,12,true
Gaming,easy,Which of these is related to Gaming?,browser,frame,Phoenicians,level,level,,,text,20,12,true
Gaming,easy,Which of these fits the topic Gaming?,regression,marketing,guild,Odin,guild,,,text,20,12,true
Gaming,easy,Which option belongs to Gaming?,memory,level,Assyrians,global economy,level,,,text,20,12,true
Gaming,easy,Which of these fits the topic Gaming?,fuselage,wicket,level,volcanic island,level,,,text,20,12,true
Gaming,easy,Which of these is related to Gaming?,Indian Ocean,multiplayer,ecosystem,Rockies,multiplayer,,,text,20,12,true
Gaming,easy,Which of these fits the topic Gaming?,trademark,Bihar,toxicity,achievement,achievement,,,text,20,12,true
Gaming,easy,Select a term associated with Gaming.,villain,Indus Valley,Europe,RPG,RPG,,,text,20,12,true
Gaming,easy,Choose the item most linked to Gaming.,authorization,quest,yen,exception,quest,,,text,20,12,true
Gaming,easy,Pick the correct term for Gaming.,Hollywood,like,ecosystem,esports,esports,,,text,20,12,true
Gaming,easy,Which of these fits the topic Gaming?,firewall,graphics,cockpit,hash,graphics,,,text,20,12,true
Gaming,easy,Pick the correct term for Gaming.,multiplayer,cape,aerodynamics,imagery,multiplayer,,,text,20,12,true
Gaming,easy,Pick the correct term for Gaming.,dosage,multiplayer,Valkyrie,character,multiplayer,,,text,20,12,true
Gaming,easy,Which option belongs to Gaming?,Sumer,procurement,console,microscope,console,,,text,20,12,true
Gaming,medium,Choose the term that best represents Gaming.,torch,castling,console,rebound,console,,,text,40,10,true
Gaming,medium,Choose the term that best represents Gaming.,quest,dribble,ace,knight,quest,,,text,40,10,true
Gaming,medium,Which of these is a core idea in Gaming?,console,backhand,stalemate,gold medal,console,,,text,40,10,true
Gaming,medium,Pick the concept that best matches Gaming.,assist,stump,multiplayer,backhand,multiplayer,,,text,40,10,true
Gaming,medium,Which of these is a core idea in Gaming?,LBW,quest,offside,endgame,quest,,,text,40,10,true
Gaming,medium,Select the most relevant term for Gaming.,rook,ace,baseline,graphics,graphics,,,text,40,10,true
Gaming,medium,Which term is most commonly used in Gaming?,corner kick,achievement,striker,shot clock,achievement,,,text,40,10,true
Gaming,medium,Which term is most commonly used in Gaming?,checkmate,graphics,dunk,qualifier,graphics,,,text,40,10,true
Gaming,medium,Which option is a key concept in Gaming?,level,match point,midfielder,foul,level,,,text,40,10,true
Gaming,medium,Which of these is a core idea in Gaming?,striker,achievement,midfielder,qualifier,achievement,,,text,40,10,true
Gaming,medium,Which option is a key concept in Gaming?,midfielder,achievement,rally,LBW,achievement,,,text,40,10,true
Gaming,medium,Which term is most commonly used in Gaming?,match point,esports,ace,endgame,esports,,,text,40,10,true
Gaming,medium,Pick the concept that best matches Gaming.,level,stump,set,assist,level,,,text,40,10,true
Gaming,medium,Select the most relevant term for Gaming.,offside,multiplayer,dribble,bishop,multiplayer,,,text,40,10,true
Gaming,medium,Which of these is a core idea in Gaming?,LBW,graphics,striker,set,graphics,,,text,40,10,true
Gaming,medium,Which of these is a core idea in Gaming?,knight,serve,RPG,qualifier,RPG,,,text,40,10,true
Gaming,medium,Which option aligns with Gaming?,deuce,checkmate,multiplayer,opening ceremony,multiplayer,,,text,40,10,true
Gaming,medium,Select the most relevant term for Gaming.,striker,pivot,relay,level,level,,,text,40,10,true
Gaming,hard,Which option best characterizes Gaming?,corner kick,backboard,graphics,net,graphics,,,text,80,8,true
Gaming,hard,Choose the most accurate term for Gaming.,graphics,stalemate,wicket,shot clock,graphics,,,text,80,8,true
Gaming,hard,Which term is most specifically associated with Gaming?,RPG,gold medal,free kick,penalty,RPG,,,text,80,8,true
Gaming,hard,Select the most precise term for Gaming.,dribble,match point,RPG,opening ceremony,RPG,,,text,80,8,true
Gaming,hard,Select the most precise term for Gaming.,esports,knight,checkmate,corner kick,esports,,,text,80,8,true
Gaming,hard,Which option best characterizes Gaming?,bowler,bishop,console,free throw,console,,,text,80,8,true
Gaming,hard,Which term is most specifically associated with Gaming?,achievement,shot clock,relay,dunk,achievement,,,text,80,8,true
Gaming,hard,Select the best-fit term for Gaming.,podium,pivot,console,LBW,console,,,text,80,8,true
Gaming,hard,Which option is most directly linked to Gaming?,athletics,rally,multiplayer,free throw,multiplayer,,,text,80,8,true
Gaming,hard,Which term is the closest match to Gaming?,corner kick,free throw,run rate,RPG,RPG,,,text,80,8,true
Gaming,hard,Select the best-fit term for Gaming.,athletics,guild,net,midfielder,guild,,,text,80,8,true
Gaming,hard,Which term is most specifically associated with Gaming?,console,striker,three-pointer,formation,console,,,text,80,8,true
Gaming,hard,Choose the most accurate term for Gaming.,goalkeeper,set,multiplayer,batsman,multiplayer,,,text,80,8,true
Gaming,hard,Pick the most specific concept tied to Gaming.,torch,dunk,controller,three-pointer,controller,,,text,80,8,true
Gaming,hard,Which option is most directly linked to Gaming?,stalemate,host city,esports,wicket,esports,,,text,80,8,true
Gaming,hard,Select the best-fit term for Gaming.,midfielder,wicket,assist,level,level,,,text,80,8,true
Gaming,hard,Choose the most accurate term for Gaming.,guild,formation,foul,assist,guild,,,text,80,8,true
Gaming,hard,Which term is most specifically associated with Gaming?,bowler,free kick,multiplayer,backhand,multiplayer,,,text,80,8,true
Gaming,hard,Which term is most specifically associated with Gaming?,console,ace,penalty,opening ceremony,console,,,text,80,8,true
Gaming,hard,Pick the most specific concept tied to Gaming.,RPG,innings,assist,stump,RPG,,,text,80,8,true
Gaming,hard,Which option best characterizes Gaming?,midfielder,striker,RPG,pawn,RPG,,,text,80,8,true
Gaming,hard,Which term is most specifically associated with Gaming?,bowler,stalemate,match point,graphics,graphics,,,text,80,8,true
Gaming,hard,Select the most precise term for Gaming.,qualifier,goal,graphics,queen,graphics,,,text,80,8,true
Gaming,hard,Select the best-fit term for Gaming.,midfielder,esports,goalkeeper,goal,esports,,,text,80,8,true
Comic Books,easy,Choose the item most linked to Comic Books.,wearable,superhero,spacewalk,Iliad,superhero,,,text,20,12,true
Comic Books,easy,Choose the item most linked to Comic Books.,ISP,fulfillment,illustration,World War II,illustration,,,text,20,12,true
Comic Books,easy,Which of these is related to Comic Books?,marketing,crest,Southern Ocean,issue,issue,,,text,20,12,true
Comic Books,easy,Which of these fits the topic Comic Books?,branding,graphic novel,JVM,torque,graphic novel,,,text,20,12,true
Comic Books,easy,Which of these fits the topic Comic Books?,oil paint,sonata,genre,graphic novel,graphic novel,,,text,20,12,true
Comic Books,easy,Which of these is related to Comic Books?,villain,election,arch,pawn,villain,,,text,20,12,true
Comic Books,easy,Pick the correct term for Comic Books.,ink,spacewalk,torch,international summit,ink,,,text,20,12,true
Comic Books,easy,Which of these fits the topic Comic Books?,frame,DOM,ink,wave,ink,,,text,20,12,true
Comic Books,easy,Which of these fits the topic Comic Books?,consensus,star,villain,circulatory system,villain,,,text,20,12,true
Comic Books,easy,Which option belongs to Comic Books?,cape,Sumatra,digestive system,villain,villain,,,text,20,12,true
Comic Books,easy,Choose the item most linked to Comic Books.,planting,author,superhero,Yangtze,superhero,,,text,20,12,true
Comic Books,easy,Pick the correct term for Comic Books.,Champaran,superhero,Maurya Empire,toxicity,superhero,,,text,20,12,true
Comic Books,easy,Which option belongs to Comic Books?,Best Actor,digestive system,Apollo,illustration,illustration,,,text,20,12,true
Comic Books,easy,Which of these is related to Comic Books?,mission control,bytecode,origin story,blueprint,origin story,,,text,20,12,true
Comic Books,easy,Select a term associated with Comic Books.,ISO,knight,iterator,illustration,illustration,,,text,20,12,true
Comic Books,easy,Select a term associated with Comic Books.,education reform,polytheism,ink,digestive system,ink,,,text,20,12,true
Comic Books,easy,Pick the correct term for Comic Books.,browser,ARPANET,superhero,billboard,superhero,,,text,20,12,true
Comic Books,easy,Which of these is related to Comic Books?,superhero,Andes,tablet,device,superhero,,,text,20,12,true
Comic Books,medium,Which option aligns with Comic Books?,stream of consciousness,Hamlet,ink,character,ink,,,text,40,10,true
Comic Books,medium,Pick the concept that best matches Comic Books.,Iliad,illustration,myth,Divine Comedy,illustration,,,text,40,10,true
Comic Books,medium,Which term is most commonly used in Comic Books?,Iliad,story arc,meter,realism,story arc,,,text,40,10,true
Comic Books,medium,Which of these is a core idea in Comic Books?,villain,verse,myth,Don Quixote,villain,,,text,40,10,true
Comic Books,medium,Which option aligns with Comic Books?,story arc,alliteration,meter,Divine Comedy,story arc,,,text,40,10,true
Comic Books,medium,Pick the concept that best matches Comic Books.,stanza,superhero,Iliad,novel,superhero,,,text,40,10,true
Comic Books,medium,Which option aligns with Comic Books?,stanza,Don Quixote,origin story,Divine Comedy,origin story,,,text,40,10,true
Comic Books,medium,Which term is most commonly used in Comic Books?,meter,haiku,Divine Comedy,superhero,superhero,,,text,40,10,true
Comic Books,medium,Choose the term that best represents Comic Books.,postmodern,illustration,character,Divine Comedy,illustration,,,text,40,10,true
Comic Books,medium,Which term is most commonly used in Comic Books?,Hamlet,character,postmodern,superhero,superhero,,,text,40,10,true
Comic Books,medium,Choose the term that best represents Comic Books.,Odyssey,Don Quixote,epic,superhero,superhero,,,text,40,10,true
Comic Books,medium,Which of these is a core idea in Comic Books?,character,illustration,myth,dystopia,illustration,,,text,40,10,true
Comic Books,medium,Select the most relevant term for Comic Books.,Divine Comedy,panel,dystopia,realism,panel,,,text,40,10,true
Comic Books,medium,Which option is a key concept in Comic Books?,Hamlet,Don Quixote,ink,stream of consciousness,ink,,,text,40,10,true
Comic Books,medium,Select the most relevant term for Comic Books.,villain,alliteration,Odyssey,Divine Comedy,villain,,,text,40,10,true
Comic Books,medium,Which option aligns with Comic Books?,Hamlet,rhyme,story arc,simile,story arc,,,text,40,10,true
Comic Books,medium,Which option is a key concept in Comic Books?,superhero,imagery,realism,myth,superhero,,,text,40,10,true
Comic Books,medium,Pick the concept that best matches Comic Books.,issue,Odyssey,narrator,verse,issue,,,text,40,10,true
Comic Books,hard,Choose the most accurate term for Comic Books.,postmodern,panel,Odyssey,novel,panel,,,text,80,8,true
Comic Books,hard,Which option is most directly linked to Comic Books?,theme,sonnet,illustration,verse,illustration,,,text,80,8,true
Comic Books,hard,Which term is most specifically associated with Comic Books?,Odyssey,verse,issue,narrator,issue,,,text,80,8,true
Comic Books,hard,Which option is most directly linked to Comic Books?,verse,ink,stanza,Hamlet,ink,,,text,80,8,true
Comic Books,hard,Choose the most accurate term for Comic Books.,simile,illustration,Hamlet,tragedy,illustration,,,text,80,8,true
Comic Books,hard,Which term is the closest match to Comic Books?,sonnet,metaphor,stanza,issue,issue,,,text,80,8,true
Comic Books,hard,Which term is most specifically associated with Comic Books?,short story,dystopia,sonnet,issue,issue,,,text,80,8,true
Comic Books,hard,Pick the most specific concept tied to Comic Books.,story arc,novel,stream of consciousness,modernism,story arc,,,text,80,8,true
Comic Books,hard,Which option best characterizes Comic Books?,Odyssey,dystopia,ink,simile,ink,,,text,80,8,true
Comic Books,hard,Which term is the closest match to Comic Books?,character,simile,rhyme,villain,villain,,,text,80,8,true
Comic Books,hard,Which option is most directly linked to Comic Books?,meter,issue,stream of consciousness,imagery,issue,,,text,80,8,true
Comic Books,hard,Which term is the closest match to Comic Books?,short story,illustration,epic,dystopia,illustration,,,text,80,8,true
Comic Books,hard,Which option best characterizes Comic Books?,haiku,epic,issue,verse,issue,,,text,80,8,true
Comic Books,hard,Which term is most specifically associated with Comic Books?,Divine Comedy,verse,stanza,graphic novel,graphic novel,,,text,80,8,true
Comic Books,hard,Which term is most specifically associated with Comic Books?,stanza,modernism,Odyssey,ink,ink,,,text,80,8,true
Comic Books,hard,Pick the most specific concept tied to Comic Books.,Odyssey,haiku,ink,postmodern,ink,,,text,80,8,true
Comic Books,hard,Choose the most accurate term for Comic Books.,story arc,rhyme,simile,novel,story arc,,,text,80,8,true
Comic Books,hard,Select the best-fit term for Comic Books.,issue,Hamlet,epic,narrator,issue,,,text,80,8,true
Comic Books,hard,Which term is most specifically associated with Comic Books?,realism,story arc,narrator,Iliad,story arc,,,text,80,8,true
Comic Books,hard,Pick the most specific concept tied to Comic Books.,haiku,graphic novel,Odyssey,character,graphic novel,,,text,80,8,true
Comic Books,hard,Which option best characterizes Comic Books?,narrator,verse,illustration,sonnet,illustration,,,text,80,8,true
Comic Books,hard,Select the most precise term for Comic Books.,simile,Odyssey,illustration,rhyme,illustration,,,text,80,8,true
Comic Books,hard,Select the most precise term for Comic Books.,Odyssey,novel,issue,theme,issue,,,text,80,8,true
Comic Books,hard,Which option best characterizes Comic Books?,stream of consciousness,tragedy,rhyme,origin story,origin story,,,text,80,8,true
Superheroes,easy,Which of these fits the topic Superheroes?,slope,superpower,zero trust,League of Nations,superpower,,,text,20,12,true
Superheroes,easy,Choose the item most linked to Superheroes.,villain,album,goalkeeper,protected area,villain,,,text,20,12,true
Superheroes,easy,Which of these is related to Superheroes?,League of Nations,PEP 8,hero,credit,hero,,,text,20,12,true
Superheroes,easy,Select a term associated with Superheroes.,island chain,façade,sidekick,K2,sidekick,,,text,20,12,true
Superheroes,easy,Pick the correct term for Superheroes.,comic,UDP,Ashoka,mitochondria,comic,,,text,20,12,true
Superheroes,easy,Which of these is related to Superheroes?,single,bear market,justice,Caribbean Sea,justice,,,text,20,12,true
Superheroes,easy,Select a term associated with Superheroes.,hero,bear market,summit,biodiversity,hero,,,text,20,12,true
Superheroes,easy,Which option belongs to Superheroes?,periodic table,sidekick,Bihar,vault,sidekick,,,text,20,12,true
Superheroes,easy,Which of these fits the topic Superheroes?,justice,Tamil Nadu,recipe,inventory,justice,,,text,20,12,true
Superheroes,easy,Select a term associated with Superheroes.,heart,carbon dioxide,alter ego,protected area,alter ego,,,text,20,12,true
Superheroes,easy,Which option belongs to Superheroes?,Nile,playlist,market research,superpower,superpower,,,text,20,12,true
Superheroes,easy,Select a term associated with Superheroes.,Academy Awards,scarcity,superpower,Everest,superpower,,,text,20,12,true
Superheroes,easy,Pick the correct term for Superheroes.,emulator,returns,share,sidekick,sidekick,,,text,20,12,true
Superheroes,easy,Pick the correct term for Superheroes.,origin,dunk,Rajasthan,narrator,origin,,,text,20,12,true
Superheroes,easy,Choose the item most linked to Superheroes.,summit,cape,modem,fertilizer,cape,,,text,20,12,true
Superheroes,easy,Choose the item most linked to Superheroes.,crop,brain,hero,expert system,hero,,,text,20,12,true
Superheroes,easy,Which option belongs to Superheroes?,sidekick,opening,sea level,temple,sidekick,,,text,20,12,true
Superheroes,easy,Choose the item most linked to Superheroes.,justice,compost,inference,phishing,justice,,,text,20,12,true
Superheroes,medium,Choose the term that best represents Superheroes.,costume,dictionary,lead time,yield,costume,,,text,40,10,true
Superheroes,medium,Select the most relevant term for Superheroes.,gravity,gene,alter ego,map scale,alter ego,,,text,40,10,true
Superheroes,medium,Choose the term that best represents Superheroes.,Arctic Ocean,North America,globalization,justice,justice,,,text,40,10,true
Superheroes,medium,Pick the concept that best matches Superheroes.,silhouette,castling,justice,Gulf,justice,,,text,40,10,true
Superheroes,medium,Which of these is a core idea in Superheroes?,dance,logo,villain,ecosystem,villain,,,text,40,10,true
Superheroes,medium,Which option is a key concept in Superheroes?,Poseidon,node,villain,Delhi Sultanate,villain,,,text,40,10,true
Superheroes,medium,Which option aligns with Superheroes?,hashtag,nominee,satellite,justice,justice,,,text,40,10,true
Superheroes,medium,Which of these is a core idea in Superheroes?,trade agreement,costume,wellness,packaging,costume,,,text,40,10,true
Superheroes,medium,Which option aligns with Superheroes?,cape,CSS,existence,illustration,cape,,,text,40,10,true
Superheroes,medium,Which option aligns with Superheroes?,control system,lens,World War II,hero,hero,,,text,40,10,true
Superheroes,medium,Pick the concept that best matches Superheroes.,runway,sidekick,Physics,Hera,sidekick,,,text,40,10,true
Superheroes,medium,Pick the concept that best matches Superheroes.,role,cart,superpower,executive,superpower,,,text,40,10,true
Superheroes,medium,Choose the term that best represents Superheroes.,existence,costume,adjective,assist,costume,,,text,40,10,true
Superheroes,medium,Which of these is a core idea in Superheroes?,character,alter ego,star,three-pointer,alter ego,,,text,40,10,true
Superheroes,medium,Pick the concept that best matches Superheroes.,chassis,sidekick,graphics,lambda,sidekick,,,text,40,10,true
Superheroes,medium,Which option is a key concept in Superheroes?,node,garbage collection,vaccination,cape,cape,,,text,40,10,true
Superheroes,medium,Which option aligns with Superheroes?,gesture,villain,atoll,DNA,villain,,,text,40,10,true
Superheroes,medium,Which term is most commonly used in Superheroes?,operating system,run rate,justice,payment gateway,justice,,,text,40,10,true
Superheroes,hard,Choose the most accurate term for Superheroes.,ISO,volume,hero,network,hero,,,text,80,8,true
Superheroes,hard,Which option best characterizes Superheroes?,farm,bishop,tangent line,villain,villain,,,text,80,8,true
Superheroes,hard,Select the most precise term for Superheroes.,ice melt,summit,superpower,DOM,superpower,,,text,80,8,true
Superheroes,hard,Select the most precise term for Superheroes.,Vishnu,conservation,run rate,alter ego,alter ego,,,text,80,8,true
Superheroes,hard,Which term is the closest match to Superheroes?,endangered,actuator,superpower,star,superpower,,,text,80,8,true
Superheroes,hard,Which option is most directly linked to Superheroes?,posture,share,laureate,origin,origin,,,text,80,8,true
Superheroes,hard,Which option best characterizes Superheroes?,sea level,pH,stock exchange,origin,origin,,,text,80,8,true
Superheroes,hard,Choose the most accurate term for Superheroes.,PEP 8,alter ego,function,engine,alter ego,,,text,80,8,true
Superheroes,hard,Which term is most specifically associated with Superheroes?,platform,K2,villain,ecosystem,villain,,,text,80,8,true
Superheroes,hard,Pick the most specific concept tied to Superheroes.,opera,comic,sonata,dunk,comic,,,text,80,8,true
Superheroes,hard,Which term is the closest match to Superheroes?,electricity,Odyssey,villain,comic,comic,,,text,80,8,true
Superheroes,hard,Which option is most directly linked to Superheroes?,executive,spice,nominee,costume,costume,,,text,80,8,true
Superheroes,hard,Select the most precise term for Superheroes.,judiciary,three-pointer,villain,executive,villain,,,text,80,8,true
Superheroes,hard,Which option is most directly linked to Superheroes?,GDP,mitigation,hero,argument,hero,,,text,80,8,true
Superheroes,hard,Which term is the closest match to Superheroes?,Nile,justice,Odin,habitat,justice,,,text,80,8,true
Superheroes,hard,Select the most precise term for Superheroes.,DNA,superpower,Maharashtra,records,superpower,,,text,80,8,true
Superheroes,hard,Which option best characterizes Superheroes?,globalization,dot-com,hero,topography,hero,,,text,80,8,true
Superheroes,hard,Which term is most specifically associated with Superheroes?,fossil fuels,cape,Athena,chassis,cape,,,text,80,8,true
Superheroes,hard,Which option is most directly linked to Superheroes?,sidekick,origin story,decorator,yen,sidekick,,,text,80,8,true
Superheroes,hard,Select the best-fit term for Superheroes.,author,multiplayer,justice,smartphone,justice,,,text,80,8,true
Superheroes,hard,Pick the most specific concept tied to Superheroes.,metabolism,PEP 8,villain,brake,villain,,,text,80,8,true
Superheroes,hard,Which option best characterizes Superheroes?,Danube,superpower,leader,issue,superpower,,,text,80,8,true
Superheroes,hard,Which term is most specifically associated with Superheroes?,label,phonetics,HTML,superpower,superpower,,,text,80,8,true
Superheroes,hard,Which option best characterizes Superheroes?,comic,dune,magnetism,composer,comic,,,text,80,8,true
Yoga & Health,easy,Which of these fits the topic Yoga & Health?,fulfillment,sustainability,three-pointer,pranayama,pranayama,,,text,20,12,true
Yoga & Health,easy,Which of these is related to Yoga & Health?,muscular system,mindfulness,policy,endgame,mindfulness,,,text,20,12,true
Yoga & Health,easy,Pick the correct term for Yoga & Health.,wellness,hospital,relay,Stockholm,wellness,,,text,20,12,true
Yoga & Health,easy,Which of these is related to Yoga & Health?,intrusion,mindfulness,router,striker,mindfulness,,,text,20,12,true
Yoga & Health,easy,Choose the item most linked to Yoga & Health.,breathing,Physics,story arc,filmfare,breathing,,,text,20,12,true
Yoga & Health,easy,Select a term associated with Yoga & Health.,Gulf,plate,meditation,gearbox,meditation,,,text,20,12,true
Yoga & Health,easy,Which of these is related to Yoga & Health?,flexibility,Asgard,stanza,goalkeeper,flexibility,,,text,20,12,true
Yoga & Health,easy,Which option belongs to Yoga & Health?,cash flow,breathing,prime number,tributary,breathing,,,text,20,12,true
Yoga & Health,easy,Which option belongs to Yoga & Health?,symptom,guild,logo,flexibility,flexibility,,,text,20,12,true
Yoga & Health,easy,Which option belongs to Yoga & Health?,mindfulness,Rockies,spice,charger,mindfulness,,,text,20,12,true
Yoga & Health,easy,Choose the item most linked to Yoga & Health.,Gujarat,public health,short story,pranayama,pranayama,,,text,20,12,true
Yoga & Health,easy,Which of these fits the topic Yoga & Health?,haiku,linear,conversion,posture,posture,,,text,20,12,true
Yoga & Health,easy,Pick the correct term for Yoga & Health.,URL,rocket,turbulence,balance,balance,,,text,20,12,true
Yoga & Health,easy,Select a term associated with Yoga & Health.,decorator,flexibility,prime number,nominee,flexibility,,,text,20,12,true
Yoga & Health,easy,Which of these fits the topic Yoga & Health?,sequence,Gupta Empire,myth,pranayama,pranayama,,,text,20,12,true
Yoga & Health,easy,Which option belongs to Yoga & Health?,oxidation,pound,posture,ace,posture,,,text,20,12,true
Yoga & Health,easy,Pick the correct term for Yoga & Health.,UI thread,continent,stretch,suspension,stretch,,,text,20,12,true
Yoga & Health,easy,Which of these fits the topic Yoga & Health?,branding,stretch,Akbar,fuel,stretch,,,text,20,12,true
Yoga & Health,medium,Pick the concept that best matches Yoga & Health.,stretch,Nobel Prize,Assam,flag ratio,stretch,,,text,40,10,true
Yoga & Health,medium,Select the most relevant term for Yoga & Health.,pranayama,summit,Medicine,telescope,pranayama,,,text,40,10,true
Yoga & Health,medium,Choose the term that best represents Yoga & Health.,Physics,Peace,flexibility,inventor,flexibility,,,text,40,10,true
Yoga & Health,medium,Choose the term that best represents Yoga & Health.,recipe,flexibility,monarch,symbol,flexibility,,,text,40,10,true
Yoga & Health,medium,Pick the concept that best matches Yoga & Health.,meditation,currency symbol,Hollywood,election,meditation,,,text,40,10,true
Yoga & Health,medium,Choose the term that best represents Yoga & Health.,statuette,aerodynamics,wellness,internet,wellness,,,text,40,10,true
Yoga & Health,medium,Select the most relevant term for Yoga & Health.,aircraft,Uttar Pradesh,pranayama,brand identity,pranayama,,,text,40,10,true
Yoga & Health,medium,Which option aligns with Yoga & Health?,president,landing gear,cabinet,wellness,wellness,,,text,40,10,true
Yoga & Health,medium,Which option aligns with Yoga & Health?,explorer,flexibility,torque,Best Actor,flexibility,,,text,40,10,true
Yoga & Health,medium,Which of these is a core idea in Yoga & Health?,statuette,summit,icon,breathing,breathing,,,text,40,10,true
Yoga & Health,medium,Select the most relevant term for Yoga & Health.,summit,tricolor,balance,public health,balance,,,text,40,10,true
Yoga & Health,medium,Which of these is a core idea in Yoga & Health?,steam engine,balance,coin,ceremony,balance,,,text,40,10,true
Yoga & Health,medium,Which option aligns with Yoga & Health?,flagpole,breathing,euro,Bihar,breathing,,,text,40,10,true
Yoga & Health,medium,Which option aligns with Yoga & Health?,Kerala,mindfulness,Best Actor,currency symbol,mindfulness,,,text,40,10,true
Yoga & Health,medium,Choose the term that best represents Yoga & Health.,Best Picture,pranayama,brake,color,pranayama,,,text,40,10,true
Yoga & Health,medium,Choose the term that best represents Yoga & Health.,global economy,chancellor,Economics,wellness,wellness,,,text,40,10,true
Yoga & Health,medium,Which option aligns with Yoga & Health?,inventor,stretch,altitude,ingredient,stretch,,,text,40,10,true
Yoga & Health,medium,Which option aligns with Yoga & Health?,Hollywood,vaccination,Bihar,breathing,breathing,,,text,40,10,true
Yoga & Health,hard,Which term is most specifically associated with Yoga & Health?,coin,red carpet,Stockholm,breathing,breathing,,,text,80,8,true
Yoga & Health,hard,Choose the most accurate term for Yoga & Health.,red carpet,star,summit,wellness,wellness,,,text,80,8,true
Yoga & Health,hard,Which option is most directly linked to Yoga & Health?,suspension,Maharashtra,spice,pranayama,pranayama,,,text,80,8,true
Yoga & Health,hard,Which option is most directly linked to Yoga & Health?,cuisine,rupee,flexibility,taste,flexibility,,,text,80,8,true
Yoga & Health,hard,Which option is most directly linked to Yoga & Health?,air traffic,Gujarat,Best Picture,stretch,stretch,,,text,80,8,true
Yoga & Health,hard,Which option best characterizes Yoga & Health?,posture,torque,runway,icon,posture,,,text,80,8,true
Yoga & Health,hard,Which term is the closest match to Yoga & Health?,taste,breathing,bake,currency symbol,breathing,,,text,80,8,true
Yoga & Health,hard,Which option is most directly linked to Yoga & Health?,Literature,taste,meditation,marketing,meditation,,,text,80,8,true
Yoga & Health,hard,Select the most precise term for Yoga & Health.,mindfulness,jet engine,crop,packaging,mindfulness,,,text,80,8,true
Yoga & Health,hard,Which term is the closest match to Yoga & Health?,seed,asana,yen,spice,asana,,,text,80,8,true
Yoga & Health,hard,Select the best-fit term for Yoga & Health.,landing gear,brand identity,mindfulness,pound,mindfulness,,,text,80,8,true
Yoga & Health,hard,Select the most precise term for Yoga & Health.,Physics,flag ratio,trademark,balance,balance,,,text,80,8,true
Yoga & Health,hard,Which term is the closest match to Yoga & Health?,taste,exchange rate,trademark,meditation,meditation,,,text,80,8,true
Yoga & Health,hard,Select the most precise term for Yoga & Health.,trademark,fertilizer,flexibility,Best Actress,flexibility,,,text,80,8,true
Yoga & Health,hard,Select the most precise term for Yoga & Health.,vaccination,microscope,jet engine,flexibility,flexibility,,,text,80,8,true
Yoga & Health,hard,Select the best-fit term for Yoga & Health.,banknote,sauce,meditation,Best Actor,meditation,,,text,80,8,true
Yoga & Health,hard,Choose the most accurate term for Yoga & Health.,parliament,wellness,Hollywood,Academy Awards,wellness,,,text,80,8,true
Yoga & Health,hard,Which term is most specifically associated with Yoga & Health?,color,dollar,brake,meditation,meditation,,,text,80,8,true
Yoga & Health,hard,Which option best characterizes Yoga & Health?,Assam,meditation,torque,yield,meditation,,,text,80,8,true
Yoga & Health,hard,Which term is most specifically associated with Yoga & Health?,meditation,runway,flagpole,prize,meditation,,,text,80,8,true
Yoga & Health,hard,Which option best characterizes Yoga & Health?,Uttar Pradesh,meditation,suspension,Best Actress,meditation,,,text,80,8,true
Yoga & Health,hard,Which option is most directly linked to Yoga & Health?,logo,recognition,breathing,innovation,breathing,,,text,80,8,true
Yoga & Health,hard,Which option is most directly linked to Yoga & Health?,philanthropist,balance,inflation,Economics,balance,,,text,80,8,true
Yoga & Health,hard,Which term is most specifically associated with Yoga & Health?,air traffic,fertilizer,asana,euro,asana,,,text,80,8,true
Photography,easy,Select a term associated with Photography.,shutter speed,prescription,grill,Indus Valley,shutter speed,,,text,20,12,true
Photography,easy,Which of these fits the topic Photography?,tragedy,vocabulary,Phoenicians,composition,composition,,,text,20,12,true
Photography,easy,Select a term associated with Photography.,Atlantic Ocean,Bollywood,frame,block,frame,,,text,20,12,true
Photography,easy,Which of these is related to Photography?,dystopia,election,frame,symbol,frame,,,text,20,12,true
Photography,easy,Select a term associated with Photography.,composition,emotion,angle,payment gateway,composition,,,text,20,12,true
Photography,easy,Select a term associated with Photography.,aperture,guild,metaphysics,tangent line,aperture,,,text,20,12,true
Photography,easy,Which option belongs to Photography?,ISO,fiscal policy,alphabet,REST,ISO,,,text,20,12,true
Photography,easy,Pick the correct term for Photography.,assist,tributary,focus,postmodern,focus,,,text,20,12,true
Photography,easy,Choose the item most linked to Photography.,depth of field,conversion,stalemate,Sumatra,depth of field,,,text,20,12,true
Photography,easy,Which option belongs to Photography?,composer,market,aperture,PEP 8,aperture,,,text,20,12,true
Photography,easy,Which of these is related to Photography?,Amazon,label,aperture,router,aperture,,,text,20,12,true
Photography,easy,Select a term associated with Photography.,conversion,frame,diplomacy,processor,frame,,,text,20,12,true
Photography,easy,Which of these fits the topic Photography?,election,biodiversity,composition,Odyssey,composition,,,text,20,12,true
Photography,easy,Which of these fits the topic Photography?,memory,focus,level,habitat,focus,,,text,20,12,true
Photography,easy,Which option belongs to Photography?,constellation,aperture,oxidation,Punjab,aperture,,,text,20,12,true
Photography,easy,Which of these fits the topic Photography?,agent,frame,Sahara,accessory,frame,,,text,20,12,true
Photography,easy,Which of these fits the topic Photography?,frame,author,branding,HTML,frame,,,text,20,12,true
Photography,easy,Pick the correct term for Photography.,arch,composition,heuristic,Greenland,composition,,,text,20,12,true
Photography,medium,Which of these is a core idea in Photography?,façade,lighting,decor,focus,focus,,,text,40,10,true
Photography,medium,Which option aligns with Photography?,composer,Bollywood,frame,portrait,frame,,,text,40,10,true
Photography,medium,Which option aligns with Photography?,gallery,vault,watercolor,shutter speed,shutter speed,,,text,40,10,true
Photography,medium,Which option aligns with Photography?,concert,camera,genre,symphony,camera,,,text,40,10,true
Photography,medium,Which option aligns with Photography?,premiere,masala,foundation,frame,frame,,,text,40,10,true
Photography,medium,Choose the term that best represents Photography.,single,composition,director,playback,composition,,,text,40,10,true
Photography,medium,Pick the concept that best matches Photography.,pattern,camera,palette,album,camera,,,text,40,10,true
Photography,medium,Select the most relevant term for Photography.,sequel,skyscraper,depth of field,lighting,depth of field,,,text,40,10,true
Photography,medium,Pick the concept that best matches Photography.,canvas,pattern,brush,depth of field,depth of field,,,text,40,10,true
Photography,medium,Which option aligns with Photography?,director,camera,sequel,baroque,camera,,,text,40,10,true
Photography,medium,Select the most relevant term for Photography.,depth of field,orchestra,sequel,designer,depth of field,,,text,40,10,true
Photography,medium,Select the most relevant term for Photography.,conductor,Hindi cinema,composition,cinematography,composition,,,text,40,10,true
Photography,medium,Which term is most commonly used in Photography?,focus,skyscraper,landscape,minimalism,focus,,,text,40,10,true
Photography,medium,Which option aligns with Photography?,structural,frame,Bollywood,skyscraper,frame,,,text,40,10,true
Photography,medium,Select the most relevant term for Photography.,lighting,lens,layout,sonata,lens,,,text,40,10,true
Photography,medium,Select the most relevant term for Photography.,fabric,filmfare,cinematography,ISO,ISO,,,text,40,10,true
Photography,medium,Select the most relevant term for Photography.,textile,song sequence,portrait,frame,frame,,,text,40,10,true
Photography,medium,Which option is a key concept in Photography?,foundation,oil paint,depth of field,Oscar,depth of field,,,text,40,10,true
Photography,hard,Choose the most accurate term for Photography.,frame,foundation,strings,texture,frame,,,text,80,8,true
Photography,hard,Choose the most accurate term for Photography.,star,remix,perspective,focus,focus,,,text,80,8,true
Photography,hard,Select the best-fit term for Photography.,silhouette,aperture,minimalism,space planning,aperture,,,text,80,8,true
Photography,hard,Which term is most specifically associated with Photography?,accessory,furniture,Hindi cinema,camera,camera,,,text,80,8,true
Photography,hard,Which option best characterizes Photography?,masala,camera,playlist,blueprint,camera,,,text,80,8,true
Photography,hard,Which term is the closest match to Photography?,composition,canvas,orchestra,façade,composition,,,text,80,8,true
Photography,hard,Which option best characterizes Photography?,box office,flooring,single,composition,composition,,,text,80,8,true
Photography,hard,Pick the most specific concept tied to Photography.,camera,foundation,gallery,masala,camera,,,text,80,8,true
Photography,hard,Pick the most specific concept tied to Photography.,vault,cinematography,foundation,composition,composition,,,text,80,8,true
Photography,hard,Select the most precise term for Photography.,accessory,strings,lens,composer,lens,,,text,80,8,true
Photography,hard,Which option best characterizes Photography?,shutter speed,accessory,filmfare,masala,shutter speed,,,text,80,8,true
Photography,hard,Which term is the closest match to Photography?,textile,wardrobe,filmfare,lens,lens,,,text,80,8,true
Photography,hard,Which option best characterizes Photography?,depth of field,arch,gallery,remix,depth of field,,,text,80,8,true
Photography,hard,Which option is most directly linked to Photography?,accessory,exposure,arch,silhouette,exposure,,,text,80,8,true
Photography,hard,Which term is most specifically associated with Photography?,flooring,playback,portrait,exposure,exposure,,,text,80,8,true
Photography,hard,Which term is the closest match to Photography?,wardrobe,watercolor,album,lens,lens,,,text,80,8,true
Photography,hard,Which term is the closest match to Photography?,orchestra,exposure,oil paint,floor plan,exposure,,,text,80,8,true
Photography,hard,Which option best characterizes Photography?,accessory,fabric,theme,aperture,aperture,,,text,80,8,true
Photography,hard,Which term is most specifically associated with Photography?,genre,strings,focus,arch,focus,,,text,80,8,true
Photography,hard,Which option best characterizes Photography?,shutter speed,masala,Bollywood,box office,shutter speed,,,text,80,8,true
Photography,hard,Which term is the closest match to Photography?,canvas,chorus,focus,Hindi cinema,focus,,,text,80,8,true
Photography,hard,Select the best-fit term for Photography.,oil paint,frame,cinematography,Bollywood,frame,,,text,80,8,true
Photography,hard,Which option is most directly linked to Photography?,camera,textile,foundation,minimalism,camera,,,text,80,8,true
Photography,hard,Select the best-fit term for Photography.,portrait,skyscraper,Bollywood,frame,frame,,,text,80,8,true
Gardening,easy,Which of these fits the topic Gardening?,polynomial,compost,biodiversity,PEP 8,compost,,,text,20,12,true
Gardening,easy,Pick the correct term for Gardening.,soil,side effect,pound,payment gateway,soil,,,text,20,12,true
Gardening,easy,Which option belongs to Gardening?,compost,leader,feed,premiere,compost,,,text,20,12,true
Gardening,easy,Which of these fits the topic Gardening?,pattern,mulch,diplomacy,athletics,mulch,,,text,20,12,true
Gardening,easy,Select a term associated with Gardening.,Maurya Empire,mulch,phonetics,costume,mulch,,,text,20,12,true
Gardening,easy,Which option belongs to Gardening?,exoplanet,seed,flexibility,deviance,seed,,,text,20,12,true
Gardening,easy,Which of these fits the topic Gardening?,pronoun,balance,mulch,muscular system,mulch,,,text,20,12,true
Gardening,easy,Which option belongs to Gardening?,Karnataka,altitude,watering,protocol,watering,,,text,20,12,true
Gardening,easy,Pick the correct term for Gardening.,compost,market cap,sanctuary,pattern,compost,,,text,20,12,true
Gardening,easy,Which of these fits the topic Gardening?,DOM,planting,jet engine,heart,planting,,,text,20,12,true
Gardening,easy,Choose the item most linked to Gardening.,mulch,variable,classification,free throw,mulch,,,text,20,12,true
Gardening,easy,Which of these fits the topic Gardening?,theme,compost,LBW,campground,compost,,,text,20,12,true
Gardening,easy,Which option belongs to Gardening?,lungs,fertilizer,pronoun,hemisphere,fertilizer,,,text,20,12,true
Gardening,easy,Select a term associated with Gardening.,flag ratio,alliteration,IP address,mulch,mulch,,,text,20,12,true
Gardening,easy,Which option belongs to Gardening?,mulch,compound,simile,interest,mulch,,,text,20,12,true
Gardening,easy,Which of these is related to Gardening?,soil,federalism,perception,set,soil,,,text,20,12,true
Gardening,easy,Pick the correct term for Gardening.,nominee,pilgrimage,soil,engagement,soil,,,text,20,12,true
Gardening,easy,Which of these fits the topic Gardening?,tangent line,shipping,compost,democracy,compost,,,text,20,12,true
Gardening,medium,Which term is most commonly used in Gardening?,expression,pruning,mind,director,pruning,,,text,40,10,true
Gardening,medium,Which of these is a core idea in Gardening?,cell,seed,vault,Arctic Ocean,seed,,,text,40,10,true
Gardening,medium,Choose the term that best represents Gardening.,mulch,striker,follower,conversion,mulch,,,text,40,10,true
Gardening,medium,Which option aligns with Gardening?,argument,concerto,compost,norms,compost,,,text,40,10,true
Gardening,medium,Which term is most commonly used in Gardening?,Krishna,sea level,interest,compost,compost,,,text,40,10,true
Gardening,medium,Which option is a key concept in Gardening?,recycling,fertilizer,emulator,Hollywood,fertilizer,,,text,40,10,true
Gardening,medium,Pick the concept that best matches Gardening.,routing,slogan,seed,Sumer,seed,,,text,40,10,true
Gardening,medium,Choose the term that best represents Gardening.,floor plan,indentation,norms,pruning,pruning,,,text,40,10,true
Gardening,medium,Select the most relevant term for Gardening.,esports,compost,session,mitochondria,compost,,,text,40,10,true
Gardening,medium,Which option is a key concept in Gardening?,integer,assist,multiple,compost,compost,,,text,40,10,true
Gardening,medium,Pick the concept that best matches Gardening.,compost,merger,constitution,deity,compost,,,text,40,10,true
Gardening,medium,Choose the term that best represents Gardening.,composer,Valkyrie,planting,dosage,planting,,,text,40,10,true
Gardening,medium,Which of these is a core idea in Gardening?,Don Quixote,gesture,Loki,pruning,pruning,,,text,40,10,true
Gardening,medium,Which of these is a core idea in Gardening?,crest,flowerbed,conditioning,artist,flowerbed,,,text,40,10,true
Gardening,medium,Which option aligns with Gardening?,blockbuster,compost,angle,LBW,compost,,,text,40,10,true
Gardening,medium,Which option aligns with Gardening?,opening,warehouse,hemisphere,soil,soil,,,text,40,10,true
Gardening,medium,Which option is a key concept in Gardening?,greenhouse,Egyptians,binary,telescope,greenhouse,,,text,40,10,true
Gardening,medium,Which term is most commonly used in Gardening?,session,pruning,quadratic,equation,pruning,,,text,40,10,true
Gardening,hard,Choose the most accurate term for Gardening.,watering,meditation,ethics,foul,watering,,,text,80,8,true
Gardening,hard,Which term is most specifically associated with Gardening?,momentum,seed,charger,greenhouse,greenhouse,,,text,80,8,true
Gardening,hard,Choose the most accurate term for Gardening.,ceremony,Egyptians,seed,summit,seed,,,text,80,8,true
Gardening,hard,Which term is most specifically associated with Gardening?,corner kick,flowerbed,bandwidth,backhand,flowerbed,,,text,80,8,true
Gardening,hard,Which option is most directly linked to Gardening?,molecule,watering,patent,Industrial Revolution,watering,,,text,80,8,true
Gardening,hard,Which term is most specifically associated with Gardening?,mulch,Olympiad,crop,perception,mulch,,,text,80,8,true
Gardening,hard,Which term is the closest match to Gardening?,Asia,bias,planting,responsive layout,planting,,,text,80,8,true
Gardening,hard,Select the best-fit term for Gardening.,Yangtze,compost,continuity,inventory,compost,,,text,80,8,true
Gardening,hard,Pick the most specific concept tied to Gardening.,postmodern,pruning,icon,subject,pruning,,,text,80,8,true
Gardening,hard,Which option is most directly linked to Gardening?,distribution,hero,angle,soil,soil,,,text,80,8,true
Gardening,hard,Which option is most directly linked to Gardening?,IP address,browser,seed,muscular system,seed,,,text,80,8,true
Gardening,hard,Pick the most specific concept tied to Gardening.,Poseidon,hemisphere,URL,flowerbed,flowerbed,,,text,80,8,true
Gardening,hard,Which term is most specifically associated with Gardening?,electricity,fertilizer,jet engine,Yggdrasil,fertilizer,,,text,80,8,true
Gardening,hard,Select the best-fit term for Gardening.,integer,molecule,follower,flowerbed,flowerbed,,,text,80,8,true
Gardening,hard,Choose the most accurate term for Gardening.,dish,HTML,range,watering,watering,,,text,80,8,true
Gardening,hard,Select the best-fit term for Gardening.,planting,magnetism,alliteration,education reform,planting,,,text,80,8,true
Gardening,hard,Select the best-fit term for Gardening.,DOM,agent,Hamlet,flowerbed,flowerbed,,,text,80,8,true
Gardening,hard,Which term is most specifically associated with Gardening?,pruning,Oscar,symbol,free throw,pruning,,,text,80,8,true
Gardening,hard,Which option best characterizes Gardening?,phishing,Borneo,mitochondria,seed,seed,,,text,80,8,true
Gardening,hard,Choose the most accurate term for Gardening.,telescope,IPO,triangle,soil,soil,,,text,80,8,true
Gardening,hard,Choose the most accurate term for Gardening.,verse,gearbox,texture,flowerbed,flowerbed,,,text,80,8,true
Gardening,hard,Which term is the closest match to Gardening?,castling,Sri Lanka,PEP 8,planting,planting,,,text,80,8,true
Gardening,hard,Which term is the closest match to Gardening?,minimalism,prize,planting,plate,planting,,,text,80,8,true
Gardening,hard,Which option best characterizes Gardening?,Himalayas,ecosystem,percentage,soil,soil,,,text,80,8,true
Interior Design,easy,Choose the item most linked to Interior Design.,layout,continent,leader,breathing,layout,,,text,20,12,true
Interior Design,easy,Select a term associated with Interior Design.,topography,theme,share,Hollywood,theme,,,text,20,12,true
Interior Design,easy,Choose the item most linked to Interior Design.,prescription,wicket,acceleration,decor,decor,,,text,20,12,true
Interior Design,easy,Which of these fits the topic Interior Design?,flooring,emblem,trend,design,flooring,,,text,20,12,true
Interior Design,easy,Select a term associated with Interior Design.,verb,Ramayana,decor,stalemate,decor,,,text,20,12,true
Interior Design,easy,Choose the item most linked to Interior Design.,color palette,sedan,UI thread,design,color palette,,,text,20,12,true
Interior Design,easy,Which of these fits the topic Interior Design?,responsive design,backboard,premiere,minimalism,minimalism,,,text,20,12,true
Interior Design,easy,Select a term associated with Interior Design.,baseline,entrepreneur,flooring,Mughal Empire,flooring,,,text,20,12,true
Interior Design,easy,Pick the correct term for Interior Design.,Poseidon,layout,diplomacy,free kick,layout,,,text,20,12,true
Interior Design,easy,Which of these is related to Interior Design?,graphics,GDP,printing press,space planning,space planning,,,text,20,12,true
Interior Design,easy,Which option belongs to Interior Design?,habitat,decor,dollar,innings,decor,,,text,20,12,true
Interior Design,easy,Select a term associated with Interior Design.,layout,Nile,autonomy,compound,layout,,,text,20,12,true
Interior Design,easy,Select a term associated with Interior Design.,Bollywood,Atacama,metaphysics,furniture,furniture,,,text,20,12,true
Interior Design,easy,Which of these is related to Interior Design?,Odyssey,texture,rally,epistemology,texture,,,text,20,12,true
Interior Design,easy,Choose the item most linked to Interior Design.,Mughal Empire,Krishna,theme,entrepreneur,theme,,,text,20,12,true
Interior Design,easy,Pick the correct term for Interior Design.,noun,integer,Apollo,layout,layout,,,text,20,12,true
Interior Design,easy,Which of these fits the topic Interior Design?,furniture,Mohenjo-daro,asana,conditioning,furniture,,,text,20,12,true
Interior Design,easy,Which of these fits the topic Interior Design?,period,soil,norms,minimalism,minimalism,,,text,20,12,true
Interior Design,medium,Choose the term that best represents Interior Design.,façade,abstract,decor,movement,decor,,,text,40,10,true
Interior Design,medium,Select the most relevant term for Interior Design.,concerto,director,strings,lighting,lighting,,,text,40,10,true
Interior Design,medium,Select the most relevant term for Interior Design.,color palette,strings,skyscraper,Hindi cinema,color palette,,,text,40,10,true
Interior Design,medium,Pick the concept that best matches Interior Design.,director,masala,layout,ISO,layout,,,text,40,10,true
Interior Design,medium,Select the most relevant term for Interior Design.,director,structural,space planning,palette,space planning,,,text,40,10,true
Interior Design,medium,Choose the term that best represents Interior Design.,furniture,producer,remix,orchestra,furniture,,,text,40,10,true
Interior Design,medium,Which option is a key concept in Interior Design?,theme,arch,skyscraper,silhouette,theme,,,text,40,10,true
Interior Design,medium,Select the most relevant term for Interior Design.,decor,filmfare,aperture,premiere,decor,,,text,40,10,true
Interior Design,medium,Pick the concept that best matches Interior Design.,texture,single,design,director,texture,,,text,40,10,true
Interior Design,medium,Which option is a key concept in Interior Design?,arch,color palette,portrait,director,color palette,,,text,40,10,true
Interior Design,medium,Pick the concept that best matches Interior Design.,star,space planning,exposure,canvas,space planning,,,text,40,10,true
Interior Design,medium,Pick the concept that best matches Interior Design.,concert,hook,structural,lighting,lighting,,,text,40,10,true
Interior Design,medium,Which term is most commonly used in Interior Design?,fabric,depth of field,space planning,landscape,space planning,,,text,40,10,true
Interior Design,medium,Which term is most commonly used in Interior Design?,flooring,single,strings,fabric,flooring,,,text,40,10,true
Interior Design,medium,Choose the term that best represents Interior Design.,accessory,column,billboard,furniture,furniture,,,text,40,10,true
Interior Design,medium,Select the most relevant term for Interior Design.,composer,lighting,single,star,lighting,,,text,40,10,true
Interior Design,medium,Select the most relevant term for Interior Design.,flooring,fabric,screenplay,single,flooring,,,text,40,10,true
Interior Design,medium,Which of these is a core idea in Interior Design?,ISO,minimalism,oil paint,masala,minimalism,,,text,40,10,true
Interior Design,hard,Pick the most specific concept tied to Interior Design.,pattern,lens,theme,gallery,theme,,,text,80,8,true
Interior Design,hard,Select the most precise term for Interior Design.,design,decor,column,foundation,decor,,,text,80,8,true
Interior Design,hard,Which option is most directly linked to Interior Design?,shutter speed,silhouette,Oscar,furniture,furniture,,,text,80,8,true
Interior Design,hard,Which term is most specifically associated with Interior Design?,lighting,pattern,textile,oil paint,lighting,,,text,80,8,true
Interior Design,hard,Which term is most specifically associated with Interior Design?,camera,foundation,arch,decor,decor,,,text,80,8,true
Interior Design,hard,Which term is most specifically associated with Interior Design?,theme,song sequence,producer,album,theme,,,text,80,8,true
Interior Design,hard,Which option is most directly linked to Interior Design?,playback,focus,gallery,theme,theme,,,text,80,8,true
Interior Design,hard,Select the best-fit term for Interior Design.,focus,color palette,composer,director,color palette,,,text,80,8,true
Interior Design,hard,Which term is most specifically associated with Interior Design?,foundation,playlist,flooring,cinematography,flooring,,,text,80,8,true
Interior Design,hard,Pick the most specific concept tied to Interior Design.,skyscraper,decor,camera,billboard,decor,,,text,80,8,true
Interior Design,hard,Select the most precise term for Interior Design.,flooring,hook,filmfare,single,flooring,,,text,80,8,true
Interior Design,hard,Which option best characterizes Interior Design?,genre,sequel,perspective,theme,theme,,,text,80,8,true
Interior Design,hard,Which option is most directly linked to Interior Design?,concerto,camera,layout,pattern,layout,,,text,80,8,true
Interior Design,hard,Pick the most specific concept tied to Interior Design.,fabric,arch,color palette,playback,color palette,,,text,80,8,true
Interior Design,hard,Which term is most specifically associated with Interior Design?,concerto,baroque,color palette,accessory,color palette,,,text,80,8,true
Interior Design,hard,Which term is most specifically associated with Interior Design?,lighting,billboard,conductor,playback,lighting,,,text,80,8,true
Interior Design,hard,Which option best characterizes Interior Design?,blueprint,billboard,space planning,exposure,space planning,,,text,80,8,true
Interior Design,hard,Select the best-fit term for Interior Design.,exposure,portrait,space planning,movement,space planning,,,text,80,8,true
Interior Design,hard,Which term is most specifically associated with Interior Design?,concerto,brush,producer,lighting,lighting,,,text,80,8,true
Interior Design,hard,Which term is most specifically associated with Interior Design?,color palette,conductor,Bollywood,canvas,color palette,,,text,80,8,true
Interior Design,hard,Which option is most directly linked to Interior Design?,sequel,color palette,fabric,masala,color palette,,,text,80,8,true
Interior Design,hard,Which term is the closest match to Interior Design?,space planning,brush,design,landscape,space planning,,,text,80,8,true
Interior Design,hard,Select the most precise term for Interior Design.,conductor,theme,trend,album,theme,,,text,80,8,true
Interior Design,hard,Choose the most accurate term for Interior Design.,billboard,baroque,fabric,decor,decor,,,text,80,8,true
Logistics,easy,Select a term associated with Logistics.,Punjab,distribution,rook,free throw,distribution,,,text,20,12,true
Logistics,easy,Pick the correct term for Logistics.,vocabulary,exoplanet,area,fulfillment,fulfillment,,,text,20,12,true
Logistics,easy,Select a term associated with Logistics.,stretch,APK,diameter,lead time,lead time,,,text,20,12,true
Logistics,easy,Pick the correct term for Logistics.,warehouse,compiler,education reform,Greenland,warehouse,,,text,20,12,true
Logistics,easy,Which option belongs to Logistics?,circulatory system,lead time,oil paint,novel,lead time,,,text,20,12,true
Logistics,easy,Which option belongs to Logistics?,Lake Victoria,minimalism,distribution,South America,distribution,,,text,20,12,true
Logistics,easy,Which of these is related to Logistics?,run rate,RPG,routing,sine,routing,,,text,20,12,true
Logistics,easy,Which of these is related to Logistics?,perception,generator,shipping,phonetics,shipping,,,text,20,12,true
Logistics,easy,Choose the item most linked to Logistics.,flooring,narrator,symptom,routing,routing,,,text,20,12,true
Logistics,easy,Choose the item most linked to Logistics.,Africa,lead time,posture,network,lead time,,,text,20,12,true
Logistics,easy,Choose the item most linked to Logistics.,inventory,thread,gene,Shiva,inventory,,,text,20,12,true
Logistics,easy,Which option belongs to Logistics?,flexibility,Egyptians,shipping,risk,shipping,,,text,20,12,true
Logistics,easy,Which of these is related to Logistics?,warehouse,radio,ledger,deuce,warehouse,,,text,20,12,true
Logistics,easy,Which of these fits the topic Logistics?,RPG,conversion,villain,lead time,lead time,,,text,20,12,true
Logistics,easy,Pick the correct term for Logistics.,warehouse,dish,leadership,unit circle,warehouse,,,text,20,12,true
Logistics,easy,Pick the correct term for Logistics.,equation,hypotenuse,freight,syntax,freight,,,text,20,12,true
Logistics,easy,Choose the item most linked to Logistics.,shipping,slope,franchise,factor,shipping,,,text,20,12,true
Logistics,easy,Which option belongs to Logistics?,supply chain,floor plan,Shiva,optimization,supply chain,,,text,20,12,true
Logistics,medium,Which of these is a core idea in Logistics?,IPO,order,supply chain,product page,supply chain,,,text,40,10,true
Logistics,medium,Select the most relevant term for Logistics.,blue chip,shipping,stock exchange,routing,routing,,,text,40,10,true
Logistics,medium,Which option is a key concept in Logistics?,bull market,inventory,acquisition,risk,inventory,,,text,40,10,true
Logistics,medium,Select the most relevant term for Logistics.,conglomerate,scarcity,supply chain,online store,supply chain,,,text,40,10,true
Logistics,medium,Which option is a key concept in Logistics?,checkout,share,distribution,dividend,distribution,,,text,40,10,true
Logistics,medium,Choose the term that best represents Logistics.,supply,supply chain,conglomerate,branding,supply chain,,,text,40,10,true
Logistics,medium,Which option is a key concept in Logistics?,portfolio,monopoly,procurement,demand,procurement,,,text,40,10,true
Logistics,medium,Choose the term that best represents Logistics.,billionaire,shipping,stock exchange,cart,shipping,,,text,40,10,true
Logistics,medium,Which term is most commonly used in Logistics?,IPO,startup,shipping,target audience,shipping,,,text,40,10,true
Logistics,medium,Which option aligns with Logistics?,warehouse,bull market,market cap,engagement,warehouse,,,text,40,10,true
Logistics,medium,Choose the term that best represents Logistics.,campaign,scarcity,shipping,CEO,shipping,,,text,40,10,true
Logistics,medium,Which of these is a core idea in Logistics?,credit,distribution,IPO,interest,distribution,,,text,40,10,true
Logistics,medium,Which option aligns with Logistics?,bull market,order,stock exchange,fulfillment,fulfillment,,,text,40,10,true
Logistics,medium,Which of these is a core idea in Logistics?,leadership,merger,inventory,scarcity,inventory,,,text,40,10,true
Logistics,medium,Pick the concept that best matches Logistics.,online store,dividend yield,fulfillment,conversion,fulfillment,,,text,40,10,true
Logistics,medium,Which option aligns with Logistics?,supply chain,scarcity,entrepreneur,bull market,supply chain,,,text,40,10,true
Logistics,medium,Choose the term that best represents Logistics.,online store,conglomerate,SEO,warehouse,warehouse,,,text,40,10,true
Logistics,medium,Which of these is a core idea in Logistics?,supply chain,interest,shipping,demand,supply chain,,,text,40,10,true
Logistics,hard,Which term is most specifically associated with Logistics?,credit,shipping,investor,return,shipping,,,text,80,8,true
Logistics,hard,Which term is the closest match to Logistics?,scarcity,freight,liability,promotion,freight,,,text,80,8,true
Logistics,hard,Which term is the closest match to Logistics?,product page,procurement,fiscal policy,bear market,procurement,,,text,80,8,true
Logistics,hard,Which term is the closest match to Logistics?,bond,warehouse,branding,blue chip,warehouse,,,text,80,8,true
Logistics,hard,Choose the most accurate term for Logistics.,online store,acquisition,liability,lead time,lead time,,,text,80,8,true
Logistics,hard,Select the most precise term for Logistics.,liability,bond,inventory,conversion,inventory,,,text,80,8,true
Logistics,hard,Which term is the closest match to Logistics?,bond,fiscal policy,inflation,warehouse,warehouse,,,text,80,8,true
Logistics,hard,Which term is the closest match to Logistics?,interest,return,supply chain,investor,supply chain,,,text,80,8,true
Logistics,hard,Select the most precise term for Logistics.,market research,bull market,lead time,payment gateway,lead time,,,text,80,8,true
Logistics,hard,Which term is the closest match to Logistics?,bull market,distribution,credit,billionaire,distribution,,,text,80,8,true
Logistics,hard,Which term is most specifically associated with Logistics?,lead time,payment gateway,investor,acquisition,lead time,,,text,80,8,true
Logistics,hard,Which term is most specifically associated with Logistics?,portfolio,conversion,warehouse,scarcity,warehouse,,,text,80,8,true
Logistics,hard,Which option best characterizes Logistics?,investor,order,routing,fiscal policy,routing,,,text,80,8,true
Logistics,hard,Which term is the closest match to Logistics?,payment gateway,procurement,order,startup,procurement,,,text,80,8,true
Logistics,hard,Which term is most specifically associated with Logistics?,demand,shipping,acquisition,entrepreneur,shipping,,,text,80,8,true
Logistics,hard,Which option best characterizes Logistics?,conversion,elasticity,supply chain,engagement,supply chain,,,text,80,8,true
Logistics,hard,Select the most precise term for Logistics.,procurement,supply,portfolio,funnel,procurement,,,text,80,8,true
Logistics,hard,Which term is the closest match to Logistics?,share,blue chip,supply chain,elasticity,supply chain,,,text,80,8,true
Logistics,hard,Which term is the closest match to Logistics?,warehouse,interest,portfolio,credit,warehouse,,,text,80,8,true
Logistics,hard,Which option best characterizes Logistics?,advertising,GDP,routing,portfolio,routing,,,text,80,8,true
Logistics,hard,Which option is most directly linked to Logistics?,freight,CEO,cart,inventory,freight,,,text,80,8,true
Logistics,hard,Which term is most specifically associated with Logistics?,venture capital,bond,bull market,inventory,inventory,,,text,80,8,true
Logistics,hard,Which term is most specifically associated with Logistics?,routing,scarcity,portfolio,conglomerate,routing,,,text,80,8,true
Logistics,hard,Which option is most directly linked to Logistics?,leadership,entrepreneur,fulfillment,dividend,fulfillment,,,text,80,8,true
Marketing,easy,Choose the item most linked to Marketing.,compound,designer,branding,Sumer,branding,,,text,20,12,true
Marketing,easy,Pick the correct term for Marketing.,elasticity,athletics,oil paint,market research,market research,,,text,20,12,true
Marketing,easy,Which of these fits the topic Marketing?,market research,Hindi cinema,wellness,Everest,market research,,,text,20,12,true
Marketing,easy,Select a term associated with Marketing.,flexibility,SEO,decor,diplomacy,SEO,,,text,20,12,true
Marketing,easy,Which of these is related to Marketing?,horsepower,blue chip,merger,funnel,funnel,,,text,20,12,true
Marketing,easy,Which option belongs to Marketing?,Thor,sonnet,fuselage,campaign,campaign,,,text,20,12,true
Marketing,easy,Which of these fits the topic Marketing?,global warming,telescope,panel,target audience,target audience,,,text,20,12,true
Marketing,easy,Choose the item most linked to Marketing.,Shiva,conversion,breathing,mission control,conversion,,,text,20,12,true
Marketing,easy,Which of these is related to Marketing?,target audience,Hera,Loki,stanza,target audience,,,text,20,12,true
Marketing,easy,Which of these is related to Marketing?,fertilizer,SEO,deity,prescription,SEO,,,text,20,12,true
Marketing,easy,Which option belongs to Marketing?,responsive layout,promotion,inequality,DOM,promotion,,,text,20,12,true
Marketing,easy,Choose the item most linked to Marketing.,wicket,engagement,demand,telescope,engagement,,,text,20,12,true
Marketing,easy,Pick the correct term for Marketing.,Ragnarok,bond,behavior,conversion,conversion,,,text,20,12,true
Marketing,easy,Which of these is related to Marketing?,Treaty of Versailles,procurement,engagement,viral,engagement,,,text,20,12,true
Marketing,easy,Which option belongs to Marketing?,API,Android,market research,slope,market research,,,text,20,12,true
Marketing,easy,Which of these fits the topic Marketing?,Rockies,advertising,lighting,League of Nations,advertising,,,text,20,12,true
Marketing,easy,Pick the correct term for Marketing.,light-year,cuisine,taste,market research,market research,,,text,20,12,true
Marketing,easy,Which option belongs to Marketing?,endgame,conversion,Ragnarok,Odyssey,conversion,,,text,20,12,true
Marketing,medium,Which option is a key concept in Marketing?,product page,inflation,conglomerate,SEO,SEO,,,text,40,10,true
Marketing,medium,Choose the term that best represents Marketing.,order,volatility,SEO,elasticity,SEO,,,text,40,10,true
Marketing,medium,Which option aligns with Marketing?,online store,lead time,bull market,engagement,engagement,,,text,40,10,true
Marketing,medium,Which of these is a core idea in Marketing?,GDP,merger,promotion,entrepreneur,promotion,,,text,40,10,true
Marketing,medium,Which option aligns with Marketing?,acquisition,SEO,dividend,risk,SEO,,,text,40,10,true
Marketing,medium,Which option is a key concept in Marketing?,SEO,startup,CEO,supply,SEO,,,text,40,10,true
Marketing,medium,Which option is a key concept in Marketing?,procurement,IPO,advertising,asset,advertising,,,text,40,10,true
Marketing,medium,Which option aligns with Marketing?,checkout,promotion,stock exchange,leadership,promotion,,,text,40,10,true
Marketing,medium,Select the most relevant term for Marketing.,volatility,promotion,bull market,shipping,promotion,,,text,40,10,true
Marketing,medium,Which of these is a core idea in Marketing?,payment gateway,share,branding,cart,branding,,,text,40,10,true
Marketing,medium,Select the most relevant term for Marketing.,inventory,leadership,promotion,interest,promotion,,,text,40,10,true
Marketing,medium,Which option is a key concept in Marketing?,blue chip,index,target audience,inventory,target audience,,,text,40,10,true
Marketing,medium,Which option is a key concept in Marketing?,SEO,asset,inventory,merger,SEO,,,text,40,10,true
Marketing,medium,Select the most relevant term for Marketing.,engagement,GDP,conglomerate,inventory,engagement,,,text,40,10,true
Marketing,medium,Which term is most commonly used in Marketing?,interest,IPO,scarcity,SEO,SEO,,,text,40,10,true
Marketing,medium,Select the most relevant term for Marketing.,inventory,engagement,market,routing,engagement,,,text,40,10,true
Marketing,medium,Which of these is a core idea in Marketing?,market cap,opportunity cost,SEO,billionaire,SEO,,,text,40,10,true
Marketing,medium,Which of these is a core idea in Marketing?,elasticity,venture capital,promotion,dividend yield,promotion,,,text,40,10,true
Marketing,hard,Which term is the closest match to Marketing?,risk,campaign,bull market,interest,campaign,,,text,80,8,true
Marketing,hard,Select the best-fit term for Marketing.,monopoly,blue chip,promotion,market cap,promotion,,,text,80,8,true
Marketing,hard,Which option is most directly linked to Marketing?,order,campaign,bear market,stock exchange,campaign,,,text,80,8,true
Marketing,hard,Select the most precise term for Marketing.,inflation,returns,bull market,branding,branding,,,text,80,8,true
Marketing,hard,Which term is most specifically associated with Marketing?,funnel,investor,cash flow,online store,funnel,,,text,80,8,true
Marketing,hard,Which option is most directly linked to Marketing?,demand,promotion,elasticity,leadership,promotion,,,text,80,8,true
Marketing,hard,Which option best characterizes Marketing?,conversion,SEO,elasticity,portfolio,SEO,,,text,80,8,true
Marketing,hard,Select the most precise term for Marketing.,monopoly,market research,bull market,fulfillment,market research,,,text,80,8,true
Marketing,hard,Choose the most accurate term for Marketing.,branding,billionaire,supply,blue chip,branding,,,text,80,8,true
Marketing,hard,Which option is most directly linked to Marketing?,fiscal policy,CEO,GDP,market research,market research,,,text,80,8,true
Marketing,hard,Which term is the closest match to Marketing?,market research,bond,GDP,lead time,market research,,,text,80,8,true
Marketing,hard,Which option best characterizes Marketing?,promotion,stock exchange,dividend,bond,promotion,,,text,80,8,true
Marketing,hard,Which term is most specifically associated with Marketing?,bond,advertising,product page,freight,advertising,,,text,80,8,true
Marketing,hard,Pick the most specific concept tied to Marketing.,inventory,advertising,opportunity cost,investor,advertising,,,text,80,8,true
Marketing,hard,Which option is most directly linked to Marketing?,advertising,returns,elasticity,market cap,advertising,,,text,80,8,true
Marketing,hard,Pick the most specific concept tied to Marketing.,advertising,distribution,CEO,asset,advertising,,,text,80,8,true
Marketing,hard,Pick the most specific concept tied to Marketing.,market research,merger,dividend yield,fiscal policy,market research,,,text,80,8,true
Marketing,hard,Which option best characterizes Marketing?,payment gateway,demand,target audience,dividend,target audience,,,text,80,8,true
Marketing,hard,Pick the most specific concept tied to Marketing.,inflation,merger,target audience,inventory,target audience,,,text,80,8,true
Marketing,hard,Which option is most directly linked to Marketing?,funnel,returns,venture capital,index,funnel,,,text,80,8,true
Marketing,hard,Which term is the closest match to Marketing?,inventory,index,market,promotion,promotion,,,text,80,8,true
Marketing,hard,Choose the most accurate term for Marketing.,market research,risk,opportunity cost,product page,market research,,,text,80,8,true
Marketing,hard,Select the most precise term for Marketing.,market,branding,asset,credit,branding,,,text,80,8,true
Marketing,hard,Pick the most specific concept tied to Marketing.,target audience,shipping,market cap,portfolio,target audience,,,text,80,8,true
E-commerce,easy,Pick the correct term for E-commerce.,hemisphere,radio,column,conversion,conversion,,,text,20,12,true
E-commerce,easy,Pick the correct term for E-commerce.,shipping,Zeus,sequel,malware,shipping,,,text,20,12,true
E-commerce,easy,Select a term associated with E-commerce.,brake,online store,foundation,packaging,online store,,,text,20,12,true
E-commerce,easy,Which option belongs to E-commerce?,Stockholm,endgame,online store,pruning,online store,,,text,20,12,true
E-commerce,easy,Which of these fits the topic E-commerce?,returns,UI thread,pound,depth of field,returns,,,text,20,12,true
E-commerce,easy,Which of these is related to E-commerce?,South America,inventor,inventory,frame,inventory,,,text,20,12,true
E-commerce,easy,Which of these fits the topic E-commerce?,Best Actor,shipping,studio,narrator,shipping,,,text,20,12,true
E-commerce,easy,Choose the item most linked to E-commerce.,binary,optimization,returns,preposition,returns,,,text,20,12,true
E-commerce,easy,Which of these is related to E-commerce?,cart,flowerbed,epic,mitochondria,cart,,,text,20,12,true
E-commerce,easy,Which option belongs to E-commerce?,shipping,rook,seed,platform,shipping,,,text,20,12,true
E-commerce,easy,Choose the item most linked to E-commerce.,trend,heuristic,Hollywood,inventory,inventory,,,text,20,12,true
E-commerce,easy,Which option belongs to E-commerce?,cart,issue,inequality,hash,cart,,,text,20,12,true
E-commerce,easy,Choose the item most linked to E-commerce.,election,checkout,circle,Olympiad,checkout,,,text,20,12,true
E-commerce,easy,Choose the item most linked to E-commerce.,launch vehicle,shipping,South America,coefficient,shipping,,,text,20,12,true
E-commerce,easy,Which of these fits the topic E-commerce?,photosynthesis,Academy Awards,order,Odyssey,order,,,text,20,12,true
E-commerce,easy,Pick the correct term for E-commerce.,shipping,dividend yield,mulch,skyscraper,shipping,,,text,20,12,true
E-commerce,easy,Which of these fits the topic E-commerce?,unit circle,order,Mohenjo-daro,feed,order,,,text,20,12,true
E-commerce,easy,Select a term associated with E-commerce.,alphabet,Maurya Empire,harvest,order,order,,,text,20,12,true
E-commerce,medium,Which term is most commonly used in E-commerce?,order,market,SEO,funnel,order,,,text,40,10,true
E-commerce,medium,Which option aligns with E-commerce?,demand,returns,SEO,venture capital,returns,,,text,40,10,true
E-commerce,medium,Choose the term that best represents E-commerce.,promotion,billionaire,bond,product page,product page,,,text,40,10,true
E-commerce,medium,Which option aligns with E-commerce?,order,GDP,asset,SEO,order,,,text,40,10,true
E-commerce,medium,Choose the term that best represents E-commerce.,market cap,portfolio,fulfillment,cart,cart,,,text,40,10,true
E-commerce,medium,Which term is most commonly used in E-commerce?,returns,lead time,promotion,monopoly,returns,,,text,40,10,true
E-commerce,medium,Which option is a key concept in E-commerce?,monopoly,conversion,inventory,risk,inventory,,,text,40,10,true
E-commerce,medium,Which option is a key concept in E-commerce?,index,engagement,demand,inventory,inventory,,,text,40,10,true
E-commerce,medium,Which of these is a core idea in E-commerce?,startup,target audience,shipping,CEO,shipping,,,text,40,10,true
E-commerce,medium,Which option is a key concept in E-commerce?,entrepreneur,monopoly,routing,product page,product page,,,text,40,10,true
E-commerce,medium,Choose the term that best represents E-commerce.,CEO,payment gateway,merger,billionaire,payment gateway,,,text,40,10,true
E-commerce,medium,Which term is most commonly used in E-commerce?,leadership,monopoly,volatility,conversion,conversion,,,text,40,10,true
E-commerce,medium,Which option aligns with E-commerce?,funnel,distribution,payment gateway,investor,payment gateway,,,text,40,10,true
E-commerce,medium,Which option is a key concept in E-commerce?,fulfillment,cart,dividend,venture capital,cart,,,text,40,10,true
E-commerce,medium,Pick the concept that best matches E-commerce.,cart,startup,monopoly,lead time,cart,,,text,40,10,true
E-commerce,medium,Which option is a key concept in E-commerce?,supply chain,payment gateway,target audience,dividend,payment gateway,,,text,40,10,true
E-commerce,medium,Select the most relevant term for E-commerce.,order,dividend,inventory,risk,order,,,text,40,10,true
E-commerce,medium,Pick the concept that best matches E-commerce.,market,scarcity,distribution,product page,product page,,,text,40,10,true
E-commerce,hard,Pick the most specific concept tied to E-commerce.,portfolio,shipping,venture capital,cash flow,shipping,,,text,80,8,true
E-commerce,hard,Which term is most specifically associated with E-commerce?,blue chip,inventory,order,interest,order,,,text,80,8,true
E-commerce,hard,Which term is most specifically associated with E-commerce?,routing,warehouse,product page,bull market,product page,,,text,80,8,true
E-commerce,hard,Pick the most specific concept tied to E-commerce.,product page,credit,volatility,demand,product page,,,text,80,8,true
E-commerce,hard,Select the most precise term for E-commerce.,distribution,shipping,order,dividend yield,order,,,text,80,8,true
E-commerce,hard,Which term is the closest match to E-commerce?,bull market,CEO,checkout,GDP,checkout,,,text,80,8,true
E-commerce,hard,Which option best characterizes E-commerce?,dividend,returns,investor,monopoly,returns,,,text,80,8,true
E-commerce,hard,Choose the most accurate term for E-commerce.,risk,cart,warehouse,cash flow,cart,,,text,80,8,true
E-commerce,hard,Which option is most directly linked to E-commerce?,conversion,shipping,routing,bull market,conversion,,,text,80,8,true
E-commerce,hard,Select the most precise term for E-commerce.,bull market,market cap,lead time,order,order,,,text,80,8,true
E-commerce,hard,Choose the most accurate term for E-commerce.,inflation,returns,market cap,inventory,returns,,,text,80,8,true
E-commerce,hard,Select the most precise term for E-commerce.,funnel,elasticity,checkout,bond,checkout,,,text,80,8,true
E-commerce,hard,Choose the most accurate term for E-commerce.,bear market,liability,billionaire,returns,returns,,,text,80,8,true
E-commerce,hard,Which term is the closest match to E-commerce?,asset,IPO,product page,promotion,product page,,,text,80,8,true
E-commerce,hard,Pick the most specific concept tied to E-commerce.,inventory,shipping,funnel,freight,shipping,,,text,80,8,true
E-commerce,hard,Which term is most specifically associated with E-commerce?,fulfillment,risk,shipping,procurement,shipping,,,text,80,8,true
E-commerce,hard,Choose the most accurate term for E-commerce.,lead time,return,payment gateway,elasticity,payment gateway,,,text,80,8,true
E-commerce,hard,Select the most precise term for E-commerce.,payment gateway,credit,supply,SEO,payment gateway,,,text,80,8,true
E-commerce,hard,Select the best-fit term for E-commerce.,engagement,index,order,monopoly,order,,,text,80,8,true
E-commerce,hard,Which option is most directly linked to E-commerce?,payment gateway,fiscal policy,cash flow,entrepreneur,payment gateway,,,text,80,8,true
E-commerce,hard,Which term is the closest match to E-commerce?,volatility,advertising,returns,IPO,returns,,,text,80,8,true
E-commerce,hard,Which term is most specifically associated with E-commerce?,fiscal policy,warehouse,payment gateway,supply chain,payment gateway,,,text,80,8,true
E-commerce,hard,Which term is the closest match to E-commerce?,investor,cart,conglomerate,inflation,cart,,,text,80,8,true
E-commerce,hard,Which term is most specifically associated with E-commerce?,dividend,elasticity,cart,procurement,cart,,,text,80,8,true
