category,level,question,option1,option2,option3,option4,correctAnswer,trivia,mediaUrl,mediaType,xpReward,timeLimit,isActive
World Geography,easy,Pick the subject area that matches: World Geography.,Programming (Python),Mythology (Norse),Modern Literature,World Geography,World Geography,,,text,20,12,true
World Geography,easy,"The topic ""World Geography"" best fits which category?",World Geography,Networking,Agriculture,Languages,World Geography,,,text,20,12,true
World Geography,easy,Identify the subject area: World Geography.,Music (Pop),Physics,Finance,World Geography,World Geography,,,text,20,12,true
World Geography,easy,Identify the subject area: World Geography.,World Geography,Business Tycoons,Mythology (Greek),Marketing,World Geography,,,text,20,12,true
World Geography,easy,Pick the subject area that matches: World Geography.,Rivers & Lakes,Geometry,World Geography,Chemistry,World Geography,,,text,20,12,true
World Geography,easy,"Which category does the topic ""World Geography"" belong to?",Cricket,Oceans & Seas,Rivers & Lakes,World Geography,World Geography,,,text,20,12,true
World Geography,easy,Identify the subject area: World Geography.,Psychology,World Geography,Brands & Logos,Islands,World Geography,,,text,20,12,true
World Geography,easy,"Which category does the topic ""World Geography"" belong to?",Economics,World Geography,Medicine,Mythology (Indian),World Geography,,,text,20,12,true
World Geography,easy,"Choose the category that best matches ""World Geography"".",World Geography,Deserts,Programming (Python),Web Development,World Geography,,,text,20,12,true
World Geography,easy,Select the correct quiz category for: World Geography.,World Geography,Robotics,National Flags,Algebra,World Geography,,,text,20,12,true
World Geography,easy,"The topic ""World Geography"" best fits which category?",Poetry,Computer Science,Geometry,World Geography,World Geography,,,text,20,12,true
World Geography,easy,Select the correct quiz category for: World Geography.,Indian States,Blockchain,Automobiles,World Geography,World Geography,,,text,20,12,true
World Geography,easy,"The topic ""World Geography"" best fits which category?",Artificial Intelligence,Algebra,Blockchain,World Geography,World Geography,,,text,20,12,true
World Geography,easy,"The topic ""World Geography"" best fits which category?",Biology,World Geography,Gaming,Robotics,World Geography,,,text,20,12,true
World Geography,easy,Pick the subject area that matches: World Geography.,World Geography,Indian States,Psychology,Robotics,World Geography,,,text,20,12,true
World Geography,easy,Identify the subject area: World Geography.,Computer Science,Painting & Art,Islands,World Geography,World Geography,,,text,20,12,true
World Geography,easy,Which quiz category would include: World Geography?,Space Exploration,World Geography,Astronomy,Internet History,World Geography,,,text,20,12,true
World Geography,easy,Pick the subject area that matches: World Geography.,Comic Books,World Geography,English Grammar,Wildlife,World Geography,,,text,20,12,true
World Geography,medium,Which category would most likely include questions on World Geography?,Artificial Intelligence,World Religions,Algebra,World Geography,World Geography,,,text,40,10,true
World Geography,medium,Select the most appropriate category for: World Geography.,World Leaders,World Geography,Algebra,Architecture,World Geography,,,text,40,10,true
World Geography,medium,Pick the best category for this quiz topic: World Geography.,Agriculture,Automobiles,Astronomy,World Geography,World Geography,,,text,40,10,true
World Geography,medium,"Which field does the topic ""World Geography"" fall under?",Agriculture,Algebra,World Geography,Awards (Nobel),World Geography,,,text,40,10,true
World Geography,medium,Choose the most accurate category for the topic: World Geography.,World Geography,Ancient Civilization,Automobiles,Aviation,World Geography,,,text,40,10,true
World Geography,medium,Select the most appropriate category for: World Geography.,World Geography,Ancient Civilization,Artificial Intelligence,Architecture,World Geography,,,text,40,10,true
World Geography,medium,Which category would most likely include questions on World Geography?,World Geography,Awards (Nobel),Architecture,Automobiles,World Geography,,,text,40,10,true
World Geography,medium,Pick the best category for this quiz topic: World Geography.,World Geography,Awards (Nobel),World Continents,Astronomy,World Geography,,,text,40,10,true
World Geography,medium,Which category would most likely include questions on World Geography?,Astronomy,Artificial Intelligence,Aviation,World Geography,World Geography,,,text,40,10,true
World Geography,medium,"Best-fit category for ""World Geography"" is:",World Geography,Automobiles,World Religions,World Continents,World Geography,,,text,40,10,true
World Geography,medium,Pick the best category for this quiz topic: World Geography.,Agriculture,World Continents,World Geography,World Leaders,World Geography,,,text,40,10,true
World Geography,medium,Which category would most likely include questions on World Geography?,Automobiles,World Geography,Artificial Intelligence,World Leaders,World Geography,,,text,40,10,true
World Geography,medium,Which category is most closely related to: World Geography?,World Continents,World Leaders,Algebra,World Geography,World Geography,,,text,40,10,true
World Geography,medium,Choose the most accurate category for the topic: World Geography.,Ancient Civilization,Aviation,World Religions,World Geography,World Geography,,,text,40,10,true
World Geography,medium,"Best-fit category for ""World Geography"" is:",Architecture,Artificial Intelligence,World Geography,Aviation,World Geography,,,text,40,10,true
World Geography,medium,Which category would most likely include questions on World Geography?,Architecture,Artificial Intelligence,World Religions,World Geography,World Geography,,,text,40,10,true
World Geography,medium,"Best-fit category for ""World Geography"" is:",World Religions,World Geography,Automobiles,World Continents,World Geography,,,text,40,10,true
World Geography,medium,Which category would most likely include questions on World Geography?,Artificial Intelligence,World Continents,World Geography,Agriculture,World Geography,,,text,40,10,true
World Geography,hard,"Which category is the best fit for the topic ""World Geography""?",World Religions,Algebra,Ancient Civilization,World Geography,World Geography,,,text,80,8,true
World Geography,hard,Choose the most specific category for: World Geography.,World Geography,World Continents,Artificial Intelligence,Agriculture,World Geography,,,text,80,8,true
World Geography,hard,Pick the category that most accurately represents: World Geography.,World Geography,Architecture,Agriculture,World Religions,World Geography,,,text,80,8,true
World Geography,hard,Identify the primary category for: World Geography.,World Continents,Architecture,World Geography,Agriculture,World Geography,,,text,80,8,true
World Geography,hard,Pick the category that most accurately represents: World Geography.,World Geography,Ancient Civilization,Architecture,Artificial Intelligence,World Geography,,,text,80,8,true
World Geography,hard,Select the category that most precisely fits: World Geography.,World Leaders,World Religions,Agriculture,World Geography,World Geography,,,text,80,8,true
World Geography,hard,Choose the most specific category for: World Geography.,Artificial Intelligence,World Leaders,World Continents,World Geography,World Geography,,,text,80,8,true
World Geography,hard,Select the category that most precisely fits: World Geography.,Ancient Civilization,World Geography,World Leaders,Agriculture,World Geography,,,text,80,8,true
World Geography,hard,Choose the most specific category for: World Geography.,World Geography,Ancient Civilization,Artificial Intelligence,World Continents,World Geography,,,text,80,8,true
World Geography,hard,"Most precise category for ""World Geography"" is:",World Leaders,Ancient Civilization,World Geography,Algebra,World Geography,,,text,80,8,true
World Geography,hard,Which subject is the correct classification for: World Geography?,World Continents,Algebra,Artificial Intelligence,World Geography,World Geography,,,text,80,8,true
World Geography,hard,"Most precise category for ""World Geography"" is:",World Geography,World Continents,World Leaders,World Religions,World Geography,,,text,80,8,true
World Geography,hard,Select the category that most precisely fits: World Geography.,Agriculture,Ancient Civilization,World Geography,World Religions,World Geography,,,text,80,8,true
World Geography,hard,"Which category is the closest match for the topic ""World Geography""?",World Continents,World Geography,Artificial Intelligence,World Religions,World Geography,,,text,80,8,true
World Geography,hard,"Which category is the best fit for the topic ""World Geography""?",World Religions,World Geography,Algebra,Ancient Civilization,World Geography,,,text,80,8,true
World Geography,hard,"Which category is the best fit for the topic ""World Geography""?",World Geography,Ancient Civilization,World Religions,World Leaders,World Geography,,,text,80,8,true
World Geography,hard,Choose the most specific category for: World Geography.,World Geography,Artificial Intelligence,Algebra,World Continents,World Geography,,,text,80,8,true
World Geography,hard,"Most precise category for ""World Geography"" is:",Architecture,Agriculture,Algebra,World Geography,World Geography,,,text,80,8,true
World Geography,hard,Choose the most specific category for: World Geography.,World Leaders,World Continents,Algebra,World Geography,World Geography,,,text,80,8,true
World Geography,hard,"Which category is the closest match for the topic ""World Geography""?",World Continents,Algebra,Agriculture,World Geography,World Geography,,,text,80,8,true
World Geography,hard,"Most precise category for ""World Geography"" is:",World Religions,World Geography,Artificial Intelligence,World Leaders,World Geography,,,text,80,8,true
World Geography,hard,Select the category that most precisely fits: World Geography.,Algebra,World Geography,Agriculture,Ancient Civilization,World Geography,,,text,80,8,true
World Geography,hard,Identify the primary category for: World Geography.,World Geography,World Leaders,World Continents,Artificial Intelligence,World Geography,,,text,80,8,true
World Geography,hard,"Most precise category for ""World Geography"" is:",World Religions,Agriculture,Ancient Civilization,World Geography,World Geography,,,text,80,8,true
Indian History,easy,Identify the subject area: Indian History.,Artificial Intelligence,Indian History,Mobile Development,Aviation,Indian History,,,text,20,12,true
Indian History,easy,Which quiz category would include: Indian History?,Environmental Science,Indian History,Brands & Logos,Networking,Indian History,,,text,20,12,true
Indian History,easy,"Which category does the topic ""Indian History"" belong to?",Awards (Oscars),Mobile Development,Indian History,Calculus,Indian History,,,text,20,12,true
Indian History,easy,Identify the subject area: Indian History.,Indian History,Indian States,National Flags,Olympic Games,Indian History,,,text,20,12,true
Indian History,easy,"The topic ""Indian History"" best fits which category?",Environmental Science,Indian History,Internet History,Space Exploration,Indian History,,,text,20,12,true
Indian History,easy,"Which category does the topic ""Indian History"" belong to?",Physics,Architecture,Indian History,Political Science,Indian History,,,text,20,12,true
Indian History,easy,"The topic ""Indian History"" best fits which category?",Indian History,Cricket,Machine Learning,World Geography,Indian History,,,text,20,12,true
Indian History,easy,Identify the subject area: Indian History.,Robotics,Indian History,Social Media,Classic Literature,Indian History,,,text,20,12,true
Indian History,easy,Identify the subject area: Indian History.,Artificial Intelligence,Indian History,Calculus,Interior Design,Indian History,,,text,20,12,true
Indian History,easy,Pick the subject area that matches: Indian History.,Programming (Python),Music (Classical),Internet History,Indian History,Indian History,,,text,20,12,true
Indian History,easy,Which quiz category would include: Indian History?,World Geography,Interior Design,Indian History,Web Development,Indian History,,,text,20,12,true
Indian History,easy,Which category is the best match for: Indian History?,Indian History,Modern Literature,Machine Learning,Space Exploration,Indian History,,,text,20,12,true
Indian History,easy,Which category is the best match for: Indian History?,Music (Classical),Wildlife,Agriculture,Indian History,Indian History,,,text,20,12,true
Indian History,easy,Which quiz category would include: Indian History?,Mobile Development,Islands,Awards (Nobel),Indian History,Indian History,,,text,20,12,true
Indian History,easy,Which quiz category would include: Indian History?,Indian History,Gardening,Internet History,Logistics,Indian History,,,text,20,12,true
Indian History,easy,Select the correct quiz category for: Indian History.,Marketing,Indian History,Oceans & Seas,Stock Market,Indian History,,,text,20,12,true
Indian History,easy,"The topic ""Indian History"" best fits which category?",World Religions,Indian History,Algebra,Brands & Logos,Indian History,,,text,20,12,true
Indian History,easy,Identify the subject area: Indian History.,Automobiles,Indian History,Blockchain,Indian States,Indian History,,,text,20,12,true
Indian History,medium,"Which field does the topic ""Indian History"" fall under?",Ancient Civilization,Modern History,Automobiles,Indian History,Indian History,,,text,40,10,true
Indian History,medium,Choose the most accurate category for the topic: Indian History.,Modern History,Architecture,Indian History,Agriculture,Indian History,,,text,40,10,true
Indian History,medium,Which category would most likely include questions on Indian History?,Algebra,Indian History,Astronomy,Modern History,Indian History,,,text,40,10,true
Indian History,medium,Which category would most likely include questions on Indian History?,Automobiles,Indian History,Indian States,Mythology (Indian),Indian History,,,text,40,10,true
Indian History,medium,Which category is most closely related to: Indian History?,Internet History,Indian History,Agriculture,Astronomy,Indian History,,,text,40,10,true
Indian History,medium,"Which subject area most closely matches the topic ""Indian History""?",Indian History,Modern History,Aviation,Astronomy,Indian History,,,text,40,10,true
Indian History,medium,Pick the best category for this quiz topic: Indian History.,Indian History,Architecture,Indian States,Automobiles,Indian History,,,text,40,10,true
Indian History,medium,Choose the most accurate category for the topic: Indian History.,Indian History,Internet History,Astronomy,Agriculture,Indian History,,,text,40,10,true
Indian History,medium,Which category would most likely include questions on Indian History?,Indian States,Architecture,Artificial Intelligence,Indian History,Indian History,,,text,40,10,true
Indian History,medium,Select the most appropriate category for: Indian History.,Mythology (Indian),Astronomy,Automobiles,Indian History,Indian History,,,text,40,10,true
Indian History,medium,Choose the most accurate category for the topic: Indian History.,Artificial Intelligence,Modern History,Indian States,Indian History,Indian History,,,text,40,10,true
Indian History,medium,Choose the most accurate category for the topic: Indian History.,Modern History,Indian States,Indian History,Ancient Civilization,Indian History,,,text,40,10,true
Indian History,medium,Which category would most likely include questions on Indian History?,Ancient Civilization,Indian History,Aviation,Architecture,Indian History,,,text,40,10,true
Indian History,medium,"Best-fit category for ""Indian History"" is:",Ancient Civilization,Indian History,Internet History,Architecture,Indian History,,,text,40,10,true
Indian History,medium,Choose the most accurate category for the topic: Indian History.,Automobiles,Artificial Intelligence,Indian History,Ancient Civilization,Indian History,,,text,40,10,true
Indian History,medium,"Which subject area most closely matches the topic ""Indian History""?",Internet History,Algebra,Indian History,Indian States,Indian History,,,text,40,10,true
Indian History,medium,Pick the best category for this quiz topic: Indian History.,Architecture,Indian History,Mythology (Indian),Automobiles,Indian History,,,text,40,10,true
Indian History,medium,"Which field does the topic ""Indian History"" fall under?",Mythology (Indian),Astronomy,Ancient Civilization,Indian History,Indian History,,,text,40,10,true
Indian History,hard,Which subject is the correct classification for: Indian History?,Indian History,Indian States,Internet History,Algebra,Indian History,,,text,80,8,true
Indian History,hard,Which subject is the correct classification for: Indian History?,Indian History,Algebra,Ancient Civilization,Internet History,Indian History,,,text,80,8,true
Indian History,hard,Select the category that most precisely fits: Indian History.,Mythology (Indian),Internet History,Indian History,Algebra,Indian History,,,text,80,8,true
Indian History,hard,Identify the primary category for: Indian History.,Indian States,Agriculture,Internet History,Indian History,Indian History,,,text,80,8,true
Indian History,hard,Identify the primary category for: Indian History.,Internet History,Indian History,Ancient Civilization,Architecture,Indian History,,,text,80,8,true
Indian History,hard,Pick the category that most accurately represents: Indian History.,Architecture,Modern History,Indian History,Ancient Civilization,Indian History,,,text,80,8,true
Indian History,hard,"Most precise category for ""Indian History"" is:",Indian History,Indian States,Architecture,Internet History,Indian History,,,text,80,8,true
Indian History,hard,Pick the category that most accurately represents: Indian History.,Indian History,Mythology (Indian),Architecture,Ancient Civilization,Indian History,,,text,80,8,true
Indian History,hard,Which subject is the correct classification for: Indian History?,Ancient Civilization,Indian States,Architecture,Indian History,Indian History,,,text,80,8,true
Indian History,hard,"Which category is the closest match for the topic ""Indian History""?",Agriculture,Ancient Civilization,Internet History,Indian History,Indian History,,,text,80,8,true
Indian History,hard,"Which category is the closest match for the topic ""Indian History""?",Ancient Civilization,Agriculture,Mythology (Indian),Indian History,Indian History,,,text,80,8,true
Indian History,hard,Which subject is the correct classification for: Indian History?,Indian History,Mythology (Indian),Internet History,Ancient Civilization,Indian History,,,text,80,8,true
Indian History,hard,"Most precise category for ""Indian History"" is:",Agriculture,Ancient Civilization,Indian History,Mythology (Indian),Indian History,,,text,80,8,true
Indian History,hard,Choose the most specific category for: Indian History.,Internet History,Agriculture,Ancient Civilization,Indian History,Indian History,,,text,80,8,true
Indian History,hard,Which subject is the correct classification for: Indian History?,Ancient Civilization,Algebra,Indian History,Internet History,Indian History,,,text,80,8,true
Indian History,hard,Select the category that most precisely fits: Indian History.,Mythology (Indian),Architecture,Indian History,Algebra,Indian History,,,text,80,8,true
Indian History,hard,Select the category that most precisely fits: Indian History.,Mythology (Indian),Algebra,Indian History,Modern History,Indian History,,,text,80,8,true
Indian History,hard,"Which category is the closest match for the topic ""Indian History""?",Mythology (Indian),Indian History,Internet History,Modern History,Indian History,,,text,80,8,true
Indian History,hard,Pick the category that most accurately represents: Indian History.,Indian History,Mythology (Indian),Modern History,Agriculture,Indian History,,,text,80,8,true
Indian History,hard,"Which category is the closest match for the topic ""Indian History""?",Architecture,Indian States,Agriculture,Indian History,Indian History,,,text,80,8,true
Indian History,hard,Choose the most specific category for: Indian History.,Indian History,Ancient Civilization,Modern History,Algebra,Indian History,,,text,80,8,true
Indian History,hard,Identify the primary category for: Indian History.,Modern History,Indian History,Mythology (Indian),Algebra,Indian History,,,text,80,8,true
Indian History,hard,Pick the category that most accurately represents: Indian History.,Architecture,Algebra,Indian States,Indian History,Indian History,,,text,80,8,true
Indian History,hard,"Which category is the best fit for the topic ""Indian History""?",Indian History,Algebra,Modern History,Mythology (Indian),Indian History,,,text,80,8,true
Ancient Civilization,easy,Select the correct quiz category for: Ancient Civilization.,Economics,Web Development,Ancient Civilization,Modern Literature,Ancient Civilization,,,text,20,12,true
Ancient Civilization,easy,Which quiz category would include: Ancient Civilization?,Deserts,Ancient Civilization,Gardening,English Grammar,Ancient Civilization,,,text,20,12,true
Ancient Civilization,easy,Select the correct quiz category for: Ancient Civilization.,Cricket,Indian History,Ancient Civilization,Inventions & Discoveries,Ancient Civilization,,,text,20,12,true
Ancient Civilization,easy,Which quiz category would include: Ancient Civilization?,Ancient Civilization,Modern Literature,Awards (Nobel),Currencies,Ancient Civilization,,,text,20,12,true
Ancient Civilization,easy,Identify the subject area: Ancient Civilization.,Comic Books,Logistics,Architecture,Ancient Civilization,Ancient Civilization,,,text,20,12,true
Ancient Civilization,easy,Which quiz category would include: Ancient Civilization?,Ancient Civilization,World Continents,Modern History,Physics,Ancient Civilization,,,text,20,12,true
Ancient Civilization,easy,Pick the subject area that matches: Ancient Civilization.,Ancient Civilization,Oceans & Seas,Algebra,Programming (Java),Ancient Civilization,,,text,20,12,true
Ancient Civilization,easy,Pick the subject area that matches: Ancient Civilization.,Mountains & Peaks,Famous Personalities,Ancient Civilization,Gadgets,Ancient Civilization,,,text,20,12,true
Ancient Civilization,easy,"The topic ""Ancient Civilization"" best fits which category?",National Flags,Ancient Civilization,Climate Change,Wildlife,Ancient Civilization,,,text,20,12,true
Ancient Civilization,easy,Select the correct quiz category for: Ancient Civilization.,Modern Literature,Currencies,Pharmacology,Ancient Civilization,Ancient Civilization,,,text,20,12,true
Ancient Civilization,easy,"Which category does the topic ""Ancient Civilization"" belong to?",Ancient Civilization,Cyber Security,Automobiles,National Flags,Ancient Civilization,,,text,20,12,true
Ancient Civilization,easy,"The topic ""Ancient Civilization"" best fits which category?",World Continents,Sociology,Internet History,Ancient Civilization,Ancient Civilization,,,text,20,12,true
Ancient Civilization,easy,Which category is the best match for: Ancient Civilization?,Ancient Civilization,Finance,Physics,Famous Personalities,Ancient Civilization,,,text,20,12,true
Ancient Civilization,easy,Which quiz category would include: Ancient Civilization?,Ancient Civilization,Poetry,Modern Literature,Indian States,Ancient Civilization,,,text,20,12,true
Ancient Civilization,easy,Select the correct quiz category for: Ancient Civilization.,Deserts,Awards (Nobel),Ancient Civilization,Islands,Ancient Civilization,,,text,20,12,true
Ancient Civilization,easy,"Which category does the topic ""Ancient Civilization"" belong to?",Photography,Economics,Ancient Civilization,Movies (Hollywood),Ancient Civilization,,,text,20,12,true
Ancient Civilization,easy,Which category is the best match for: Ancient Civilization?,Ancient Civilization,Deserts,Machine Learning,Inventions & Discoveries,Ancient Civilization,,,text,20,12,true
Ancient Civilization,easy,Identify the subject area: Ancient Civilization.,Ancient Civilization,Political Science,Networking,Architecture,Ancient Civilization,,,text,20,12,true
Ancient Civilization,medium,Which category would most likely include questions on Ancient Civilization?,Ancient Civilization,Biology,Artificial Intelligence,Algebra,Ancient Civilization,,,text,40,10,true
Ancient Civilization,medium,"Which subject area most closely matches the topic ""Ancient Civilization""?",Awards (Oscars),Basketball,Blockchain,Ancient Civilization,Ancient Civilization,,,text,40,10,true
Ancient Civilization,medium,Pick the best category for this quiz topic: Ancient Civilization.,Awards (Oscars),Basketball,Awards (Nobel),Ancient Civilization,Ancient Civilization,,,text,40,10,true
Ancient Civilization,medium,Choose the most accurate category for the topic: Ancient Civilization.,Biology,Algebra,Ancient Civilization,Agriculture,Ancient Civilization,,,text,40,10,true
Ancient Civilization,medium,Select the most appropriate category for: Ancient Civilization.,Architecture,Biology,Ancient Civilization,Agriculture,Ancient Civilization,,,text,40,10,true
Ancient Civilization,medium,Select the most appropriate category for: Ancient Civilization.,Automobiles,Basketball,Awards (Oscars),Ancient Civilization,Ancient Civilization,,,text,40,10,true
Ancient Civilization,medium,Select the most appropriate category for: Ancient Civilization.,Astronomy,Awards (Oscars),Ancient Civilization,Agriculture,Ancient Civilization,,,text,40,10,true
Ancient Civilization,medium,Select the most appropriate category for: Ancient Civilization.,Ancient Civilization,Aviation,Biology,Basketball,Ancient Civilization,,,text,40,10,true
Ancient Civilization,medium,"Which field does the topic ""Ancient Civilization"" fall under?",Astronomy,Ancient Civilization,Agriculture,Awards (Oscars),Ancient Civilization,,,text,40,10,true
Ancient Civilization,medium,Select the most appropriate category for: Ancient Civilization.,Astronomy,Artificial Intelligence,Automobiles,Ancient Civilization,Ancient Civilization,,,text,40,10,true
Ancient Civilization,medium,Which category is most closely related to: Ancient Civilization?,Awards (Oscars),Basketball,Architecture,Ancient Civilization,Ancient Civilization,,,text,40,10,true
Ancient Civilization,medium,Which category would most likely include questions on Ancient Civilization?,Ancient Civilization,Awards (Nobel),Biology,Artificial Intelligence,Ancient Civilization,,,text,40,10,true
Ancient Civilization,medium,"Which subject area most closely matches the topic ""Ancient Civilization""?",Basketball,Agriculture,Aviation,Ancient Civilization,Ancient Civilization,,,text,40,10,true
Ancient Civilization,medium,Choose the most accurate category for the topic: Ancient Civilization.,Awards (Nobel),Artificial Intelligence,Ancient Civilization,Algebra,Ancient Civilization,,,text,40,10,true
Ancient Civilization,medium,Which category would most likely include questions on Ancient Civilization?,Ancient Civilization,Agriculture,Architecture,Biology,Ancient Civilization,,,text,40,10,true
Ancient Civilization,medium,"Which field does the topic ""Ancient Civilization"" fall under?",Ancient Civilization,Automobiles,Algebra,Architecture,Ancient Civilization,,,text,40,10,true
Ancient Civilization,medium,Which category would most likely include questions on Ancient Civilization?,Aviation,Ancient Civilization,Awards (Oscars),Astronomy,Ancient Civilization,,,text,40,10,true
Ancient Civilization,medium,"Best-fit category for ""Ancient Civilization"" is:",Astronomy,Agriculture,Biology,Ancient Civilization,Ancient Civilization,,,text,40,10,true
Ancient Civilization,hard,Select the category that most precisely fits: Ancient Civilization.,Astronomy,Automobiles,Awards (Nobel),Ancient Civilization,Ancient Civilization,,,text,80,8,true
Ancient Civilization,hard,Choose the most specific category for: Ancient Civilization.,Automobiles,Ancient Civilization,Agriculture,Artificial Intelligence,Ancient Civilization,,,text,80,8,true
Ancient Civilization,hard,Choose the most specific category for: Ancient Civilization.,Agriculture,Awards (Nobel),Astronomy,Ancient Civilization,Ancient Civilization,,,text,80,8,true
Ancient Civilization,hard,"Most precise category for ""Ancient Civilization"" is:",Automobiles,Aviation,Architecture,Ancient Civilization,Ancient Civilization,,,text,80,8,true
Ancient Civilization,hard,Identify the primary category for: Ancient Civilization.,Agriculture,Awards (Nobel),Ancient Civilization,Automobiles,Ancient Civilization,,,text,80,8,true
Ancient Civilization,hard,Choose the most specific category for: Ancient Civilization.,Ancient Civilization,Automobiles,Agriculture,Awards (Nobel),Ancient Civilization,,,text,80,8,true
Ancient Civilization,hard,"Most precise category for ""Ancient Civilization"" is:",Artificial Intelligence,Automobiles,Algebra,Ancient Civilization,Ancient Civilization,,,text,80,8,true
Ancient Civilization,hard,"Which category is the closest match for the topic ""Ancient Civilization""?",Astronomy,Ancient Civilization,Automobiles,Agriculture,Ancient Civilization,,,text,80,8,true
Ancient Civilization,hard,Select the category that most precisely fits: Ancient Civilization.,Algebra,Architecture,Ancient Civilization,Aviation,Ancient Civilization,,,text,80,8,true
Ancient Civilization,hard,"Which category is the best fit for the topic ""Ancient Civilization""?",Algebra,Astronomy,Agriculture,Ancient Civilization,Ancient Civilization,,,text,80,8,true
Ancient Civilization,hard,Select the category that most precisely fits: Ancient Civilization.,Ancient Civilization,Artificial Intelligence,Awards (Nobel),Astronomy,Ancient Civilization,,,text,80,8,true
Ancient Civilization,hard,"Most precise category for ""Ancient Civilization"" is:",Awards (Nobel),Algebra,Ancient Civilization,Artificial Intelligence,Ancient Civilization,,,text,80,8,true
Ancient Civilization,hard,Select the category that most precisely fits: Ancient Civilization.,Astronomy,Ancient Civilization,Agriculture,Architecture,Ancient Civilization,,,text,80,8,true
Ancient Civilization,hard,Select the category that most precisely fits: Ancient Civilization.,Architecture,Algebra,Ancient Civilization,Awards (Nobel),Ancient Civilization,,,text,80,8,true
Ancient Civilization,hard,Select the category that most precisely fits: Ancient Civilization.,Algebra,Architecture,Artificial Intelligence,Ancient Civilization,Ancient Civilization,,,text,80,8,true
Ancient Civilization,hard,Identify the primary category for: Ancient Civilization.,Artificial Intelligence,Awards (Nobel),Ancient Civilization,Automobiles,Ancient Civilization,,,text,80,8,true
Ancient Civilization,hard,"Which category is the closest match for the topic ""Ancient Civilization""?",Automobiles,Artificial Intelligence,Ancient Civilization,Astronomy,Ancient Civilization,,,text,80,8,true
Ancient Civilization,hard,Choose the most specific category for: Ancient Civilization.,Aviation,Ancient Civilization,Automobiles,Agriculture,Ancient Civilization,,,text,80,8,true
Ancient Civilization,hard,"Most precise category for ""Ancient Civilization"" is:",Algebra,Ancient Civilization,Astronomy,Awards (Nobel),Ancient Civilization,,,text,80,8,true
Ancient Civilization,hard,Choose the most specific category for: Ancient Civilization.,Architecture,Ancient Civilization,Awards (Nobel),Agriculture,Ancient Civilization,,,text,80,8,true
Ancient Civilization,hard,Identify the primary category for: Ancient Civilization.,Ancient Civilization,Architecture,Agriculture,Awards (Nobel),Ancient Civilization,,,text,80,8,true
Ancient Civilization,hard,"Which category is the best fit for the topic ""Ancient Civilization""?",Awards (Nobel),Aviation,Ancient Civilization,Astronomy,Ancient Civilization,,,text,80,8,true
Ancient Civilization,hard,Which subject is the correct classification for: Ancient Civilization?,Algebra,Automobiles,Ancient Civilization,Agriculture,Ancient Civilization,,,text,80,8,true
Ancient Civilization,hard,"Which category is the best fit for the topic ""Ancient Civilization""?",Artificial Intelligence,Automobiles,Aviation,Ancient Civilization,Ancient Civilization,,,text,80,8,true
Modern History,easy,Select the correct quiz category for: Modern History.,Modern History,Modern Literature,Tennis,Business Tycoons,Modern History,,,text,20,12,true
Modern History,easy,"The topic ""Modern History"" best fits which category?",Awards (Nobel),Mobile Development,Movies (Hollywood),Modern History,Modern History,,,text,20,12,true
Modern History,easy,Select the correct quiz category for: Modern History.,Geometry,Modern History,Agriculture,Oceans & Seas,Modern History,,,text,20,12,true
Modern History,easy,Pick the subject area that matches: Modern History.,World Geography,English Grammar,Modern History,Environmental Science,Modern History,,,text,20,12,true
Modern History,easy,Identify the subject area: Modern History.,Modern History,Mythology (Indian),Artificial Intelligence,Music (Classical),Modern History,,,text,20,12,true
Modern History,easy,Which quiz category would include: Modern History?,Computer Science,Marketing,Modern History,Comic Books,Modern History,,,text,20,12,true
Modern History,easy,Identify the subject area: Modern History.,Philosophy,Finance,Modern History,Environmental Science,Modern History,,,text,20,12,true
Modern History,easy,Identify the subject area: Modern History.,Modern History,Gaming,Aviation,Gardening,Modern History,,,text,20,12,true
Modern History,easy,Pick the subject area that matches: Modern History.,Mountains & Peaks,Medicine,Modern History,Movies (Bollywood),Modern History,,,text,20,12,true
Modern History,easy,Which category is the best match for: Modern History?,Poetry,Modern History,Classic Literature,Basketball,Modern History,,,text,20,12,true
Modern History,easy,"The topic ""Modern History"" best fits which category?",World Religions,Tennis,Mobile Development,Modern History,Modern History,,,text,20,12,true
Modern History,easy,Pick the subject area that matches: Modern History.,Interior Design,Agriculture,Awards (Nobel),Modern History,Modern History,,,text,20,12,true
Modern History,easy,"Choose the category that best matches ""Modern History"".",Modern History,E-commerce,World Religions,Trigonometry,Modern History,,,text,20,12,true
Modern History,easy,Pick the subject area that matches: Modern History.,Calculus,Modern History,Oceans & Seas,Famous Personalities,Modern History,,,text,20,12,true
Modern History,easy,"The topic ""Modern History"" best fits which category?",Modern History,Geometry,Environmental Science,Inventions & Discoveries,Modern History,,,text,20,12,true
Modern History,easy,"The topic ""Modern History"" best fits which category?",Modern History,Social Media,Indian States,Climate Change,Modern History,,,text,20,12,true
Modern History,easy,Identify the subject area: Modern History.,Indian History,Modern History,Programming (Java),Geometry,Modern History,,,text,20,12,true
Modern History,easy,Which quiz category would include: Modern History?,Deserts,Economics,World Religions,Modern History,Modern History,,,text,20,12,true
Modern History,medium,Which category would most likely include questions on Modern History?,Ancient Civilization,Modern Literature,Architecture,Modern History,Modern History,,,text,40,10,true
Modern History,medium,"Which subject area most closely matches the topic ""Modern History""?",Astronomy,Architecture,Modern History,Internet History,Modern History,,,text,40,10,true
Modern History,medium,"Which subject area most closely matches the topic ""Modern History""?",Algebra,Modern History,Architecture,Agriculture,Modern History,,,text,40,10,true
Modern History,medium,Select the most appropriate category for: Modern History.,Modern History,Internet History,Ancient Civilization,Agriculture,Modern History,,,text,40,10,true
Modern History,medium,"Which subject area most closely matches the topic ""Modern History""?",Automobiles,Awards (Nobel),Modern History,Modern Literature,Modern History,,,text,40,10,true
Modern History,medium,Which category is most closely related to: Modern History?,Modern History,Awards (Nobel),Internet History,Agriculture,Modern History,,,text,40,10,true
Modern History,medium,"Which subject area most closely matches the topic ""Modern History""?",Modern History,Artificial Intelligence,Automobiles,Aviation,Modern History,,,text,40,10,true
Modern History,medium,"Which field does the topic ""Modern History"" fall under?",Modern Literature,Modern History,Aviation,Indian History,Modern History,,,text,40,10,true
Modern History,medium,Which category would most likely include questions on Modern History?,Algebra,Artificial Intelligence,Agriculture,Modern History,Modern History,,,text,40,10,true
Modern History,medium,"Which field does the topic ""Modern History"" fall under?",Algebra,Artificial Intelligence,Astronomy,Modern History,Modern History,,,text,40,10,true
Modern History,medium,Select the most appropriate category for: Modern History.,Modern Literature,Modern History,Indian History,Awards (Nobel),Modern History,,,text,40,10,true
Modern History,medium,"Which field does the topic ""Modern History"" fall under?",Modern History,Artificial Intelligence,Architecture,Indian History,Modern History,,,text,40,10,true
Modern History,medium,Which category would most likely include questions on Modern History?,Astronomy,Agriculture,Modern History,Automobiles,Modern History,,,text,40,10,true
Modern History,medium,"Which field does the topic ""Modern History"" fall under?",Agriculture,Indian History,Internet History,Modern History,Modern History,,,text,40,10,true
Modern History,medium,"Best-fit category for ""Modern History"" is:",Automobiles,Internet History,Artificial Intelligence,Modern History,Modern History,,,text,40,10,true
Modern History,medium,Pick the best category for this quiz topic: Modern History.,Algebra,Agriculture,Ancient Civilization,Modern History,Modern History,,,text,40,10,true
Modern History,medium,Pick the best category for this quiz topic: Modern History.,Awards (Nobel),Architecture,Internet History,Modern History,Modern History,,,text,40,10,true
Modern History,medium,"Which subject area most closely matches the topic ""Modern History""?",Modern History,Awards (Nobel),Automobiles,Agriculture,Modern History,,,text,40,10,true
Modern History,hard,Which subject is the correct classification for: Modern History?,Modern History,Algebra,Indian History,Modern Literature,Modern History,,,text,80,8,true
Modern History,hard,Pick the category that most accurately represents: Modern History.,Architecture,Internet History,Modern History,Agriculture,Modern History,,,text,80,8,true
Modern History,hard,Identify the primary category for: Modern History.,Artificial Intelligence,Ancient Civilization,Agriculture,Modern History,Modern History,,,text,80,8,true
Modern History,hard,"Which category is the best fit for the topic ""Modern History""?",Modern Literature,Indian History,Algebra,Modern History,Modern History,,,text,80,8,true
Modern History,hard,"Which category is the best fit for the topic ""Modern History""?",Modern Literature,Internet History,Modern History,Agriculture,Modern History,,,text,80,8,true
Modern History,hard,"Most precise category for ""Modern History"" is:",Architecture,Internet History,Modern History,Modern Literature,Modern History,,,text,80,8,true
Modern History,hard,"Most precise category for ""Modern History"" is:",Agriculture,Ancient Civilization,Architecture,Modern History,Modern History,,,text,80,8,true
Modern History,hard,Select the category that most precisely fits: Modern History.,Modern History,Modern Literature,Internet History,Algebra,Modern History,,,text,80,8,true
Modern History,hard,Choose the most specific category for: Modern History.,Indian History,Agriculture,Internet History,Modern History,Modern History,,,text,80,8,true
Modern History,hard,"Most precise category for ""Modern History"" is:",Internet History,Architecture,Modern Literature,Modern History,Modern History,,,text,80,8,true
Modern History,hard,"Which category is the best fit for the topic ""Modern History""?",Modern History,Artificial Intelligence,Indian History,Architecture,Modern History,,,text,80,8,true
Modern History,hard,Identify the primary category for: Modern History.,Internet History,Indian History,Modern History,Artificial Intelligence,Modern History,,,text,80,8,true
Modern History,hard,Identify the primary category for: Modern History.,Internet History,Agriculture,Architecture,Modern History,Modern History,,,text,80,8,true
Modern History,hard,Select the category that most precisely fits: Modern History.,Algebra,Artificial Intelligence,Modern History,Ancient Civilization,Modern History,,,text,80,8,true
Modern History,hard,Select the category that most precisely fits: Modern History.,Internet History,Architecture,Artificial Intelligence,Modern History,Modern History,,,text,80,8,true
Modern History,hard,Choose the most specific category for: Modern History.,Ancient Civilization,Agriculture,Modern Literature,Modern History,Modern History,,,text,80,8,true
Modern History,hard,Which subject is the correct classification for: Modern History?,Algebra,Architecture,Artificial Intelligence,Modern History,Modern History,,,text,80,8,true
Modern History,hard,Choose the most specific category for: Modern History.,Modern History,Indian History,Algebra,Internet History,Modern History,,,text,80,8,true
Modern History,hard,Identify the primary category for: Modern History.,Agriculture,Architecture,Modern History,Artificial Intelligence,Modern History,,,text,80,8,true
Modern History,hard,"Which category is the best fit for the topic ""Modern History""?",Artificial Intelligence,Modern History,Internet History,Indian History,Modern History,,,text,80,8,true
Modern History,hard,"Most precise category for ""Modern History"" is:",Architecture,Algebra,Modern History,Modern Literature,Modern History,,,text,80,8,true
Modern History,hard,Which subject is the correct classification for: Modern History?,Ancient Civilization,Indian History,Modern History,Internet History,Modern History,,,text,80,8,true
Modern History,hard,Choose the most specific category for: Modern History.,Modern Literature,Modern History,Algebra,Indian History,Modern History,,,text,80,8,true
Modern History,hard,Which subject is the correct classification for: Modern History?,Artificial Intelligence,Modern History,Modern Literature,Architecture,Modern History,,,text,80,8,true
Physics,easy,"The topic ""Physics"" best fits which category?",Physics,Indian History,Football,Logistics,Physics,,,text,20,12,true
Physics,easy,Which quiz category would include: Physics?,Rivers & Lakes,Physics,Mathematics,Mythology (Norse),Physics,,,text,20,12,true
Physics,easy,Pick the subject area that matches: Physics.,Biology,Automobiles,Physics,Brands & Logos,Physics,,,text,20,12,true
Physics,easy,"Which category does the topic ""Physics"" belong to?",Rivers & Lakes,Physics,Economics,Gardening,Physics,,,text,20,12,true
Physics,easy,Pick the subject area that matches: Physics.,National Parks,Currencies,Physics,Chess,Physics,,,text,20,12,true
Physics,easy,Identify the subject area: Physics.,Football,Biology,Oceans & Seas,Physics,Physics,,,text,20,12,true
Physics,easy,"Choose the category that best matches ""Physics"".",Tennis,Artificial Intelligence,Poetry,Physics,Physics,,,text,20,12,true
Physics,easy,"The topic ""Physics"" best fits which category?",Biology,Modern Literature,Physics,Web Development,Physics,,,text,20,12,true
Physics,easy,Which category is the best match for: Physics?,Interior Design,Superheroes,Indian History,Physics,Physics,,,text,20,12,true
Physics,easy,Which category is the best match for: Physics?,Food & Cuisine,Music (Pop),Artificial Intelligence,Physics,Physics,,,text,20,12,true
Physics,easy,Pick the subject area that matches: Physics.,Physics,Fashion,Artificial Intelligence,Deserts,Physics,,,text,20,12,true
Physics,easy,Select the correct quiz category for: Physics.,Physics,Finance,Famous Personalities,Philosophy,Physics,,,text,20,12,true
Physics,easy,"Choose the category that best matches ""Physics"".",Olympic Games,Mythology (Norse),Physics,Medicine,Physics,,,text,20,12,true
Physics,easy,Pick the subject area that matches: Physics.,Physics,Human Anatomy,Languages,Superheroes,Physics,,,text,20,12,true
Physics,easy,Which quiz category would include: Physics?,Inventions & Discoveries,Physics,Modern Literature,Business Tycoons,Physics,,,text,20,12,true
Physics,easy,"The topic ""Physics"" best fits which category?",Networking,Movies (Hollywood),Physics,Business Tycoons,Physics,,,text,20,12,true
Physics,easy,"Choose the category that best matches ""Physics"".",Business Tycoons,Currencies,Physics,Movies (Hollywood),Physics,,,text,20,12,true
Physics,easy,Which category is the best match for: Physics?,Pharmacology,Comic Books,National Parks,Physics,Physics,,,text,20,12,true
Physics,medium,"Best-fit category for ""Physics"" is:",Physics,Biology,Astronomy,Artificial Intelligence,Physics,,,text,40,10,true
Physics,medium,Choose the most accurate category for the topic: Physics.,Physics,Automobiles,Ancient Civilization,Awards (Nobel),Physics,,,text,40,10,true
Physics,medium,Choose the most accurate category for the topic: Physics.,Architecture,Astronomy,Ancient Civilization,Physics,Physics,,,text,40,10,true
Physics,medium,"Which field does the topic ""Physics"" fall under?",Astronomy,Automobiles,Biology,Physics,Physics,,,text,40,10,true
Physics,medium,Select the most appropriate category for: Physics.,Algebra,Physics,Automobiles,Awards (Oscars),Physics,,,text,40,10,true
Physics,medium,Choose the most accurate category for the topic: Physics.,Astronomy,Awards (Nobel),Physics,Basketball,Physics,,,text,40,10,true
Physics,medium,"Which subject area most closely matches the topic ""Physics""?",Algebra,Physics,Awards (Nobel),Biology,Physics,,,text,40,10,true
Physics,medium,"Which field does the topic ""Physics"" fall under?",Awards (Nobel),Algebra,Astronomy,Physics,Physics,,,text,40,10,true
Physics,medium,"Best-fit category for ""Physics"" is:",Automobiles,Awards (Nobel),Astronomy,Physics,Physics,,,text,40,10,true
Physics,medium,"Best-fit category for ""Physics"" is:",Artificial Intelligence,Awards (Nobel),Physics,Astronomy,Physics,,,text,40,10,true
Physics,medium,Pick the best category for this quiz topic: Physics.,Basketball,Physics,Awards (Oscars),Architecture,Physics,,,text,40,10,true
Physics,medium,Choose the most accurate category for the topic: Physics.,Physics,Biology,Agriculture,Astronomy,Physics,,,text,40,10,true
Physics,medium,"Best-fit category for ""Physics"" is:",Ancient Civilization,Basketball,Artificial Intelligence,Physics,Physics,,,text,40,10,true
Physics,medium,"Which subject area most closely matches the topic ""Physics""?",Algebra,Astronomy,Automobiles,Physics,Physics,,,text,40,10,true
Physics,medium,Which category would most likely include questions on Physics?,Ancient Civilization,Biology,Physics,Agriculture,Physics,,,text,40,10,true
Physics,medium,"Which subject area most closely matches the topic ""Physics""?",Physics,Basketball,Awards (Nobel),Algebra,Physics,,,text,40,10,true
Physics,medium,Which category is most closely related to: Physics?,Ancient Civilization,Physics,Aviation,Astronomy,Physics,,,text,40,10,true
Physics,medium,Which category is most closely related to: Physics?,Physics,Awards (Nobel),Architecture,Awards (Oscars),Physics,,,text,40,10,true
Physics,hard,"Most precise category for ""Physics"" is:",Physics,Ancient Civilization,Algebra,Astronomy,Physics,,,text,80,8,true
Physics,hard,Choose the most specific category for: Physics.,Agriculture,Architecture,Ancient Civilization,Physics,Physics,,,text,80,8,true
Physics,hard,"Most precise category for ""Physics"" is:",Automobiles,Astronomy,Aviation,Physics,Physics,,,text,80,8,true
Physics,hard,"Which category is the best fit for the topic ""Physics""?",Astronomy,Aviation,Architecture,Physics,Physics,,,text,80,8,true
Physics,hard,Select the category that most precisely fits: Physics.,Architecture,Artificial Intelligence,Aviation,Physics,Physics,,,text,80,8,true
Physics,hard,"Most precise category for ""Physics"" is:",Physics,Automobiles,Aviation,Agriculture,Physics,,,text,80,8,true
Physics,hard,Choose the most specific category for: Physics.,Artificial Intelligence,Agriculture,Astronomy,Physics,Physics,,,text,80,8,true
Physics,hard,Select the category that most precisely fits: Physics.,Aviation,Physics,Automobiles,Ancient Civilization,Physics,,,text,80,8,true
Physics,hard,Which subject is the correct classification for: Physics?,Algebra,Agriculture,Artificial Intelligence,Physics,Physics,,,text,80,8,true
Physics,hard,Choose the most specific category for: Physics.,Algebra,Astronomy,Artificial Intelligence,Physics,Physics,,,text,80,8,true
Physics,hard,"Most precise category for ""Physics"" is:",Automobiles,Physics,Artificial Intelligence,Agriculture,Physics,,,text,80,8,true
Physics,hard,Which subject is the correct classification for: Physics?,Ancient Civilization,Architecture,Physics,Aviation,Physics,,,text,80,8,true
Physics,hard,Choose the most specific category for: Physics.,Architecture,Automobiles,Physics,Algebra,Physics,,,text,80,8,true
Physics,hard,Identify the primary category for: Physics.,Astronomy,Physics,Architecture,Ancient Civilization,Physics,,,text,80,8,true
Physics,hard,"Which category is the closest match for the topic ""Physics""?",Physics,Artificial Intelligence,Automobiles,Agriculture,Physics,,,text,80,8,true
Physics,hard,Select the category that most precisely fits: Physics.,Automobiles,Agriculture,Ancient Civilization,Physics,Physics,,,text,80,8,true
Physics,hard,Choose the most specific category for: Physics.,Ancient Civilization,Physics,Agriculture,Architecture,Physics,,,text,80,8,true
Physics,hard,Which subject is the correct classification for: Physics?,Aviation,Physics,Astronomy,Agriculture,Physics,,,text,80,8,true
Physics,hard,Identify the primary category for: Physics.,Physics,Agriculture,Architecture,Astronomy,Physics,,,text,80,8,true
Physics,hard,Identify the primary category for: Physics.,Agriculture,Physics,Automobiles,Algebra,Physics,,,text,80,8,true
Physics,hard,"Most precise category for ""Physics"" is:",Architecture,Aviation,Physics,Agriculture,Physics,,,text,80,8,true
Physics,hard,"Most precise category for ""Physics"" is:",Artificial Intelligence,Astronomy,Physics,Aviation,Physics,,,text,80,8,true
Physics,hard,Choose the most specific category for: Physics.,Algebra,Physics,Aviation,Agriculture,Physics,,,text,80,8,true
Physics,hard,Choose the most specific category for: Physics.,Ancient Civilization,Physics,Algebra,Architecture,Physics,,,text,80,8,true
Chemistry,easy,Select the correct quiz category for: Chemistry.,Political Science,Chemistry,Islands,Food & Cuisine,Chemistry,,,text,20,12,true
Chemistry,easy,Select the correct quiz category for: Chemistry.,Algebra,Automobiles,Chemistry,Environmental Science,Chemistry,,,text,20,12,true
Chemistry,easy,"Which category does the topic ""Chemistry"" belong to?",Comic Books,Superheroes,Chemistry,Poetry,Chemistry,,,text,20,12,true
Chemistry,easy,"The topic ""Chemistry"" best fits which category?",Chemistry,Architecture,Wildlife,National Flags,Chemistry,,,text,20,12,true
Chemistry,easy,"The topic ""Chemistry"" best fits which category?",Superheroes,Current Affairs,Chemistry,Gardening,Chemistry,,,text,20,12,true
Chemistry,easy,"The topic ""Chemistry"" best fits which category?",Chemistry,Programming (Java),Music (Classical),Basketball,Chemistry,,,text,20,12,true
Chemistry,easy,Which category is the best match for: Chemistry?,Chemistry,Environmental Science,Gaming,Tennis,Chemistry,,,text,20,12,true
Chemistry,easy,"The topic ""Chemistry"" best fits which category?",Mountains & Peaks,Superheroes,National Parks,Chemistry,Chemistry,,,text,20,12,true
Chemistry,easy,Select the correct quiz category for: Chemistry.,Marketing,Interior Design,Chemistry,Photography,Chemistry,,,text,20,12,true
Chemistry,easy,Which category is the best match for: Chemistry?,Environmental Science,Chemistry,Marketing,Wildlife,Chemistry,,,text,20,12,true
Chemistry,easy,"Choose the category that best matches ""Chemistry"".",Mythology (Greek),Chemistry,Wildlife,Architecture,Chemistry,,,text,20,12,true
Chemistry,easy,"Which category does the topic ""Chemistry"" belong to?",Chemistry,Agriculture,Marketing,Modern History,Chemistry,,,text,20,12,true
Chemistry,easy,Identify the subject area: Chemistry.,Robotics,Chemistry,Medicine,Mythology (Norse),Chemistry,,,text,20,12,true
Chemistry,easy,"Which category does the topic ""Chemistry"" belong to?",Chemistry,Movies (Hollywood),Rivers & Lakes,Currencies,Chemistry,,,text,20,12,true
Chemistry,easy,"Which category does the topic ""Chemistry"" belong to?",Trigonometry,Languages,Chemistry,Currencies,Chemistry,,,text,20,12,true
Chemistry,easy,Pick the subject area that matches: Chemistry.,Cricket,Chemistry,Tennis,Computer Science,Chemistry,,,text,20,12,true
Chemistry,easy,Which quiz category would include: Chemistry?,Computer Science,Chemistry,Chess,Cricket,Chemistry,,,text,20,12,true
Chemistry,easy,Select the correct quiz category for: Chemistry.,Famous Personalities,Islands,Ancient Civilization,Chemistry,Chemistry,,,text,20,12,true
Chemistry,medium,"Best-fit category for ""Chemistry"" is:",Algebra,Astronomy,Chemistry,Architecture,Chemistry,,,text,40,10,true
Chemistry,medium,Which category is most closely related to: Chemistry?,Chemistry,Biology,Basketball,Architecture,Chemistry,,,text,40,10,true
Chemistry,medium,Select the most appropriate category for: Chemistry.,Artificial Intelligence,Chemistry,Algebra,Awards (Oscars),Chemistry,,,text,40,10,true
Chemistry,medium,Which category would most likely include questions on Chemistry?,Chemistry,Automobiles,Awards (Oscars),Agriculture,Chemistry,,,text,40,10,true
Chemistry,medium,Which category would most likely include questions on Chemistry?,Basketball,Chemistry,Biology,Awards (Nobel),Chemistry,,,text,40,10,true
Chemistry,medium,"Which field does the topic ""Chemistry"" fall under?",Chemistry,Basketball,Agriculture,Aviation,Chemistry,,,text,40,10,true
Chemistry,medium,Select the most appropriate category for: Chemistry.,Chemistry,Automobiles,Biology,Awards (Nobel),Chemistry,,,text,40,10,true
Chemistry,medium,Which category is most closely related to: Chemistry?,Architecture,Awards (Nobel),Chemistry,Ancient Civilization,Chemistry,,,text,40,10,true
Chemistry,medium,"Which subject area most closely matches the topic ""Chemistry""?",Architecture,Awards (Nobel),Astronomy,Chemistry,Chemistry,,,text,40,10,true
Chemistry,medium,Select the most appropriate category for: Chemistry.,Astronomy,Agriculture,Chemistry,Automobiles,Chemistry,,,text,40,10,true
Chemistry,medium,Which category would most likely include questions on Chemistry?,Agriculture,Architecture,Chemistry,Awards (Oscars),Chemistry,,,text,40,10,true
Chemistry,medium,"Best-fit category for ""Chemistry"" is:",Chemistry,Awards (Nobel),Astronomy,Awards (Oscars),Chemistry,,,text,40,10,true
Chemistry,medium,Which category would most likely include questions on Chemistry?,Ancient Civilization,Automobiles,Chemistry,Awards (Nobel),Chemistry,,,text,40,10,true
Chemistry,medium,"Best-fit category for ""Chemistry"" is:",Chemistry,Architecture,Automobiles,Biology,Chemistry,,,text,40,10,true
Chemistry,medium,"Best-fit category for ""Chemistry"" is:",Chemistry,Biology,Basketball,Aviation,Chemistry,,,text,40,10,true
Chemistry,medium,"Best-fit category for ""Chemistry"" is:",Chemistry,Automobiles,Awards (Oscars),Ancient Civilization,Chemistry,,,text,40,10,true
Chemistry,medium,Pick the best category for this quiz topic: Chemistry.,Basketball,Chemistry,Algebra,Biology,Chemistry,,,text,40,10,true
Chemistry,medium,Which category is most closely related to: Chemistry?,Architecture,Automobiles,Agriculture,Chemistry,Chemistry,,,text,40,10,true
Chemistry,hard,Choose the most specific category for: Chemistry.,Chemistry,Automobiles,Agriculture,Ancient Civilization,Chemistry,,,text,80,8,true
Chemistry,hard,Choose the most specific category for: Chemistry.,Ancient Civilization,Artificial Intelligence,Architecture,Chemistry,Chemistry,,,text,80,8,true
Chemistry,hard,"Most precise category for ""Chemistry"" is:",Ancient Civilization,Aviation,Chemistry,Agriculture,Chemistry,,,text,80,8,true
Chemistry,hard,"Most precise category for ""Chemistry"" is:",Automobiles,Chemistry,Aviation,Agriculture,Chemistry,,,text,80,8,true
Chemistry,hard,Choose the most specific category for: Chemistry.,Agriculture,Artificial Intelligence,Chemistry,Architecture,Chemistry,,,text,80,8,true
Chemistry,hard,Pick the category that most accurately represents: Chemistry.,Automobiles,Astronomy,Agriculture,Chemistry,Chemistry,,,text,80,8,true
Chemistry,hard,Which subject is the correct classification for: Chemistry?,Algebra,Ancient Civilization,Agriculture,Chemistry,Chemistry,,,text,80,8,true
Chemistry,hard,"Which category is the best fit for the topic ""Chemistry""?",Chemistry,Architecture,Agriculture,Algebra,Chemistry,,,text,80,8,true
Chemistry,hard,Which subject is the correct classification for: Chemistry?,Artificial Intelligence,Architecture,Chemistry,Astronomy,Chemistry,,,text,80,8,true
Chemistry,hard,Select the category that most precisely fits: Chemistry.,Architecture,Chemistry,Astronomy,Aviation,Chemistry,,,text,80,8,true
Chemistry,hard,"Which category is the closest match for the topic ""Chemistry""?",Chemistry,Automobiles,Artificial Intelligence,Agriculture,Chemistry,,,text,80,8,true
Chemistry,hard,Which subject is the correct classification for: Chemistry?,Astronomy,Chemistry,Artificial Intelligence,Algebra,Chemistry,,,text,80,8,true
Chemistry,hard,Identify the primary category for: Chemistry.,Automobiles,Aviation,Artificial Intelligence,Chemistry,Chemistry,,,text,80,8,true
Chemistry,hard,Which subject is the correct classification for: Chemistry?,Architecture,Astronomy,Agriculture,Chemistry,Chemistry,,,text,80,8,true
Chemistry,hard,"Most precise category for ""Chemistry"" is:",Architecture,Artificial Intelligence,Astronomy,Chemistry,Chemistry,,,text,80,8,true
Chemistry,hard,"Which category is the closest match for the topic ""Chemistry""?",Architecture,Aviation,Agriculture,Chemistry,Chemistry,,,text,80,8,true
Chemistry,hard,Select the category that most precisely fits: Chemistry.,Ancient Civilization,Chemistry,Artificial Intelligence,Algebra,Chemistry,,,text,80,8,true
Chemistry,hard,"Which category is the closest match for the topic ""Chemistry""?",Artificial Intelligence,Agriculture,Chemistry,Astronomy,Chemistry,,,text,80,8,true
Chemistry,hard,Pick the category that most accurately represents: Chemistry.,Architecture,Astronomy,Chemistry,Agriculture,Chemistry,,,text,80,8,true
Chemistry,hard,Identify the primary category for: Chemistry.,Agriculture,Chemistry,Aviation,Ancient Civilization,Chemistry,,,text,80,8,true
Chemistry,hard,"Most precise category for ""Chemistry"" is:",Automobiles,Chemistry,Artificial Intelligence,Aviation,Chemistry,,,text,80,8,true
Chemistry,hard,"Which category is the best fit for the topic ""Chemistry""?",Aviation,Algebra,Ancient Civilization,Chemistry,Chemistry,,,text,80,8,true
Chemistry,hard,"Most precise category for ""Chemistry"" is:",Astronomy,Algebra,Chemistry,Aviation,Chemistry,,,text,80,8,true
Chemistry,hard,"Which category is the best fit for the topic ""Chemistry""?",Automobiles,Algebra,Astronomy,Chemistry,Chemistry,,,text,80,8,true
Biology,easy,"Which category does the topic ""Biology"" belong to?",Psychology,Blockchain,Biology,Famous Personalities,Biology,,,text,20,12,true
Biology,easy,Which category is the best match for: Biology?,Biology,Rivers & Lakes,Economics,Algebra,Biology,,,text,20,12,true
Biology,easy,"Choose the category that best matches ""Biology"".",Cricket,National Flags,Psychology,Biology,Biology,,,text,20,12,true
Biology,easy,Select the correct quiz category for: Biology.,Mythology (Norse),Biology,World Religions,Machine Learning,Biology,,,text,20,12,true
Biology,easy,Pick the subject area that matches: Biology.,Wildlife,Rivers & Lakes,Biology,Geometry,Biology,,,text,20,12,true
Biology,easy,Pick the subject area that matches: Biology.,Climate Change,Social Media,Biology,Calculus,Biology,,,text,20,12,true
Biology,easy,"Choose the category that best matches ""Biology"".",Gadgets,Stock Market,Social Media,Biology,Biology,,,text,20,12,true
Biology,easy,Pick the subject area that matches: Biology.,Robotics,Biology,Sociology,Programming (Python),Biology,,,text,20,12,true
Biology,easy,"The topic ""Biology"" best fits which category?",Interior Design,Biology,Mobile Development,Artificial Intelligence,Biology,,,text,20,12,true
Biology,easy,Which quiz category would include: Biology?,Wildlife,Biology,English Grammar,Networking,Biology,,,text,20,12,true
Biology,easy,"Which category does the topic ""Biology"" belong to?",Biology,Awards (Nobel),Currencies,Movies (Bollywood),Biology,,,text,20,12,true
Biology,easy,Pick the subject area that matches: Biology.,Artificial Intelligence,Gardening,Painting & Art,Biology,Biology,,,text,20,12,true
Biology,easy,Select the correct quiz category for: Biology.,Mythology (Indian),Trigonometry,Biology,Economics,Biology,,,text,20,12,true
Biology,easy,Identify the subject area: Biology.,Philosophy,Indian History,Mythology (Norse),Biology,Biology,,,text,20,12,true
Biology,easy,Which quiz category would include: Biology?,Biology,Painting & Art,Sociology,Human Anatomy,Biology,,,text,20,12,true
Biology,easy,Which quiz category would include: Biology?,Biology,Basketball,Social Media,Stock Market,Biology,,,text,20,12,true
Biology,easy,"The topic ""Biology"" best fits which category?",Logistics,Biology,World Continents,Human Anatomy,Biology,,,text,20,12,true
Biology,easy,Which category is the best match for: Biology?,Biology,Stock Market,Islands,Chess,Biology,,,text,20,12,true
Biology,medium,Choose the most accurate category for the topic: Biology.,Ancient Civilization,Architecture,Biology,Awards (Oscars),Biology,,,text,40,10,true
Biology,medium,"Which subject area most closely matches the topic ""Biology""?",Ancient Civilization,Biology,Automobiles,Aviation,Biology,,,text,40,10,true
Biology,medium,"Best-fit category for ""Biology"" is:",Awards (Oscars),Biology,Aviation,Basketball,Biology,,,text,40,10,true
Biology,medium,Which category would most likely include questions on Biology?,Awards (Oscars),Agriculture,Algebra,Biology,Biology,,,text,40,10,true
Biology,medium,"Which subject area most closely matches the topic ""Biology""?",Astronomy,Biology,Agriculture,Basketball,Biology,,,text,40,10,true
Biology,medium,"Which field does the topic ""Biology"" fall under?",Artificial Intelligence,Automobiles,Biology,Ancient Civilization,Biology,,,text,40,10,true
Biology,medium,"Which field does the topic ""Biology"" fall under?",Architecture,Biology,Awards (Oscars),Automobiles,Biology,,,text,40,10,true
Biology,medium,Which category is most closely related to: Biology?,Agriculture,Awards (Nobel),Biology,Ancient Civilization,Biology,,,text,40,10,true
Biology,medium,Choose the most accurate category for the topic: Biology.,Blockchain,Biology,Artificial Intelligence,Astronomy,Biology,,,text,40,10,true
Biology,medium,Which category would most likely include questions on Biology?,Astronomy,Biology,Algebra,Basketball,Biology,,,text,40,10,true
Biology,medium,Choose the most accurate category for the topic: Biology.,Ancient Civilization,Biology,Awards (Oscars),Aviation,Biology,,,text,40,10,true
Biology,medium,Pick the best category for this quiz topic: Biology.,Astronomy,Ancient Civilization,Biology,Agriculture,Biology,,,text,40,10,true
Biology,medium,"Which subject area most closely matches the topic ""Biology""?",Automobiles,Awards (Nobel),Architecture,Biology,Biology,,,text,40,10,true
Biology,medium,"Which field does the topic ""Biology"" fall under?",Aviation,Biology,Blockchain,Automobiles,Biology,,,text,40,10,true
Biology,medium,"Best-fit category for ""Biology"" is:",Biology,Ancient Civilization,Awards (Nobel),Aviation,Biology,,,text,40,10,true
Biology,medium,Which category is most closely related to: Biology?,Agriculture,Biology,Awards (Oscars),Aviation,Biology,,,text,40,10,true
Biology,medium,"Which subject area most closely matches the topic ""Biology""?",Algebra,Biology,Automobiles,Ancient Civilization,Biology,,,text,40,10,true
Biology,medium,"Which field does the topic ""Biology"" fall under?",Agriculture,Awards (Oscars),Aviation,Biology,Biology,,,text,40,10,true
Biology,hard,"Which category is the closest match for the topic ""Biology""?",Agriculture,Aviation,Biology,Algebra,Biology,,,text,80,8,true
Biology,hard,Select the category that most precisely fits: Biology.,Astronomy,Ancient Civilization,Biology,Architecture,Biology,,,text,80,8,true
Biology,hard,Identify the primary category for: Biology.,Algebra,Biology,Ancient Civilization,Astronomy,Biology,,,text,80,8,true
Biology,hard,"Which category is the best fit for the topic ""Biology""?",Biology,Aviation,Artificial Intelligence,Astronomy,Biology,,,text,80,8,true
Biology,hard,"Most precise category for ""Biology"" is:",Biology,Artificial Intelligence,Aviation,Agriculture,Biology,,,text,80,8,true
Biology,hard,"Which category is the best fit for the topic ""Biology""?",Artificial Intelligence,Architecture,Biology,Automobiles,Biology,,,text,80,8,true
Biology,hard,Which subject is the correct classification for: Biology?,Biology,Aviation,Artificial Intelligence,Algebra,Biology,,,text,80,8,true
Biology,hard,"Most precise category for ""Biology"" is:",Algebra,Aviation,Biology,Astronomy,Biology,,,text,80,8,true
Biology,hard,Which subject is the correct classification for: Biology?,Biology,Astronomy,Algebra,Architecture,Biology,,,text,80,8,true
Biology,hard,"Which category is the closest match for the topic ""Biology""?",Ancient Civilization,Astronomy,Artificial Intelligence,Biology,Biology,,,text,80,8,true
Biology,hard,"Which category is the best fit for the topic ""Biology""?",Aviation,Biology,Architecture,Automobiles,Biology,,,text,80,8,true
Biology,hard,"Most precise category for ""Biology"" is:",Algebra,Astronomy,Artificial Intelligence,Biology,Biology,,,text,80,8,true
Biology,hard,Choose the most specific category for: Biology.,Artificial Intelligence,Agriculture,Biology,Astronomy,Biology,,,text,80,8,true
Biology,hard,"Most precise category for ""Biology"" is:",Aviation,Biology,Ancient Civilization,Algebra,Biology,,,text,80,8,true
Biology,hard,Which subject is the correct classification for: Biology?,Biology,Astronomy,Agriculture,Artificial Intelligence,Biology,,,text,80,8,true
Biology,hard,"Which category is the closest match for the topic ""Biology""?",Automobiles,Astronomy,Biology,Ancient Civilization,Biology,,,text,80,8,true
Biology,hard,Identify the primary category for: Biology.,Aviation,Biology,Astronomy,Artificial Intelligence,Biology,,,text,80,8,true
Biology,hard,Select the category that most precisely fits: Biology.,Astronomy,Biology,Architecture,Automobiles,Biology,,,text,80,8,true
Biology,hard,Which subject is the correct classification for: Biology?,Automobiles,Biology,Aviation,Architecture,Biology,,,text,80,8,true
Biology,hard,"Which category is the best fit for the topic ""Biology""?",Biology,Aviation,Agriculture,Ancient Civilization,Biology,,,text,80,8,true
Biology,hard,"Most precise category for ""Biology"" is:",Automobiles,Aviation,Biology,Ancient Civilization,Biology,,,text,80,8,true
Biology,hard,"Which category is the closest match for the topic ""Biology""?",Automobiles,Algebra,Ancient Civilization,Biology,Biology,,,text,80,8,true
Biology,hard,Identify the primary category for: Biology.,Biology,Aviation,Astronomy,Algebra,Biology,,,text,80,8,true
Biology,hard,"Which category is the closest match for the topic ""Biology""?",Biology,Astronomy,Aviation,Ancient Civilization,Biology,,,text,80,8,true
Human Anatomy,easy,Which category is the best match for: Human Anatomy?,Fashion,Human Anatomy,Music (Pop),Currencies,Human Anatomy,,,text,20,12,true
Human Anatomy,easy,"The topic ""Human Anatomy"" best fits which category?",Awards (Oscars),Psychology,Human Anatomy,Current Affairs,Human Anatomy,,,text,20,12,true
Human Anatomy,easy,Which category is the best match for: Human Anatomy?,Yoga & Health,Classic Literature,Sociology,Human Anatomy,Human Anatomy,,,text,20,12,true
Human Anatomy,easy,"The topic ""Human Anatomy"" best fits which category?",National Parks,Rivers & Lakes,Chess,Human Anatomy,Human Anatomy,,,text,20,12,true
Human Anatomy,easy,"The topic ""Human Anatomy"" best fits which category?",Space Exploration,Human Anatomy,Political Science,Inventions & Discoveries,Human Anatomy,,,text,20,12,true
Human Anatomy,easy,"The topic ""Human Anatomy"" best fits which category?",Internet History,Networking,Mythology (Indian),Human Anatomy,Human Anatomy,,,text,20,12,true
Human Anatomy,easy,"Which category does the topic ""Human Anatomy"" belong to?",E-commerce,Modern Literature,Deserts,Human Anatomy,Human Anatomy,,,text,20,12,true
Human Anatomy,easy,Which category is the best match for: Human Anatomy?,Agriculture,Mathematics,Human Anatomy,Ancient Civilization,Human Anatomy,,,text,20,12,true
Human Anatomy,easy,"The topic ""Human Anatomy"" best fits which category?",Business Tycoons,Gardening,Food & Cuisine,Human Anatomy,Human Anatomy,,,text,20,12,true
Human Anatomy,easy,Which quiz category would include: Human Anatomy?,Human Anatomy,Web Development,Rivers & Lakes,Deserts,Human Anatomy,,,text,20,12,true
Human Anatomy,easy,"Which category does the topic ""Human Anatomy"" belong to?",Interior Design,Human Anatomy,Chess,Agriculture,Human Anatomy,,,text,20,12,true
Human Anatomy,easy,"Which category does the topic ""Human Anatomy"" belong to?",Human Anatomy,Pharmacology,Mythology (Norse),Music (Pop),Human Anatomy,,,text,20,12,true
Human Anatomy,easy,"Which category does the topic ""Human Anatomy"" belong to?",Mythology (Greek),Mobile Development,Logistics,Human Anatomy,Human Anatomy,,,text,20,12,true
Human Anatomy,easy,Which category is the best match for: Human Anatomy?,Inventions & Discoveries,Human Anatomy,Marketing,Computer Science,Human Anatomy,,,text,20,12,true
Human Anatomy,easy,Pick the subject area that matches: Human Anatomy.,Modern Literature,Human Anatomy,Programming (Python),Poetry,Human Anatomy,,,text,20,12,true
Human Anatomy,easy,Which category is the best match for: Human Anatomy?,Human Anatomy,Space Exploration,Mythology (Greek),Medicine,Human Anatomy,,,text,20,12,true
Human Anatomy,easy,Pick the subject area that matches: Human Anatomy.,Artificial Intelligence,Human Anatomy,Chemistry,Poetry,Human Anatomy,,,text,20,12,true
Human Anatomy,easy,Select the correct quiz category for: Human Anatomy.,Internet History,Computer Science,World Continents,Human Anatomy,Human Anatomy,,,text,20,12,true
Human Anatomy,medium,Choose the most accurate category for the topic: Human Anatomy.,Ancient Civilization,Human Anatomy,Aviation,Agriculture,Human Anatomy,,,text,40,10,true
Human Anatomy,medium,Select the most appropriate category for: Human Anatomy.,Biology,Human Anatomy,Ancient Civilization,Awards (Oscars),Human Anatomy,,,text,40,10,true
Human Anatomy,medium,"Which field does the topic ""Human Anatomy"" fall under?",Architecture,Awards (Oscars),Ancient Civilization,Human Anatomy,Human Anatomy,,,text,40,10,true
Human Anatomy,medium,"Which subject area most closely matches the topic ""Human Anatomy""?",Basketball,Astronomy,Human Anatomy,Automobiles,Human Anatomy,,,text,40,10,true
Human Anatomy,medium,Pick the best category for this quiz topic: Human Anatomy.,Awards (Nobel),Artificial Intelligence,Human Anatomy,Automobiles,Human Anatomy,,,text,40,10,true
Human Anatomy,medium,"Which field does the topic ""Human Anatomy"" fall under?",Human Anatomy,Awards (Oscars),Basketball,Biology,Human Anatomy,,,text,40,10,true
Human Anatomy,medium,Pick the best category for this quiz topic: Human Anatomy.,Human Anatomy,Ancient Civilization,Biology,Automobiles,Human Anatomy,,,text,40,10,true
Human Anatomy,medium,Choose the most accurate category for the topic: Human Anatomy.,Human Anatomy,Aviation,Awards (Oscars),Automobiles,Human Anatomy,,,text,40,10,true
Human Anatomy,medium,"Best-fit category for ""Human Anatomy"" is:",Architecture,Astronomy,Human Anatomy,Basketball,Human Anatomy,,,text,40,10,true
Human Anatomy,medium,Choose the most accurate category for the topic: Human Anatomy.,Basketball,Human Anatomy,Aviation,Architecture,Human Anatomy,,,text,40,10,true
Human Anatomy,medium,Which category is most closely related to: Human Anatomy?,Awards (Oscars),Artificial Intelligence,Human Anatomy,Basketball,Human Anatomy,,,text,40,10,true
Human Anatomy,medium,"Which field does the topic ""Human Anatomy"" fall under?",Human Anatomy,Artificial Intelligence,Biology,Ancient Civilization,Human Anatomy,,,text,40,10,true
Human Anatomy,medium,"Which field does the topic ""Human Anatomy"" fall under?",Architecture,Astronomy,Algebra,Human Anatomy,Human Anatomy,,,text,40,10,true
Human Anatomy,medium,Select the most appropriate category for: Human Anatomy.,Ancient Civilization,Human Anatomy,Basketball,Algebra,Human Anatomy,,,text,40,10,true
Human Anatomy,medium,"Which subject area most closely matches the topic ""Human Anatomy""?",Artificial Intelligence,Awards (Oscars),Human Anatomy,Aviation,Human Anatomy,,,text,40,10,true
Human Anatomy,medium,Which category is most closely related to: Human Anatomy?,Human Anatomy,Artificial Intelligence,Basketball,Algebra,Human Anatomy,,,text,40,10,true
Human Anatomy,medium,Which category would most likely include questions on Human Anatomy?,Awards (Oscars),Human Anatomy,Aviation,Astronomy,Human Anatomy,,,text,40,10,true
Human Anatomy,medium,"Which field does the topic ""Human Anatomy"" fall under?",Human Anatomy,Architecture,Astronomy,Basketball,Human Anatomy,,,text,40,10,true
Human Anatomy,hard,"Which category is the best fit for the topic ""Human Anatomy""?",Agriculture,Human Anatomy,Algebra,Automobiles,Human Anatomy,,,text,80,8,true
Human Anatomy,hard,Choose the most specific category for: Human Anatomy.,Human Anatomy,Agriculture,Artificial Intelligence,Architecture,Human Anatomy,,,text,80,8,true
Human Anatomy,hard,Choose the most specific category for: Human Anatomy.,Aviation,Ancient Civilization,Astronomy,Human Anatomy,Human Anatomy,,,text,80,8,true
Human Anatomy,hard,"Most precise category for ""Human Anatomy"" is:",Automobiles,Human Anatomy,Architecture,Artificial Intelligence,Human Anatomy,,,text,80,8,true
Human Anatomy,hard,Identify the primary category for: Human Anatomy.,Aviation,Astronomy,Algebra,Human Anatomy,Human Anatomy,,,text,80,8,true
Human Anatomy,hard,Which subject is the correct classification for: Human Anatomy?,Algebra,Automobiles,Human Anatomy,Aviation,Human Anatomy,,,text,80,8,true
Human Anatomy,hard,Choose the most specific category for: Human Anatomy.,Aviation,Automobiles,Human Anatomy,Architecture,Human Anatomy,,,text,80,8,true
Human Anatomy,hard,Pick the category that most accurately represents: Human Anatomy.,Algebra,Astronomy,Human Anatomy,Aviation,Human Anatomy,,,text,80,8,true
Human Anatomy,hard,"Which category is the best fit for the topic ""Human Anatomy""?",Aviation,Human Anatomy,Automobiles,Algebra,Human Anatomy,,,text,80,8,true
Human Anatomy,hard,"Which category is the best fit for the topic ""Human Anatomy""?",Architecture,Artificial Intelligence,Human Anatomy,Aviation,Human Anatomy,,,text,80,8,true
Human Anatomy,hard,"Most precise category for ""Human Anatomy"" is:",Architecture,Artificial Intelligence,Ancient Civilization,Human Anatomy,Human Anatomy,,,text,80,8,true
Human Anatomy,hard,Identify the primary category for: Human Anatomy.,Astronomy,Ancient Civilization,Human Anatomy,Artificial Intelligence,Human Anatomy,,,text,80,8,true
Human Anatomy,hard,Which subject is the correct classification for: Human Anatomy?,Human Anatomy,Artificial Intelligence,Aviation,Agriculture,Human Anatomy,,,text,80,8,true
Human Anatomy,hard,Identify the primary category for: Human Anatomy.,Ancient Civilization,Algebra,Human Anatomy,Architecture,Human Anatomy,,,text,80,8,true
Human Anatomy,hard,Which subject is the correct classification for: Human Anatomy?,Human Anatomy,Astronomy,Algebra,Artificial Intelligence,Human Anatomy,,,text,80,8,true
Human Anatomy,hard,Identify the primary category for: Human Anatomy.,Algebra,Agriculture,Automobiles,Human Anatomy,Human Anatomy,,,text,80,8,true
Human Anatomy,hard,"Most precise category for ""Human Anatomy"" is:",Agriculture,Architecture,Human Anatomy,Ancient Civilization,Human Anatomy,,,text,80,8,true
Human Anatomy,hard,Choose the most specific category for: Human Anatomy.,Aviation,Human Anatomy,Astronomy,Ancient Civilization,Human Anatomy,,,text,80,8,true
Human Anatomy,hard,Choose the most specific category for: Human Anatomy.,Algebra,Human Anatomy,Automobiles,Artificial Intelligence,Human Anatomy,,,text,80,8,true
Human Anatomy,hard,"Most precise category for ""Human Anatomy"" is:",Agriculture,Architecture,Human Anatomy,Automobiles,Human Anatomy,,,text,80,8,true
Human Anatomy,hard,Choose the most specific category for: Human Anatomy.,Agriculture,Astronomy,Human Anatomy,Artificial Intelligence,Human Anatomy,,,text,80,8,true
Human Anatomy,hard,Choose the most specific category for: Human Anatomy.,Algebra,Human Anatomy,Aviation,Automobiles,Human Anatomy,,,text,80,8,true
Human Anatomy,hard,Identify the primary category for: Human Anatomy.,Human Anatomy,Agriculture,Architecture,Ancient Civilization,Human Anatomy,,,text,80,8,true
Human Anatomy,hard,"Most precise category for ""Human Anatomy"" is:",Artificial Intelligence,Ancient Civilization,Human Anatomy,Agriculture,Human Anatomy,,,text,80,8,true
Space Exploration,easy,Pick the subject area that matches: Space Exploration.,Space Exploration,Mythology (Greek),Poetry,Tennis,Space Exploration,,,text,20,12,true
Space Exploration,easy,Identify the subject area: Space Exploration.,Space Exploration,Chess,Mythology (Greek),Music (Pop),Space Exploration,,,text,20,12,true
Space Exploration,easy,"The topic ""Space Exploration"" best fits which category?",Space Exploration,Wildlife,Agriculture,Logistics,Space Exploration,,,text,20,12,true
Space Exploration,easy,Select the correct quiz category for: Space Exploration.,Islands,Space Exploration,Geometry,Sociology,Space Exploration,,,text,20,12,true
Space Exploration,easy,"Which category does the topic ""Space Exploration"" belong to?",Ancient Civilization,Internet History,Aviation,Space Exploration,Space Exploration,,,text,20,12,true
Space Exploration,easy,Which quiz category would include: Space Exploration?,Modern Literature,Economics,Space Exploration,Calculus,Space Exploration,,,text,20,12,true
Space Exploration,easy,Identify the subject area: Space Exploration.,Comic Books,Movies (Bollywood),Stock Market,Space Exploration,Space Exploration,,,text,20,12,true
Space Exploration,easy,Which category is the best match for: Space Exploration?,Yoga & Health,Robotics,Trigonometry,Space Exploration,Space Exploration,,,text,20,12,true
Space Exploration,easy,"Choose the category that best matches ""Space Exploration"".",Mobile Development,Space Exploration,Rivers & Lakes,Music (Pop),Space Exploration,,,text,20,12,true
Space Exploration,easy,"The topic ""Space Exploration"" best fits which category?",Robotics,World Geography,Space Exploration,Fashion,Space Exploration,,,text,20,12,true
Space Exploration,easy,"Choose the category that best matches ""Space Exploration"".",Basketball,Mythology (Norse),Space Exploration,Languages,Space Exploration,,,text,20,12,true
Space Exploration,easy,Identify the subject area: Space Exploration.,Space Exploration,Interior Design,Mythology (Greek),Aviation,Space Exploration,,,text,20,12,true
Space Exploration,easy,"The topic ""Space Exploration"" best fits which category?",Brands & Logos,Space Exploration,Networking,E-commerce,Space Exploration,,,text,20,12,true
Space Exploration,easy,"Which category does the topic ""Space Exploration"" belong to?",Space Exploration,Football,Modern Literature,Algebra,Space Exploration,,,text,20,12,true
Space Exploration,easy,Which quiz category would include: Space Exploration?,Space Exploration,Robotics,World Leaders,Finance,Space Exploration,,,text,20,12,true
Space Exploration,easy,Pick the subject area that matches: Space Exploration.,Oceans & Seas,Economics,Space Exploration,Climate Change,Space Exploration,,,text,20,12,true
Space Exploration,easy,"Which category does the topic ""Space Exploration"" belong to?",Space Exploration,Indian States,Mythology (Norse),Cyber Security,Space Exploration,,,text,20,12,true
Space Exploration,easy,Identify the subject area: Space Exploration.,Space Exploration,Stock Market,English Grammar,Superheroes,Space Exploration,,,text,20,12,true
Space Exploration,medium,Which category is most closely related to: Space Exploration?,Space Exploration,Awards (Oscars),Aviation,Awards (Nobel),Space Exploration,,,text,40,10,true
Space Exploration,medium,"Which field does the topic ""Space Exploration"" fall under?",Awards (Nobel),Space Exploration,Automobiles,Awards (Oscars),Space Exploration,,,text,40,10,true
Space Exploration,medium,"Best-fit category for ""Space Exploration"" is:",Awards (Nobel),Agriculture,Astronomy,Space Exploration,Space Exploration,,,text,40,10,true
Space Exploration,medium,Pick the best category for this quiz topic: Space Exploration.,Aviation,Space Exploration,Architecture,Astronomy,Space Exploration,,,text,40,10,true
Space Exploration,medium,Pick the best category for this quiz topic: Space Exploration.,Awards (Oscars),Algebra,Space Exploration,Automobiles,Space Exploration,,,text,40,10,true
Space Exploration,medium,"Best-fit category for ""Space Exploration"" is:",Automobiles,Space Exploration,Basketball,Astronomy,Space Exploration,,,text,40,10,true
Space Exploration,medium,"Best-fit category for ""Space Exploration"" is:",Aviation,Algebra,Artificial Intelligence,Space Exploration,Space Exploration,,,text,40,10,true
Space Exploration,medium,"Which subject area most closely matches the topic ""Space Exploration""?",Architecture,Space Exploration,Algebra,Awards (Nobel),Space Exploration,,,text,40,10,true
Space Exploration,medium,Which category would most likely include questions on Space Exploration?,Automobiles,Algebra,Space Exploration,Agriculture,Space Exploration,,,text,40,10,true
Space Exploration,medium,Pick the best category for this quiz topic: Space Exploration.,Basketball,Space Exploration,Architecture,Artificial Intelligence,Space Exploration,,,text,40,10,true
Space Exploration,medium,"Which subject area most closely matches the topic ""Space Exploration""?",Space Exploration,Algebra,Awards (Nobel),Basketball,Space Exploration,,,text,40,10,true
Space Exploration,medium,Which category would most likely include questions on Space Exploration?,Space Exploration,Architecture,Artificial Intelligence,Aviation,Space Exploration,,,text,40,10,true
Space Exploration,medium,Choose the most accurate category for the topic: Space Exploration.,Awards (Nobel),Space Exploration,Awards (Oscars),Ancient Civilization,Space Exploration,,,text,40,10,true
Space Exploration,medium,Which category would most likely include questions on Space Exploration?,Space Exploration,Automobiles,Awards (Nobel),Aviation,Space Exploration,,,text,40,10,true
Space Exploration,medium,Choose the most accurate category for the topic: Space Exploration.,Space Exploration,Artificial Intelligence,Ancient Civilization,Basketball,Space Exploration,,,text,40,10,true
Space Exploration,medium,Which category is most closely related to: Space Exploration?,Artificial Intelligence,Agriculture,Automobiles,Space Exploration,Space Exploration,,,text,40,10,true
Space Exploration,medium,"Best-fit category for ""Space Exploration"" is:",Artificial Intelligence,Aviation,Ancient Civilization,Space Exploration,Space Exploration,,,text,40,10,true
Space Exploration,medium,"Which subject area most closely matches the topic ""Space Exploration""?",Space Exploration,Astronomy,Architecture,Aviation,Space Exploration,,,text,40,10,true
Space Exploration,hard,"Which category is the closest match for the topic ""Space Exploration""?",Automobiles,Aviation,Space Exploration,Algebra,Space Exploration,,,text,80,8,true
Space Exploration,hard,Pick the category that most accurately represents: Space Exploration.,Artificial Intelligence,Aviation,Algebra,Space Exploration,Space Exploration,,,text,80,8,true
Space Exploration,hard,Which subject is the correct classification for: Space Exploration?,Space Exploration,Artificial Intelligence,Ancient Civilization,Algebra,Space Exploration,,,text,80,8,true
Space Exploration,hard,Choose the most specific category for: Space Exploration.,Architecture,Algebra,Space Exploration,Artificial Intelligence,Space Exploration,,,text,80,8,true
Space Exploration,hard,"Which category is the best fit for the topic ""Space Exploration""?",Automobiles,Space Exploration,Algebra,Astronomy,Space Exploration,,,text,80,8,true
Space Exploration,hard,Choose the most specific category for: Space Exploration.,Ancient Civilization,Aviation,Space Exploration,Algebra,Space Exploration,,,text,80,8,true
Space Exploration,hard,Select the category that most precisely fits: Space Exploration.,Aviation,Artificial Intelligence,Agriculture,Space Exploration,Space Exploration,,,text,80,8,true
Space Exploration,hard,Which subject is the correct classification for: Space Exploration?,Space Exploration,Astronomy,Agriculture,Automobiles,Space Exploration,,,text,80,8,true
Space Exploration,hard,Pick the category that most accurately represents: Space Exploration.,Astronomy,Artificial Intelligence,Ancient Civilization,Space Exploration,Space Exploration,,,text,80,8,true
Space Exploration,hard,Choose the most specific category for: Space Exploration.,Architecture,Space Exploration,Ancient Civilization,Automobiles,Space Exploration,,,text,80,8,true
Space Exploration,hard,Select the category that most precisely fits: Space Exploration.,Artificial Intelligence,Space Exploration,Agriculture,Aviation,Space Exploration,,,text,80,8,true
Space Exploration,hard,"Which category is the best fit for the topic ""Space Exploration""?",Automobiles,Space Exploration,Astronomy,Algebra,Space Exploration,,,text,80,8,true
Space Exploration,hard,Choose the most specific category for: Space Exploration.,Ancient Civilization,Automobiles,Space Exploration,Artificial Intelligence,Space Exploration,,,text,80,8,true
Space Exploration,hard,"Which category is the best fit for the topic ""Space Exploration""?",Architecture,Agriculture,Space Exploration,Aviation,Space Exploration,,,text,80,8,true
Space Exploration,hard,Which subject is the correct classification for: Space Exploration?,Automobiles,Space Exploration,Astronomy,Agriculture,Space Exploration,,,text,80,8,true
Space Exploration,hard,Which subject is the correct classification for: Space Exploration?,Space Exploration,Artificial Intelligence,Architecture,Algebra,Space Exploration,,,text,80,8,true
Space Exploration,hard,"Which category is the closest match for the topic ""Space Exploration""?",Architecture,Ancient Civilization,Artificial Intelligence,Space Exploration,Space Exploration,,,text,80,8,true
Space Exploration,hard,Identify the primary category for: Space Exploration.,Space Exploration,Agriculture,Algebra,Architecture,Space Exploration,,,text,80,8,true
Space Exploration,hard,Pick the category that most accurately represents: Space Exploration.,Astronomy,Aviation,Algebra,Space Exploration,Space Exploration,,,text,80,8,true
Space Exploration,hard,"Most precise category for ""Space Exploration"" is:",Space Exploration,Ancient Civilization,Artificial Intelligence,Astronomy,Space Exploration,,,text,80,8,true
Space Exploration,hard,Choose the most specific category for: Space Exploration.,Space Exploration,Architecture,Artificial Intelligence,Algebra,Space Exploration,,,text,80,8,true
Space Exploration,hard,Pick the category that most accurately represents: Space Exploration.,Artificial Intelligence,Space Exploration,Algebra,Automobiles,Space Exploration,,,text,80,8,true
Space Exploration,hard,Choose the most specific category for: Space Exploration.,Artificial Intelligence,Space Exploration,Automobiles,Aviation,Space Exploration,,,text,80,8,true
Space Exploration,hard,Identify the primary category for: Space Exploration.,Aviation,Ancient Civilization,Space Exploration,Automobiles,Space Exploration,,,text,80,8,true
Astronomy,easy,Which quiz category would include: Astronomy?,Climate Change,Movies (Hollywood),Blockchain,Astronomy,Astronomy,,,text,20,12,true
Astronomy,easy,"Choose the category that best matches ""Astronomy"".",Astronomy,Agriculture,Marketing,Algebra,Astronomy,,,text,20,12,true
Astronomy,easy,"The topic ""Astronomy"" best fits which category?",Calculus,Astronomy,English Grammar,Indian History,Astronomy,,,text,20,12,true
Astronomy,easy,"The topic ""Astronomy"" best fits which category?",Internet History,Astronomy,Programming (Python),Cricket,Astronomy,,,text,20,12,true
Astronomy,easy,Pick the subject area that matches: Astronomy.,Aviation,Movies (Hollywood),Physics,Astronomy,Astronomy,,,text,20,12,true
Astronomy,easy,Select the correct quiz category for: Astronomy.,Internet History,Gadgets,World Geography,Astronomy,Astronomy,,,text,20,12,true
Astronomy,easy,Which category is the best match for: Astronomy?,Cyber Security,Astronomy,Machine Learning,Medicine,Astronomy,,,text,20,12,true
Astronomy,easy,Select the correct quiz category for: Astronomy.,National Parks,Physics,National Flags,Astronomy,Astronomy,,,text,20,12,true
Astronomy,easy,"Choose the category that best matches ""Astronomy"".",Inventions & Discoveries,Wildlife,Internet History,Astronomy,Astronomy,,,text,20,12,true
Astronomy,easy,Which quiz category would include: Astronomy?,Astronomy,Physics,National Flags,Algebra,Astronomy,,,text,20,12,true
Astronomy,easy,"The topic ""Astronomy"" best fits which category?",Climate Change,Astronomy,Famous Personalities,Physics,Astronomy,,,text,20,12,true
Astronomy,easy,Pick the subject area that matches: Astronomy.,Astronomy,Algebra,Comic Books,Football,Astronomy,,,text,20,12,true
Astronomy,easy,Select the correct quiz category for: Astronomy.,Languages,Brands & Logos,Astronomy,Computer Science,Astronomy,,,text,20,12,true
Astronomy,easy,"Which category does the topic ""Astronomy"" belong to?",Astronomy,Football,Physics,Awards (Oscars),Astronomy,,,text,20,12,true
Astronomy,easy,Select the correct quiz category for: Astronomy.,Climate Change,World Geography,Rivers & Lakes,Astronomy,Astronomy,,,text,20,12,true
Astronomy,easy,"Choose the category that best matches ""Astronomy"".",Programming (Python),Gadgets,Astronomy,Modern History,Astronomy,,,text,20,12,true
Astronomy,easy,"Which category does the topic ""Astronomy"" belong to?",Space Exploration,Internet History,Aviation,Astronomy,Astronomy,,,text,20,12,true
Astronomy,easy,Select the correct quiz category for: Astronomy.,Sociology,Cricket,Astronomy,Fashion,Astronomy,,,text,20,12,true
Astronomy,medium,Select the most appropriate category for: Astronomy.,Agriculture,Awards (Oscars),Astronomy,Artificial Intelligence,Astronomy,,,text,40,10,true
Astronomy,medium,Pick the best category for this quiz topic: Astronomy.,Astronomy,Awards (Nobel),Awards (Oscars),Architecture,Astronomy,,,text,40,10,true
Astronomy,medium,"Which field does the topic ""Astronomy"" fall under?",Astronomy,Blockchain,Aviation,Basketball,Astronomy,,,text,40,10,true
Astronomy,medium,"Which field does the topic ""Astronomy"" fall under?",Agriculture,Astronomy,Algebra,Biology,Astronomy,,,text,40,10,true
Astronomy,medium,Select the most appropriate category for: Astronomy.,Blockchain,Agriculture,Artificial Intelligence,Astronomy,Astronomy,,,text,40,10,true
Astronomy,medium,"Which field does the topic ""Astronomy"" fall under?",Automobiles,Astronomy,Artificial Intelligence,Architecture,Astronomy,,,text,40,10,true
Astronomy,medium,"Which field does the topic ""Astronomy"" fall under?",Basketball,Astronomy,Blockchain,Architecture,Astronomy,,,text,40,10,true
Astronomy,medium,Which category would most likely include questions on Astronomy?,Automobiles,Astronomy,Algebra,Artificial Intelligence,Astronomy,,,text,40,10,true
Astronomy,medium,Select the most appropriate category for: Astronomy.,Astronomy,Architecture,Algebra,Basketball,Astronomy,,,text,40,10,true
Astronomy,medium,Choose the most accurate category for the topic: Astronomy.,Blockchain,Astronomy,Awards (Nobel),Aviation,Astronomy,,,text,40,10,true
Astronomy,medium,Which category is most closely related to: Astronomy?,Blockchain,Astronomy,Aviation,Basketball,Astronomy,,,text,40,10,true
Astronomy,medium,Which category would most likely include questions on Astronomy?,Agriculture,Ancient Civilization,Astronomy,Aviation,Astronomy,,,text,40,10,true
Astronomy,medium,Which category is most closely related to: Astronomy?,Awards (Nobel),Astronomy,Agriculture,Ancient Civilization,Astronomy,,,text,40,10,true
Astronomy,medium,"Which subject area most closely matches the topic ""Astronomy""?",Astronomy,Awards (Oscars),Algebra,Awards (Nobel),Astronomy,,,text,40,10,true
Astronomy,medium,Which category would most likely include questions on Astronomy?,Astronomy,Biology,Algebra,Awards (Nobel),Astronomy,,,text,40,10,true
Astronomy,medium,"Best-fit category for ""Astronomy"" is:",Astronomy,Aviation,Awards (Oscars),Basketball,Astronomy,,,text,40,10,true
Astronomy,medium,Which category is most closely related to: Astronomy?,Automobiles,Architecture,Astronomy,Awards (Oscars),Astronomy,,,text,40,10,true
Astronomy,medium,Select the most appropriate category for: Astronomy.,Blockchain,Agriculture,Astronomy,Artificial Intelligence,Astronomy,,,text,40,10,true
Astronomy,hard,"Which category is the closest match for the topic ""Astronomy""?",Automobiles,Artificial Intelligence,Astronomy,Aviation,Astronomy,,,text,80,8,true
Astronomy,hard,Choose the most specific category for: Astronomy.,Astronomy,Ancient Civilization,Architecture,Agriculture,Astronomy,,,text,80,8,true
Astronomy,hard,"Which category is the best fit for the topic ""Astronomy""?",Artificial Intelligence,Agriculture,Awards (Nobel),Astronomy,Astronomy,,,text,80,8,true
Astronomy,hard,"Which category is the closest match for the topic ""Astronomy""?",Automobiles,Astronomy,Algebra,Architecture,Astronomy,,,text,80,8,true
Astronomy,hard,Which subject is the correct classification for: Astronomy?,Astronomy,Architecture,Ancient Civilization,Awards (Nobel),Astronomy,,,text,80,8,true
Astronomy,hard,Identify the primary category for: Astronomy.,Ancient Civilization,Astronomy,Awards (Nobel),Architecture,Astronomy,,,text,80,8,true
Astronomy,hard,Choose the most specific category for: Astronomy.,Automobiles,Algebra,Ancient Civilization,Astronomy,Astronomy,,,text,80,8,true
Astronomy,hard,Select the category that most precisely fits: Astronomy.,Awards (Nobel),Astronomy,Architecture,Agriculture,Astronomy,,,text,80,8,true
Astronomy,hard,Which subject is the correct classification for: Astronomy?,Astronomy,Architecture,Automobiles,Awards (Nobel),Astronomy,,,text,80,8,true
Astronomy,hard,"Most precise category for ""Astronomy"" is:",Astronomy,Automobiles,Aviation,Artificial Intelligence,Astronomy,,,text,80,8,true
Astronomy,hard,"Which category is the best fit for the topic ""Astronomy""?",Agriculture,Artificial Intelligence,Astronomy,Algebra,Astronomy,,,text,80,8,true
Astronomy,hard,"Which category is the best fit for the topic ""Astronomy""?",Agriculture,Astronomy,Awards (Nobel),Algebra,Astronomy,,,text,80,8,true
Astronomy,hard,Pick the category that most accurately represents: Astronomy.,Architecture,Awards (Nobel),Astronomy,Automobiles,Astronomy,,,text,80,8,true
Astronomy,hard,Pick the category that most accurately represents: Astronomy.,Architecture,Astronomy,Awards (Nobel),Aviation,Astronomy,,,text,80,8,true
Astronomy,hard,"Which category is the best fit for the topic ""Astronomy""?",Ancient Civilization,Agriculture,Aviation,Astronomy,Astronomy,,,text,80,8,true
Astronomy,hard,Pick the category that most accurately represents: Astronomy.,Ancient Civilization,Architecture,Astronomy,Agriculture,Astronomy,,,text,80,8,true
Astronomy,hard,Choose the most specific category for: Astronomy.,Artificial Intelligence,Astronomy,Ancient Civilization,Algebra,Astronomy,,,text,80,8,true
Astronomy,hard,Pick the category that most accurately represents: Astronomy.,Astronomy,Agriculture,Artificial Intelligence,Ancient Civilization,Astronomy,,,text,80,8,true
Astronomy,hard,Which subject is the correct classification for: Astronomy?,Astronomy,Agriculture,Awards (Nobel),Algebra,Astronomy,,,text,80,8,true
Astronomy,hard,"Which category is the best fit for the topic ""Astronomy""?",Awards (Nobel),Aviation,Astronomy,Agriculture,Astronomy,,,text,80,8,true
Astronomy,hard,"Which category is the best fit for the topic ""Astronomy""?",Awards (Nobel),Astronomy,Artificial Intelligence,Aviation,Astronomy,,,text,80,8,true
Astronomy,hard,"Which category is the best fit for the topic ""Astronomy""?",Algebra,Aviation,Architecture,Astronomy,Astronomy,,,text,80,8,true
Astronomy,hard,"Most precise category for ""Astronomy"" is:",Astronomy,Artificial Intelligence,Ancient Civilization,Algebra,Astronomy,,,text,80,8,true
Astronomy,hard,Choose the most specific category for: Astronomy.,Agriculture,Artificial Intelligence,Ancient Civilization,Astronomy,Astronomy,,,text,80,8,true
Mathematics,easy,Which category is the best match for: Mathematics?,Networking,Mathematics,Movies (Hollywood),Languages,Mathematics,,,text,20,12,true
Mathematics,easy,"Choose the category that best matches ""Mathematics"".",Artificial Intelligence,Mathematics,Stock Market,Calculus,Mathematics,,,text,20,12,true
Mathematics,easy,Which quiz category would include: Mathematics?,Human Anatomy,Mathematics,Web Development,Food & Cuisine,Mathematics,,,text,20,12,true
Mathematics,easy,"The topic ""Mathematics"" best fits which category?",Mathematics,Painting & Art,Football,Ancient Civilization,Mathematics,,,text,20,12,true
Mathematics,easy,"Which category does the topic ""Mathematics"" belong to?",Mathematics,Business Tycoons,Trigonometry,Stock Market,Mathematics,,,text,20,12,true
Mathematics,easy,"Which category does the topic ""Mathematics"" belong to?",Wildlife,Human Anatomy,World Continents,Mathematics,Mathematics,,,text,20,12,true
Mathematics,easy,Identify the subject area: Mathematics.,Chemistry,Mathematics,Aviation,Gardening,Mathematics,,,text,20,12,true
Mathematics,easy,Pick the subject area that matches: Mathematics.,Mathematics,Marketing,Famous Personalities,Space Exploration,Mathematics,,,text,20,12,true
Mathematics,easy,Select the correct quiz category for: Mathematics.,Mathematics,Food & Cuisine,National Parks,Marketing,Mathematics,,,text,20,12,true
Mathematics,easy,Select the correct quiz category for: Mathematics.,Geometry,Programming (Python),Mathematics,Movies (Hollywood),Mathematics,,,text,20,12,true
Mathematics,easy,Identify the subject area: Mathematics.,National Parks,Mathematics,Artificial Intelligence,Networking,Mathematics,,,text,20,12,true
Mathematics,easy,Select the correct quiz category for: Mathematics.,Pharmacology,Mathematics,Movies (Hollywood),Modern History,Mathematics,,,text,20,12,true
Mathematics,easy,Select the correct quiz category for: Mathematics.,Yoga & Health,Marketing,Algebra,Mathematics,Mathematics,,,text,20,12,true
Mathematics,easy,Identify the subject area: Mathematics.,Aviation,Geometry,Machine Learning,Mathematics,Mathematics,,,text,20,12,true
Mathematics,easy,Which category is the best match for: Mathematics?,Blockchain,Stock Market,Philosophy,Mathematics,Mathematics,,,text,20,12,true
Mathematics,easy,"Which category does the topic ""Mathematics"" belong to?",Mathematics,Geometry,Social Media,Famous Personalities,Mathematics,,,text,20,12,true
Mathematics,easy,Identify the subject area: Mathematics.,Aviation,Mathematics,Olympic Games,Algebra,Mathematics,,,text,20,12,true
Mathematics,easy,Pick the subject area that matches: Mathematics.,Awards (Oscars),Movies (Bollywood),Famous Personalities,Mathematics,Mathematics,,,text,20,12,true
Mathematics,medium,Which category is most closely related to: Mathematics?,Basketball,Mathematics,Astronomy,Ancient Civilization,Mathematics,,,text,40,10,true
Mathematics,medium,Which category is most closely related to: Mathematics?,Biology,Awards (Nobel),Mathematics,Aviation,Mathematics,,,text,40,10,true
Mathematics,medium,Pick the best category for this quiz topic: Mathematics.,Agriculture,Aviation,Mathematics,Automobiles,Mathematics,,,text,40,10,true
Mathematics,medium,Which category is most closely related to: Mathematics?,Architecture,Mathematics,Basketball,Artificial Intelligence,Mathematics,,,text,40,10,true
Mathematics,medium,"Best-fit category for ""Mathematics"" is:",Mathematics,Biology,Astronomy,Awards (Oscars),Mathematics,,,text,40,10,true
Mathematics,medium,"Which subject area most closely matches the topic ""Mathematics""?",Aviation,Astronomy,Basketball,Mathematics,Mathematics,,,text,40,10,true
Mathematics,medium,"Which subject area most closely matches the topic ""Mathematics""?",Basketball,Mathematics,Artificial Intelligence,Awards (Oscars),Mathematics,,,text,40,10,true
Mathematics,medium,Which category would most likely include questions on Mathematics?,Ancient Civilization,Artificial Intelligence,Architecture,Mathematics,Mathematics,,,text,40,10,true
Mathematics,medium,Which category is most closely related to: Mathematics?,Mathematics,Automobiles,Awards (Nobel),Basketball,Mathematics,,,text,40,10,true
Mathematics,medium,Select the most appropriate category for: Mathematics.,Mathematics,Algebra,Ancient Civilization,Biology,Mathematics,,,text,40,10,true
Mathematics,medium,"Which field does the topic ""Mathematics"" fall under?",Astronomy,Mathematics,Architecture,Awards (Nobel),Mathematics,,,text,40,10,true
Mathematics,medium,"Which subject area most closely matches the topic ""Mathematics""?",Mathematics,Awards (Nobel),Basketball,Biology,Mathematics,,,text,40,10,true
Mathematics,medium,"Which subject area most closely matches the topic ""Mathematics""?",Ancient Civilization,Basketball,Mathematics,Automobiles,Mathematics,,,text,40,10,true
Mathematics,medium,Choose the most accurate category for the topic: Mathematics.,Artificial Intelligence,Awards (Oscars),Mathematics,Biology,Mathematics,,,text,40,10,true
Mathematics,medium,"Best-fit category for ""Mathematics"" is:",Awards (Oscars),Basketball,Artificial Intelligence,Mathematics,Mathematics,,,text,40,10,true
Mathematics,medium,Which category is most closely related to: Mathematics?,Algebra,Basketball,Biology,Mathematics,Mathematics,,,text,40,10,true
Mathematics,medium,Which category is most closely related to: Mathematics?,Agriculture,Automobiles,Artificial Intelligence,Mathematics,Mathematics,,,text,40,10,true
Mathematics,medium,"Best-fit category for ""Mathematics"" is:",Mathematics,Basketball,Automobiles,Awards (Oscars),Mathematics,,,text,40,10,true
Mathematics,hard,"Which category is the best fit for the topic ""Mathematics""?",Automobiles,Algebra,Mathematics,Architecture,Mathematics,,,text,80,8,true
Mathematics,hard,Which subject is the correct classification for: Mathematics?,Mathematics,Algebra,Artificial Intelligence,Aviation,Mathematics,,,text,80,8,true
Mathematics,hard,Select the category that most precisely fits: Mathematics.,Agriculture,Aviation,Ancient Civilization,Mathematics,Mathematics,,,text,80,8,true
Mathematics,hard,"Most precise category for ""Mathematics"" is:",Ancient Civilization,Aviation,Agriculture,Mathematics,Mathematics,,,text,80,8,true
Mathematics,hard,"Which category is the closest match for the topic ""Mathematics""?",Mathematics,Architecture,Agriculture,Astronomy,Mathematics,,,text,80,8,true
Mathematics,hard,Pick the category that most accurately represents: Mathematics.,Mathematics,Architecture,Astronomy,Ancient Civilization,Mathematics,,,text,80,8,true
Mathematics,hard,Pick the category that most accurately represents: Mathematics.,Algebra,Mathematics,Ancient Civilization,Artificial Intelligence,Mathematics,,,text,80,8,true
Mathematics,hard,"Which category is the best fit for the topic ""Mathematics""?",Automobiles,Aviation,Agriculture,Mathematics,Mathematics,,,text,80,8,true
Mathematics,hard,Identify the primary category for: Mathematics.,Aviation,Automobiles,Mathematics,Astronomy,Mathematics,,,text,80,8,true
Mathematics,hard,Select the category that most precisely fits: Mathematics.,Astronomy,Ancient Civilization,Mathematics,Architecture,Mathematics,,,text,80,8,true
Mathematics,hard,"Which category is the closest match for the topic ""Mathematics""?",Automobiles,Artificial Intelligence,Mathematics,Ancient Civilization,Mathematics,,,text,80,8,true
Mathematics,hard,"Which category is the closest match for the topic ""Mathematics""?",Algebra,Mathematics,Agriculture,Artificial Intelligence,Mathematics,,,text,80,8,true
Mathematics,hard,"Which category is the closest match for the topic ""Mathematics""?",Astronomy,Agriculture,Automobiles,Mathematics,Mathematics,,,text,80,8,true
Mathematics,hard,Choose the most specific category for: Mathematics.,Mathematics,Artificial Intelligence,Automobiles,Algebra,Mathematics,,,text,80,8,true
Mathematics,hard,Identify the primary category for: Mathematics.,Architecture,Astronomy,Mathematics,Ancient Civilization,Mathematics,,,text,80,8,true
Mathematics,hard,"Which category is the closest match for the topic ""Mathematics""?",Astronomy,Automobiles,Aviation,Mathematics,Mathematics,,,text,80,8,true
Mathematics,hard,Choose the most specific category for: Mathematics.,Mathematics,Aviation,Astronomy,Automobiles,Mathematics,,,text,80,8,true
Mathematics,hard,Identify the primary category for: Mathematics.,Mathematics,Architecture,Astronomy,Ancient Civilization,Mathematics,,,text,80,8,true
Mathematics,hard,"Which category is the best fit for the topic ""Mathematics""?",Mathematics,Architecture,Algebra,Artificial Intelligence,Mathematics,,,text,80,8,true
Mathematics,hard,"Which category is the best fit for the topic ""Mathematics""?",Algebra,Architecture,Mathematics,Agriculture,Mathematics,,,text,80,8,true
Mathematics,hard,Identify the primary category for: Mathematics.,Mathematics,Architecture,Ancient Civilization,Artificial Intelligence,Mathematics,,,text,80,8,true
Mathematics,hard,Pick the category that most accurately represents: Mathematics.,Ancient Civilization,Automobiles,Artificial Intelligence,Mathematics,Mathematics,,,text,80,8,true
Mathematics,hard,"Which category is the closest match for the topic ""Mathematics""?",Mathematics,Aviation,Algebra,Automobiles,Mathematics,,,text,80,8,true
Mathematics,hard,Select the category that most precisely fits: Mathematics.,Mathematics,Ancient Civilization,Astronomy,Automobiles,Mathematics,,,text,80,8,true
Geometry,easy,"Choose the category that best matches ""Geometry"".",Chemistry,Architecture,Geometry,Psychology,Geometry,,,text,20,12,true
Geometry,easy,"Choose the category that best matches ""Geometry"".",Fashion,Islands,Climate Change,Geometry,Geometry,,,text,20,12,true
Geometry,easy,Which category is the best match for: Geometry?,Psychology,Algebra,Mythology (Norse),Geometry,Geometry,,,text,20,12,true
Geometry,easy,Which category is the best match for: Geometry?,Wildlife,Famous Personalities,Finance,Geometry,Geometry,,,text,20,12,true
Geometry,easy,Pick the subject area that matches: Geometry.,Agriculture,Philosophy,Mountains & Peaks,Geometry,Geometry,,,text,20,12,true
Geometry,easy,Which quiz category would include: Geometry?,Mountains & Peaks,Mathematics,Geometry,Superheroes,Geometry,,,text,20,12,true
Geometry,easy,Which quiz category would include: Geometry?,Superheroes,Geometry,Blockchain,E-commerce,Geometry,,,text,20,12,true
Geometry,easy,Pick the subject area that matches: Geometry.,Geometry,Currencies,Business Tycoons,Classic Literature,Geometry,,,text,20,12,true
Geometry,easy,Pick the subject area that matches: Geometry.,Programming (Java),Space Exploration,Psychology,Geometry,Geometry,,,text,20,12,true
Geometry,easy,Which category is the best match for: Geometry?,Geometry,E-commerce,Photography,Indian States,Geometry,,,text,20,12,true
Geometry,easy,Pick the subject area that matches: Geometry.,Wildlife,Painting & Art,Geometry,Artificial Intelligence,Geometry,,,text,20,12,true
Geometry,easy,Select the correct quiz category for: Geometry.,Geometry,Pharmacology,Movies (Hollywood),Olympic Games,Geometry,,,text,20,12,true
Geometry,easy,Which category is the best match for: Geometry?,English Grammar,Geometry,Chess,Current Affairs,Geometry,,,text,20,12,true
Geometry,easy,Identify the subject area: Geometry.,Geometry,Finance,Basketball,Pharmacology,Geometry,,,text,20,12,true
Geometry,easy,Identify the subject area: Geometry.,Geometry,Automobiles,Social Media,Mythology (Greek),Geometry,,,text,20,12,true
Geometry,easy,"Choose the category that best matches ""Geometry"".",World Leaders,Calculus,Comic Books,Geometry,Geometry,,,text,20,12,true
Geometry,easy,Select the correct quiz category for: Geometry.,Famous Personalities,Geometry,Blockchain,Biology,Geometry,,,text,20,12,true
Geometry,easy,Select the correct quiz category for: Geometry.,World Continents,Geometry,Rivers & Lakes,Photography,Geometry,,,text,20,12,true
Geometry,medium,"Which field does the topic ""Geometry"" fall under?",Artificial Intelligence,Ancient Civilization,Astronomy,Geometry,Geometry,,,text,40,10,true
Geometry,medium,Which category is most closely related to: Geometry?,Ancient Civilization,Geometry,Awards (Nobel),Algebra,Geometry,,,text,40,10,true
Geometry,medium,Which category would most likely include questions on Geometry?,Geometry,Awards (Oscars),Algebra,Astronomy,Geometry,,,text,40,10,true
Geometry,medium,"Which field does the topic ""Geometry"" fall under?",Agriculture,Algebra,Automobiles,Geometry,Geometry,,,text,40,10,true
Geometry,medium,Which category would most likely include questions on Geometry?,Geometry,Awards (Nobel),Biology,Ancient Civilization,Geometry,,,text,40,10,true
Geometry,medium,"Which subject area most closely matches the topic ""Geometry""?",Basketball,Geometry,Algebra,Awards (Oscars),Geometry,,,text,40,10,true
Geometry,medium,Which category would most likely include questions on Geometry?,Biology,Astronomy,Geometry,Awards (Nobel),Geometry,,,text,40,10,true
Geometry,medium,Which category is most closely related to: Geometry?,Aviation,Geometry,Awards (Nobel),Biology,Geometry,,,text,40,10,true
Geometry,medium,"Which subject area most closely matches the topic ""Geometry""?",Agriculture,Aviation,Geometry,Biology,Geometry,,,text,40,10,true
Geometry,medium,Choose the most accurate category for the topic: Geometry.,Geometry,Agriculture,Astronomy,Biology,Geometry,,,text,40,10,true
Geometry,medium,"Which subject area most closely matches the topic ""Geometry""?",Biology,Agriculture,Astronomy,Geometry,Geometry,,,text,40,10,true
Geometry,medium,Which category would most likely include questions on Geometry?,Algebra,Awards (Nobel),Automobiles,Geometry,Geometry,,,text,40,10,true
Geometry,medium,Which category is most closely related to: Geometry?,Ancient Civilization,Geometry,Biology,Algebra,Geometry,,,text,40,10,true
Geometry,medium,Which category is most closely related to: Geometry?,Geometry,Biology,Architecture,Automobiles,Geometry,,,text,40,10,true
Geometry,medium,"Best-fit category for ""Geometry"" is:",Ancient Civilization,Astronomy,Architecture,Geometry,Geometry,,,text,40,10,true
Geometry,medium,"Which subject area most closely matches the topic ""Geometry""?",Ancient Civilization,Astronomy,Awards (Oscars),Geometry,Geometry,,,text,40,10,true
Geometry,medium,"Which field does the topic ""Geometry"" fall under?",Geometry,Algebra,Biology,Awards (Oscars),Geometry,,,text,40,10,true
Geometry,medium,Which category would most likely include questions on Geometry?,Awards (Nobel),Aviation,Geometry,Biology,Geometry,,,text,40,10,true
Geometry,hard,Select the category that most precisely fits: Geometry.,Geometry,Automobiles,Agriculture,Algebra,Geometry,,,text,80,8,true
Geometry,hard,Choose the most specific category for: Geometry.,Automobiles,Astronomy,Geometry,Agriculture,Geometry,,,text,80,8,true
Geometry,hard,Pick the category that most accurately represents: Geometry.,Automobiles,Aviation,Agriculture,Geometry,Geometry,,,text,80,8,true
Geometry,hard,Which subject is the correct classification for: Geometry?,Geometry,Architecture,Artificial Intelligence,Agriculture,Geometry,,,text,80,8,true
Geometry,hard,Pick the category that most accurately represents: Geometry.,Agriculture,Ancient Civilization,Geometry,Astronomy,Geometry,,,text,80,8,true
Geometry,hard,Choose the most specific category for: Geometry.,Algebra,Automobiles,Artificial Intelligence,Geometry,Geometry,,,text,80,8,true
Geometry,hard,Which subject is the correct classification for: Geometry?,Ancient Civilization,Artificial Intelligence,Agriculture,Geometry,Geometry,,,text,80,8,true
Geometry,hard,Which subject is the correct classification for: Geometry?,Geometry,Automobiles,Artificial Intelligence,Algebra,Geometry,,,text,80,8,true
Geometry,hard,Which subject is the correct classification for: Geometry?,Ancient Civilization,Geometry,Agriculture,Automobiles,Geometry,,,text,80,8,true
Geometry,hard,"Most precise category for ""Geometry"" is:",Geometry,Ancient Civilization,Agriculture,Automobiles,Geometry,,,text,80,8,true
Geometry,hard,"Which category is the closest match for the topic ""Geometry""?",Agriculture,Automobiles,Geometry,Ancient Civilization,Geometry,,,text,80,8,true
Geometry,hard,"Most precise category for ""Geometry"" is:",Geometry,Artificial Intelligence,Algebra,Aviation,Geometry,,,text,80,8,true
Geometry,hard,Pick the category that most accurately represents: Geometry.,Ancient Civilization,Aviation,Agriculture,Geometry,Geometry,,,text,80,8,true
Geometry,hard,"Which category is the best fit for the topic ""Geometry""?",Agriculture,Artificial Intelligence,Algebra,Geometry,Geometry,,,text,80,8,true
Geometry,hard,Which subject is the correct classification for: Geometry?,Geometry,Algebra,Architecture,Automobiles,Geometry,,,text,80,8,true
Geometry,hard,Pick the category that most accurately represents: Geometry.,Astronomy,Geometry,Automobiles,Aviation,Geometry,,,text,80,8,true
Geometry,hard,Choose the most specific category for: Geometry.,Geometry,Artificial Intelligence,Aviation,Astronomy,Geometry,,,text,80,8,true
Geometry,hard,"Which category is the best fit for the topic ""Geometry""?",Architecture,Geometry,Automobiles,Algebra,Geometry,,,text,80,8,true
Geometry,hard,Identify the primary category for: Geometry.,Aviation,Algebra,Geometry,Astronomy,Geometry,,,text,80,8,true
Geometry,hard,"Which category is the closest match for the topic ""Geometry""?",Aviation,Geometry,Algebra,Architecture,Geometry,,,text,80,8,true
Geometry,hard,Which subject is the correct classification for: Geometry?,Agriculture,Astronomy,Geometry,Ancient Civilization,Geometry,,,text,80,8,true
Geometry,hard,Select the category that most precisely fits: Geometry.,Agriculture,Geometry,Automobiles,Aviation,Geometry,,,text,80,8,true
Geometry,hard,Which subject is the correct classification for: Geometry?,Ancient Civilization,Agriculture,Artificial Intelligence,Geometry,Geometry,,,text,80,8,true
Geometry,hard,Select the category that most precisely fits: Geometry.,Aviation,Automobiles,Artificial Intelligence,Geometry,Geometry,,,text,80,8,true
Trigonometry,easy,Which quiz category would include: Trigonometry?,Trigonometry,Economics,Mythology (Norse),Ancient Civilization,Trigonometry,,,text,20,12,true
Trigonometry,easy,Select the correct quiz category for: Trigonometry.,English Grammar,Trigonometry,Machine Learning,Mythology (Norse),Trigonometry,,,text,20,12,true
Trigonometry,easy,Identify the subject area: Trigonometry.,Web Development,Algebra,Mythology (Indian),Trigonometry,Trigonometry,,,text,20,12,true
Trigonometry,easy,Identify the subject area: Trigonometry.,Architecture,Trigonometry,Business Tycoons,Biology,Trigonometry,,,text,20,12,true
Trigonometry,easy,Which quiz category would include: Trigonometry?,Internet History,Cyber Security,Mobile Development,Trigonometry,Trigonometry,,,text,20,12,true
Trigonometry,easy,"The topic ""Trigonometry"" best fits which category?",Movies (Bollywood),Trigonometry,Food & Cuisine,Gadgets,Trigonometry,,,text,20,12,true
Trigonometry,easy,Identify the subject area: Trigonometry.,Chemistry,Painting & Art,Trigonometry,Modern Literature,Trigonometry,,,text,20,12,true
Trigonometry,easy,Pick the subject area that matches: Trigonometry.,Networking,Programming (Java),Inventions & Discoveries,Trigonometry,Trigonometry,,,text,20,12,true
Trigonometry,easy,"Which category does the topic ""Trigonometry"" belong to?",Architecture,Trigonometry,Current Affairs,Currencies,Trigonometry,,,text,20,12,true
Trigonometry,easy,"Which category does the topic ""Trigonometry"" belong to?",National Parks,Wildlife,Psychology,Trigonometry,Trigonometry,,,text,20,12,true
Trigonometry,easy,"Which category does the topic ""Trigonometry"" belong to?",Classic Literature,Comic Books,Trigonometry,Islands,Trigonometry,,,text,20,12,true
Trigonometry,easy,Pick the subject area that matches: Trigonometry.,Web Development,World Continents,Finance,Trigonometry,Trigonometry,,,text,20,12,true
Trigonometry,easy,Select the correct quiz category for: Trigonometry.,Architecture,Modern Literature,Biology,Trigonometry,Trigonometry,,,text,20,12,true
Trigonometry,easy,"Which category does the topic ""Trigonometry"" belong to?",Currencies,Physics,Modern History,Trigonometry,Trigonometry,,,text,20,12,true
Trigonometry,easy,Which category is the best match for: Trigonometry?,Classic Literature,Modern History,Trigonometry,Awards (Oscars),Trigonometry,,,text,20,12,true
Trigonometry,easy,Select the correct quiz category for: Trigonometry.,Mountains & Peaks,Fashion,Artificial Intelligence,Trigonometry,Trigonometry,,,text,20,12,true
Trigonometry,easy,"Choose the category that best matches ""Trigonometry"".",Trigonometry,Sociology,Modern Literature,Gadgets,Trigonometry,,,text,20,12,true
Trigonometry,easy,Identify the subject area: Trigonometry.,Trigonometry,E-commerce,Cricket,Gadgets,Trigonometry,,,text,20,12,true
Trigonometry,medium,Pick the best category for this quiz topic: Trigonometry.,Trigonometry,Basketball,Artificial Intelligence,Agriculture,Trigonometry,,,text,40,10,true
Trigonometry,medium,"Best-fit category for ""Trigonometry"" is:",Architecture,Artificial Intelligence,Awards (Nobel),Trigonometry,Trigonometry,,,text,40,10,true
Trigonometry,medium,Select the most appropriate category for: Trigonometry.,Trigonometry,Astronomy,Awards (Nobel),Aviation,Trigonometry,,,text,40,10,true
Trigonometry,medium,Pick the best category for this quiz topic: Trigonometry.,Astronomy,Biology,Trigonometry,Artificial Intelligence,Trigonometry,,,text,40,10,true
Trigonometry,medium,"Which subject area most closely matches the topic ""Trigonometry""?",Ancient Civilization,Aviation,Artificial Intelligence,Trigonometry,Trigonometry,,,text,40,10,true
Trigonometry,medium,Pick the best category for this quiz topic: Trigonometry.,Trigonometry,Ancient Civilization,Artificial Intelligence,Aviation,Trigonometry,,,text,40,10,true
Trigonometry,medium,Which category is most closely related to: Trigonometry?,Automobiles,Awards (Oscars),Trigonometry,Astronomy,Trigonometry,,,text,40,10,true
Trigonometry,medium,"Best-fit category for ""Trigonometry"" is:",Awards (Oscars),Trigonometry,Awards (Nobel),Algebra,Trigonometry,,,text,40,10,true
Trigonometry,medium,Which category would most likely include questions on Trigonometry?,Astronomy,Artificial Intelligence,Trigonometry,Awards (Oscars),Trigonometry,,,text,40,10,true
Trigonometry,medium,"Which field does the topic ""Trigonometry"" fall under?",Astronomy,Aviation,Artificial Intelligence,Trigonometry,Trigonometry,,,text,40,10,true
Trigonometry,medium,"Which field does the topic ""Trigonometry"" fall under?",Trigonometry,Ancient Civilization,Awards (Oscars),Aviation,Trigonometry,,,text,40,10,true
Trigonometry,medium,Which category would most likely include questions on Trigonometry?,Basketball,Trigonometry,Automobiles,Artificial Intelligence,Trigonometry,,,text,40,10,true
Trigonometry,medium,"Which field does the topic ""Trigonometry"" fall under?",Awards (Nobel),Algebra,Awards (Oscars),Trigonometry,Trigonometry,,,text,40,10,true
Trigonometry,medium,Select the most appropriate category for: Trigonometry.,Automobiles,Awards (Oscars),Biology,Trigonometry,Trigonometry,,,text,40,10,true
Trigonometry,medium,Select the most appropriate category for: Trigonometry.,Aviation,Biology,Trigonometry,Automobiles,Trigonometry,,,text,40,10,true
Trigonometry,medium,"Which field does the topic ""Trigonometry"" fall under?",Biology,Basketball,Artificial Intelligence,Trigonometry,Trigonometry,,,text,40,10,true
Trigonometry,medium,Select the most appropriate category for: Trigonometry.,Awards (Nobel),Aviation,Algebra,Trigonometry,Trigonometry,,,text,40,10,true
Trigonometry,medium,"Best-fit category for ""Trigonometry"" is:",Awards (Nobel),Basketball,Astronomy,Trigonometry,Trigonometry,,,text,40,10,true
Trigonometry,hard,Select the category that most precisely fits: Trigonometry.,Trigonometry,Automobiles,Architecture,Artificial Intelligence,Trigonometry,,,text,80,8,true
Trigonometry,hard,Which subject is the correct classification for: Trigonometry?,Trigonometry,Automobiles,Agriculture,Ancient Civilization,Trigonometry,,,text,80,8,true
Trigonometry,hard,Which subject is the correct classification for: Trigonometry?,Trigonometry,Architecture,Ancient Civilization,Artificial Intelligence,Trigonometry,,,text,80,8,true
Trigonometry,hard,"Most precise category for ""Trigonometry"" is:",Artificial Intelligence,Trigonometry,Algebra,Architecture,Trigonometry,,,text,80,8,true
Trigonometry,hard,"Most precise category for ""Trigonometry"" is:",Trigonometry,Architecture,Astronomy,Agriculture,Trigonometry,,,text,80,8,true
Trigonometry,hard,"Which category is the closest match for the topic ""Trigonometry""?",Trigonometry,Agriculture,Algebra,Astronomy,Trigonometry,,,text,80,8,true
Trigonometry,hard,Choose the most specific category for: Trigonometry.,Architecture,Trigonometry,Astronomy,Automobiles,Trigonometry,,,text,80,8,true
Trigonometry,hard,Identify the primary category for: Trigonometry.,Ancient Civilization,Trigonometry,Automobiles,Architecture,Trigonometry,,,text,80,8,true
Trigonometry,hard,Identify the primary category for: Trigonometry.,Astronomy,Trigonometry,Automobiles,Architecture,Trigonometry,,,text,80,8,true
Trigonometry,hard,Select the category that most precisely fits: Trigonometry.,Architecture,Trigonometry,Aviation,Astronomy,Trigonometry,,,text,80,8,true
Trigonometry,hard,"Which category is the best fit for the topic ""Trigonometry""?",Artificial Intelligence,Trigonometry,Aviation,Automobiles,Trigonometry,,,text,80,8,true
Trigonometry,hard,Choose the most specific category for: Trigonometry.,Algebra,Trigonometry,Astronomy,Architecture,Trigonometry,,,text,80,8,true
Trigonometry,hard,"Which category is the closest match for the topic ""Trigonometry""?",Architecture,Automobiles,Aviation,Trigonometry,Trigonometry,,,text,80,8,true
Trigonometry,hard,Pick the category that most accurately represents: Trigonometry.,Artificial Intelligence,Aviation,Trigonometry,Ancient Civilization,Trigonometry,,,text,80,8,true
Trigonometry,hard,Identify the primary category for: Trigonometry.,Algebra,Architecture,Ancient Civilization,Trigonometry,Trigonometry,,,text,80,8,true
Trigonometry,hard,Identify the primary category for: Trigonometry.,Automobiles,Aviation,Trigonometry,Artificial Intelligence,Trigonometry,,,text,80,8,true
Trigonometry,hard,"Most precise category for ""Trigonometry"" is:",Astronomy,Agriculture,Ancient Civilization,Trigonometry,Trigonometry,,,text,80,8,true
Trigonometry,hard,Which subject is the correct classification for: Trigonometry?,Algebra,Trigonometry,Artificial Intelligence,Automobiles,Trigonometry,,,text,80,8,true
Trigonometry,hard,Which subject is the correct classification for: Trigonometry?,Artificial Intelligence,Trigonometry,Automobiles,Astronomy,Trigonometry,,,text,80,8,true
Trigonometry,hard,Which subject is the correct classification for: Trigonometry?,Trigonometry,Automobiles,Ancient Civilization,Architecture,Trigonometry,,,text,80,8,true
Trigonometry,hard,Select the category that most precisely fits: Trigonometry.,Artificial Intelligence,Agriculture,Trigonometry,Automobiles,Trigonometry,,,text,80,8,true
Trigonometry,hard,Choose the most specific category for: Trigonometry.,Aviation,Automobiles,Agriculture,Trigonometry,Trigonometry,,,text,80,8,true
Trigonometry,hard,Select the category that most precisely fits: Trigonometry.,Architecture,Artificial Intelligence,Ancient Civilization,Trigonometry,Trigonometry,,,text,80,8,true
Trigonometry,hard,"Which category is the closest match for the topic ""Trigonometry""?",Trigonometry,Aviation,Automobiles,Astronomy,Trigonometry,,,text,80,8,true
Algebra,easy,Pick the subject area that matches: Algebra.,World Religions,Marketing,Algebra,Painting & Art,Algebra,,,text,20,12,true
Algebra,easy,"Which category does the topic ""Algebra"" belong to?",Algebra,Poetry,National Parks,Pharmacology,Algebra,,,text,20,12,true
Algebra,easy,Pick the subject area that matches: Algebra.,World Religions,Robotics,Physics,Algebra,Algebra,,,text,20,12,true
Algebra,easy,Identify the subject area: Algebra.,Cricket,World Continents,Algebra,Business Tycoons,Algebra,,,text,20,12,true
Algebra,easy,Which category is the best match for: Algebra?,Brands & Logos,Programming (Java),Economics,Algebra,Algebra,,,text,20,12,true
Algebra,easy,Select the correct quiz category for: Algebra.,Trigonometry,Psychology,Algebra,Inventions & Discoveries,Algebra,,,text,20,12,true
Algebra,easy,Identify the subject area: Algebra.,World Religions,Algebra,Mythology (Greek),Ancient Civilization,Algebra,,,text,20,12,true
Algebra,easy,Pick the subject area that matches: Algebra.,Algebra,Social Media,Chemistry,National Parks,Algebra,,,text,20,12,true
Algebra,easy,"Which category does the topic ""Algebra"" belong to?",Cricket,Pharmacology,Finance,Algebra,Algebra,,,text,20,12,true
Algebra,easy,Identify the subject area: Algebra.,Algebra,Machine Learning,Basketball,Logistics,Algebra,,,text,20,12,true
Algebra,easy,"Choose the category that best matches ""Algebra"".",Networking,Programming (Java),Algebra,Modern Literature,Algebra,,,text,20,12,true
Algebra,easy,Which category is the best match for: Algebra?,Internet History,Astronomy,Wildlife,Algebra,Algebra,,,text,20,12,true
Algebra,easy,Which category is the best match for: Algebra?,Agriculture,Languages,Algebra,Football,Algebra,,,text,20,12,true
Algebra,easy,"The topic ""Algebra"" best fits which category?",Cricket,Algebra,National Parks,Movies (Hollywood),Algebra,,,text,20,12,true
Algebra,easy,"Choose the category that best matches ""Algebra"".",Blockchain,Indian States,Ancient Civilization,Algebra,Algebra,,,text,20,12,true
Algebra,easy,Which quiz category would include: Algebra?,Algebra,Networking,Chess,E-commerce,Algebra,,,text,20,12,true
Algebra,easy,"The topic ""Algebra"" best fits which category?",Aviation,World Continents,Algebra,Classic Literature,Algebra,,,text,20,12,true
Algebra,easy,Which category is the best match for: Algebra?,Philosophy,Algebra,Movies (Hollywood),Sociology,Algebra,,,text,20,12,true
Algebra,medium,Which category is most closely related to: Algebra?,Architecture,Ancient Civilization,Algebra,Basketball,Algebra,,,text,40,10,true
Algebra,medium,Select the most appropriate category for: Algebra.,Basketball,Algebra,Artificial Intelligence,Automobiles,Algebra,,,text,40,10,true
Algebra,medium,"Which field does the topic ""Algebra"" fall under?",Aviation,Agriculture,Basketball,Algebra,Algebra,,,text,40,10,true
Algebra,medium,"Which field does the topic ""Algebra"" fall under?",Blockchain,Artificial Intelligence,Agriculture,Algebra,Algebra,,,text,40,10,true
Algebra,medium,Select the most appropriate category for: Algebra.,Aviation,Architecture,Basketball,Algebra,Algebra,,,text,40,10,true
Algebra,medium,Select the most appropriate category for: Algebra.,Automobiles,Artificial Intelligence,Aviation,Algebra,Algebra,,,text,40,10,true
Algebra,medium,Pick the best category for this quiz topic: Algebra.,Basketball,Blockchain,Algebra,Automobiles,Algebra,,,text,40,10,true
Algebra,medium,"Best-fit category for ""Algebra"" is:",Ancient Civilization,Awards (Oscars),Algebra,Artificial Intelligence,Algebra,,,text,40,10,true
Algebra,medium,Pick the best category for this quiz topic: Algebra.,Ancient Civilization,Algebra,Basketball,Artificial Intelligence,Algebra,,,text,40,10,true
Algebra,medium,"Best-fit category for ""Algebra"" is:",Algebra,Awards (Oscars),Artificial Intelligence,Blockchain,Algebra,,,text,40,10,true
Algebra,medium,Which category would most likely include questions on Algebra?,Automobiles,Agriculture,Algebra,Blockchain,Algebra,,,text,40,10,true
Algebra,medium,"Which subject area most closely matches the topic ""Algebra""?",Agriculture,Algebra,Aviation,Architecture,Algebra,,,text,40,10,true
Algebra,medium,Which category is most closely related to: Algebra?,Basketball,Awards (Oscars),Architecture,Algebra,Algebra,,,text,40,10,true
Algebra,medium,Pick the best category for this quiz topic: Algebra.,Artificial Intelligence,Automobiles,Algebra,Awards (Oscars),Algebra,,,text,40,10,true
Algebra,medium,Which category would most likely include questions on Algebra?,Awards (Oscars),Astronomy,Algebra,Aviation,Algebra,,,text,40,10,true
Algebra,medium,Which category is most closely related to: Algebra?,Algebra,Biology,Artificial Intelligence,Automobiles,Algebra,,,text,40,10,true
Algebra,medium,Which category is most closely related to: Algebra?,Architecture,Artificial Intelligence,Algebra,Automobiles,Algebra,,,text,40,10,true
Algebra,medium,Choose the most accurate category for the topic: Algebra.,Astronomy,Algebra,Automobiles,Architecture,Algebra,,,text,40,10,true
Algebra,hard,"Which category is the closest match for the topic ""Algebra""?",Awards (Nobel),Algebra,Automobiles,Aviation,Algebra,,,text,80,8,true
Algebra,hard,Select the category that most precisely fits: Algebra.,Algebra,Astronomy,Aviation,Artificial Intelligence,Algebra,,,text,80,8,true
Algebra,hard,"Which category is the closest match for the topic ""Algebra""?",Awards (Nobel),Algebra,Aviation,Architecture,Algebra,,,text,80,8,true
Algebra,hard,Identify the primary category for: Algebra.,Algebra,Automobiles,Astronomy,Architecture,Algebra,,,text,80,8,true
Algebra,hard,Pick the category that most accurately represents: Algebra.,Algebra,Architecture,Automobiles,Astronomy,Algebra,,,text,80,8,true
Algebra,hard,"Which category is the closest match for the topic ""Algebra""?",Algebra,Artificial Intelligence,Automobiles,Agriculture,Algebra,,,text,80,8,true
Algebra,hard,Select the category that most precisely fits: Algebra.,Artificial Intelligence,Ancient Civilization,Algebra,Architecture,Algebra,,,text,80,8,true
Algebra,hard,Identify the primary category for: Algebra.,Ancient Civilization,Algebra,Astronomy,Awards (Nobel),Algebra,,,text,80,8,true
Algebra,hard,"Which category is the closest match for the topic ""Algebra""?",Agriculture,Artificial Intelligence,Algebra,Astronomy,Algebra,,,text,80,8,true
Algebra,hard,Which subject is the correct classification for: Algebra?,Astronomy,Ancient Civilization,Automobiles,Algebra,Algebra,,,text,80,8,true
Algebra,hard,"Which category is the closest match for the topic ""Algebra""?",Artificial Intelligence,Algebra,Awards (Nobel),Aviation,Algebra,,,text,80,8,true
Algebra,hard,Which subject is the correct classification for: Algebra?,Astronomy,Automobiles,Aviation,Algebra,Algebra,,,text,80,8,true
Algebra,hard,Select the category that most precisely fits: Algebra.,Algebra,Awards (Nobel),Aviation,Agriculture,Algebra,,,text,80,8,true
Algebra,hard,Choose the most specific category for: Algebra.,Aviation,Artificial Intelligence,Awards (Nobel),Algebra,Algebra,,,text,80,8,true
Algebra,hard,Select the category that most precisely fits: Algebra.,Astronomy,Agriculture,Algebra,Artificial Intelligence,Algebra,,,text,80,8,true
Algebra,hard,Choose the most specific category for: Algebra.,Automobiles,Algebra,Artificial Intelligence,Astronomy,Algebra,,,text,80,8,true
Algebra,hard,Pick the category that most accurately represents: Algebra.,Algebra,Architecture,Aviation,Artificial Intelligence,Algebra,,,text,80,8,true
Algebra,hard,Which subject is the correct classification for: Algebra?,Automobiles,Artificial Intelligence,Astronomy,Algebra,Algebra,,,text,80,8,true
Algebra,hard,"Most precise category for ""Algebra"" is:",Ancient Civilization,Algebra,Agriculture,Aviation,Algebra,,,text,80,8,true
Algebra,hard,Select the category that most precisely fits: Algebra.,Architecture,Algebra,Ancient Civilization,Automobiles,Algebra,,,text,80,8,true
Algebra,hard,Pick the category that most accurately represents: Algebra.,Agriculture,Architecture,Artificial Intelligence,Algebra,Algebra,,,text,80,8,true
Algebra,hard,Choose the most specific category for: Algebra.,Aviation,Agriculture,Awards (Nobel),Algebra,Algebra,,,text,80,8,true
Algebra,hard,Identify the primary category for: Algebra.,Algebra,Ancient Civilization,Aviation,Agriculture,Algebra,,,text,80,8,true
Algebra,hard,Identify the primary category for: Algebra.,Ancient Civilization,Aviation,Algebra,Artificial Intelligence,Algebra,,,text,80,8,true
Calculus,easy,"Which category does the topic ""Calculus"" belong to?",World Continents,Computer Science,Space Exploration,Calculus,Calculus,,,text,20,12,true
Calculus,easy,"The topic ""Calculus"" best fits which category?",Calculus,National Parks,World Leaders,Interior Design,Calculus,,,text,20,12,true
Calculus,easy,"The topic ""Calculus"" best fits which category?",Pharmacology,Web Development,Chess,Calculus,Calculus,,,text,20,12,true
Calculus,easy,Select the correct quiz category for: Calculus.,Calculus,Biology,Modern Literature,Finance,Calculus,,,text,20,12,true
Calculus,easy,Pick the subject area that matches: Calculus.,Finance,Calculus,Chemistry,Yoga & Health,Calculus,,,text,20,12,true
Calculus,easy,"Choose the category that best matches ""Calculus"".",Mountains & Peaks,Modern Literature,Calculus,Human Anatomy,Calculus,,,text,20,12,true
Calculus,easy,"Which category does the topic ""Calculus"" belong to?",English Grammar,Food & Cuisine,Calculus,Mythology (Norse),Calculus,,,text,20,12,true
Calculus,easy,Pick the subject area that matches: Calculus.,Computer Science,Poetry,Calculus,Robotics,Calculus,,,text,20,12,true
Calculus,easy,"The topic ""Calculus"" best fits which category?",Indian States,Calculus,Mythology (Indian),Gadgets,Calculus,,,text,20,12,true
Calculus,easy,"The topic ""Calculus"" best fits which category?",Artificial Intelligence,Awards (Nobel),Mythology (Norse),Calculus,Calculus,,,text,20,12,true
Calculus,easy,Which quiz category would include: Calculus?,Calculus,Famous Personalities,Mathematics,Awards (Nobel),Calculus,,,text,20,12,true
Calculus,easy,Pick the subject area that matches: Calculus.,Indian States,Brands & Logos,Agriculture,Calculus,Calculus,,,text,20,12,true
Calculus,easy,Which quiz category would include: Calculus?,Calculus,Current Affairs,Painting & Art,Biology,Calculus,,,text,20,12,true
Calculus,easy,"Which category does the topic ""Calculus"" belong to?",Human Anatomy,Poetry,Calculus,National Flags,Calculus,,,text,20,12,true
Calculus,easy,"The topic ""Calculus"" best fits which category?",Pharmacology,Calculus,Gaming,Poetry,Calculus,,,text,20,12,true
Calculus,easy,"The topic ""Calculus"" best fits which category?",Mythology (Greek),Music (Pop),Calculus,Yoga & Health,Calculus,,,text,20,12,true
Calculus,easy,Identify the subject area: Calculus.,Classic Literature,Olympic Games,Space Exploration,Calculus,Calculus,,,text,20,12,true
Calculus,easy,Which quiz category would include: Calculus?,Calculus,Superheroes,Marketing,Languages,Calculus,,,text,20,12,true
Calculus,medium,Choose the most accurate category for the topic: Calculus.,Awards (Oscars),Calculus,Biology,Artificial Intelligence,Calculus,,,text,40,10,true
Calculus,medium,"Which subject area most closely matches the topic ""Calculus""?",Calculus,Awards (Nobel),Aviation,Biology,Calculus,,,text,40,10,true
Calculus,medium,"Which field does the topic ""Calculus"" fall under?",Ancient Civilization,Algebra,Agriculture,Calculus,Calculus,,,text,40,10,true
Calculus,medium,Pick the best category for this quiz topic: Calculus.,Awards (Nobel),Agriculture,Calculus,Basketball,Calculus,,,text,40,10,true
Calculus,medium,"Best-fit category for ""Calculus"" is:",Architecture,Astronomy,Awards (Nobel),Calculus,Calculus,,,text,40,10,true
Calculus,medium,Pick the best category for this quiz topic: Calculus.,Calculus,Architecture,Awards (Oscars),Agriculture,Calculus,,,text,40,10,true
Calculus,medium,Which category would most likely include questions on Calculus?,Calculus,Architecture,Agriculture,Awards (Oscars),Calculus,,,text,40,10,true
Calculus,medium,Pick the best category for this quiz topic: Calculus.,Algebra,Biology,Ancient Civilization,Calculus,Calculus,,,text,40,10,true
Calculus,medium,Choose the most accurate category for the topic: Calculus.,Biology,Awards (Oscars),Calculus,Awards (Nobel),Calculus,,,text,40,10,true
Calculus,medium,Pick the best category for this quiz topic: Calculus.,Automobiles,Aviation,Calculus,Algebra,Calculus,,,text,40,10,true
Calculus,medium,"Which subject area most closely matches the topic ""Calculus""?",Artificial Intelligence,Calculus,Basketball,Awards (Nobel),Calculus,,,text,40,10,true
Calculus,medium,"Which subject area most closely matches the topic ""Calculus""?",Automobiles,Aviation,Calculus,Architecture,Calculus,,,text,40,10,true
Calculus,medium,Choose the most accurate category for the topic: Calculus.,Awards (Oscars),Automobiles,Calculus,Ancient Civilization,Calculus,,,text,40,10,true
Calculus,medium,Pick the best category for this quiz topic: Calculus.,Architecture,Awards (Nobel),Ancient Civilization,Calculus,Calculus,,,text,40,10,true
Calculus,medium,"Best-fit category for ""Calculus"" is:",Calculus,Biology,Basketball,Agriculture,Calculus,,,text,40,10,true
Calculus,medium,Which category is most closely related to: Calculus?,Ancient Civilization,Calculus,Awards (Nobel),Awards (Oscars),Calculus,,,text,40,10,true
Calculus,medium,Choose the most accurate category for the topic: Calculus.,Calculus,Astronomy,Automobiles,Biology,Calculus,,,text,40,10,true
Calculus,medium,Choose the most accurate category for the topic: Calculus.,Algebra,Calculus,Biology,Artificial Intelligence,Calculus,,,text,40,10,true
Calculus,hard,"Most precise category for ""Calculus"" is:",Artificial Intelligence,Calculus,Astronomy,Aviation,Calculus,,,text,80,8,true
Calculus,hard,Choose the most specific category for: Calculus.,Ancient Civilization,Calculus,Artificial Intelligence,Aviation,Calculus,,,text,80,8,true
Calculus,hard,"Which category is the closest match for the topic ""Calculus""?",Algebra,Artificial Intelligence,Calculus,Astronomy,Calculus,,,text,80,8,true
Calculus,hard,Select the category that most precisely fits: Calculus.,Artificial Intelligence,Agriculture,Calculus,Aviation,Calculus,,,text,80,8,true
Calculus,hard,"Most precise category for ""Calculus"" is:",Calculus,Astronomy,Algebra,Agriculture,Calculus,,,text,80,8,true
Calculus,hard,Identify the primary category for: Calculus.,Ancient Civilization,Calculus,Automobiles,Artificial Intelligence,Calculus,,,text,80,8,true
Calculus,hard,"Most precise category for ""Calculus"" is:",Algebra,Automobiles,Agriculture,Calculus,Calculus,,,text,80,8,true
Calculus,hard,"Which category is the closest match for the topic ""Calculus""?",Agriculture,Automobiles,Calculus,Astronomy,Calculus,,,text,80,8,true
Calculus,hard,"Most precise category for ""Calculus"" is:",Aviation,Calculus,Ancient Civilization,Artificial Intelligence,Calculus,,,text,80,8,true
Calculus,hard,Choose the most specific category for: Calculus.,Calculus,Algebra,Architecture,Ancient Civilization,Calculus,,,text,80,8,true
Calculus,hard,Choose the most specific category for: Calculus.,Calculus,Artificial Intelligence,Architecture,Astronomy,Calculus,,,text,80,8,true
Calculus,hard,"Which category is the best fit for the topic ""Calculus""?",Aviation,Agriculture,Ancient Civilization,Calculus,Calculus,,,text,80,8,true
Calculus,hard,Select the category that most precisely fits: Calculus.,Algebra,Calculus,Ancient Civilization,Architecture,Calculus,,,text,80,8,true
Calculus,hard,"Which category is the best fit for the topic ""Calculus""?",Algebra,Architecture,Aviation,Calculus,Calculus,,,text,80,8,true
Calculus,hard,Select the category that most precisely fits: Calculus.,Architecture,Algebra,Automobiles,Calculus,Calculus,,,text,80,8,true
Calculus,hard,"Which category is the closest match for the topic ""Calculus""?",Calculus,Architecture,Algebra,Astronomy,Calculus,,,text,80,8,true
Calculus,hard,"Which category is the best fit for the topic ""Calculus""?",Calculus,Astronomy,Automobiles,Ancient Civilization,Calculus,,,text,80,8,true
Calculus,hard,Identify the primary category for: Calculus.,Calculus,Astronomy,Automobiles,Ancient Civilization,Calculus,,,text,80,8,true
Calculus,hard,Pick the category that most accurately represents: Calculus.,Algebra,Aviation,Ancient Civilization,Calculus,Calculus,,,text,80,8,true
Calculus,hard,Select the category that most precisely fits: Calculus.,Astronomy,Calculus,Agriculture,Architecture,Calculus,,,text,80,8,true
Calculus,hard,Identify the primary category for: Calculus.,Ancient Civilization,Calculus,Algebra,Agriculture,Calculus,,,text,80,8,true
Calculus,hard,Select the category that most precisely fits: Calculus.,Astronomy,Artificial Intelligence,Aviation,Calculus,Calculus,,,text,80,8,true
Calculus,hard,Choose the most specific category for: Calculus.,Agriculture,Calculus,Algebra,Automobiles,Calculus,,,text,80,8,true
Calculus,hard,Pick the category that most accurately represents: Calculus.,Astronomy,Automobiles,Calculus,Ancient Civilization,Calculus,,,text,80,8,true
Computer Science,easy,Pick the subject area that matches: Computer Science.,Human Anatomy,Awards (Nobel),Fashion,Computer Science,Computer Science,,,text,20,12,true
Computer Science,easy,"Which category does the topic ""Computer Science"" belong to?",Awards (Nobel),Famous Personalities,Networking,Computer Science,Computer Science,,,text,20,12,true
Computer Science,easy,Select the correct quiz category for: Computer Science.,Cyber Security,English Grammar,Mobile Development,Computer Science,Computer Science,,,text,20,12,true
Computer Science,easy,Identify the subject area: Computer Science.,Artificial Intelligence,Logistics,Computer Science,Painting & Art,Computer Science,,,text,20,12,true
Computer Science,easy,"The topic ""Computer Science"" best fits which category?",Chess,Marketing,Computer Science,Famous Personalities,Computer Science,,,text,20,12,true
Computer Science,easy,Select the correct quiz category for: Computer Science.,E-commerce,Tennis,Computer Science,Movies (Bollywood),Computer Science,,,text,20,12,true
Computer Science,easy,Identify the subject area: Computer Science.,Pharmacology,Currencies,Basketball,Computer Science,Computer Science,,,text,20,12,true
Computer Science,easy,"Which category does the topic ""Computer Science"" belong to?",Computer Science,Current Affairs,Environmental Science,Logistics,Computer Science,,,text,20,12,true
Computer Science,easy,"Choose the category that best matches ""Computer Science"".",World Continents,Computer Science,Music (Classical),Wildlife,Computer Science,,,text,20,12,true
Computer Science,easy,"The topic ""Computer Science"" best fits which category?",Poetry,Computer Science,Human Anatomy,Programming (Python),Computer Science,,,text,20,12,true
Computer Science,easy,Pick the subject area that matches: Computer Science.,Computer Science,Mythology (Norse),Movies (Bollywood),Yoga & Health,Computer Science,,,text,20,12,true
Computer Science,easy,Which category is the best match for: Computer Science?,Chemistry,Current Affairs,Computer Science,Islands,Computer Science,,,text,20,12,true
Computer Science,easy,Pick the subject area that matches: Computer Science.,World Religions,Climate Change,Computer Science,Mobile Development,Computer Science,,,text,20,12,true
Computer Science,easy,Which category is the best match for: Computer Science?,Modern Literature,Business Tycoons,Awards (Nobel),Computer Science,Computer Science,,,text,20,12,true
Computer Science,easy,Pick the subject area that matches: Computer Science.,Languages,Gaming,World Leaders,Computer Science,Computer Science,,,text,20,12,true
Computer Science,easy,Select the correct quiz category for: Computer Science.,Olympic Games,Finance,Robotics,Computer Science,Computer Science,,,text,20,12,true
Computer Science,easy,Identify the subject area: Computer Science.,Gardening,Computer Science,Architecture,Economics,Computer Science,,,text,20,12,true
Computer Science,easy,Pick the subject area that matches: Computer Science.,Mythology (Indian),Brands & Logos,Rivers & Lakes,Computer Science,Computer Science,,,text,20,12,true
Computer Science,medium,Which category is most closely related to: Computer Science?,Political Science,Astronomy,Automobiles,Computer Science,Computer Science,,,text,40,10,true
Computer Science,medium,Which category would most likely include questions on Computer Science?,Computer Science,Aviation,Agriculture,Astronomy,Computer Science,,,text,40,10,true
Computer Science,medium,Pick the best category for this quiz topic: Computer Science.,Political Science,Computer Science,Algebra,Agriculture,Computer Science,,,text,40,10,true
Computer Science,medium,"Best-fit category for ""Computer Science"" is:",Astronomy,Ancient Civilization,Awards (Oscars),Computer Science,Computer Science,,,text,40,10,true
Computer Science,medium,Which category is most closely related to: Computer Science?,Astronomy,Artificial Intelligence,Computer Science,Awards (Oscars),Computer Science,,,text,40,10,true
Computer Science,medium,Select the most appropriate category for: Computer Science.,Astronomy,Computer Science,Environmental Science,Ancient Civilization,Computer Science,,,text,40,10,true
Computer Science,medium,Which category is most closely related to: Computer Science?,Automobiles,Computer Science,Awards (Oscars),Aviation,Computer Science,,,text,40,10,true
Computer Science,medium,"Which field does the topic ""Computer Science"" fall under?",Awards (Oscars),Computer Science,Aviation,Astronomy,Computer Science,,,text,40,10,true
Computer Science,medium,"Which field does the topic ""Computer Science"" fall under?",Astronomy,Awards (Oscars),Agriculture,Computer Science,Computer Science,,,text,40,10,true
Computer Science,medium,Choose the most accurate category for the topic: Computer Science.,Automobiles,Architecture,Computer Science,Agriculture,Computer Science,,,text,40,10,true
Computer Science,medium,Select the most appropriate category for: Computer Science.,Computer Science,Automobiles,Aviation,Agriculture,Computer Science,,,text,40,10,true
Computer Science,medium,"Which field does the topic ""Computer Science"" fall under?",Ancient Civilization,Computer Science,Agriculture,Aviation,Computer Science,,,text,40,10,true
Computer Science,medium,Select the most appropriate category for: Computer Science.,Algebra,Ancient Civilization,Astronomy,Computer Science,Computer Science,,,text,40,10,true
Computer Science,medium,Choose the most accurate category for the topic: Computer Science.,Architecture,Awards (Nobel),Computer Science,Ancient Civilization,Computer Science,,,text,40,10,true
Computer Science,medium,Which category would most likely include questions on Computer Science?,Computer Science,Artificial Intelligence,Aviation,Algebra,Computer Science,,,text,40,10,true
Computer Science,medium,"Which field does the topic ""Computer Science"" fall under?",Awards (Oscars),Algebra,Agriculture,Computer Science,Computer Science,,,text,40,10,true
Computer Science,medium,"Which subject area most closely matches the topic ""Computer Science""?",Agriculture,Artificial Intelligence,Computer Science,Awards (Oscars),Computer Science,,,text,40,10,true
Computer Science,medium,"Which subject area most closely matches the topic ""Computer Science""?",Awards (Oscars),Ancient Civilization,Algebra,Computer Science,Computer Science,,,text,40,10,true
Computer Science,hard,Select the category that most precisely fits: Computer Science.,Computer Science,Environmental Science,Agriculture,Astronomy,Computer Science,,,text,80,8,true
Computer Science,hard,"Which category is the closest match for the topic ""Computer Science""?",Ancient Civilization,Architecture,Environmental Science,Computer Science,Computer Science,,,text,80,8,true
Computer Science,hard,"Which category is the best fit for the topic ""Computer Science""?",Computer Science,Artificial Intelligence,Political Science,Algebra,Computer Science,,,text,80,8,true
Computer Science,hard,Choose the most specific category for: Computer Science.,Algebra,Architecture,Computer Science,Astronomy,Computer Science,,,text,80,8,true
Computer Science,hard,Which subject is the correct classification for: Computer Science?,Architecture,Political Science,Ancient Civilization,Computer Science,Computer Science,,,text,80,8,true
Computer Science,hard,Identify the primary category for: Computer Science.,Computer Science,Architecture,Ancient Civilization,Agriculture,Computer Science,,,text,80,8,true
Computer Science,hard,"Which category is the best fit for the topic ""Computer Science""?",Computer Science,Architecture,Algebra,Ancient Civilization,Computer Science,,,text,80,8,true
Computer Science,hard,"Which category is the closest match for the topic ""Computer Science""?",Astronomy,Computer Science,Ancient Civilization,Algebra,Computer Science,,,text,80,8,true
Computer Science,hard,Select the category that most precisely fits: Computer Science.,Ancient Civilization,Political Science,Computer Science,Algebra,Computer Science,,,text,80,8,true
Computer Science,hard,"Which category is the best fit for the topic ""Computer Science""?",Computer Science,Political Science,Environmental Science,Agriculture,Computer Science,,,text,80,8,true
Computer Science,hard,"Most precise category for ""Computer Science"" is:",Computer Science,Political Science,Agriculture,Ancient Civilization,Computer Science,,,text,80,8,true
Computer Science,hard,"Which category is the best fit for the topic ""Computer Science""?",Environmental Science,Astronomy,Computer Science,Algebra,Computer Science,,,text,80,8,true
Computer Science,hard,Identify the primary category for: Computer Science.,Environmental Science,Political Science,Agriculture,Computer Science,Computer Science,,,text,80,8,true
Computer Science,hard,"Which category is the closest match for the topic ""Computer Science""?",Astronomy,Architecture,Computer Science,Ancient Civilization,Computer Science,,,text,80,8,true
Computer Science,hard,"Which category is the closest match for the topic ""Computer Science""?",Political Science,Computer Science,Environmental Science,Ancient Civilization,Computer Science,,,text,80,8,true
Computer Science,hard,Select the category that most precisely fits: Computer Science.,Environmental Science,Computer Science,Algebra,Architecture,Computer Science,,,text,80,8,true
Computer Science,hard,Select the category that most precisely fits: Computer Science.,Agriculture,Algebra,Artificial Intelligence,Computer Science,Computer Science,,,text,80,8,true
Computer Science,hard,Select the category that most precisely fits: Computer Science.,Computer Science,Artificial Intelligence,Environmental Science,Astronomy,Computer Science,,,text,80,8,true
Computer Science,hard,Choose the most specific category for: Computer Science.,Algebra,Environmental Science,Political Science,Computer Science,Computer Science,,,text,80,8,true
Computer Science,hard,Choose the most specific category for: Computer Science.,Algebra,Computer Science,Agriculture,Architecture,Computer Science,,,text,80,8,true
Computer Science,hard,"Most precise category for ""Computer Science"" is:",Ancient Civilization,Computer Science,Environmental Science,Artificial Intelligence,Computer Science,,,text,80,8,true
Computer Science,hard,Pick the category that most accurately represents: Computer Science.,Environmental Science,Algebra,Agriculture,Computer Science,Computer Science,,,text,80,8,true
Computer Science,hard,Choose the most specific category for: Computer Science.,Computer Science,Agriculture,Artificial Intelligence,Environmental Science,Computer Science,,,text,80,8,true
Computer Science,hard,Select the category that most precisely fits: Computer Science.,Architecture,Computer Science,Astronomy,Artificial Intelligence,Computer Science,,,text,80,8,true
Artificial Intelligence,easy,Select the correct quiz category for: Artificial Intelligence.,Cyber Security,Artificial Intelligence,National Flags,Deserts,Artificial Intelligence,,,text,20,12,true
Artificial Intelligence,easy,"Choose the category that best matches ""Artificial Intelligence"".",Climate Change,World Continents,Artificial Intelligence,Poetry,Artificial Intelligence,,,text,20,12,true
Artificial Intelligence,easy,Pick the subject area that matches: Artificial Intelligence.,Fashion,Ancient Civilization,Artificial Intelligence,Climate Change,Artificial Intelligence,,,text,20,12,true
Artificial Intelligence,easy,"Choose the category that best matches ""Artificial Intelligence"".",Artificial Intelligence,Geometry,Web Development,Movies (Bollywood),Artificial Intelligence,,,text,20,12,true
Artificial Intelligence,easy,Which quiz category would include: Artificial Intelligence?,Inventions & Discoveries,Programming (Java),Artificial Intelligence,Human Anatomy,Artificial Intelligence,,,text,20,12,true
Artificial Intelligence,easy,"The topic ""Artificial Intelligence"" best fits which category?",Superheroes,National Flags,Artificial Intelligence,Deserts,Artificial Intelligence,,,text,20,12,true
Artificial Intelligence,easy,Pick the subject area that matches: Artificial Intelligence.,English Grammar,Blockchain,National Flags,Artificial Intelligence,Artificial Intelligence,,,text,20,12,true
Artificial Intelligence,easy,Select the correct quiz category for: Artificial Intelligence.,Marketing,Oceans & Seas,Football,Artificial Intelligence,Artificial Intelligence,,,text,20,12,true
Artificial Intelligence,easy,Identify the subject area: Artificial Intelligence.,Mountains & Peaks,Famous Personalities,E-commerce,Artificial Intelligence,Artificial Intelligence,,,text,20,12,true
Artificial Intelligence,easy,"The topic ""Artificial Intelligence"" best fits which category?",Artificial Intelligence,Mathematics,Inventions & Discoveries,Climate Change,Artificial Intelligence,,,text,20,12,true
Artificial Intelligence,easy,Which category is the best match for: Artificial Intelligence?,Aviation,Artificial Intelligence,Mobile Development,Environmental Science,Artificial Intelligence,,,text,20,12,true
Artificial Intelligence,easy,"The topic ""Artificial Intelligence"" best fits which category?",Physics,Gadgets,Logistics,Artificial Intelligence,Artificial Intelligence,,,text,20,12,true
Artificial Intelligence,easy,Which category is the best match for: Artificial Intelligence?,Cyber Security,Programming (Java),Robotics,Artificial Intelligence,Artificial Intelligence,,,text,20,12,true
Artificial Intelligence,easy,Which quiz category would include: Artificial Intelligence?,Cricket,Artificial Intelligence,Web Development,Rivers & Lakes,Artificial Intelligence,,,text,20,12,true
Artificial Intelligence,easy,Which quiz category would include: Artificial Intelligence?,E-commerce,Space Exploration,Famous Personalities,Artificial Intelligence,Artificial Intelligence,,,text,20,12,true
Artificial Intelligence,easy,Pick the subject area that matches: Artificial Intelligence.,Artificial Intelligence,E-commerce,Trigonometry,Chess,Artificial Intelligence,,,text,20,12,true
Artificial Intelligence,easy,Identify the subject area: Artificial Intelligence.,Modern Literature,Agriculture,Astronomy,Artificial Intelligence,Artificial Intelligence,,,text,20,12,true
Artificial Intelligence,easy,"The topic ""Artificial Intelligence"" best fits which category?",Machine Learning,Indian States,Artificial Intelligence,National Parks,Artificial Intelligence,,,text,20,12,true
Artificial Intelligence,medium,"Which subject area most closely matches the topic ""Artificial Intelligence""?",Ancient Civilization,Artificial Intelligence,Aviation,Blockchain,Artificial Intelligence,,,text,40,10,true
Artificial Intelligence,medium,Pick the best category for this quiz topic: Artificial Intelligence.,Awards (Nobel),Automobiles,Aviation,Artificial Intelligence,Artificial Intelligence,,,text,40,10,true
Artificial Intelligence,medium,Choose the most accurate category for the topic: Artificial Intelligence.,Artificial Intelligence,Ancient Civilization,Automobiles,Awards (Nobel),Artificial Intelligence,,,text,40,10,true
Artificial Intelligence,medium,"Which subject area most closely matches the topic ""Artificial Intelligence""?",Astronomy,Ancient Civilization,Basketball,Artificial Intelligence,Artificial Intelligence,,,text,40,10,true
Artificial Intelligence,medium,"Which subject area most closely matches the topic ""Artificial Intelligence""?",Artificial Intelligence,Basketball,Ancient Civilization,Aviation,Artificial Intelligence,,,text,40,10,true
Artificial Intelligence,medium,"Which field does the topic ""Artificial Intelligence"" fall under?",Artificial Intelligence,Awards (Nobel),Architecture,Agriculture,Artificial Intelligence,,,text,40,10,true
Artificial Intelligence,medium,Select the most appropriate category for: Artificial Intelligence.,Artificial Intelligence,Biology,Architecture,Aviation,Artificial Intelligence,,,text,40,10,true
Artificial Intelligence,medium,Select the most appropriate category for: Artificial Intelligence.,Basketball,Artificial Intelligence,Algebra,Awards (Oscars),Artificial Intelligence,,,text,40,10,true
Artificial Intelligence,medium,Choose the most accurate category for the topic: Artificial Intelligence.,Artificial Intelligence,Awards (Nobel),Automobiles,Ancient Civilization,Artificial Intelligence,,,text,40,10,true
Artificial Intelligence,medium,Select the most appropriate category for: Artificial Intelligence.,Awards (Nobel),Artificial Intelligence,Automobiles,Blockchain,Artificial Intelligence,,,text,40,10,true
Artificial Intelligence,medium,Which category would most likely include questions on Artificial Intelligence?,Agriculture,Artificial Intelligence,Blockchain,Awards (Nobel),Artificial Intelligence,,,text,40,10,true
Artificial Intelligence,medium,Which category is most closely related to: Artificial Intelligence?,Algebra,Agriculture,Automobiles,Artificial Intelligence,Artificial Intelligence,,,text,40,10,true
Artificial Intelligence,medium,"Best-fit category for ""Artificial Intelligence"" is:",Artificial Intelligence,Blockchain,Awards (Oscars),Architecture,Artificial Intelligence,,,text,40,10,true
Artificial Intelligence,medium,Which category would most likely include questions on Artificial Intelligence?,Artificial Intelligence,Agriculture,Basketball,Ancient Civilization,Artificial Intelligence,,,text,40,10,true
Artificial Intelligence,medium,Select the most appropriate category for: Artificial Intelligence.,Artificial Intelligence,Ancient Civilization,Aviation,Blockchain,Artificial Intelligence,,,text,40,10,true
Artificial Intelligence,medium,"Which subject area most closely matches the topic ""Artificial Intelligence""?",Biology,Artificial Intelligence,Aviation,Awards (Nobel),Artificial Intelligence,,,text,40,10,true
Artificial Intelligence,medium,Select the most appropriate category for: Artificial Intelligence.,Ancient Civilization,Architecture,Artificial Intelligence,Biology,Artificial Intelligence,,,text,40,10,true
Artificial Intelligence,medium,Pick the best category for this quiz topic: Artificial Intelligence.,Astronomy,Aviation,Basketball,Artificial Intelligence,Artificial Intelligence,,,text,40,10,true
Artificial Intelligence,hard,Choose the most specific category for: Artificial Intelligence.,Architecture,Ancient Civilization,Astronomy,Artificial Intelligence,Artificial Intelligence,,,text,80,8,true
Artificial Intelligence,hard,"Which category is the best fit for the topic ""Artificial Intelligence""?",Awards (Nobel),Agriculture,Algebra,Artificial Intelligence,Artificial Intelligence,,,text,80,8,true
Artificial Intelligence,hard,Pick the category that most accurately represents: Artificial Intelligence.,Automobiles,Artificial Intelligence,Agriculture,Ancient Civilization,Artificial Intelligence,,,text,80,8,true
Artificial Intelligence,hard,Select the category that most precisely fits: Artificial Intelligence.,Awards (Nobel),Artificial Intelligence,Architecture,Agriculture,Artificial Intelligence,,,text,80,8,true
Artificial Intelligence,hard,Pick the category that most accurately represents: Artificial Intelligence.,Agriculture,Artificial Intelligence,Awards (Nobel),Architecture,Artificial Intelligence,,,text,80,8,true
Artificial Intelligence,hard,"Most precise category for ""Artificial Intelligence"" is:",Artificial Intelligence,Agriculture,Awards (Nobel),Algebra,Artificial Intelligence,,,text,80,8,true
Artificial Intelligence,hard,Which subject is the correct classification for: Artificial Intelligence?,Architecture,Artificial Intelligence,Automobiles,Astronomy,Artificial Intelligence,,,text,80,8,true
Artificial Intelligence,hard,Choose the most specific category for: Artificial Intelligence.,Awards (Nobel),Artificial Intelligence,Aviation,Agriculture,Artificial Intelligence,,,text,80,8,true
Artificial Intelligence,hard,Pick the category that most accurately represents: Artificial Intelligence.,Ancient Civilization,Artificial Intelligence,Agriculture,Aviation,Artificial Intelligence,,,text,80,8,true
Artificial Intelligence,hard,"Most precise category for ""Artificial Intelligence"" is:",Artificial Intelligence,Architecture,Awards (Nobel),Ancient Civilization,Artificial Intelligence,,,text,80,8,true
Artificial Intelligence,hard,Choose the most specific category for: Artificial Intelligence.,Algebra,Ancient Civilization,Astronomy,Artificial Intelligence,Artificial Intelligence,,,text,80,8,true
Artificial Intelligence,hard,Select the category that most precisely fits: Artificial Intelligence.,Artificial Intelligence,Astronomy,Awards (Nobel),Agriculture,Artificial Intelligence,,,text,80,8,true
Artificial Intelligence,hard,Identify the primary category for: Artificial Intelligence.,Astronomy,Architecture,Aviation,Artificial Intelligence,Artificial Intelligence,,,text,80,8,true
Artificial Intelligence,hard,"Which category is the best fit for the topic ""Artificial Intelligence""?",Artificial Intelligence,Algebra,Agriculture,Architecture,Artificial Intelligence,,,text,80,8,true
Artificial Intelligence,hard,"Which category is the best fit for the topic ""Artificial Intelligence""?",Artificial Intelligence,Astronomy,Awards (Nobel),Aviation,Artificial Intelligence,,,text,80,8,true
Artificial Intelligence,hard,Pick the category that most accurately represents: Artificial Intelligence.,Aviation,Artificial Intelligence,Automobiles,Awards (Nobel),Artificial Intelligence,,,text,80,8,true
Artificial Intelligence,hard,Choose the most specific category for: Artificial Intelligence.,Aviation,Artificial Intelligence,Awards (Nobel),Astronomy,Artificial Intelligence,,,text,80,8,true
Artificial Intelligence,hard,Pick the category that most accurately represents: Artificial Intelligence.,Automobiles,Artificial Intelligence,Aviation,Astronomy,Artificial Intelligence,,,text,80,8,true
Artificial Intelligence,hard,Select the category that most precisely fits: Artificial Intelligence.,Aviation,Ancient Civilization,Awards (Nobel),Artificial Intelligence,Artificial Intelligence,,,text,80,8,true
Artificial Intelligence,hard,"Most precise category for ""Artificial Intelligence"" is:",Artificial Intelligence,Architecture,Aviation,Awards (Nobel),Artificial Intelligence,,,text,80,8,true
Artificial Intelligence,hard,"Which category is the best fit for the topic ""Artificial Intelligence""?",Algebra,Artificial Intelligence,Ancient Civilization,Agriculture,Artificial Intelligence,,,text,80,8,true
Artificial Intelligence,hard,Pick the category that most accurately represents: Artificial Intelligence.,Algebra,Agriculture,Artificial Intelligence,Astronomy,Artificial Intelligence,,,text,80,8,true
Artificial Intelligence,hard,Pick the category that most accurately represents: Artificial Intelligence.,Algebra,Automobiles,Aviation,Artificial Intelligence,Artificial Intelligence,,,text,80,8,true
Artificial Intelligence,hard,Choose the most specific category for: Artificial Intelligence.,Ancient Civilization,Aviation,Artificial Intelligence,Algebra,Artificial Intelligence,,,text,80,8,true
Machine Learning,easy,Pick the subject area that matches: Machine Learning.,Chemistry,Computer Science,Cricket,Machine Learning,Machine Learning,,,text,20,12,true
Machine Learning,easy,"Which category does the topic ""Machine Learning"" belong to?",Architecture,Machine Learning,Web Development,Mathematics,Machine Learning,,,text,20,12,true
Machine Learning,easy,"Choose the category that best matches ""Machine Learning"".",Blockchain,Marketing,Machine Learning,Agriculture,Machine Learning,,,text,20,12,true
Machine Learning,easy,"The topic ""Machine Learning"" best fits which category?",Comic Books,English Grammar,Machine Learning,World Geography,Machine Learning,,,text,20,12,true
Machine Learning,easy,"Which category does the topic ""Machine Learning"" belong to?",Internet History,Calculus,Machine Learning,Wildlife,Machine Learning,,,text,20,12,true
Machine Learning,easy,Select the correct quiz category for: Machine Learning.,Awards (Nobel),Mathematics,Brands & Logos,Machine Learning,Machine Learning,,,text,20,12,true
Machine Learning,easy,Which category is the best match for: Machine Learning?,Painting & Art,Comic Books,Machine Learning,Basketball,Machine Learning,,,text,20,12,true
Machine Learning,easy,Identify the subject area: Machine Learning.,Mythology (Indian),Machine Learning,Awards (Oscars),Economics,Machine Learning,,,text,20,12,true
Machine Learning,easy,Identify the subject area: Machine Learning.,Machine Learning,Deserts,Current Affairs,Pharmacology,Machine Learning,,,text,20,12,true
Machine Learning,easy,"Choose the category that best matches ""Machine Learning"".",Machine Learning,Classic Literature,Cyber Security,Computer Science,Machine Learning,,,text,20,12,true
Machine Learning,easy,Which quiz category would include: Machine Learning?,Blockchain,Machine Learning,Poetry,Rivers & Lakes,Machine Learning,,,text,20,12,true
Machine Learning,easy,Which quiz category would include: Machine Learning?,World Geography,Music (Pop),Indian States,Machine Learning,Machine Learning,,,text,20,12,true
Machine Learning,easy,Which quiz category would include: Machine Learning?,Basketball,Indian History,Machine Learning,Calculus,Machine Learning,,,text,20,12,true
Machine Learning,easy,Which category is the best match for: Machine Learning?,Machine Learning,Indian History,Gardening,Networking,Machine Learning,,,text,20,12,true
Machine Learning,easy,"Which category does the topic ""Machine Learning"" belong to?",Machine Learning,Languages,Computer Science,Biology,Machine Learning,,,text,20,12,true
Machine Learning,easy,Which category is the best match for: Machine Learning?,Music (Pop),Mythology (Indian),Machine Learning,Programming (Java),Machine Learning,,,text,20,12,true
Machine Learning,easy,"The topic ""Machine Learning"" best fits which category?",Machine Learning,Political Science,Comic Books,Olympic Games,Machine Learning,,,text,20,12,true
Machine Learning,easy,Identify the subject area: Machine Learning.,Aviation,Agriculture,Machine Learning,Human Anatomy,Machine Learning,,,text,20,12,true
Machine Learning,medium,Which category would most likely include questions on Machine Learning?,Astronomy,Artificial Intelligence,Machine Learning,Automobiles,Machine Learning,,,text,40,10,true
Machine Learning,medium,Choose the most accurate category for the topic: Machine Learning.,Machine Learning,Architecture,Ancient Civilization,Biology,Machine Learning,,,text,40,10,true
Machine Learning,medium,"Best-fit category for ""Machine Learning"" is:",Basketball,Ancient Civilization,Machine Learning,Algebra,Machine Learning,,,text,40,10,true
Machine Learning,medium,Select the most appropriate category for: Machine Learning.,Algebra,Biology,Architecture,Machine Learning,Machine Learning,,,text,40,10,true
Machine Learning,medium,"Which field does the topic ""Machine Learning"" fall under?",Algebra,Astronomy,Automobiles,Machine Learning,Machine Learning,,,text,40,10,true
Machine Learning,medium,"Which subject area most closely matches the topic ""Machine Learning""?",Awards (Oscars),Basketball,Machine Learning,Automobiles,Machine Learning,,,text,40,10,true
Machine Learning,medium,Choose the most accurate category for the topic: Machine Learning.,Aviation,Ancient Civilization,Machine Learning,Artificial Intelligence,Machine Learning,,,text,40,10,true
Machine Learning,medium,"Which subject area most closely matches the topic ""Machine Learning""?",Machine Learning,Awards (Oscars),Astronomy,Ancient Civilization,Machine Learning,,,text,40,10,true
Machine Learning,medium,Which category would most likely include questions on Machine Learning?,Awards (Nobel),Architecture,Awards (Oscars),Machine Learning,Machine Learning,,,text,40,10,true
Machine Learning,medium,Select the most appropriate category for: Machine Learning.,Biology,Ancient Civilization,Astronomy,Machine Learning,Machine Learning,,,text,40,10,true
Machine Learning,medium,Select the most appropriate category for: Machine Learning.,Architecture,Machine Learning,Ancient Civilization,Basketball,Machine Learning,,,text,40,10,true
Machine Learning,medium,"Best-fit category for ""Machine Learning"" is:",Agriculture,Architecture,Machine Learning,Artificial Intelligence,Machine Learning,,,text,40,10,true
Machine Learning,medium,Which category would most likely include questions on Machine Learning?,Machine Learning,Biology,Algebra,Agriculture,Machine Learning,,,text,40,10,true
Machine Learning,medium,"Which subject area most closely matches the topic ""Machine Learning""?",Automobiles,Machine Learning,Artificial Intelligence,Basketball,Machine Learning,,,text,40,10,true
Machine Learning,medium,Which category would most likely include questions on Machine Learning?,Machine Learning,Biology,Ancient Civilization,Agriculture,Machine Learning,,,text,40,10,true
Machine Learning,medium,Choose the most accurate category for the topic: Machine Learning.,Agriculture,Algebra,Machine Learning,Awards (Oscars),Machine Learning,,,text,40,10,true
Machine Learning,medium,"Which subject area most closely matches the topic ""Machine Learning""?",Biology,Machine Learning,Ancient Civilization,Automobiles,Machine Learning,,,text,40,10,true
Machine Learning,medium,"Best-fit category for ""Machine Learning"" is:",Awards (Nobel),Automobiles,Machine Learning,Astronomy,Machine Learning,,,text,40,10,true
Machine Learning,hard,Identify the primary category for: Machine Learning.,Astronomy,Aviation,Machine Learning,Artificial Intelligence,Machine Learning,,,text,80,8,true
Machine Learning,hard,"Which category is the closest match for the topic ""Machine Learning""?",Ancient Civilization,Architecture,Machine Learning,Automobiles,Machine Learning,,,text,80,8,true
Machine Learning,hard,"Which category is the best fit for the topic ""Machine Learning""?",Architecture,Automobiles,Astronomy,Machine Learning,Machine Learning,,,text,80,8,true
Machine Learning,hard,Choose the most specific category for: Machine Learning.,Machine Learning,Architecture,Agriculture,Algebra,Machine Learning,,,text,80,8,true
Machine Learning,hard,"Which category is the closest match for the topic ""Machine Learning""?",Agriculture,Artificial Intelligence,Algebra,Machine Learning,Machine Learning,,,text,80,8,true
Machine Learning,hard,"Which category is the closest match for the topic ""Machine Learning""?",Architecture,Automobiles,Machine Learning,Artificial Intelligence,Machine Learning,,,text,80,8,true
Machine Learning,hard,Pick the category that most accurately represents: Machine Learning.,Automobiles,Astronomy,Machine Learning,Artificial Intelligence,Machine Learning,,,text,80,8,true
Machine Learning,hard,Select the category that most precisely fits: Machine Learning.,Architecture,Astronomy,Aviation,Machine Learning,Machine Learning,,,text,80,8,true
Machine Learning,hard,"Which category is the closest match for the topic ""Machine Learning""?",Algebra,Machine Learning,Architecture,Artificial Intelligence,Machine Learning,,,text,80,8,true
Machine Learning,hard,Identify the primary category for: Machine Learning.,Artificial Intelligence,Agriculture,Aviation,Machine Learning,Machine Learning,,,text,80,8,true
Machine Learning,hard,Identify the primary category for: Machine Learning.,Ancient Civilization,Architecture,Aviation,Machine Learning,Machine Learning,,,text,80,8,true
Machine Learning,hard,"Which category is the best fit for the topic ""Machine Learning""?",Machine Learning,Ancient Civilization,Aviation,Agriculture,Machine Learning,,,text,80,8,true
Machine Learning,hard,Which subject is the correct classification for: Machine Learning?,Algebra,Machine Learning,Architecture,Automobiles,Machine Learning,,,text,80,8,true
Machine Learning,hard,Which subject is the correct classification for: Machine Learning?,Machine Learning,Automobiles,Agriculture,Aviation,Machine Learning,,,text,80,8,true
Machine Learning,hard,Which subject is the correct classification for: Machine Learning?,Agriculture,Algebra,Astronomy,Machine Learning,Machine Learning,,,text,80,8,true
Machine Learning,hard,"Most precise category for ""Machine Learning"" is:",Algebra,Machine Learning,Automobiles,Artificial Intelligence,Machine Learning,,,text,80,8,true
Machine Learning,hard,Choose the most specific category for: Machine Learning.,Algebra,Architecture,Astronomy,Machine Learning,Machine Learning,,,text,80,8,true
Machine Learning,hard,Which subject is the correct classification for: Machine Learning?,Algebra,Aviation,Artificial Intelligence,Machine Learning,Machine Learning,,,text,80,8,true
Machine Learning,hard,"Which category is the closest match for the topic ""Machine Learning""?",Ancient Civilization,Agriculture,Machine Learning,Artificial Intelligence,Machine Learning,,,text,80,8,true
Machine Learning,hard,Select the category that most precisely fits: Machine Learning.,Ancient Civilization,Machine Learning,Astronomy,Automobiles,Machine Learning,,,text,80,8,true
Machine Learning,hard,Select the category that most precisely fits: Machine Learning.,Machine Learning,Automobiles,Ancient Civilization,Artificial Intelligence,Machine Learning,,,text,80,8,true
Machine Learning,hard,Pick the category that most accurately represents: Machine Learning.,Machine Learning,Aviation,Artificial Intelligence,Algebra,Machine Learning,,,text,80,8,true
Machine Learning,hard,"Which category is the closest match for the topic ""Machine Learning""?",Machine Learning,Aviation,Architecture,Automobiles,Machine Learning,,,text,80,8,true
Machine Learning,hard,"Which category is the best fit for the topic ""Machine Learning""?",Astronomy,Machine Learning,Aviation,Ancient Civilization,Machine Learning,,,text,80,8,true
Blockchain,easy,Pick the subject area that matches: Blockchain.,Programming (Java),Architecture,Blockchain,Space Exploration,Blockchain,,,text,20,12,true
Blockchain,easy,Identify the subject area: Blockchain.,Yoga & Health,Blockchain,World Continents,Mountains & Peaks,Blockchain,,,text,20,12,true
Blockchain,easy,Identify the subject area: Blockchain.,Painting & Art,Blockchain,Algebra,Current Affairs,Blockchain,,,text,20,12,true
Blockchain,easy,Pick the subject area that matches: Blockchain.,Mythology (Indian),Basketball,Blockchain,Medicine,Blockchain,,,text,20,12,true
Blockchain,easy,"Which category does the topic ""Blockchain"" belong to?",Blockchain,Music (Pop),National Flags,Gardening,Blockchain,,,text,20,12,true
Blockchain,easy,Which quiz category would include: Blockchain?,Blockchain,World Leaders,Languages,Marketing,Blockchain,,,text,20,12,true
Blockchain,easy,Which quiz category would include: Blockchain?,Stock Market,Blockchain,Mythology (Greek),Islands,Blockchain,,,text,20,12,true
Blockchain,easy,Identify the subject area: Blockchain.,Mythology (Indian),English Grammar,Blockchain,Artificial Intelligence,Blockchain,,,text,20,12,true
Blockchain,easy,Select the correct quiz category for: Blockchain.,Painting & Art,Blockchain,National Flags,Finance,Blockchain,,,text,20,12,true
Blockchain,easy,Select the correct quiz category for: Blockchain.,Blockchain,Current Affairs,Rivers & Lakes,Business Tycoons,Blockchain,,,text,20,12,true
Blockchain,easy,Which category is the best match for: Blockchain?,Astronomy,Blockchain,Football,Olympic Games,Blockchain,,,text,20,12,true
Blockchain,easy,Identify the subject area: Blockchain.,Medicine,Blockchain,Famous Personalities,Interior Design,Blockchain,,,text,20,12,true
Blockchain,easy,Which quiz category would include: Blockchain?,Mythology (Greek),Blockchain,Automobiles,Space Exploration,Blockchain,,,text,20,12,true
Blockchain,easy,"The topic ""Blockchain"" best fits which category?",Stock Market,Indian History,Blockchain,Movies (Hollywood),Blockchain,,,text,20,12,true
Blockchain,easy,"Choose the category that best matches ""Blockchain"".",Photography,Internet History,Medicine,Blockchain,Blockchain,,,text,20,12,true
Blockchain,easy,Pick the subject area that matches: Blockchain.,Marketing,Social Media,Blockchain,Aviation,Blockchain,,,text,20,12,true
Blockchain,easy,Which quiz category would include: Blockchain?,Trigonometry,Business Tycoons,Economics,Blockchain,Blockchain,,,text,20,12,true
Blockchain,easy,Pick the subject area that matches: Blockchain.,Marketing,Biology,Blockchain,Automobiles,Blockchain,,,text,20,12,true
Blockchain,medium,"Which field does the topic ""Blockchain"" fall under?",Basketball,Agriculture,Blockchain,Artificial Intelligence,Blockchain,,,text,40,10,true
Blockchain,medium,Choose the most accurate category for the topic: Blockchain.,Blockchain,Ancient Civilization,Basketball,Biology,Blockchain,,,text,40,10,true
Blockchain,medium,"Best-fit category for ""Blockchain"" is:",Blockchain,Awards (Oscars),Awards (Nobel),Biology,Blockchain,,,text,40,10,true
Blockchain,medium,Which category would most likely include questions on Blockchain?,Basketball,Blockchain,Biology,Architecture,Blockchain,,,text,40,10,true
Blockchain,medium,Pick the best category for this quiz topic: Blockchain.,Awards (Nobel),Architecture,Blockchain,Biology,Blockchain,,,text,40,10,true
Blockchain,medium,Pick the best category for this quiz topic: Blockchain.,Automobiles,Awards (Nobel),Blockchain,Architecture,Blockchain,,,text,40,10,true
Blockchain,medium,Choose the most accurate category for the topic: Blockchain.,Ancient Civilization,Aviation,Blockchain,Automobiles,Blockchain,,,text,40,10,true
Blockchain,medium,Select the most appropriate category for: Blockchain.,Awards (Nobel),Ancient Civilization,Biology,Blockchain,Blockchain,,,text,40,10,true
Blockchain,medium,Which category is most closely related to: Blockchain?,Blockchain,Astronomy,Awards (Nobel),Ancient Civilization,Blockchain,,,text,40,10,true
Blockchain,medium,Select the most appropriate category for: Blockchain.,Awards (Oscars),Blockchain,Biology,Automobiles,Blockchain,,,text,40,10,true
Blockchain,medium,Which category would most likely include questions on Blockchain?,Basketball,Blockchain,Algebra,Aviation,Blockchain,,,text,40,10,true
Blockchain,medium,"Best-fit category for ""Blockchain"" is:",Biology,Blockchain,Artificial Intelligence,Agriculture,Blockchain,,,text,40,10,true
Blockchain,medium,"Which subject area most closely matches the topic ""Blockchain""?",Algebra,Blockchain,Automobiles,Basketball,Blockchain,,,text,40,10,true
Blockchain,medium,Which category would most likely include questions on Blockchain?,Blockchain,Astronomy,Aviation,Biology,Blockchain,,,text,40,10,true
Blockchain,medium,Pick the best category for this quiz topic: Blockchain.,Agriculture,Blockchain,Awards (Nobel),Awards (Oscars),Blockchain,,,text,40,10,true
Blockchain,medium,"Which field does the topic ""Blockchain"" fall under?",Biology,Agriculture,Blockchain,Aviation,Blockchain,,,text,40,10,true
Blockchain,medium,"Which subject area most closely matches the topic ""Blockchain""?",Awards (Nobel),Basketball,Aviation,Blockchain,Blockchain,,,text,40,10,true
Blockchain,medium,Which category would most likely include questions on Blockchain?,Algebra,Artificial Intelligence,Awards (Oscars),Blockchain,Blockchain,,,text,40,10,true
Blockchain,hard,Select the category that most precisely fits: Blockchain.,Blockchain,Agriculture,Architecture,Artificial Intelligence,Blockchain,,,text,80,8,true
Blockchain,hard,Identify the primary category for: Blockchain.,Artificial Intelligence,Astronomy,Blockchain,Aviation,Blockchain,,,text,80,8,true
Blockchain,hard,Identify the primary category for: Blockchain.,Agriculture,Architecture,Blockchain,Ancient Civilization,Blockchain,,,text,80,8,true
Blockchain,hard,"Most precise category for ""Blockchain"" is:",Algebra,Aviation,Agriculture,Blockchain,Blockchain,,,text,80,8,true
Blockchain,hard,Pick the category that most accurately represents: Blockchain.,Architecture,Blockchain,Astronomy,Algebra,Blockchain,,,text,80,8,true
Blockchain,hard,"Which category is the closest match for the topic ""Blockchain""?",Architecture,Blockchain,Automobiles,Aviation,Blockchain,,,text,80,8,true
Blockchain,hard,Pick the category that most accurately represents: Blockchain.,Architecture,Artificial Intelligence,Automobiles,Blockchain,Blockchain,,,text,80,8,true
Blockchain,hard,Which subject is the correct classification for: Blockchain?,Architecture,Artificial Intelligence,Aviation,Blockchain,Blockchain,,,text,80,8,true
Blockchain,hard,"Which category is the best fit for the topic ""Blockchain""?",Blockchain,Architecture,Aviation,Astronomy,Blockchain,,,text,80,8,true
Blockchain,hard,Which subject is the correct classification for: Blockchain?,Blockchain,Algebra,Astronomy,Architecture,Blockchain,,,text,80,8,true
Blockchain,hard,"Which category is the best fit for the topic ""Blockchain""?",Blockchain,Artificial Intelligence,Architecture,Automobiles,Blockchain,,,text,80,8,true
Blockchain,hard,Pick the category that most accurately represents: Blockchain.,Aviation,Ancient Civilization,Automobiles,Blockchain,Blockchain,,,text,80,8,true
Blockchain,hard,"Most precise category for ""Blockchain"" is:",Blockchain,Automobiles,Agriculture,Architecture,Blockchain,,,text,80,8,true
Blockchain,hard,"Which category is the closest match for the topic ""Blockchain""?",Artificial Intelligence,Ancient Civilization,Automobiles,Blockchain,Blockchain,,,text,80,8,true
Blockchain,hard,Identify the primary category for: Blockchain.,Aviation,Agriculture,Artificial Intelligence,Blockchain,Blockchain,,,text,80,8,true
Blockchain,hard,"Most precise category for ""Blockchain"" is:",Automobiles,Astronomy,Ancient Civilization,Blockchain,Blockchain,,,text,80,8,true
Blockchain,hard,Select the category that most precisely fits: Blockchain.,Artificial Intelligence,Blockchain,Architecture,Astronomy,Blockchain,,,text,80,8,true
Blockchain,hard,Select the category that most precisely fits: Blockchain.,Blockchain,Astronomy,Aviation,Algebra,Blockchain,,,text,80,8,true
Blockchain,hard,Identify the primary category for: Blockchain.,Automobiles,Algebra,Ancient Civilization,Blockchain,Blockchain,,,text,80,8,true
Blockchain,hard,"Which category is the best fit for the topic ""Blockchain""?",Astronomy,Architecture,Blockchain,Ancient Civilization,Blockchain,,,text,80,8,true
Blockchain,hard,"Which category is the closest match for the topic ""Blockchain""?",Ancient Civilization,Blockchain,Agriculture,Aviation,Blockchain,,,text,80,8,true
Blockchain,hard,Which subject is the correct classification for: Blockchain?,Aviation,Agriculture,Architecture,Blockchain,Blockchain,,,text,80,8,true
Blockchain,hard,Pick the category that most accurately represents: Blockchain.,Automobiles,Astronomy,Blockchain,Aviation,Blockchain,,,text,80,8,true
Blockchain,hard,Which subject is the correct classification for: Blockchain?,Algebra,Blockchain,Agriculture,Astronomy,Blockchain,,,text,80,8,true
Cyber Security,easy,Pick the subject area that matches: Cyber Security.,Cyber Security,English Grammar,Mobile Development,Classic Literature,Cyber Security,,,text,20,12,true
Cyber Security,easy,Pick the subject area that matches: Cyber Security.,Cyber Security,World Geography,English Grammar,Current Affairs,Cyber Security,,,text,20,12,true
Cyber Security,easy,"Which category does the topic ""Cyber Security"" belong to?",Robotics,Cyber Security,Medicine,Islands,Cyber Security,,,text,20,12,true
Cyber Security,easy,Select the correct quiz category for: Cyber Security.,Movies (Hollywood),Cyber Security,Photography,Biology,Cyber Security,,,text,20,12,true
Cyber Security,easy,"Choose the category that best matches ""Cyber Security"".",Cyber Security,Marketing,Social Media,Music (Pop),Cyber Security,,,text,20,12,true
Cyber Security,easy,Identify the subject area: Cyber Security.,Cyber Security,Internet History,Astronomy,Mathematics,Cyber Security,,,text,20,12,true
Cyber Security,easy,"Choose the category that best matches ""Cyber Security"".",Calculus,Cyber Security,Astronomy,World Geography,Cyber Security,,,text,20,12,true
Cyber Security,easy,Which quiz category would include: Cyber Security?,Social Media,Cyber Security,Interior Design,Awards (Nobel),Cyber Security,,,text,20,12,true
Cyber Security,easy,Which quiz category would include: Cyber Security?,Cyber Security,Gaming,Programming (Python),Oceans & Seas,Cyber Security,,,text,20,12,true
Cyber Security,easy,Which category is the best match for: Cyber Security?,Deserts,Cyber Security,Networking,Finance,Cyber Security,,,text,20,12,true
Cyber Security,easy,"The topic ""Cyber Security"" best fits which category?",Physics,Finance,Programming (Python),Cyber Security,Cyber Security,,,text,20,12,true
Cyber Security,easy,Which quiz category would include: Cyber Security?,Modern Literature,Comic Books,Music (Classical),Cyber Security,Cyber Security,,,text,20,12,true
Cyber Security,easy,Select the correct quiz category for: Cyber Security.,Gardening,Mountains & Peaks,Social Media,Cyber Security,Cyber Security,,,text,20,12,true
Cyber Security,easy,"Which category does the topic ""Cyber Security"" belong to?",Cyber Security,Artificial Intelligence,Mobile Development,Logistics,Cyber Security,,,text,20,12,true
Cyber Security,easy,Select the correct quiz category for: Cyber Security.,Ancient Civilization,Interior Design,Cyber Security,Indian History,Cyber Security,,,text,20,12,true
Cyber Security,easy,Identify the subject area: Cyber Security.,Blockchain,Sociology,Cyber Security,Mythology (Greek),Cyber Security,,,text,20,12,true
Cyber Security,easy,"Which category does the topic ""Cyber Security"" belong to?",Yoga & Health,Music (Classical),Business Tycoons,Cyber Security,Cyber Security,,,text,20,12,true
Cyber Security,easy,Identify the subject area: Cyber Security.,Brands & Logos,Cyber Security,Marketing,Movies (Bollywood),Cyber Security,,,text,20,12,true
Cyber Security,medium,"Which subject area most closely matches the topic ""Cyber Security""?",Basketball,Cyber Security,Awards (Oscars),Automobiles,Cyber Security,,,text,40,10,true
Cyber Security,medium,"Best-fit category for ""Cyber Security"" is:",Aviation,Basketball,Architecture,Cyber Security,Cyber Security,,,text,40,10,true
Cyber Security,medium,Which category is most closely related to: Cyber Security?,Ancient Civilization,Automobiles,Aviation,Cyber Security,Cyber Security,,,text,40,10,true
Cyber Security,medium,Which category is most closely related to: Cyber Security?,Cyber Security,Architecture,Artificial Intelligence,Automobiles,Cyber Security,,,text,40,10,true
Cyber Security,medium,Which category is most closely related to: Cyber Security?,Astronomy,Cyber Security,Agriculture,Ancient Civilization,Cyber Security,,,text,40,10,true
Cyber Security,medium,"Which field does the topic ""Cyber Security"" fall under?",Basketball,Awards (Oscars),Astronomy,Cyber Security,Cyber Security,,,text,40,10,true
Cyber Security,medium,Which category would most likely include questions on Cyber Security?,Artificial Intelligence,Architecture,Ancient Civilization,Cyber Security,Cyber Security,,,text,40,10,true
Cyber Security,medium,Select the most appropriate category for: Cyber Security.,Biology,Cyber Security,Architecture,Automobiles,Cyber Security,,,text,40,10,true
Cyber Security,medium,"Which subject area most closely matches the topic ""Cyber Security""?",Cyber Security,Automobiles,Basketball,Algebra,Cyber Security,,,text,40,10,true
Cyber Security,medium,Select the most appropriate category for: Cyber Security.,Ancient Civilization,Biology,Awards (Nobel),Cyber Security,Cyber Security,,,text,40,10,true
Cyber Security,medium,Pick the best category for this quiz topic: Cyber Security.,Cyber Security,Algebra,Astronomy,Automobiles,Cyber Security,,,text,40,10,true
Cyber Security,medium,"Best-fit category for ""Cyber Security"" is:",Agriculture,Aviation,Biology,Cyber Security,Cyber Security,,,text,40,10,true
Cyber Security,medium,Select the most appropriate category for: Cyber Security.,Cyber Security,Awards (Nobel),Basketball,Ancient Civilization,Cyber Security,,,text,40,10,true
Cyber Security,medium,"Which field does the topic ""Cyber Security"" fall under?",Biology,Ancient Civilization,Cyber Security,Awards (Oscars),Cyber Security,,,text,40,10,true
Cyber Security,medium,"Best-fit category for ""Cyber Security"" is:",Biology,Algebra,Ancient Civilization,Cyber Security,Cyber Security,,,text,40,10,true
Cyber Security,medium,Select the most appropriate category for: Cyber Security.,Architecture,Automobiles,Cyber Security,Basketball,Cyber Security,,,text,40,10,true
Cyber Security,medium,"Best-fit category for ""Cyber Security"" is:",Awards (Nobel),Artificial Intelligence,Astronomy,Cyber Security,Cyber Security,,,text,40,10,true
Cyber Security,medium,Choose the most accurate category for the topic: Cyber Security.,Ancient Civilization,Aviation,Cyber Security,Awards (Nobel),Cyber Security,,,text,40,10,true
Cyber Security,hard,Choose the most specific category for: Cyber Security.,Cyber Security,Ancient Civilization,Astronomy,Architecture,Cyber Security,,,text,80,8,true
Cyber Security,hard,Identify the primary category for: Cyber Security.,Artificial Intelligence,Ancient Civilization,Cyber Security,Aviation,Cyber Security,,,text,80,8,true
Cyber Security,hard,"Which category is the best fit for the topic ""Cyber Security""?",Architecture,Agriculture,Ancient Civilization,Cyber Security,Cyber Security,,,text,80,8,true
Cyber Security,hard,"Which category is the closest match for the topic ""Cyber Security""?",Automobiles,Astronomy,Aviation,Cyber Security,Cyber Security,,,text,80,8,true
Cyber Security,hard,Select the category that most precisely fits: Cyber Security.,Automobiles,Cyber Security,Artificial Intelligence,Agriculture,Cyber Security,,,text,80,8,true
Cyber Security,hard,Select the category that most precisely fits: Cyber Security.,Automobiles,Cyber Security,Agriculture,Artificial Intelligence,Cyber Security,,,text,80,8,true
Cyber Security,hard,"Most precise category for ""Cyber Security"" is:",Cyber Security,Architecture,Ancient Civilization,Aviation,Cyber Security,,,text,80,8,true
Cyber Security,hard,Identify the primary category for: Cyber Security.,Agriculture,Artificial Intelligence,Architecture,Cyber Security,Cyber Security,,,text,80,8,true
Cyber Security,hard,Select the category that most precisely fits: Cyber Security.,Architecture,Cyber Security,Algebra,Artificial Intelligence,Cyber Security,,,text,80,8,true
Cyber Security,hard,"Which category is the closest match for the topic ""Cyber Security""?",Ancient Civilization,Aviation,Cyber Security,Algebra,Cyber Security,,,text,80,8,true
Cyber Security,hard,Identify the primary category for: Cyber Security.,Algebra,Agriculture,Cyber Security,Aviation,Cyber Security,,,text,80,8,true
Cyber Security,hard,"Which category is the closest match for the topic ""Cyber Security""?",Astronomy,Ancient Civilization,Cyber Security,Aviation,Cyber Security,,,text,80,8,true
Cyber Security,hard,"Which category is the best fit for the topic ""Cyber Security""?",Algebra,Aviation,Cyber Security,Agriculture,Cyber Security,,,text,80,8,true
Cyber Security,hard,Choose the most specific category for: Cyber Security.,Algebra,Aviation,Cyber Security,Automobiles,Cyber Security,,,text,80,8,true
Cyber Security,hard,Choose the most specific category for: Cyber Security.,Algebra,Cyber Security,Aviation,Astronomy,Cyber Security,,,text,80,8,true
Cyber Security,hard,Identify the primary category for: Cyber Security.,Automobiles,Cyber Security,Artificial Intelligence,Agriculture,Cyber Security,,,text,80,8,true
Cyber Security,hard,"Which category is the closest match for the topic ""Cyber Security""?",Astronomy,Algebra,Agriculture,Cyber Security,Cyber Security,,,text,80,8,true
Cyber Security,hard,Pick the category that most accurately represents: Cyber Security.,Cyber Security,Astronomy,Architecture,Ancient Civilization,Cyber Security,,,text,80,8,true
Cyber Security,hard,Which subject is the correct classification for: Cyber Security?,Cyber Security,Algebra,Agriculture,Automobiles,Cyber Security,,,text,80,8,true
Cyber Security,hard,"Most precise category for ""Cyber Security"" is:",Ancient Civilization,Cyber Security,Automobiles,Agriculture,Cyber Security,,,text,80,8,true
Cyber Security,hard,Choose the most specific category for: Cyber Security.,Agriculture,Aviation,Automobiles,Cyber Security,Cyber Security,,,text,80,8,true
Cyber Security,hard,"Which category is the closest match for the topic ""Cyber Security""?",Automobiles,Cyber Security,Algebra,Architecture,Cyber Security,,,text,80,8,true
Cyber Security,hard,Choose the most specific category for: Cyber Security.,Cyber Security,Aviation,Algebra,Automobiles,Cyber Security,,,text,80,8,true
Cyber Security,hard,"Which category is the best fit for the topic ""Cyber Security""?",Agriculture,Cyber Security,Astronomy,Aviation,Cyber Security,,,text,80,8,true
Networking,easy,Which category is the best match for: Networking?,Cricket,Chemistry,Mathematics,Networking,Networking,,,text,20,12,true
Networking,easy,Which category is the best match for: Networking?,Networking,Modern Literature,Geometry,Oceans & Seas,Networking,,,text,20,12,true
Networking,easy,"The topic ""Networking"" best fits which category?",Indian States,Oceans & Seas,Networking,Interior Design,Networking,,,text,20,12,true
Networking,easy,"Which category does the topic ""Networking"" belong to?",Networking,Currencies,Architecture,Space Exploration,Networking,,,text,20,12,true
Networking,easy,Which category is the best match for: Networking?,Painting & Art,Computer Science,Networking,Movies (Hollywood),Networking,,,text,20,12,true
Networking,easy,Identify the subject area: Networking.,Economics,Food & Cuisine,Networking,Mythology (Indian),Networking,,,text,20,12,true
Networking,easy,"Choose the category that best matches ""Networking"".",Calculus,Networking,Environmental Science,Movies (Hollywood),Networking,,,text,20,12,true
Networking,easy,Pick the subject area that matches: Networking.,Gadgets,Networking,Psychology,Mythology (Norse),Networking,,,text,20,12,true
Networking,easy,"The topic ""Networking"" best fits which category?",Ancient Civilization,Networking,Psychology,Algebra,Networking,,,text,20,12,true
Networking,easy,Select the correct quiz category for: Networking.,Geometry,Business Tycoons,Mythology (Norse),Networking,Networking,,,text,20,12,true
Networking,easy,Which category is the best match for: Networking?,Inventions & Discoveries,Currencies,Mountains & Peaks,Networking,Networking,,,text,20,12,true
Networking,easy,Pick the subject area that matches: Networking.,Philosophy,Networking,Deserts,Ancient Civilization,Networking,,,text,20,12,true
Networking,easy,Pick the subject area that matches: Networking.,Fashion,Networking,Music (Pop),English Grammar,Networking,,,text,20,12,true
Networking,easy,"Choose the category that best matches ""Networking"".",Artificial Intelligence,Networking,English Grammar,Football,Networking,,,text,20,12,true
Networking,easy,Pick the subject area that matches: Networking.,Networking,National Flags,Interior Design,E-commerce,Networking,,,text,20,12,true
Networking,easy,"The topic ""Networking"" best fits which category?",Networking,Trigonometry,National Parks,Cyber Security,Networking,,,text,20,12,true
Networking,easy,Pick the subject area that matches: Networking.,Currencies,Languages,Networking,Climate Change,Networking,,,text,20,12,true
Networking,easy,"Choose the category that best matches ""Networking"".",Wildlife,Mythology (Norse),Networking,Web Development,Networking,,,text,20,12,true
Networking,medium,Which category would most likely include questions on Networking?,Artificial Intelligence,Architecture,Basketball,Networking,Networking,,,text,40,10,true
Networking,medium,Pick the best category for this quiz topic: Networking.,Networking,Architecture,Awards (Nobel),Astronomy,Networking,,,text,40,10,true
Networking,medium,"Which field does the topic ""Networking"" fall under?",Networking,Artificial Intelligence,Automobiles,Awards (Nobel),Networking,,,text,40,10,true
Networking,medium,Which category is most closely related to: Networking?,Aviation,Networking,Awards (Oscars),Artificial Intelligence,Networking,,,text,40,10,true
Networking,medium,"Which field does the topic ""Networking"" fall under?",Artificial Intelligence,Biology,Architecture,Networking,Networking,,,text,40,10,true
Networking,medium,Choose the most accurate category for the topic: Networking.,Networking,Awards (Oscars),Algebra,Biology,Networking,,,text,40,10,true
Networking,medium,Pick the best category for this quiz topic: Networking.,Automobiles,Artificial Intelligence,Networking,Biology,Networking,,,text,40,10,true
Networking,medium,"Which field does the topic ""Networking"" fall under?",Ancient Civilization,Architecture,Networking,Agriculture,Networking,,,text,40,10,true
Networking,medium,Pick the best category for this quiz topic: Networking.,Networking,Ancient Civilization,Agriculture,Awards (Nobel),Networking,,,text,40,10,true
Networking,medium,"Which subject area most closely matches the topic ""Networking""?",Awards (Nobel),Awards (Oscars),Aviation,Networking,Networking,,,text,40,10,true
Networking,medium,"Which field does the topic ""Networking"" fall under?",Automobiles,Networking,Artificial Intelligence,Astronomy,Networking,,,text,40,10,true
Networking,medium,"Which field does the topic ""Networking"" fall under?",Networking,Astronomy,Agriculture,Automobiles,Networking,,,text,40,10,true
Networking,medium,Select the most appropriate category for: Networking.,Agriculture,Algebra,Networking,Biology,Networking,,,text,40,10,true
Networking,medium,Which category is most closely related to: Networking?,Networking,Awards (Oscars),Algebra,Ancient Civilization,Networking,,,text,40,10,true
Networking,medium,Choose the most accurate category for the topic: Networking.,Awards (Oscars),Networking,Automobiles,Biology,Networking,,,text,40,10,true
Networking,medium,Select the most appropriate category for: Networking.,Architecture,Networking,Ancient Civilization,Agriculture,Networking,,,text,40,10,true
Networking,medium,Choose the most accurate category for the topic: Networking.,Astronomy,Awards (Oscars),Networking,Basketball,Networking,,,text,40,10,true
Networking,medium,Which category would most likely include questions on Networking?,Aviation,Networking,Architecture,Agriculture,Networking,,,text,40,10,true
Networking,hard,Select the category that most precisely fits: Networking.,Astronomy,Ancient Civilization,Automobiles,Networking,Networking,,,text,80,8,true
Networking,hard,"Which category is the best fit for the topic ""Networking""?",Architecture,Networking,Aviation,Astronomy,Networking,,,text,80,8,true
Networking,hard,Identify the primary category for: Networking.,Networking,Ancient Civilization,Architecture,Aviation,Networking,,,text,80,8,true
Networking,hard,Identify the primary category for: Networking.,Architecture,Automobiles,Networking,Ancient Civilization,Networking,,,text,80,8,true
Networking,hard,Choose the most specific category for: Networking.,Agriculture,Networking,Aviation,Artificial Intelligence,Networking,,,text,80,8,true
Networking,hard,Choose the most specific category for: Networking.,Networking,Architecture,Agriculture,Algebra,Networking,,,text,80,8,true
Networking,hard,Select the category that most precisely fits: Networking.,Networking,Artificial Intelligence,Architecture,Algebra,Networking,,,text,80,8,true
Networking,hard,"Most precise category for ""Networking"" is:",Networking,Architecture,Automobiles,Agriculture,Networking,,,text,80,8,true
Networking,hard,Which subject is the correct classification for: Networking?,Astronomy,Architecture,Networking,Aviation,Networking,,,text,80,8,true
Networking,hard,"Which category is the closest match for the topic ""Networking""?",Automobiles,Ancient Civilization,Networking,Astronomy,Networking,,,text,80,8,true
Networking,hard,"Which category is the best fit for the topic ""Networking""?",Ancient Civilization,Automobiles,Algebra,Networking,Networking,,,text,80,8,true
Networking,hard,"Which category is the best fit for the topic ""Networking""?",Architecture,Automobiles,Networking,Agriculture,Networking,,,text,80,8,true
Networking,hard,"Which category is the best fit for the topic ""Networking""?",Aviation,Architecture,Networking,Automobiles,Networking,,,text,80,8,true
Networking,hard,"Most precise category for ""Networking"" is:",Architecture,Networking,Automobiles,Artificial Intelligence,Networking,,,text,80,8,true
Networking,hard,Which subject is the correct classification for: Networking?,Aviation,Ancient Civilization,Networking,Astronomy,Networking,,,text,80,8,true
Networking,hard,Identify the primary category for: Networking.,Astronomy,Ancient Civilization,Networking,Architecture,Networking,,,text,80,8,true
Networking,hard,Select the category that most precisely fits: Networking.,Aviation,Networking,Algebra,Astronomy,Networking,,,text,80,8,true
Networking,hard,"Which category is the closest match for the topic ""Networking""?",Automobiles,Algebra,Networking,Agriculture,Networking,,,text,80,8,true
Networking,hard,Choose the most specific category for: Networking.,Artificial Intelligence,Networking,Aviation,Automobiles,Networking,,,text,80,8,true
Networking,hard,Which subject is the correct classification for: Networking?,Networking,Aviation,Algebra,Ancient Civilization,Networking,,,text,80,8,true
Networking,hard,Select the category that most precisely fits: Networking.,Networking,Artificial Intelligence,Ancient Civilization,Algebra,Networking,,,text,80,8,true
Networking,hard,Choose the most specific category for: Networking.,Artificial Intelligence,Networking,Ancient Civilization,Architecture,Networking,,,text,80,8,true
Networking,hard,Select the category that most precisely fits: Networking.,Artificial Intelligence,Architecture,Networking,Agriculture,Networking,,,text,80,8,true
Networking,hard,"Which category is the closest match for the topic ""Networking""?",Artificial Intelligence,Architecture,Ancient Civilization,Networking,Networking,,,text,80,8,true
Programming (Python),easy,"The topic ""Programming (Python)"" best fits which category?",Trigonometry,Political Science,Programming (Python),Pharmacology,Programming (Python),,,text,20,12,true
Programming (Python),easy,Select the correct quiz category for: Programming (Python).,Space Exploration,Yoga & Health,Comic Books,Programming (Python),Programming (Python),,,text,20,12,true
Programming (Python),easy,Select the correct quiz category for: Programming (Python).,Cyber Security,Mobile Development,Programming (Python),World Religions,Programming (Python),,,text,20,12,true
Programming (Python),easy,Which quiz category would include: Programming (Python)?,Music (Classical),Programming (Python),Architecture,Gadgets,Programming (Python),,,text,20,12,true
Programming (Python),easy,Select the correct quiz category for: Programming (Python).,Programming (Python),Modern Literature,Comic Books,Aviation,Programming (Python),,,text,20,12,true
Programming (Python),easy,"The topic ""Programming (Python)"" best fits which category?",Programming (Python),World Geography,Mythology (Norse),Psychology,Programming (Python),,,text,20,12,true
Programming (Python),easy,Pick the subject area that matches: Programming (Python).,Web Development,Mobile Development,Programming (Python),Awards (Oscars),Programming (Python),,,text,20,12,true
Programming (Python),easy,"Choose the category that best matches ""Programming (Python)"".",Indian History,Mountains & Peaks,Agriculture,Programming (Python),Programming (Python),,,text,20,12,true
Programming (Python),easy,Identify the subject area: Programming (Python).,Poetry,Interior Design,Programming (Python),Political Science,Programming (Python),,,text,20,12,true
Programming (Python),easy,Which category is the best match for: Programming (Python)?,Programming (Python),Pharmacology,Social Media,Tennis,Programming (Python),,,text,20,12,true
Programming (Python),easy,Identify the subject area: Programming (Python).,Programming (Python),Automobiles,Chemistry,National Parks,Programming (Python),,,text,20,12,true
Programming (Python),easy,Identify the subject area: Programming (Python).,Interior Design,Social Media,Programming (Python),Chemistry,Programming (Python),,,text,20,12,true
Programming (Python),easy,"Choose the category that best matches ""Programming (Python)"".",Programming (Python),Awards (Nobel),Indian States,Architecture,Programming (Python),,,text,20,12,true
Programming (Python),easy,Select the correct quiz category for: Programming (Python).,Football,Oceans & Seas,Space Exploration,Programming (Python),Programming (Python),,,text,20,12,true
Programming (Python),easy,Select the correct quiz category for: Programming (Python).,English Grammar,Cricket,Space Exploration,Programming (Python),Programming (Python),,,text,20,12,true
Programming (Python),easy,Which category is the best match for: Programming (Python)?,Robotics,Inventions & Discoveries,Indian History,Programming (Python),Programming (Python),,,text,20,12,true
Programming (Python),easy,"Choose the category that best matches ""Programming (Python)"".",Inventions & Discoveries,Agriculture,Programming (Python),Basketball,Programming (Python),,,text,20,12,true
Programming (Python),easy,Select the correct quiz category for: Programming (Python).,Currencies,Ancient Civilization,Space Exploration,Programming (Python),Programming (Python),,,text,20,12,true
Programming (Python),medium,"Best-fit category for ""Programming (Python)"" is:",Programming (Python),Astronomy,Awards (Nobel),Ancient Civilization,Programming (Python),,,text,40,10,true
Programming (Python),medium,Pick the best category for this quiz topic: Programming (Python).,Astronomy,Programming (Python),Basketball,Agriculture,Programming (Python),,,text,40,10,true
Programming (Python),medium,Which category is most closely related to: Programming (Python)?,Awards (Nobel),Agriculture,Ancient Civilization,Programming (Python),Programming (Python),,,text,40,10,true
Programming (Python),medium,Select the most appropriate category for: Programming (Python).,Architecture,Aviation,Astronomy,Programming (Python),Programming (Python),,,text,40,10,true
Programming (Python),medium,Which category would most likely include questions on Programming (Python)?,Aviation,Automobiles,Agriculture,Programming (Python),Programming (Python),,,text,40,10,true
Programming (Python),medium,"Which field does the topic ""Programming (Python)"" fall under?",Awards (Nobel),Programming (Python),Programming (Java),Agriculture,Programming (Python),,,text,40,10,true
Programming (Python),medium,"Best-fit category for ""Programming (Python)"" is:",Programming (Python),Aviation,Programming (Java),Automobiles,Programming (Python),,,text,40,10,true
Programming (Python),medium,Select the most appropriate category for: Programming (Python).,Automobiles,Programming (Python),Awards (Nobel),Basketball,Programming (Python),,,text,40,10,true
Programming (Python),medium,Which category would most likely include questions on Programming (Python)?,Programming (Python),Awards (Oscars),Automobiles,Algebra,Programming (Python),,,text,40,10,true
Programming (Python),medium,Pick the best category for this quiz topic: Programming (Python).,Automobiles,Algebra,Astronomy,Programming (Python),Programming (Python),,,text,40,10,true
Programming (Python),medium,"Best-fit category for ""Programming (Python)"" is:",Awards (Nobel),Algebra,Programming (Python),Awards (Oscars),Programming (Python),,,text,40,10,true
Programming (Python),medium,Which category would most likely include questions on Programming (Python)?,Programming (Python),Agriculture,Architecture,Astronomy,Programming (Python),,,text,40,10,true
Programming (Python),medium,Choose the most accurate category for the topic: Programming (Python).,Agriculture,Programming (Python),Automobiles,Architecture,Programming (Python),,,text,40,10,true
Programming (Python),medium,"Which subject area most closely matches the topic ""Programming (Python)""?",Astronomy,Ancient Civilization,Programming (Python),Algebra,Programming (Python),,,text,40,10,true
Programming (Python),medium,Choose the most accurate category for the topic: Programming (Python).,Basketball,Aviation,Programming (Python),Architecture,Programming (Python),,,text,40,10,true
Programming (Python),medium,Which category is most closely related to: Programming (Python)?,Programming (Python),Artificial Intelligence,Astronomy,Awards (Oscars),Programming (Python),,,text,40,10,true
Programming (Python),medium,"Best-fit category for ""Programming (Python)"" is:",Awards (Oscars),Programming (Python),Artificial Intelligence,Automobiles,Programming (Python),,,text,40,10,true
Programming (Python),medium,Which category is most closely related to: Programming (Python)?,Artificial Intelligence,Programming (Python),Agriculture,Awards (Oscars),Programming (Python),,,text,40,10,true
Programming (Python),hard,Select the category that most precisely fits: Programming (Python).,Automobiles,Programming (Python),Architecture,Agriculture,Programming (Python),,,text,80,8,true
Programming (Python),hard,"Most precise category for ""Programming (Python)"" is:",Agriculture,Programming (Python),Programming (Java),Ancient Civilization,Programming (Python),,,text,80,8,true
Programming (Python),hard,"Most precise category for ""Programming (Python)"" is:",Programming (Python),Agriculture,Automobiles,Ancient Civilization,Programming (Python),,,text,80,8,true
Programming (Python),hard,Select the category that most precisely fits: Programming (Python).,Programming (Java),Programming (Python),Automobiles,Agriculture,Programming (Python),,,text,80,8,true
Programming (Python),hard,Identify the primary category for: Programming (Python).,Artificial Intelligence,Astronomy,Programming (Python),Architecture,Programming (Python),,,text,80,8,true
Programming (Python),hard,Identify the primary category for: Programming (Python).,Architecture,Programming (Python),Ancient Civilization,Programming (Java),Programming (Python),,,text,80,8,true
Programming (Python),hard,Pick the category that most accurately represents: Programming (Python).,Automobiles,Ancient Civilization,Programming (Python),Astronomy,Programming (Python),,,text,80,8,true
Programming (Python),hard,"Which category is the best fit for the topic ""Programming (Python)""?",Ancient Civilization,Programming (Python),Automobiles,Artificial Intelligence,Programming (Python),,,text,80,8,true
Programming (Python),hard,Identify the primary category for: Programming (Python).,Programming (Python),Agriculture,Artificial Intelligence,Programming (Java),Programming (Python),,,text,80,8,true
Programming (Python),hard,Select the category that most precisely fits: Programming (Python).,Algebra,Programming (Python),Astronomy,Ancient Civilization,Programming (Python),,,text,80,8,true
Programming (Python),hard,"Which category is the best fit for the topic ""Programming (Python)""?",Programming (Python),Ancient Civilization,Astronomy,Agriculture,Programming (Python),,,text,80,8,true
Programming (Python),hard,Choose the most specific category for: Programming (Python).,Programming (Python),Programming (Java),Automobiles,Ancient Civilization,Programming (Python),,,text,80,8,true
Programming (Python),hard,"Which category is the closest match for the topic ""Programming (Python)""?",Programming (Python),Astronomy,Architecture,Artificial Intelligence,Programming (Python),,,text,80,8,true
Programming (Python),hard,Select the category that most precisely fits: Programming (Python).,Architecture,Automobiles,Agriculture,Programming (Python),Programming (Python),,,text,80,8,true
Programming (Python),hard,Choose the most specific category for: Programming (Python).,Programming (Python),Artificial Intelligence,Automobiles,Architecture,Programming (Python),,,text,80,8,true
Programming (Python),hard,Identify the primary category for: Programming (Python).,Programming (Python),Programming (Java),Astronomy,Architecture,Programming (Python),,,text,80,8,true
Programming (Python),hard,Select the category that most precisely fits: Programming (Python).,Astronomy,Programming (Java),Automobiles,Programming (Python),Programming (Python),,,text,80,8,true
Programming (Python),hard,Identify the primary category for: Programming (Python).,Architecture,Programming (Java),Programming (Python),Algebra,Programming (Python),,,text,80,8,true
Programming (Python),hard,Choose the most specific category for: Programming (Python).,Artificial Intelligence,Astronomy,Programming (Python),Algebra,Programming (Python),,,text,80,8,true
Programming (Python),hard,"Which category is the best fit for the topic ""Programming (Python)""?",Programming (Python),Automobiles,Agriculture,Ancient Civilization,Programming (Python),,,text,80,8,true
Programming (Python),hard,"Which category is the closest match for the topic ""Programming (Python)""?",Programming (Python),Ancient Civilization,Algebra,Programming (Java),Programming (Python),,,text,80,8,true
Programming (Python),hard,"Most precise category for ""Programming (Python)"" is:",Artificial Intelligence,Architecture,Automobiles,Programming (Python),Programming (Python),,,text,80,8,true
Programming (Python),hard,"Most precise category for ""Programming (Python)"" is:",Ancient Civilization,Architecture,Programming (Java),Programming (Python),Programming (Python),,,text,80,8,true
Programming (Python),hard,Choose the most specific category for: Programming (Python).,Artificial Intelligence,Algebra,Programming (Python),Architecture,Programming (Python),,,text,80,8,true
Programming (Java),easy,"The topic ""Programming (Java)"" best fits which category?",Programming (Java),Brands & Logos,World Geography,Movies (Hollywood),Programming (Java),,,text,20,12,true
Programming (Java),easy,"Choose the category that best matches ""Programming (Java)"".",Currencies,Programming (Java),Football,Finance,Programming (Java),,,text,20,12,true
Programming (Java),easy,"The topic ""Programming (Java)"" best fits which category?",Programming (Java),E-commerce,Mythology (Greek),Music (Pop),Programming (Java),,,text,20,12,true
Programming (Java),easy,Pick the subject area that matches: Programming (Java).,Music (Classical),Programming (Java),Marketing,Music (Pop),Programming (Java),,,text,20,12,true
Programming (Java),easy,Identify the subject area: Programming (Java).,Programming (Java),Basketball,Mountains & Peaks,Currencies,Programming (Java),,,text,20,12,true
Programming (Java),easy,Pick the subject area that matches: Programming (Java).,Gardening,Geometry,Music (Classical),Programming (Java),Programming (Java),,,text,20,12,true
Programming (Java),easy,Identify the subject area: Programming (Java).,Ancient Civilization,Climate Change,Programming (Java),Gardening,Programming (Java),,,text,20,12,true
Programming (Java),easy,"The topic ""Programming (Java)"" best fits which category?",Architecture,Interior Design,Chess,Programming (Java),Programming (Java),,,text,20,12,true
Programming (Java),easy,"The topic ""Programming (Java)"" best fits which category?",Awards (Nobel),Programming (Java),Agriculture,Sociology,Programming (Java),,,text,20,12,true
Programming (Java),easy,Identify the subject area: Programming (Java).,Biology,Programming (Java),Human Anatomy,Internet History,Programming (Java),,,text,20,12,true
Programming (Java),easy,Pick the subject area that matches: Programming (Java).,Currencies,Programming (Java),Brands & Logos,Marketing,Programming (Java),,,text,20,12,true
Programming (Java),easy,Pick the subject area that matches: Programming (Java).,Human Anatomy,Programming (Java),Computer Science,Sociology,Programming (Java),,,text,20,12,true
Programming (Java),easy,Identify the subject area: Programming (Java).,Robotics,Gardening,Programming (Java),Automobiles,Programming (Java),,,text,20,12,true
Programming (Java),easy,"Which category does the topic ""Programming (Java)"" belong to?",Programming (Java),Machine Learning,Classic Literature,Physics,Programming (Java),,,text,20,12,true
Programming (Java),easy,Pick the subject area that matches: Programming (Java).,Human Anatomy,Olympic Games,Trigonometry,Programming (Java),Programming (Java),,,text,20,12,true
Programming (Java),easy,Which category is the best match for: Programming (Java)?,Famous Personalities,Algebra,Space Exploration,Programming (Java),Programming (Java),,,text,20,12,true
Programming (Java),easy,Which quiz category would include: Programming (Java)?,Trigonometry,Psychology,Classic Literature,Programming (Java),Programming (Java),,,text,20,12,true
Programming (Java),easy,Which category is the best match for: Programming (Java)?,Wildlife,Networking,Programming (Java),Biology,Programming (Java),,,text,20,12,true
Programming (Java),medium,"Which subject area most closely matches the topic ""Programming (Java)""?",Astronomy,Programming (Java),Automobiles,Artificial Intelligence,Programming (Java),,,text,40,10,true
Programming (Java),medium,Which category is most closely related to: Programming (Java)?,Programming (Java),Awards (Nobel),Aviation,Agriculture,Programming (Java),,,text,40,10,true
Programming (Java),medium,Pick the best category for this quiz topic: Programming (Java).,Basketball,Aviation,Programming (Java),Algebra,Programming (Java),,,text,40,10,true
Programming (Java),medium,Choose the most accurate category for the topic: Programming (Java).,Programming (Java),Programming (Python),Astronomy,Automobiles,Programming (Java),,,text,40,10,true
Programming (Java),medium,Select the most appropriate category for: Programming (Java).,Artificial Intelligence,Awards (Oscars),Agriculture,Programming (Java),Programming (Java),,,text,40,10,true
Programming (Java),medium,Choose the most accurate category for the topic: Programming (Java).,Programming (Java),Agriculture,Awards (Oscars),Automobiles,Programming (Java),,,text,40,10,true
Programming (Java),medium,Select the most appropriate category for: Programming (Java).,Programming (Java),Architecture,Basketball,Astronomy,Programming (Java),,,text,40,10,true
Programming (Java),medium,Which category is most closely related to: Programming (Java)?,Agriculture,Automobiles,Programming (Java),Ancient Civilization,Programming (Java),,,text,40,10,true
Programming (Java),medium,Select the most appropriate category for: Programming (Java).,Awards (Nobel),Algebra,Aviation,Programming (Java),Programming (Java),,,text,40,10,true
Programming (Java),medium,"Which subject area most closely matches the topic ""Programming (Java)""?",Programming (Java),Programming (Python),Artificial Intelligence,Ancient Civilization,Programming (Java),,,text,40,10,true
Programming (Java),medium,Select the most appropriate category for: Programming (Java).,Awards (Oscars),Algebra,Programming (Java),Automobiles,Programming (Java),,,text,40,10,true
Programming (Java),medium,"Which subject area most closely matches the topic ""Programming (Java)""?",Agriculture,Programming (Java),Automobiles,Artificial Intelligence,Programming (Java),,,text,40,10,true
Programming (Java),medium,"Which subject area most closely matches the topic ""Programming (Java)""?",Ancient Civilization,Agriculture,Basketball,Programming (Java),Programming (Java),,,text,40,10,true
Programming (Java),medium,Which category is most closely related to: Programming (Java)?,Programming (Java),Artificial Intelligence,Basketball,Algebra,Programming (Java),,,text,40,10,true
Programming (Java),medium,"Best-fit category for ""Programming (Java)"" is:",Artificial Intelligence,Programming (Java),Agriculture,Algebra,Programming (Java),,,text,40,10,true
Programming (Java),medium,Which category would most likely include questions on Programming (Java)?,Ancient Civilization,Programming (Java),Architecture,Artificial Intelligence,Programming (Java),,,text,40,10,true
Programming (Java),medium,Which category would most likely include questions on Programming (Java)?,Astronomy,Algebra,Programming (Java),Awards (Oscars),Programming (Java),,,text,40,10,true
Programming (Java),medium,Which category is most closely related to: Programming (Java)?,Astronomy,Algebra,Agriculture,Programming (Java),Programming (Java),,,text,40,10,true
Programming (Java),hard,Pick the category that most accurately represents: Programming (Java).,Algebra,Programming (Python),Artificial Intelligence,Programming (Java),Programming (Java),,,text,80,8,true
Programming (Java),hard,Which subject is the correct classification for: Programming (Java)?,Programming (Java),Astronomy,Algebra,Automobiles,Programming (Java),,,text,80,8,true
Programming (Java),hard,Select the category that most precisely fits: Programming (Java).,Artificial Intelligence,Automobiles,Programming (Java),Algebra,Programming (Java),,,text,80,8,true
Programming (Java),hard,"Which category is the best fit for the topic ""Programming (Java)""?",Astronomy,Algebra,Programming (Java),Agriculture,Programming (Java),,,text,80,8,true
Programming (Java),hard,Identify the primary category for: Programming (Java).,Algebra,Artificial Intelligence,Programming (Java),Ancient Civilization,Programming (Java),,,text,80,8,true
Programming (Java),hard,"Most precise category for ""Programming (Java)"" is:",Programming (Java),Astronomy,Artificial Intelligence,Algebra,Programming (Java),,,text,80,8,true
Programming (Java),hard,Which subject is the correct classification for: Programming (Java)?,Architecture,Agriculture,Astronomy,Programming (Java),Programming (Java),,,text,80,8,true
Programming (Java),hard,Pick the category that most accurately represents: Programming (Java).,Astronomy,Programming (Python),Programming (Java),Algebra,Programming (Java),,,text,80,8,true
Programming (Java),hard,Which subject is the correct classification for: Programming (Java)?,Agriculture,Astronomy,Programming (Java),Artificial Intelligence,Programming (Java),,,text,80,8,true
Programming (Java),hard,"Which category is the best fit for the topic ""Programming (Java)""?",Architecture,Astronomy,Programming (Python),Programming (Java),Programming (Java),,,text,80,8,true
Programming (Java),hard,"Which category is the closest match for the topic ""Programming (Java)""?",Programming (Python),Architecture,Programming (Java),Agriculture,Programming (Java),,,text,80,8,true
Programming (Java),hard,Pick the category that most accurately represents: Programming (Java).,Artificial Intelligence,Agriculture,Programming (Java),Astronomy,Programming (Java),,,text,80,8,true
Programming (Java),hard,Pick the category that most accurately represents: Programming (Java).,Programming (Java),Astronomy,Agriculture,Architecture,Programming (Java),,,text,80,8,true
Programming (Java),hard,"Most precise category for ""Programming (Java)"" is:",Programming (Python),Programming (Java),Agriculture,Ancient Civilization,Programming (Java),,,text,80,8,true
Programming (Java),hard,Choose the most specific category for: Programming (Java).,Automobiles,Agriculture,Programming (Java),Architecture,Programming (Java),,,text,80,8,true
Programming (Java),hard,"Which category is the closest match for the topic ""Programming (Java)""?",Architecture,Programming (Python),Programming (Java),Automobiles,Programming (Java),,,text,80,8,true
Programming (Java),hard,"Which category is the closest match for the topic ""Programming (Java)""?",Programming (Python),Programming (Java),Astronomy,Agriculture,Programming (Java),,,text,80,8,true
Programming (Java),hard,Which subject is the correct classification for: Programming (Java)?,Agriculture,Programming (Java),Algebra,Astronomy,Programming (Java),,,text,80,8,true
Programming (Java),hard,"Most precise category for ""Programming (Java)"" is:",Programming (Java),Ancient Civilization,Programming (Python),Automobiles,Programming (Java),,,text,80,8,true
Programming (Java),hard,"Which category is the closest match for the topic ""Programming (Java)""?",Programming (Java),Programming (Python),Agriculture,Automobiles,Programming (Java),,,text,80,8,true
Programming (Java),hard,Choose the most specific category for: Programming (Java).,Astronomy,Agriculture,Programming (Java),Algebra,Programming (Java),,,text,80,8,true
Programming (Java),hard,Pick the category that most accurately represents: Programming (Java).,Ancient Civilization,Programming (Java),Architecture,Astronomy,Programming (Java),,,text,80,8,true
Programming (Java),hard,"Which category is the best fit for the topic ""Programming (Java)""?",Programming (Java),Programming (Python),Artificial Intelligence,Agriculture,Programming (Java),,,text,80,8,true
Programming (Java),hard,"Which category is the best fit for the topic ""Programming (Java)""?",Agriculture,Programming (Java),Artificial Intelligence,Programming (Python),Programming (Java),,,text,80,8,true
Web Development,easy,"Choose the category that best matches ""Web Development"".",Chess,World Continents,Web Development,Music (Pop),Web Development,,,text,20,12,true
Web Development,easy,Pick the subject area that matches: Web Development.,Comic Books,Mythology (Norse),Web Development,Logistics,Web Development,,,text,20,12,true
Web Development,easy,Identify the subject area: Web Development.,World Geography,Mythology (Greek),Web Development,Mathematics,Web Development,,,text,20,12,true
Web Development,easy,"The topic ""Web Development"" best fits which category?",Logistics,Web Development,Stock Market,Economics,Web Development,,,text,20,12,true
Web Development,easy,Identify the subject area: Web Development.,Economics,Modern Literature,Web Development,Deserts,Web Development,,,text,20,12,true
Web Development,easy,Which category is the best match for: Web Development?,Astronomy,Business Tycoons,Internet History,Web Development,Web Development,,,text,20,12,true
Web Development,easy,"Which category does the topic ""Web Development"" belong to?",Comic Books,Web Development,Philosophy,Computer Science,Web Development,,,text,20,12,true
Web Development,easy,Which quiz category would include: Web Development?,Web Development,Movies (Hollywood),Programming (Java),World Religions,Web Development,,,text,20,12,true
Web Development,easy,"Choose the category that best matches ""Web Development"".",Web Development,Tennis,Mountains & Peaks,Blockchain,Web Development,,,text,20,12,true
Web Development,easy,Identify the subject area: Web Development.,Calculus,Photography,Rivers & Lakes,Web Development,Web Development,,,text,20,12,true
Web Development,easy,Which category is the best match for: Web Development?,Web Development,Famous Personalities,E-commerce,Physics,Web Development,,,text,20,12,true
Web Development,easy,"Which category does the topic ""Web Development"" belong to?",Interior Design,Web Development,Sociology,Mathematics,Web Development,,,text,20,12,true
Web Development,easy,Pick the subject area that matches: Web Development.,Movies (Bollywood),Web Development,Marketing,Yoga & Health,Web Development,,,text,20,12,true
Web Development,easy,Which quiz category would include: Web Development?,Modern Literature,Web Development,Astronomy,Music (Pop),Web Development,,,text,20,12,true
Web Development,easy,Identify the subject area: Web Development.,Wildlife,Web Development,Calculus,Islands,Web Development,,,text,20,12,true
Web Development,easy,"Which category does the topic ""Web Development"" belong to?",Blockchain,Web Development,Machine Learning,Modern Literature,Web Development,,,text,20,12,true
Web Development,easy,"Choose the category that best matches ""Web Development"".",Modern Literature,Logistics,Chess,Web Development,Web Development,,,text,20,12,true
Web Development,easy,"Which category does the topic ""Web Development"" belong to?",Internet History,Philosophy,Web Development,Basketball,Web Development,,,text,20,12,true
Web Development,medium,"Which subject area most closely matches the topic ""Web Development""?",Ancient Civilization,Agriculture,Awards (Oscars),Web Development,Web Development,,,text,40,10,true
Web Development,medium,Which category is most closely related to: Web Development?,Architecture,Web Development,Astronomy,Artificial Intelligence,Web Development,,,text,40,10,true
Web Development,medium,"Best-fit category for ""Web Development"" is:",Architecture,Awards (Nobel),Basketball,Web Development,Web Development,,,text,40,10,true
Web Development,medium,"Which field does the topic ""Web Development"" fall under?",Artificial Intelligence,Awards (Nobel),Mobile Development,Web Development,Web Development,,,text,40,10,true
Web Development,medium,Select the most appropriate category for: Web Development.,Mobile Development,Agriculture,Architecture,Web Development,Web Development,,,text,40,10,true
Web Development,medium,Which category is most closely related to: Web Development?,Awards (Oscars),Agriculture,Astronomy,Web Development,Web Development,,,text,40,10,true
Web Development,medium,Which category is most closely related to: Web Development?,Awards (Nobel),Web Development,Architecture,Awards (Oscars),Web Development,,,text,40,10,true
Web Development,medium,Choose the most accurate category for the topic: Web Development.,Awards (Nobel),Web Development,Astronomy,Basketball,Web Development,,,text,40,10,true
Web Development,medium,"Best-fit category for ""Web Development"" is:",Aviation,Web Development,Astronomy,Agriculture,Web Development,,,text,40,10,true
Web Development,medium,"Best-fit category for ""Web Development"" is:",Web Development,Awards (Nobel),Ancient Civilization,Mobile Development,Web Development,,,text,40,10,true
Web Development,medium,"Which subject area most closely matches the topic ""Web Development""?",Web Development,Aviation,Architecture,Awards (Oscars),Web Development,,,text,40,10,true
Web Development,medium,Choose the most accurate category for the topic: Web Development.,Mobile Development,Artificial Intelligence,Awards (Oscars),Web Development,Web Development,,,text,40,10,true
Web Development,medium,"Which field does the topic ""Web Development"" fall under?",Ancient Civilization,Web Development,Aviation,Awards (Oscars),Web Development,,,text,40,10,true
Web Development,medium,"Best-fit category for ""Web Development"" is:",Agriculture,Mobile Development,Web Development,Architecture,Web Development,,,text,40,10,true
Web Development,medium,Which category would most likely include questions on Web Development?,Astronomy,Web Development,Automobiles,Awards (Nobel),Web Development,,,text,40,10,true
Web Development,medium,"Which subject area most closely matches the topic ""Web Development""?",Algebra,Web Development,Automobiles,Basketball,Web Development,,,text,40,10,true
Web Development,medium,"Which field does the topic ""Web Development"" fall under?",Web Development,Basketball,Agriculture,Astronomy,Web Development,,,text,40,10,true
Web Development,medium,Choose the most accurate category for the topic: Web Development.,Web Development,Architecture,Automobiles,Basketball,Web Development,,,text,40,10,true
Web Development,hard,Which subject is the correct classification for: Web Development?,Algebra,Web Development,Automobiles,Architecture,Web Development,,,text,80,8,true
Web Development,hard,"Most precise category for ""Web Development"" is:",Algebra,Web Development,Automobiles,Artificial Intelligence,Web Development,,,text,80,8,true
Web Development,hard,Which subject is the correct classification for: Web Development?,Mobile Development,Artificial Intelligence,Ancient Civilization,Web Development,Web Development,,,text,80,8,true
Web Development,hard,"Which category is the best fit for the topic ""Web Development""?",Artificial Intelligence,Agriculture,Web Development,Mobile Development,Web Development,,,text,80,8,true
Web Development,hard,"Which category is the closest match for the topic ""Web Development""?",Web Development,Artificial Intelligence,Architecture,Automobiles,Web Development,,,text,80,8,true
Web Development,hard,Select the category that most precisely fits: Web Development.,Astronomy,Web Development,Artificial Intelligence,Automobiles,Web Development,,,text,80,8,true
Web Development,hard,"Most precise category for ""Web Development"" is:",Artificial Intelligence,Web Development,Astronomy,Algebra,Web Development,,,text,80,8,true
Web Development,hard,"Which category is the best fit for the topic ""Web Development""?",Agriculture,Architecture,Web Development,Automobiles,Web Development,,,text,80,8,true
Web Development,hard,Choose the most specific category for: Web Development.,Astronomy,Mobile Development,Web Development,Automobiles,Web Development,,,text,80,8,true
Web Development,hard,Identify the primary category for: Web Development.,Artificial Intelligence,Web Development,Astronomy,Ancient Civilization,Web Development,,,text,80,8,true
Web Development,hard,"Which category is the closest match for the topic ""Web Development""?",Automobiles,Web Development,Algebra,Mobile Development,Web Development,,,text,80,8,true
Web Development,hard,"Most precise category for ""Web Development"" is:",Agriculture,Ancient Civilization,Web Development,Architecture,Web Development,,,text,80,8,true
Web Development,hard,"Which category is the best fit for the topic ""Web Development""?",Ancient Civilization,Agriculture,Astronomy,Web Development,Web Development,,,text,80,8,true
Web Development,hard,Pick the category that most accurately represents: Web Development.,Ancient Civilization,Automobiles,Web Development,Mobile Development,Web Development,,,text,80,8,true
Web Development,hard,Choose the most specific category for: Web Development.,Astronomy,Ancient Civilization,Web Development,Mobile Development,Web Development,,,text,80,8,true
Web Development,hard,"Which category is the best fit for the topic ""Web Development""?",Web Development,Automobiles,Astronomy,Artificial Intelligence,Web Development,,,text,80,8,true
Web Development,hard,"Which category is the closest match for the topic ""Web Development""?",Algebra,Web Development,Agriculture,Automobiles,Web Development,,,text,80,8,true
Web Development,hard,"Which category is the best fit for the topic ""Web Development""?",Algebra,Artificial Intelligence,Web Development,Agriculture,Web Development,,,text,80,8,true
Web Development,hard,"Most precise category for ""Web Development"" is:",Web Development,Mobile Development,Astronomy,Automobiles,Web Development,,,text,80,8,true
Web Development,hard,Identify the primary category for: Web Development.,Automobiles,Artificial Intelligence,Web Development,Astronomy,Web Development,,,text,80,8,true
Web Development,hard,Choose the most specific category for: Web Development.,Web Development,Ancient Civilization,Algebra,Agriculture,Web Development,,,text,80,8,true
Web Development,hard,Pick the category that most accurately represents: Web Development.,Web Development,Artificial Intelligence,Automobiles,Algebra,Web Development,,,text,80,8,true
Web Development,hard,"Which category is the best fit for the topic ""Web Development""?",Algebra,Web Development,Architecture,Ancient Civilization,Web Development,,,text,80,8,true
Web Development,hard,Select the category that most precisely fits: Web Development.,Architecture,Agriculture,Web Development,Algebra,Web Development,,,text,80,8,true
Mobile Development,easy,"Choose the category that best matches ""Mobile Development"".",Food & Cuisine,Physics,Awards (Oscars),Mobile Development,Mobile Development,,,text,20,12,true
Mobile Development,easy,"Choose the category that best matches ""Mobile Development"".",Modern Literature,Gardening,Mobile Development,Social Media,Mobile Development,,,text,20,12,true
Mobile Development,easy,Identify the subject area: Mobile Development.,Mathematics,Business Tycoons,Mobile Development,Wildlife,Mobile Development,,,text,20,12,true
Mobile Development,easy,Select the correct quiz category for: Mobile Development.,Mythology (Norse),Music (Pop),Agriculture,Mobile Development,Mobile Development,,,text,20,12,true
Mobile Development,easy,Identify the subject area: Mobile Development.,Mobile Development,Chess,World Religions,English Grammar,Mobile Development,,,text,20,12,true
Mobile Development,easy,Which category is the best match for: Mobile Development?,Mountains & Peaks,Mobile Development,Famous Personalities,Modern History,Mobile Development,,,text,20,12,true
Mobile Development,easy,Which category is the best match for: Mobile Development?,Mobile Development,Food & Cuisine,Web Development,Olympic Games,Mobile Development,,,text,20,12,true
Mobile Development,easy,Pick the subject area that matches: Mobile Development.,Awards (Nobel),World Leaders,Political Science,Mobile Development,Mobile Development,,,text,20,12,true
Mobile Development,easy,Which category is the best match for: Mobile Development?,Robotics,Mythology (Greek),Mobile Development,Brands & Logos,Mobile Development,,,text,20,12,true
Mobile Development,easy,Which category is the best match for: Mobile Development?,Current Affairs,Mobile Development,Wildlife,Artificial Intelligence,Mobile Development,,,text,20,12,true
Mobile Development,easy,"Choose the category that best matches ""Mobile Development"".",Mobile Development,National Parks,Famous Personalities,Mythology (Greek),Mobile Development,,,text,20,12,true
Mobile Development,easy,Identify the subject area: Mobile Development.,World Continents,Mobile Development,Calculus,Mythology (Indian),Mobile Development,,,text,20,12,true
Mobile Development,easy,Select the correct quiz category for: Mobile Development.,National Parks,Modern Literature,Music (Pop),Mobile Development,Mobile Development,,,text,20,12,true
Mobile Development,easy,"Choose the category that best matches ""Mobile Development"".",Pharmacology,Business Tycoons,Mobile Development,Currencies,Mobile Development,,,text,20,12,true
Mobile Development,easy,Which category is the best match for: Mobile Development?,Classic Literature,Pharmacology,Space Exploration,Mobile Development,Mobile Development,,,text,20,12,true
Mobile Development,easy,"Choose the category that best matches ""Mobile Development"".",Basketball,Languages,Cyber Security,Mobile Development,Mobile Development,,,text,20,12,true
Mobile Development,easy,Pick the subject area that matches: Mobile Development.,Chemistry,Poetry,Islands,Mobile Development,Mobile Development,,,text,20,12,true
Mobile Development,easy,"Which category does the topic ""Mobile Development"" belong to?",Geometry,Calculus,Mobile Development,Astronomy,Mobile Development,,,text,20,12,true
Mobile Development,medium,"Which subject area most closely matches the topic ""Mobile Development""?",Awards (Oscars),Awards (Nobel),Mobile Development,Agriculture,Mobile Development,,,text,40,10,true
Mobile Development,medium,Choose the most accurate category for the topic: Mobile Development.,Web Development,Mobile Development,Architecture,Basketball,Mobile Development,,,text,40,10,true
Mobile Development,medium,Select the most appropriate category for: Mobile Development.,Basketball,Mobile Development,Artificial Intelligence,Awards (Oscars),Mobile Development,,,text,40,10,true
Mobile Development,medium,"Which subject area most closely matches the topic ""Mobile Development""?",Architecture,Artificial Intelligence,Awards (Nobel),Mobile Development,Mobile Development,,,text,40,10,true
Mobile Development,medium,"Which field does the topic ""Mobile Development"" fall under?",Awards (Oscars),Aviation,Agriculture,Mobile Development,Mobile Development,,,text,40,10,true
Mobile Development,medium,Select the most appropriate category for: Mobile Development.,Awards (Oscars),Aviation,Mobile Development,Ancient Civilization,Mobile Development,,,text,40,10,true
Mobile Development,medium,"Which field does the topic ""Mobile Development"" fall under?",Awards (Oscars),Astronomy,Automobiles,Mobile Development,Mobile Development,,,text,40,10,true
Mobile Development,medium,"Which subject area most closely matches the topic ""Mobile Development""?",Algebra,Architecture,Mobile Development,Artificial Intelligence,Mobile Development,,,text,40,10,true
Mobile Development,medium,Pick the best category for this quiz topic: Mobile Development.,Ancient Civilization,Mobile Development,Aviation,Awards (Oscars),Mobile Development,,,text,40,10,true
Mobile Development,medium,Which category would most likely include questions on Mobile Development?,Astronomy,Agriculture,Mobile Development,Automobiles,Mobile Development,,,text,40,10,true
Mobile Development,medium,Pick the best category for this quiz topic: Mobile Development.,Basketball,Automobiles,Agriculture,Mobile Development,Mobile Development,,,text,40,10,true
Mobile Development,medium,Select the most appropriate category for: Mobile Development.,Web Development,Agriculture,Mobile Development,Basketball,Mobile Development,,,text,40,10,true
Mobile Development,medium,"Which subject area most closely matches the topic ""Mobile Development""?",Algebra,Mobile Development,Agriculture,Automobiles,Mobile Development,,,text,40,10,true
Mobile Development,medium,Choose the most accurate category for the topic: Mobile Development.,Mobile Development,Aviation,Agriculture,Artificial Intelligence,Mobile Development,,,text,40,10,true
Mobile Development,medium,Select the most appropriate category for: Mobile Development.,Mobile Development,Algebra,Architecture,Basketball,Mobile Development,,,text,40,10,true
Mobile Development,medium,Choose the most accurate category for the topic: Mobile Development.,Astronomy,Architecture,Mobile Development,Artificial Intelligence,Mobile Development,,,text,40,10,true
Mobile Development,medium,Choose the most accurate category for the topic: Mobile Development.,Agriculture,Awards (Oscars),Mobile Development,Web Development,Mobile Development,,,text,40,10,true
Mobile Development,medium,Select the most appropriate category for: Mobile Development.,Mobile Development,Awards (Oscars),Awards (Nobel),Ancient Civilization,Mobile Development,,,text,40,10,true
Mobile Development,hard,Identify the primary category for: Mobile Development.,Astronomy,Artificial Intelligence,Agriculture,Mobile Development,Mobile Development,,,text,80,8,true
Mobile Development,hard,"Which category is the best fit for the topic ""Mobile Development""?",Agriculture,Ancient Civilization,Mobile Development,Architecture,Mobile Development,,,text,80,8,true
Mobile Development,hard,Select the category that most precisely fits: Mobile Development.,Astronomy,Automobiles,Mobile Development,Architecture,Mobile Development,,,text,80,8,true
Mobile Development,hard,Select the category that most precisely fits: Mobile Development.,Astronomy,Mobile Development,Web Development,Ancient Civilization,Mobile Development,,,text,80,8,true
Mobile Development,hard,Pick the category that most accurately represents: Mobile Development.,Automobiles,Astronomy,Mobile Development,Agriculture,Mobile Development,,,text,80,8,true
Mobile Development,hard,"Which category is the closest match for the topic ""Mobile Development""?",Agriculture,Astronomy,Ancient Civilization,Mobile Development,Mobile Development,,,text,80,8,true
Mobile Development,hard,"Which category is the best fit for the topic ""Mobile Development""?",Artificial Intelligence,Algebra,Agriculture,Mobile Development,Mobile Development,,,text,80,8,true
Mobile Development,hard,"Most precise category for ""Mobile Development"" is:",Automobiles,Mobile Development,Algebra,Architecture,Mobile Development,,,text,80,8,true
Mobile Development,hard,Pick the category that most accurately represents: Mobile Development.,Web Development,Mobile Development,Ancient Civilization,Architecture,Mobile Development,,,text,80,8,true
Mobile Development,hard,Identify the primary category for: Mobile Development.,Architecture,Mobile Development,Artificial Intelligence,Ancient Civilization,Mobile Development,,,text,80,8,true
Mobile Development,hard,Pick the category that most accurately represents: Mobile Development.,Automobiles,Algebra,Architecture,Mobile Development,Mobile Development,,,text,80,8,true
Mobile Development,hard,"Which category is the best fit for the topic ""Mobile Development""?",Ancient Civilization,Artificial Intelligence,Agriculture,Mobile Development,Mobile Development,,,text,80,8,true
Mobile Development,hard,Which subject is the correct classification for: Mobile Development?,Algebra,Architecture,Web Development,Mobile Development,Mobile Development,,,text,80,8,true
Mobile Development,hard,Choose the most specific category for: Mobile Development.,Mobile Development,Algebra,Agriculture,Automobiles,Mobile Development,,,text,80,8,true
Mobile Development,hard,"Most precise category for ""Mobile Development"" is:",Artificial Intelligence,Mobile Development,Algebra,Architecture,Mobile Development,,,text,80,8,true
Mobile Development,hard,"Most precise category for ""Mobile Development"" is:",Automobiles,Algebra,Architecture,Mobile Development,Mobile Development,,,text,80,8,true
Mobile Development,hard,Identify the primary category for: Mobile Development.,Mobile Development,Automobiles,Agriculture,Astronomy,Mobile Development,,,text,80,8,true
Mobile Development,hard,Select the category that most precisely fits: Mobile Development.,Ancient Civilization,Mobile Development,Algebra,Automobiles,Mobile Development,,,text,80,8,true
Mobile Development,hard,Which subject is the correct classification for: Mobile Development?,Mobile Development,Artificial Intelligence,Architecture,Ancient Civilization,Mobile Development,,,text,80,8,true
Mobile Development,hard,"Most precise category for ""Mobile Development"" is:",Mobile Development,Algebra,Automobiles,Ancient Civilization,Mobile Development,,,text,80,8,true
Mobile Development,hard,Select the category that most precisely fits: Mobile Development.,Algebra,Artificial Intelligence,Mobile Development,Ancient Civilization,Mobile Development,,,text,80,8,true
Mobile Development,hard,"Which category is the closest match for the topic ""Mobile Development""?",Automobiles,Mobile Development,Ancient Civilization,Architecture,Mobile Development,,,text,80,8,true
Mobile Development,hard,Choose the most specific category for: Mobile Development.,Algebra,Architecture,Artificial Intelligence,Mobile Development,Mobile Development,,,text,80,8,true
Mobile Development,hard,Identify the primary category for: Mobile Development.,Web Development,Mobile Development,Agriculture,Algebra,Mobile Development,,,text,80,8,true
Economics,easy,Pick the subject area that matches: Economics.,Sociology,Modern Literature,Classic Literature,Economics,Economics,,,text,20,12,true
Economics,easy,Select the correct quiz category for: Economics.,Web Development,Psychology,Economics,Awards (Oscars),Economics,,,text,20,12,true
Economics,easy,Select the correct quiz category for: Economics.,Comic Books,Economics,Internet History,Current Affairs,Economics,,,text,20,12,true
Economics,easy,"Which category does the topic ""Economics"" belong to?",Medicine,Wildlife,Economics,Business Tycoons,Economics,,,text,20,12,true
Economics,easy,Pick the subject area that matches: Economics.,World Leaders,Gadgets,Geometry,Economics,Economics,,,text,20,12,true
Economics,easy,Which category is the best match for: Economics?,Economics,Inventions & Discoveries,Medicine,Comic Books,Economics,,,text,20,12,true
Economics,easy,Identify the subject area: Economics.,Islands,Famous Personalities,Artificial Intelligence,Economics,Economics,,,text,20,12,true
Economics,easy,"The topic ""Economics"" best fits which category?",World Leaders,Deserts,Economics,Islands,Economics,,,text,20,12,true
Economics,easy,Which quiz category would include: Economics?,Programming (Python),Economics,Stock Market,Artificial Intelligence,Economics,,,text,20,12,true
Economics,easy,Select the correct quiz category for: Economics.,Modern Literature,Mathematics,Economics,Olympic Games,Economics,,,text,20,12,true
Economics,easy,Identify the subject area: Economics.,Economics,Philosophy,Food & Cuisine,Internet History,Economics,,,text,20,12,true
Economics,easy,"Which category does the topic ""Economics"" belong to?",Economics,Trigonometry,Superheroes,Psychology,Economics,,,text,20,12,true
Economics,easy,Identify the subject area: Economics.,Economics,Networking,Mobile Development,Chess,Economics,,,text,20,12,true
Economics,easy,"Choose the category that best matches ""Economics"".",Economics,Mythology (Norse),Wildlife,Movies (Hollywood),Economics,,,text,20,12,true
Economics,easy,Select the correct quiz category for: Economics.,Awards (Oscars),Economics,Biology,Music (Pop),Economics,,,text,20,12,true
Economics,easy,Which quiz category would include: Economics?,Economics,Classic Literature,Web Development,Mobile Development,Economics,,,text,20,12,true
Economics,easy,Which quiz category would include: Economics?,Football,Islands,Poetry,Economics,Economics,,,text,20,12,true
Economics,easy,Identify the subject area: Economics.,Chemistry,Philosophy,Wildlife,Economics,Economics,,,text,20,12,true
Economics,medium,"Which subject area most closely matches the topic ""Economics""?",Ancient Civilization,Astronomy,Economics,Architecture,Economics,,,text,40,10,true
Economics,medium,Which category would most likely include questions on Economics?,Economics,Biology,Astronomy,Architecture,Economics,,,text,40,10,true
Economics,medium,Select the most appropriate category for: Economics.,Ancient Civilization,Awards (Oscars),Agriculture,Economics,Economics,,,text,40,10,true
Economics,medium,Which category is most closely related to: Economics?,Ancient Civilization,Agriculture,Biology,Economics,Economics,,,text,40,10,true
Economics,medium,Which category is most closely related to: Economics?,Economics,Basketball,Artificial Intelligence,Aviation,Economics,,,text,40,10,true
Economics,medium,"Best-fit category for ""Economics"" is:",Architecture,Basketball,Economics,Agriculture,Economics,,,text,40,10,true
Economics,medium,Which category would most likely include questions on Economics?,Agriculture,Economics,Artificial Intelligence,Automobiles,Economics,,,text,40,10,true
Economics,medium,Choose the most accurate category for the topic: Economics.,Aviation,Artificial Intelligence,Economics,Ancient Civilization,Economics,,,text,40,10,true
Economics,medium,Choose the most accurate category for the topic: Economics.,Economics,Architecture,Artificial Intelligence,Biology,Economics,,,text,40,10,true
Economics,medium,"Best-fit category for ""Economics"" is:",Economics,Automobiles,Ancient Civilization,Biology,Economics,,,text,40,10,true
Economics,medium,Pick the best category for this quiz topic: Economics.,Astronomy,Architecture,Basketball,Economics,Economics,,,text,40,10,true
Economics,medium,"Best-fit category for ""Economics"" is:",Algebra,Biology,Economics,Architecture,Economics,,,text,40,10,true
Economics,medium,"Which subject area most closely matches the topic ""Economics""?",Awards (Nobel),Economics,Awards (Oscars),Architecture,Economics,,,text,40,10,true
Economics,medium,"Which subject area most closely matches the topic ""Economics""?",Artificial Intelligence,Automobiles,Algebra,Economics,Economics,,,text,40,10,true
Economics,medium,Choose the most accurate category for the topic: Economics.,Awards (Nobel),Algebra,Biology,Economics,Economics,,,text,40,10,true
Economics,medium,"Best-fit category for ""Economics"" is:",Architecture,Biology,Economics,Astronomy,Economics,,,text,40,10,true
Economics,medium,"Which field does the topic ""Economics"" fall under?",Agriculture,Astronomy,Economics,Ancient Civilization,Economics,,,text,40,10,true
Economics,medium,Pick the best category for this quiz topic: Economics.,Economics,Agriculture,Artificial Intelligence,Ancient Civilization,Economics,,,text,40,10,true
Economics,hard,Pick the category that most accurately represents: Economics.,Algebra,Aviation,Economics,Astronomy,Economics,,,text,80,8,true
Economics,hard,Select the category that most precisely fits: Economics.,Astronomy,Economics,Artificial Intelligence,Ancient Civilization,Economics,,,text,80,8,true
Economics,hard,Pick the category that most accurately represents: Economics.,Aviation,Agriculture,Artificial Intelligence,Economics,Economics,,,text,80,8,true
Economics,hard,"Which category is the best fit for the topic ""Economics""?",Ancient Civilization,Economics,Architecture,Agriculture,Economics,,,text,80,8,true
Economics,hard,"Most precise category for ""Economics"" is:",Astronomy,Aviation,Automobiles,Economics,Economics,,,text,80,8,true
Economics,hard,Pick the category that most accurately represents: Economics.,Algebra,Economics,Architecture,Astronomy,Economics,,,text,80,8,true
Economics,hard,Identify the primary category for: Economics.,Algebra,Automobiles,Economics,Agriculture,Economics,,,text,80,8,true
Economics,hard,Identify the primary category for: Economics.,Economics,Agriculture,Artificial Intelligence,Astronomy,Economics,,,text,80,8,true
Economics,hard,Identify the primary category for: Economics.,Economics,Architecture,Algebra,Agriculture,Economics,,,text,80,8,true
Economics,hard,"Which category is the best fit for the topic ""Economics""?",Aviation,Architecture,Agriculture,Economics,Economics,,,text,80,8,true
Economics,hard,"Which category is the closest match for the topic ""Economics""?",Agriculture,Architecture,Automobiles,Economics,Economics,,,text,80,8,true
Economics,hard,"Most precise category for ""Economics"" is:",Automobiles,Astronomy,Economics,Aviation,Economics,,,text,80,8,true
Economics,hard,"Which category is the closest match for the topic ""Economics""?",Automobiles,Economics,Artificial Intelligence,Astronomy,Economics,,,text,80,8,true
Economics,hard,"Most precise category for ""Economics"" is:",Aviation,Economics,Artificial Intelligence,Ancient Civilization,Economics,,,text,80,8,true
Economics,hard,Which subject is the correct classification for: Economics?,Economics,Architecture,Artificial Intelligence,Automobiles,Economics,,,text,80,8,true
Economics,hard,Select the category that most precisely fits: Economics.,Automobiles,Algebra,Economics,Architecture,Economics,,,text,80,8,true
Economics,hard,"Most precise category for ""Economics"" is:",Economics,Artificial Intelligence,Automobiles,Architecture,Economics,,,text,80,8,true
Economics,hard,"Most precise category for ""Economics"" is:",Automobiles,Ancient Civilization,Agriculture,Economics,Economics,,,text,80,8,true
Economics,hard,Select the category that most precisely fits: Economics.,Agriculture,Automobiles,Economics,Architecture,Economics,,,text,80,8,true
Economics,hard,"Most precise category for ""Economics"" is:",Economics,Algebra,Architecture,Artificial Intelligence,Economics,,,text,80,8,true
Economics,hard,Identify the primary category for: Economics.,Economics,Algebra,Automobiles,Astronomy,Economics,,,text,80,8,true
Economics,hard,Identify the primary category for: Economics.,Ancient Civilization,Agriculture,Economics,Algebra,Economics,,,text,80,8,true
Economics,hard,"Which category is the closest match for the topic ""Economics""?",Algebra,Aviation,Ancient Civilization,Economics,Economics,,,text,80,8,true
Economics,hard,"Which category is the best fit for the topic ""Economics""?",Economics,Ancient Civilization,Architecture,Astronomy,Economics,,,text,80,8,true
Finance,easy,Identify the subject area: Finance.,World Geography,Oceans & Seas,Finance,Algebra,Finance,,,text,20,12,true
Finance,easy,"The topic ""Finance"" best fits which category?",Finance,Photography,Modern History,Logistics,Finance,,,text,20,12,true
Finance,easy,Pick the subject area that matches: Finance.,Classic Literature,Artificial Intelligence,Internet History,Finance,Finance,,,text,20,12,true
Finance,easy,"Choose the category that best matches ""Finance"".",Finance,Stock Market,Internet History,Inventions & Discoveries,Finance,,,text,20,12,true
Finance,easy,Which category is the best match for: Finance?,Finance,Islands,World Geography,Current Affairs,Finance,,,text,20,12,true
Finance,easy,Identify the subject area: Finance.,Famous Personalities,Trigonometry,Football,Finance,Finance,,,text,20,12,true
Finance,easy,Identify the subject area: Finance.,Finance,National Flags,Music (Classical),Pharmacology,Finance,,,text,20,12,true
Finance,easy,"The topic ""Finance"" best fits which category?",Finance,Robotics,Indian History,Networking,Finance,,,text,20,12,true
Finance,easy,Identify the subject area: Finance.,Languages,Finance,Music (Classical),Current Affairs,Finance,,,text,20,12,true
Finance,easy,"Choose the category that best matches ""Finance"".",Space Exploration,Mountains & Peaks,Finance,Movies (Bollywood),Finance,,,text,20,12,true
Finance,easy,Select the correct quiz category for: Finance.,Finance,Economics,Stock Market,Human Anatomy,Finance,,,text,20,12,true
Finance,easy,Which category is the best match for: Finance?,Finance,Languages,Painting & Art,Mythology (Indian),Finance,,,text,20,12,true
Finance,easy,Select the correct quiz category for: Finance.,Artificial Intelligence,Sociology,Finance,Yoga & Health,Finance,,,text,20,12,true
Finance,easy,Identify the subject area: Finance.,Finance,Mountains & Peaks,Mathematics,Fashion,Finance,,,text,20,12,true
Finance,easy,"Choose the category that best matches ""Finance"".",Awards (Nobel),Finance,Awards (Oscars),Architecture,Finance,,,text,20,12,true
Finance,easy,Select the correct quiz category for: Finance.,Internet History,Poetry,Finance,Computer Science,Finance,,,text,20,12,true
Finance,easy,Select the correct quiz category for: Finance.,Mythology (Indian),Painting & Art,Finance,Football,Finance,,,text,20,12,true
Finance,easy,Which quiz category would include: Finance?,Stock Market,Gardening,Mythology (Indian),Finance,Finance,,,text,20,12,true
Finance,medium,"Which subject area most closely matches the topic ""Finance""?",Finance,Basketball,Astronomy,Ancient Civilization,Finance,,,text,40,10,true
Finance,medium,Pick the best category for this quiz topic: Finance.,Finance,Biology,Automobiles,Awards (Oscars),Finance,,,text,40,10,true
Finance,medium,Pick the best category for this quiz topic: Finance.,Ancient Civilization,Finance,Automobiles,Agriculture,Finance,,,text,40,10,true
Finance,medium,Choose the most accurate category for the topic: Finance.,Agriculture,Biology,Architecture,Finance,Finance,,,text,40,10,true
Finance,medium,Choose the most accurate category for the topic: Finance.,Awards (Oscars),Awards (Nobel),Finance,Algebra,Finance,,,text,40,10,true
Finance,medium,Pick the best category for this quiz topic: Finance.,Architecture,Finance,Astronomy,Aviation,Finance,,,text,40,10,true
Finance,medium,"Which subject area most closely matches the topic ""Finance""?",Awards (Oscars),Ancient Civilization,Architecture,Finance,Finance,,,text,40,10,true
Finance,medium,Choose the most accurate category for the topic: Finance.,Finance,Algebra,Automobiles,Ancient Civilization,Finance,,,text,40,10,true
Finance,medium,Choose the most accurate category for the topic: Finance.,Architecture,Basketball,Finance,Biology,Finance,,,text,40,10,true
Finance,medium,Pick the best category for this quiz topic: Finance.,Automobiles,Basketball,Finance,Artificial Intelligence,Finance,,,text,40,10,true
Finance,medium,"Which subject area most closely matches the topic ""Finance""?",Ancient Civilization,Astronomy,Biology,Finance,Finance,,,text,40,10,true
Finance,medium,Pick the best category for this quiz topic: Finance.,Basketball,Architecture,Finance,Artificial Intelligence,Finance,,,text,40,10,true
Finance,medium,"Which field does the topic ""Finance"" fall under?",Finance,Automobiles,Astronomy,Agriculture,Finance,,,text,40,10,true
Finance,medium,"Best-fit category for ""Finance"" is:",Artificial Intelligence,Finance,Basketball,Aviation,Finance,,,text,40,10,true
Finance,medium,Select the most appropriate category for: Finance.,Aviation,Automobiles,Finance,Artificial Intelligence,Finance,,,text,40,10,true
Finance,medium,"Which field does the topic ""Finance"" fall under?",Algebra,Awards (Oscars),Aviation,Finance,Finance,,,text,40,10,true
Finance,medium,Which category would most likely include questions on Finance?,Finance,Awards (Oscars),Aviation,Algebra,Finance,,,text,40,10,true
Finance,medium,Choose the most accurate category for the topic: Finance.,Awards (Oscars),Ancient Civilization,Finance,Artificial Intelligence,Finance,,,text,40,10,true
Finance,hard,"Which category is the closest match for the topic ""Finance""?",Algebra,Automobiles,Finance,Agriculture,Finance,,,text,80,8,true
Finance,hard,Identify the primary category for: Finance.,Astronomy,Aviation,Architecture,Finance,Finance,,,text,80,8,true
Finance,hard,Choose the most specific category for: Finance.,Automobiles,Algebra,Finance,Artificial Intelligence,Finance,,,text,80,8,true
Finance,hard,Pick the category that most accurately represents: Finance.,Finance,Architecture,Agriculture,Automobiles,Finance,,,text,80,8,true
Finance,hard,"Which category is the closest match for the topic ""Finance""?",Automobiles,Finance,Ancient Civilization,Artificial Intelligence,Finance,,,text,80,8,true
Finance,hard,Which subject is the correct classification for: Finance?,Algebra,Ancient Civilization,Finance,Artificial Intelligence,Finance,,,text,80,8,true
Finance,hard,Choose the most specific category for: Finance.,Finance,Aviation,Algebra,Automobiles,Finance,,,text,80,8,true
Finance,hard,"Most precise category for ""Finance"" is:",Automobiles,Finance,Astronomy,Architecture,Finance,,,text,80,8,true
Finance,hard,"Most precise category for ""Finance"" is:",Finance,Architecture,Algebra,Automobiles,Finance,,,text,80,8,true
Finance,hard,Pick the category that most accurately represents: Finance.,Ancient Civilization,Algebra,Architecture,Finance,Finance,,,text,80,8,true
Finance,hard,"Most precise category for ""Finance"" is:",Ancient Civilization,Aviation,Astronomy,Finance,Finance,,,text,80,8,true
Finance,hard,Choose the most specific category for: Finance.,Automobiles,Algebra,Agriculture,Finance,Finance,,,text,80,8,true
Finance,hard,"Most precise category for ""Finance"" is:",Architecture,Finance,Agriculture,Aviation,Finance,,,text,80,8,true
Finance,hard,"Which category is the best fit for the topic ""Finance""?",Aviation,Architecture,Automobiles,Finance,Finance,,,text,80,8,true
Finance,hard,Pick the category that most accurately represents: Finance.,Automobiles,Finance,Architecture,Ancient Civilization,Finance,,,text,80,8,true
Finance,hard,"Most precise category for ""Finance"" is:",Agriculture,Aviation,Finance,Algebra,Finance,,,text,80,8,true
Finance,hard,"Which category is the closest match for the topic ""Finance""?",Finance,Artificial Intelligence,Ancient Civilization,Astronomy,Finance,,,text,80,8,true
Finance,hard,"Which category is the best fit for the topic ""Finance""?",Automobiles,Aviation,Finance,Agriculture,Finance,,,text,80,8,true
Finance,hard,"Most precise category for ""Finance"" is:",Finance,Artificial Intelligence,Architecture,Algebra,Finance,,,text,80,8,true
Finance,hard,"Which category is the closest match for the topic ""Finance""?",Finance,Astronomy,Algebra,Ancient Civilization,Finance,,,text,80,8,true
Finance,hard,"Which category is the best fit for the topic ""Finance""?",Agriculture,Finance,Astronomy,Automobiles,Finance,,,text,80,8,true
Finance,hard,Choose the most specific category for: Finance.,Automobiles,Aviation,Finance,Ancient Civilization,Finance,,,text,80,8,true
Finance,hard,Pick the category that most accurately represents: Finance.,Algebra,Astronomy,Finance,Artificial Intelligence,Finance,,,text,80,8,true
Finance,hard,"Which category is the best fit for the topic ""Finance""?",Finance,Automobiles,Algebra,Astronomy,Finance,,,text,80,8,true
Stock Market,easy,"The topic ""Stock Market"" best fits which category?",Islands,Automobiles,Mythology (Indian),Stock Market,Stock Market,,,text,20,12,true
Stock Market,easy,"Choose the category that best matches ""Stock Market"".",Movies (Bollywood),Stock Market,Computer Science,Space Exploration,Stock Market,,,text,20,12,true
Stock Market,easy,Select the correct quiz category for: Stock Market.,Modern History,Stock Market,Yoga & Health,Political Science,Stock Market,,,text,20,12,true
Stock Market,easy,"Choose the category that best matches ""Stock Market"".",Basketball,Photography,Logistics,Stock Market,Stock Market,,,text,20,12,true
Stock Market,easy,Which quiz category would include: Stock Market?,Business Tycoons,Mountains & Peaks,Stock Market,Inventions & Discoveries,Stock Market,,,text,20,12,true
Stock Market,easy,"Choose the category that best matches ""Stock Market"".",Philosophy,Stock Market,Agriculture,Islands,Stock Market,,,text,20,12,true
Stock Market,easy,"Which category does the topic ""Stock Market"" belong to?",Rivers & Lakes,Stock Market,Economics,Computer Science,Stock Market,,,text,20,12,true
Stock Market,easy,Select the correct quiz category for: Stock Market.,Wildlife,Stock Market,Biology,National Flags,Stock Market,,,text,20,12,true
Stock Market,easy,Which category is the best match for: Stock Market?,Trigonometry,Architecture,Stock Market,Modern History,Stock Market,,,text,20,12,true
Stock Market,easy,"Which category does the topic ""Stock Market"" belong to?",Stock Market,Algebra,Classic Literature,Programming (Java),Stock Market,,,text,20,12,true
Stock Market,easy,"Which category does the topic ""Stock Market"" belong to?",Movies (Hollywood),Gaming,Finance,Stock Market,Stock Market,,,text,20,12,true
Stock Market,easy,"Choose the category that best matches ""Stock Market"".",Modern Literature,Stock Market,Marketing,Superheroes,Stock Market,,,text,20,12,true
Stock Market,easy,Identify the subject area: Stock Market.,Stock Market,Islands,Artificial Intelligence,Environmental Science,Stock Market,,,text,20,12,true
Stock Market,easy,"The topic ""Stock Market"" best fits which category?",World Religions,Rivers & Lakes,Stock Market,Oceans & Seas,Stock Market,,,text,20,12,true
Stock Market,easy,Pick the subject area that matches: Stock Market.,Stock Market,Human Anatomy,Basketball,Classic Literature,Stock Market,,,text,20,12,true
Stock Market,easy,"Choose the category that best matches ""Stock Market"".",Stock Market,Agriculture,Pharmacology,Architecture,Stock Market,,,text,20,12,true
Stock Market,easy,Which category is the best match for: Stock Market?,Architecture,Psychology,Stock Market,Movies (Bollywood),Stock Market,,,text,20,12,true
Stock Market,easy,Identify the subject area: Stock Market.,Gaming,Social Media,Stock Market,Robotics,Stock Market,,,text,20,12,true
Stock Market,medium,Which category would most likely include questions on Stock Market?,Basketball,Aviation,Stock Market,Automobiles,Stock Market,,,text,40,10,true
Stock Market,medium,Choose the most accurate category for the topic: Stock Market.,Biology,Ancient Civilization,Stock Market,Automobiles,Stock Market,,,text,40,10,true
Stock Market,medium,Select the most appropriate category for: Stock Market.,Biology,Basketball,Stock Market,Architecture,Stock Market,,,text,40,10,true
Stock Market,medium,Choose the most accurate category for the topic: Stock Market.,Automobiles,Basketball,Stock Market,Agriculture,Stock Market,,,text,40,10,true
Stock Market,medium,Which category would most likely include questions on Stock Market?,Automobiles,Aviation,Architecture,Stock Market,Stock Market,,,text,40,10,true
Stock Market,medium,Pick the best category for this quiz topic: Stock Market.,Basketball,Artificial Intelligence,Stock Market,Architecture,Stock Market,,,text,40,10,true
Stock Market,medium,Which category would most likely include questions on Stock Market?,Stock Market,Biology,Aviation,Awards (Nobel),Stock Market,,,text,40,10,true
Stock Market,medium,Which category would most likely include questions on Stock Market?,Architecture,Stock Market,Awards (Oscars),Basketball,Stock Market,,,text,40,10,true
Stock Market,medium,Select the most appropriate category for: Stock Market.,Stock Market,Architecture,Ancient Civilization,Aviation,Stock Market,,,text,40,10,true
Stock Market,medium,"Which subject area most closely matches the topic ""Stock Market""?",Stock Market,Algebra,Automobiles,Astronomy,Stock Market,,,text,40,10,true
Stock Market,medium,"Best-fit category for ""Stock Market"" is:",Automobiles,Stock Market,Astronomy,Biology,Stock Market,,,text,40,10,true
Stock Market,medium,"Which field does the topic ""Stock Market"" fall under?",Automobiles,Basketball,Awards (Nobel),Stock Market,Stock Market,,,text,40,10,true
Stock Market,medium,Pick the best category for this quiz topic: Stock Market.,Artificial Intelligence,Stock Market,Architecture,Astronomy,Stock Market,,,text,40,10,true
Stock Market,medium,"Which field does the topic ""Stock Market"" fall under?",Aviation,Artificial Intelligence,Automobiles,Stock Market,Stock Market,,,text,40,10,true
Stock Market,medium,Which category would most likely include questions on Stock Market?,Awards (Oscars),Artificial Intelligence,Architecture,Stock Market,Stock Market,,,text,40,10,true
Stock Market,medium,Which category would most likely include questions on Stock Market?,Agriculture,Architecture,Stock Market,Awards (Oscars),Stock Market,,,text,40,10,true
Stock Market,medium,Which category would most likely include questions on Stock Market?,Ancient Civilization,Algebra,Stock Market,Astronomy,Stock Market,,,text,40,10,true
Stock Market,medium,"Which subject area most closely matches the topic ""Stock Market""?",Agriculture,Awards (Nobel),Stock Market,Ancient Civilization,Stock Market,,,text,40,10,true
Stock Market,hard,Choose the most specific category for: Stock Market.,Artificial Intelligence,Astronomy,Stock Market,Automobiles,Stock Market,,,text,80,8,true
Stock Market,hard,Pick the category that most accurately represents: Stock Market.,Astronomy,Ancient Civilization,Algebra,Stock Market,Stock Market,,,text,80,8,true
Stock Market,hard,"Which category is the closest match for the topic ""Stock Market""?",Architecture,Agriculture,Stock Market,Ancient Civilization,Stock Market,,,text,80,8,true
Stock Market,hard,"Most precise category for ""Stock Market"" is:",Stock Market,Aviation,Architecture,Ancient Civilization,Stock Market,,,text,80,8,true
Stock Market,hard,"Which category is the best fit for the topic ""Stock Market""?",Ancient Civilization,Architecture,Stock Market,Astronomy,Stock Market,,,text,80,8,true
Stock Market,hard,Select the category that most precisely fits: Stock Market.,Automobiles,Stock Market,Agriculture,Algebra,Stock Market,,,text,80,8,true
Stock Market,hard,Choose the most specific category for: Stock Market.,Stock Market,Aviation,Artificial Intelligence,Algebra,Stock Market,,,text,80,8,true
Stock Market,hard,Identify the primary category for: Stock Market.,Agriculture,Automobiles,Artificial Intelligence,Stock Market,Stock Market,,,text,80,8,true
Stock Market,hard,Identify the primary category for: Stock Market.,Algebra,Stock Market,Aviation,Architecture,Stock Market,,,text,80,8,true
Stock Market,hard,Select the category that most precisely fits: Stock Market.,Stock Market,Aviation,Agriculture,Algebra,Stock Market,,,text,80,8,true
Stock Market,hard,Which subject is the correct classification for: Stock Market?,Stock Market,Agriculture,Aviation,Architecture,Stock Market,,,text,80,8,true
Stock Market,hard,"Which category is the best fit for the topic ""Stock Market""?",Aviation,Stock Market,Ancient Civilization,Architecture,Stock Market,,,text,80,8,true
Stock Market,hard,"Which category is the closest match for the topic ""Stock Market""?",Artificial Intelligence,Stock Market,Architecture,Agriculture,Stock Market,,,text,80,8,true
Stock Market,hard,Choose the most specific category for: Stock Market.,Agriculture,Stock Market,Astronomy,Artificial Intelligence,Stock Market,,,text,80,8,true
Stock Market,hard,"Which category is the best fit for the topic ""Stock Market""?",Stock Market,Architecture,Ancient Civilization,Aviation,Stock Market,,,text,80,8,true
Stock Market,hard,Pick the category that most accurately represents: Stock Market.,Stock Market,Automobiles,Architecture,Agriculture,Stock Market,,,text,80,8,true
Stock Market,hard,Choose the most specific category for: Stock Market.,Ancient Civilization,Algebra,Stock Market,Architecture,Stock Market,,,text,80,8,true
Stock Market,hard,Which subject is the correct classification for: Stock Market?,Stock Market,Artificial Intelligence,Aviation,Algebra,Stock Market,,,text,80,8,true
Stock Market,hard,"Which category is the closest match for the topic ""Stock Market""?",Architecture,Agriculture,Ancient Civilization,Stock Market,Stock Market,,,text,80,8,true
Stock Market,hard,"Which category is the best fit for the topic ""Stock Market""?",Architecture,Automobiles,Agriculture,Stock Market,Stock Market,,,text,80,8,true
Stock Market,hard,Which subject is the correct classification for: Stock Market?,Stock Market,Agriculture,Astronomy,Aviation,Stock Market,,,text,80,8,true
Stock Market,hard,Pick the category that most accurately represents: Stock Market.,Stock Market,Algebra,Ancient Civilization,Astronomy,Stock Market,,,text,80,8,true
Stock Market,hard,Choose the most specific category for: Stock Market.,Agriculture,Aviation,Architecture,Stock Market,Stock Market,,,text,80,8,true
Stock Market,hard,"Which category is the best fit for the topic ""Stock Market""?",Stock Market,Artificial Intelligence,Automobiles,Astronomy,Stock Market,,,text,80,8,true
Psychology,easy,"Which category does the topic ""Psychology"" belong to?",Trigonometry,Psychology,Ancient Civilization,Networking,Psychology,,,text,20,12,true
Psychology,easy,"Which category does the topic ""Psychology"" belong to?",Movies (Bollywood),Agriculture,Blockchain,Psychology,Psychology,,,text,20,12,true
Psychology,easy,Which quiz category would include: Psychology?,Algebra,Logistics,Psychology,Biology,Psychology,,,text,20,12,true
Psychology,easy,"Choose the category that best matches ""Psychology"".",English Grammar,World Continents,Psychology,Networking,Psychology,,,text,20,12,true
Psychology,easy,Identify the subject area: Psychology.,Psychology,Photography,World Leaders,Superheroes,Psychology,,,text,20,12,true
Psychology,easy,"Choose the category that best matches ""Psychology"".",Astronomy,Sociology,Blockchain,Psychology,Psychology,,,text,20,12,true
Psychology,easy,Pick the subject area that matches: Psychology.,Comic Books,Modern History,Cyber Security,Psychology,Psychology,,,text,20,12,true
Psychology,easy,Select the correct quiz category for: Psychology.,Modern History,Inventions & Discoveries,Economics,Psychology,Psychology,,,text,20,12,true
Psychology,easy,Which quiz category would include: Psychology?,Psychology,English Grammar,Finance,Web Development,Psychology,,,text,20,12,true
Psychology,easy,Select the correct quiz category for: Psychology.,Wildlife,Psychology,Photography,Physics,Psychology,,,text,20,12,true
Psychology,easy,Identify the subject area: Psychology.,Social Media,Psychology,Indian History,Calculus,Psychology,,,text,20,12,true
Psychology,easy,"Choose the category that best matches ""Psychology"".",Psychology,Movies (Hollywood),Logistics,Programming (Python),Psychology,,,text,20,12,true
Psychology,easy,Select the correct quiz category for: Psychology.,Psychology,Photography,World Geography,Medicine,Psychology,,,text,20,12,true
Psychology,easy,"Choose the category that best matches ""Psychology"".",Psychology,Mythology (Norse),Mobile Development,Photography,Psychology,,,text,20,12,true
Psychology,easy,Identify the subject area: Psychology.,Mythology (Norse),Gardening,Psychology,Yoga & Health,Psychology,,,text,20,12,true
Psychology,easy,Identify the subject area: Psychology.,Psychology,Mobile Development,Food & Cuisine,Deserts,Psychology,,,text,20,12,true
Psychology,easy,Which quiz category would include: Psychology?,Psychology,Business Tycoons,Music (Classical),E-commerce,Psychology,,,text,20,12,true
Psychology,easy,Which category is the best match for: Psychology?,Classic Literature,Mobile Development,Internet History,Psychology,Psychology,,,text,20,12,true
Psychology,medium,"Which subject area most closely matches the topic ""Psychology""?",Artificial Intelligence,Basketball,Biology,Psychology,Psychology,,,text,40,10,true
Psychology,medium,Which category is most closely related to: Psychology?,Algebra,Architecture,Ancient Civilization,Psychology,Psychology,,,text,40,10,true
Psychology,medium,"Which field does the topic ""Psychology"" fall under?",Ancient Civilization,Aviation,Psychology,Awards (Nobel),Psychology,,,text,40,10,true
Psychology,medium,"Best-fit category for ""Psychology"" is:",Astronomy,Algebra,Ancient Civilization,Psychology,Psychology,,,text,40,10,true
Psychology,medium,"Which subject area most closely matches the topic ""Psychology""?",Awards (Oscars),Psychology,Automobiles,Ancient Civilization,Psychology,,,text,40,10,true
Psychology,medium,"Which field does the topic ""Psychology"" fall under?",Psychology,Artificial Intelligence,Agriculture,Biology,Psychology,,,text,40,10,true
Psychology,medium,Which category would most likely include questions on Psychology?,Ancient Civilization,Algebra,Psychology,Artificial Intelligence,Psychology,,,text,40,10,true
Psychology,medium,"Best-fit category for ""Psychology"" is:",Artificial Intelligence,Astronomy,Psychology,Architecture,Psychology,,,text,40,10,true
Psychology,medium,"Best-fit category for ""Psychology"" is:",Automobiles,Biology,Architecture,Psychology,Psychology,,,text,40,10,true
Psychology,medium,"Best-fit category for ""Psychology"" is:",Basketball,Artificial Intelligence,Psychology,Awards (Oscars),Psychology,,,text,40,10,true
Psychology,medium,Choose the most accurate category for the topic: Psychology.,Psychology,Agriculture,Basketball,Biology,Psychology,,,text,40,10,true
Psychology,medium,Which category would most likely include questions on Psychology?,Psychology,Ancient Civilization,Aviation,Automobiles,Psychology,,,text,40,10,true
Psychology,medium,Pick the best category for this quiz topic: Psychology.,Astronomy,Awards (Nobel),Psychology,Awards (Oscars),Psychology,,,text,40,10,true
Psychology,medium,Which category would most likely include questions on Psychology?,Awards (Oscars),Algebra,Psychology,Astronomy,Psychology,,,text,40,10,true
Psychology,medium,"Which field does the topic ""Psychology"" fall under?",Ancient Civilization,Awards (Oscars),Astronomy,Psychology,Psychology,,,text,40,10,true
Psychology,medium,Which category is most closely related to: Psychology?,Ancient Civilization,Agriculture,Basketball,Psychology,Psychology,,,text,40,10,true
Psychology,medium,"Which subject area most closely matches the topic ""Psychology""?",Awards (Oscars),Psychology,Aviation,Agriculture,Psychology,,,text,40,10,true
Psychology,medium,Select the most appropriate category for: Psychology.,Architecture,Agriculture,Psychology,Algebra,Psychology,,,text,40,10,true
Psychology,hard,"Most precise category for ""Psychology"" is:",Artificial Intelligence,Architecture,Agriculture,Psychology,Psychology,,,text,80,8,true
Psychology,hard,Choose the most specific category for: Psychology.,Psychology,Agriculture,Architecture,Automobiles,Psychology,,,text,80,8,true
Psychology,hard,"Which category is the best fit for the topic ""Psychology""?",Psychology,Ancient Civilization,Architecture,Aviation,Psychology,,,text,80,8,true
Psychology,hard,Select the category that most precisely fits: Psychology.,Ancient Civilization,Artificial Intelligence,Psychology,Architecture,Psychology,,,text,80,8,true
Psychology,hard,Identify the primary category for: Psychology.,Aviation,Astronomy,Psychology,Architecture,Psychology,,,text,80,8,true
Psychology,hard,"Most precise category for ""Psychology"" is:",Psychology,Agriculture,Astronomy,Artificial Intelligence,Psychology,,,text,80,8,true
Psychology,hard,Which subject is the correct classification for: Psychology?,Automobiles,Psychology,Artificial Intelligence,Algebra,Psychology,,,text,80,8,true
Psychology,hard,"Which category is the best fit for the topic ""Psychology""?",Astronomy,Artificial Intelligence,Ancient Civilization,Psychology,Psychology,,,text,80,8,true
Psychology,hard,Identify the primary category for: Psychology.,Artificial Intelligence,Psychology,Astronomy,Automobiles,Psychology,,,text,80,8,true
Psychology,hard,Which subject is the correct classification for: Psychology?,Psychology,Aviation,Artificial Intelligence,Algebra,Psychology,,,text,80,8,true
Psychology,hard,"Most precise category for ""Psychology"" is:",Aviation,Astronomy,Algebra,Psychology,Psychology,,,text,80,8,true
Psychology,hard,"Which category is the best fit for the topic ""Psychology""?",Ancient Civilization,Architecture,Psychology,Astronomy,Psychology,,,text,80,8,true
Psychology,hard,Choose the most specific category for: Psychology.,Psychology,Ancient Civilization,Artificial Intelligence,Agriculture,Psychology,,,text,80,8,true
Psychology,hard,"Most precise category for ""Psychology"" is:",Agriculture,Aviation,Psychology,Architecture,Psychology,,,text,80,8,true
Psychology,hard,"Most precise category for ""Psychology"" is:",Agriculture,Psychology,Architecture,Ancient Civilization,Psychology,,,text,80,8,true
Psychology,hard,Identify the primary category for: Psychology.,Agriculture,Artificial Intelligence,Psychology,Aviation,Psychology,,,text,80,8,true
Psychology,hard,Identify the primary category for: Psychology.,Psychology,Automobiles,Agriculture,Algebra,Psychology,,,text,80,8,true
Psychology,hard,"Most precise category for ""Psychology"" is:",Psychology,Agriculture,Artificial Intelligence,Ancient Civilization,Psychology,,,text,80,8,true
Psychology,hard,Pick the category that most accurately represents: Psychology.,Astronomy,Automobiles,Psychology,Algebra,Psychology,,,text,80,8,true
Psychology,hard,"Which category is the best fit for the topic ""Psychology""?",Psychology,Architecture,Astronomy,Automobiles,Psychology,,,text,80,8,true
Psychology,hard,Select the category that most precisely fits: Psychology.,Automobiles,Psychology,Agriculture,Artificial Intelligence,Psychology,,,text,80,8,true
Psychology,hard,Select the category that most precisely fits: Psychology.,Agriculture,Artificial Intelligence,Ancient Civilization,Psychology,Psychology,,,text,80,8,true
Psychology,hard,Pick the category that most accurately represents: Psychology.,Ancient Civilization,Agriculture,Psychology,Algebra,Psychology,,,text,80,8,true
Psychology,hard,"Most precise category for ""Psychology"" is:",Automobiles,Artificial Intelligence,Ancient Civilization,Psychology,Psychology,,,text,80,8,true
Sociology,easy,Which quiz category would include: Sociology?,Poetry,Awards (Oscars),Fashion,Sociology,Sociology,,,text,20,12,true
Sociology,easy,"The topic ""Sociology"" best fits which category?",Sociology,Painting & Art,Deserts,Wildlife,Sociology,,,text,20,12,true
Sociology,easy,Which category is the best match for: Sociology?,Sociology,National Flags,Classic Literature,Gaming,Sociology,,,text,20,12,true
Sociology,easy,Select the correct quiz category for: Sociology.,Sociology,World Geography,Mountains & Peaks,Economics,Sociology,,,text,20,12,true
Sociology,easy,Identify the subject area: Sociology.,Algebra,Wildlife,Sociology,Indian States,Sociology,,,text,20,12,true
Sociology,easy,Select the correct quiz category for: Sociology.,Sociology,World Religions,Psychology,Comic Books,Sociology,,,text,20,12,true
Sociology,easy,Pick the subject area that matches: Sociology.,Sociology,Ancient Civilization,Oceans & Seas,Yoga & Health,Sociology,,,text,20,12,true
Sociology,easy,Which category is the best match for: Sociology?,Sociology,Psychology,National Parks,Economics,Sociology,,,text,20,12,true
Sociology,easy,Which quiz category would include: Sociology?,Business Tycoons,Agriculture,Inventions & Discoveries,Sociology,Sociology,,,text,20,12,true
Sociology,easy,"Choose the category that best matches ""Sociology"".",World Leaders,Psychology,Current Affairs,Sociology,Sociology,,,text,20,12,true
Sociology,easy,Identify the subject area: Sociology.,Languages,Sociology,Philosophy,Music (Pop),Sociology,,,text,20,12,true
Sociology,easy,Which quiz category would include: Sociology?,Cricket,Environmental Science,Marketing,Sociology,Sociology,,,text,20,12,true
Sociology,easy,Which quiz category would include: Sociology?,World Geography,Aviation,Environmental Science,Sociology,Sociology,,,text,20,12,true
Sociology,easy,"Choose the category that best matches ""Sociology"".",Sociology,Aviation,Logistics,Algebra,Sociology,,,text,20,12,true
Sociology,easy,Which quiz category would include: Sociology?,Music (Classical),Sociology,Psychology,Music (Pop),Sociology,,,text,20,12,true
Sociology,easy,Select the correct quiz category for: Sociology.,Superheroes,Gadgets,Mobile Development,Sociology,Sociology,,,text,20,12,true
Sociology,easy,Select the correct quiz category for: Sociology.,Ancient Civilization,Sociology,Food & Cuisine,Music (Classical),Sociology,,,text,20,12,true
Sociology,easy,Identify the subject area: Sociology.,Sociology,Human Anatomy,Space Exploration,Brands & Logos,Sociology,,,text,20,12,true
Sociology,medium,Choose the most accurate category for the topic: Sociology.,Sociology,Architecture,Artificial Intelligence,Astronomy,Sociology,,,text,40,10,true
Sociology,medium,Which category would most likely include questions on Sociology?,Automobiles,Sociology,Architecture,Astronomy,Sociology,,,text,40,10,true
Sociology,medium,Choose the most accurate category for the topic: Sociology.,Sociology,Automobiles,Astronomy,Algebra,Sociology,,,text,40,10,true
Sociology,medium,Which category is most closely related to: Sociology?,Biology,Sociology,Architecture,Aviation,Sociology,,,text,40,10,true
Sociology,medium,Which category is most closely related to: Sociology?,Algebra,Architecture,Sociology,Aviation,Sociology,,,text,40,10,true
Sociology,medium,Pick the best category for this quiz topic: Sociology.,Architecture,Automobiles,Sociology,Basketball,Sociology,,,text,40,10,true
Sociology,medium,Select the most appropriate category for: Sociology.,Basketball,Agriculture,Automobiles,Sociology,Sociology,,,text,40,10,true
Sociology,medium,"Which field does the topic ""Sociology"" fall under?",Sociology,Algebra,Ancient Civilization,Artificial Intelligence,Sociology,,,text,40,10,true
Sociology,medium,"Which subject area most closely matches the topic ""Sociology""?",Awards (Oscars),Sociology,Agriculture,Ancient Civilization,Sociology,,,text,40,10,true
Sociology,medium,Pick the best category for this quiz topic: Sociology.,Awards (Nobel),Ancient Civilization,Sociology,Automobiles,Sociology,,,text,40,10,true
Sociology,medium,Select the most appropriate category for: Sociology.,Astronomy,Sociology,Awards (Nobel),Awards (Oscars),Sociology,,,text,40,10,true
Sociology,medium,Pick the best category for this quiz topic: Sociology.,Awards (Oscars),Sociology,Biology,Architecture,Sociology,,,text,40,10,true
Sociology,medium,Which category is most closely related to: Sociology?,Sociology,Biology,Agriculture,Ancient Civilization,Sociology,,,text,40,10,true
Sociology,medium,"Which subject area most closely matches the topic ""Sociology""?",Sociology,Architecture,Ancient Civilization,Algebra,Sociology,,,text,40,10,true
Sociology,medium,"Best-fit category for ""Sociology"" is:",Ancient Civilization,Automobiles,Basketball,Sociology,Sociology,,,text,40,10,true
Sociology,medium,Which category is most closely related to: Sociology?,Astronomy,Architecture,Biology,Sociology,Sociology,,,text,40,10,true
Sociology,medium,Which category is most closely related to: Sociology?,Basketball,Aviation,Sociology,Ancient Civilization,Sociology,,,text,40,10,true
Sociology,medium,Which category would most likely include questions on Sociology?,Awards (Oscars),Biology,Sociology,Aviation,Sociology,,,text,40,10,true
Sociology,hard,"Most precise category for ""Sociology"" is:",Ancient Civilization,Automobiles,Architecture,Sociology,Sociology,,,text,80,8,true
Sociology,hard,Choose the most specific category for: Sociology.,Sociology,Architecture,Astronomy,Ancient Civilization,Sociology,,,text,80,8,true
Sociology,hard,"Most precise category for ""Sociology"" is:",Automobiles,Artificial Intelligence,Agriculture,Sociology,Sociology,,,text,80,8,true
Sociology,hard,"Which category is the closest match for the topic ""Sociology""?",Aviation,Automobiles,Artificial Intelligence,Sociology,Sociology,,,text,80,8,true
Sociology,hard,Which subject is the correct classification for: Sociology?,Sociology,Ancient Civilization,Artificial Intelligence,Algebra,Sociology,,,text,80,8,true
Sociology,hard,Pick the category that most accurately represents: Sociology.,Aviation,Algebra,Sociology,Automobiles,Sociology,,,text,80,8,true
Sociology,hard,Choose the most specific category for: Sociology.,Astronomy,Artificial Intelligence,Agriculture,Sociology,Sociology,,,text,80,8,true
Sociology,hard,Select the category that most precisely fits: Sociology.,Astronomy,Agriculture,Sociology,Architecture,Sociology,,,text,80,8,true
Sociology,hard,"Most precise category for ""Sociology"" is:",Agriculture,Artificial Intelligence,Sociology,Aviation,Sociology,,,text,80,8,true
Sociology,hard,"Most precise category for ""Sociology"" is:",Astronomy,Aviation,Sociology,Ancient Civilization,Sociology,,,text,80,8,true
Sociology,hard,"Most precise category for ""Sociology"" is:",Aviation,Agriculture,Automobiles,Sociology,Sociology,,,text,80,8,true
Sociology,hard,"Most precise category for ""Sociology"" is:",Ancient Civilization,Architecture,Sociology,Astronomy,Sociology,,,text,80,8,true
Sociology,hard,Pick the category that most accurately represents: Sociology.,Aviation,Artificial Intelligence,Architecture,Sociology,Sociology,,,text,80,8,true
Sociology,hard,Which subject is the correct classification for: Sociology?,Automobiles,Architecture,Sociology,Artificial Intelligence,Sociology,,,text,80,8,true
Sociology,hard,Select the category that most precisely fits: Sociology.,Algebra,Sociology,Agriculture,Ancient Civilization,Sociology,,,text,80,8,true
Sociology,hard,Choose the most specific category for: Sociology.,Ancient Civilization,Astronomy,Artificial Intelligence,Sociology,Sociology,,,text,80,8,true
Sociology,hard,Identify the primary category for: Sociology.,Sociology,Algebra,Astronomy,Aviation,Sociology,,,text,80,8,true
Sociology,hard,Which subject is the correct classification for: Sociology?,Agriculture,Sociology,Algebra,Architecture,Sociology,,,text,80,8,true
Sociology,hard,"Most precise category for ""Sociology"" is:",Aviation,Artificial Intelligence,Sociology,Ancient Civilization,Sociology,,,text,80,8,true
Sociology,hard,Identify the primary category for: Sociology.,Sociology,Aviation,Artificial Intelligence,Architecture,Sociology,,,text,80,8,true
Sociology,hard,Identify the primary category for: Sociology.,Sociology,Ancient Civilization,Artificial Intelligence,Architecture,Sociology,,,text,80,8,true
Sociology,hard,Select the category that most precisely fits: Sociology.,Sociology,Agriculture,Automobiles,Artificial Intelligence,Sociology,,,text,80,8,true
Sociology,hard,"Which category is the closest match for the topic ""Sociology""?",Ancient Civilization,Aviation,Astronomy,Sociology,Sociology,,,text,80,8,true
Sociology,hard,Pick the category that most accurately represents: Sociology.,Automobiles,Sociology,Agriculture,Astronomy,Sociology,,,text,80,8,true
Political Science,easy,"Choose the category that best matches ""Political Science"".",Mythology (Greek),Blockchain,Finance,Political Science,Political Science,,,text,20,12,true
Political Science,easy,Identify the subject area: Political Science.,E-commerce,Geometry,Mythology (Norse),Political Science,Political Science,,,text,20,12,true
Political Science,easy,"Which category does the topic ""Political Science"" belong to?",Political Science,Programming (Python),Mythology (Norse),Stock Market,Political Science,,,text,20,12,true
Political Science,easy,Pick the subject area that matches: Political Science.,Modern History,Space Exploration,Football,Political Science,Political Science,,,text,20,12,true
Political Science,easy,Identify the subject area: Political Science.,Political Science,Gaming,Fashion,Languages,Political Science,,,text,20,12,true
Political Science,easy,"The topic ""Political Science"" best fits which category?",Deserts,World Geography,Mountains & Peaks,Political Science,Political Science,,,text,20,12,true
Political Science,easy,"Choose the category that best matches ""Political Science"".",National Flags,Chemistry,Political Science,English Grammar,Political Science,,,text,20,12,true
Political Science,easy,"Choose the category that best matches ""Political Science"".",Political Science,Algebra,Currencies,World Leaders,Political Science,,,text,20,12,true
Political Science,easy,Identify the subject area: Political Science.,Political Science,Astronomy,Medicine,Calculus,Political Science,,,text,20,12,true
Political Science,easy,"Which category does the topic ""Political Science"" belong to?",Finance,Music (Pop),Agriculture,Political Science,Political Science,,,text,20,12,true
Political Science,easy,"Which category does the topic ""Political Science"" belong to?",Political Science,Currencies,Blockchain,Mythology (Greek),Political Science,,,text,20,12,true
Political Science,easy,Which category is the best match for: Political Science?,Political Science,Cricket,Mythology (Greek),Networking,Political Science,,,text,20,12,true
Political Science,easy,Which category is the best match for: Political Science?,Political Science,Calculus,Environmental Science,Marketing,Political Science,,,text,20,12,true
Political Science,easy,"Choose the category that best matches ""Political Science"".",Modern History,Islands,Gaming,Political Science,Political Science,,,text,20,12,true
Political Science,easy,"Choose the category that best matches ""Political Science"".",Ancient Civilization,Political Science,Biology,Photography,Political Science,,,text,20,12,true
Political Science,easy,"Choose the category that best matches ""Political Science"".",English Grammar,Mobile Development,Political Science,World Leaders,Political Science,,,text,20,12,true
Political Science,easy,Pick the subject area that matches: Political Science.,Political Science,Rivers & Lakes,Geometry,Oceans & Seas,Political Science,,,text,20,12,true
Political Science,easy,Which category is the best match for: Political Science?,Brands & Logos,Superheroes,Political Science,Gaming,Political Science,,,text,20,12,true
Political Science,medium,Select the most appropriate category for: Political Science.,Astronomy,Automobiles,Artificial Intelligence,Political Science,Political Science,,,text,40,10,true
Political Science,medium,"Which subject area most closely matches the topic ""Political Science""?",Automobiles,Political Science,Architecture,Computer Science,Political Science,,,text,40,10,true
Political Science,medium,"Which subject area most closely matches the topic ""Political Science""?",Environmental Science,Automobiles,Agriculture,Political Science,Political Science,,,text,40,10,true
Political Science,medium,Select the most appropriate category for: Political Science.,Architecture,Environmental Science,Political Science,Awards (Oscars),Political Science,,,text,40,10,true
Political Science,medium,Which category is most closely related to: Political Science?,Political Science,Architecture,Automobiles,Awards (Nobel),Political Science,,,text,40,10,true
Political Science,medium,Select the most appropriate category for: Political Science.,Computer Science,Astronomy,Awards (Oscars),Political Science,Political Science,,,text,40,10,true
Political Science,medium,Which category is most closely related to: Political Science?,Computer Science,Architecture,Political Science,Astronomy,Political Science,,,text,40,10,true
Political Science,medium,"Best-fit category for ""Political Science"" is:",Political Science,Ancient Civilization,Awards (Oscars),Algebra,Political Science,,,text,40,10,true
Political Science,medium,Which category is most closely related to: Political Science?,Architecture,Agriculture,Political Science,Algebra,Political Science,,,text,40,10,true
Political Science,medium,Pick the best category for this quiz topic: Political Science.,Agriculture,Ancient Civilization,Computer Science,Political Science,Political Science,,,text,40,10,true
Political Science,medium,Pick the best category for this quiz topic: Political Science.,Political Science,Awards (Oscars),Astronomy,Ancient Civilization,Political Science,,,text,40,10,true
Political Science,medium,"Which subject area most closely matches the topic ""Political Science""?",Environmental Science,Political Science,Aviation,Computer Science,Political Science,,,text,40,10,true
Political Science,medium,Which category is most closely related to: Political Science?,Artificial Intelligence,Agriculture,Political Science,Ancient Civilization,Political Science,,,text,40,10,true
Political Science,medium,"Best-fit category for ""Political Science"" is:",Political Science,Artificial Intelligence,Computer Science,Algebra,Political Science,,,text,40,10,true
Political Science,medium,Select the most appropriate category for: Political Science.,Artificial Intelligence,Aviation,Political Science,Automobiles,Political Science,,,text,40,10,true
Political Science,medium,"Best-fit category for ""Political Science"" is:",Awards (Oscars),Agriculture,Artificial Intelligence,Political Science,Political Science,,,text,40,10,true
Political Science,medium,"Best-fit category for ""Political Science"" is:",Algebra,Political Science,Awards (Oscars),Computer Science,Political Science,,,text,40,10,true
Political Science,medium,"Which subject area most closely matches the topic ""Political Science""?",Awards (Nobel),Computer Science,Aviation,Political Science,Political Science,,,text,40,10,true
Political Science,hard,Select the category that most precisely fits: Political Science.,Ancient Civilization,Political Science,Environmental Science,Architecture,Political Science,,,text,80,8,true
Political Science,hard,"Which category is the closest match for the topic ""Political Science""?",Algebra,Agriculture,Artificial Intelligence,Political Science,Political Science,,,text,80,8,true
Political Science,hard,"Which category is the best fit for the topic ""Political Science""?",Computer Science,Astronomy,Political Science,Algebra,Political Science,,,text,80,8,true
Political Science,hard,"Which category is the best fit for the topic ""Political Science""?",Architecture,Ancient Civilization,Algebra,Political Science,Political Science,,,text,80,8,true
Political Science,hard,Which subject is the correct classification for: Political Science?,Architecture,Political Science,Computer Science,Environmental Science,Political Science,,,text,80,8,true
Political Science,hard,"Most precise category for ""Political Science"" is:",Architecture,Agriculture,Ancient Civilization,Political Science,Political Science,,,text,80,8,true
Political Science,hard,"Which category is the best fit for the topic ""Political Science""?",Environmental Science,Astronomy,Political Science,Artificial Intelligence,Political Science,,,text,80,8,true
Political Science,hard,Select the category that most precisely fits: Political Science.,Algebra,Agriculture,Political Science,Ancient Civilization,Political Science,,,text,80,8,true
Political Science,hard,Pick the category that most accurately represents: Political Science.,Agriculture,Political Science,Astronomy,Ancient Civilization,Political Science,,,text,80,8,true
Political Science,hard,Identify the primary category for: Political Science.,Environmental Science,Political Science,Artificial Intelligence,Astronomy,Political Science,,,text,80,8,true
Political Science,hard,Pick the category that most accurately represents: Political Science.,Political Science,Astronomy,Agriculture,Computer Science,Political Science,,,text,80,8,true
Political Science,hard,Pick the category that most accurately represents: Political Science.,Political Science,Environmental Science,Architecture,Agriculture,Political Science,,,text,80,8,true
Political Science,hard,"Which category is the closest match for the topic ""Political Science""?",Agriculture,Political Science,Astronomy,Computer Science,Political Science,,,text,80,8,true
Political Science,hard,"Which category is the best fit for the topic ""Political Science""?",Environmental Science,Political Science,Astronomy,Agriculture,Political Science,,,text,80,8,true
Political Science,hard,"Which category is the best fit for the topic ""Political Science""?",Algebra,Architecture,Political Science,Astronomy,Political Science,,,text,80,8,true
Political Science,hard,"Which category is the best fit for the topic ""Political Science""?",Political Science,Architecture,Algebra,Ancient Civilization,Political Science,,,text,80,8,true
Political Science,hard,Pick the category that most accurately represents: Political Science.,Artificial Intelligence,Ancient Civilization,Computer Science,Political Science,Political Science,,,text,80,8,true
Political Science,hard,"Which category is the best fit for the topic ""Political Science""?",Environmental Science,Architecture,Astronomy,Political Science,Political Science,,,text,80,8,true
Political Science,hard,Choose the most specific category for: Political Science.,Environmental Science,Political Science,Ancient Civilization,Algebra,Political Science,,,text,80,8,true
Political Science,hard,"Which category is the best fit for the topic ""Political Science""?",Architecture,Political Science,Artificial Intelligence,Environmental Science,Political Science,,,text,80,8,true
Political Science,hard,"Which category is the closest match for the topic ""Political Science""?",Political Science,Computer Science,Artificial Intelligence,Environmental Science,Political Science,,,text,80,8,true
Political Science,hard,Identify the primary category for: Political Science.,Computer Science,Astronomy,Architecture,Political Science,Political Science,,,text,80,8,true
Political Science,hard,"Most precise category for ""Political Science"" is:",Artificial Intelligence,Astronomy,Political Science,Ancient Civilization,Political Science,,,text,80,8,true
Political Science,hard,Identify the primary category for: Political Science.,Agriculture,Architecture,Astronomy,Political Science,Political Science,,,text,80,8,true
World Religions,easy,Pick the subject area that matches: World Religions.,Calculus,Superheroes,World Religions,Sociology,World Religions,,,text,20,12,true
World Religions,easy,"The topic ""World Religions"" best fits which category?",Blockchain,World Religions,Fashion,Internet History,World Religions,,,text,20,12,true
World Religions,easy,Select the correct quiz category for: World Religions.,Web Development,World Religions,Blockchain,National Parks,World Religions,,,text,20,12,true
World Religions,easy,"The topic ""World Religions"" best fits which category?",World Continents,World Religions,Astronomy,Mythology (Indian),World Religions,,,text,20,12,true
World Religions,easy,Select the correct quiz category for: World Religions.,Football,National Parks,World Religions,Business Tycoons,World Religions,,,text,20,12,true
World Religions,easy,Which category is the best match for: World Religions?,Mythology (Greek),Blockchain,Languages,World Religions,World Religions,,,text,20,12,true
World Religions,easy,Which category is the best match for: World Religions?,Computer Science,Chemistry,World Religions,Movies (Bollywood),World Religions,,,text,20,12,true
World Religions,easy,Which quiz category would include: World Religions?,Tennis,Oceans & Seas,Stock Market,World Religions,World Religions,,,text,20,12,true
World Religions,easy,Which quiz category would include: World Religions?,Robotics,World Geography,World Religions,Superheroes,World Religions,,,text,20,12,true
World Religions,easy,"Which category does the topic ""World Religions"" belong to?",Finance,Gardening,World Religions,Modern History,World Religions,,,text,20,12,true
World Religions,easy,Identify the subject area: World Religions.,Astronomy,Geometry,World Religions,Football,World Religions,,,text,20,12,true
World Religions,easy,Which quiz category would include: World Religions?,Comic Books,World Religions,Mountains & Peaks,Artificial Intelligence,World Religions,,,text,20,12,true
World Religions,easy,Which category is the best match for: World Religions?,World Religions,Environmental Science,Stock Market,Philosophy,World Religions,,,text,20,12,true
World Religions,easy,Identify the subject area: World Religions.,World Religions,Logistics,Computer Science,Internet History,World Religions,,,text,20,12,true
World Religions,easy,Which category is the best match for: World Religions?,Awards (Nobel),E-commerce,World Religions,Basketball,World Religions,,,text,20,12,true
World Religions,easy,Identify the subject area: World Religions.,World Religions,Artificial Intelligence,Brands & Logos,Marketing,World Religions,,,text,20,12,true
World Religions,easy,Which category is the best match for: World Religions?,Machine Learning,Comic Books,World Religions,Automobiles,World Religions,,,text,20,12,true
World Religions,easy,Select the correct quiz category for: World Religions.,World Religions,Psychology,Football,Basketball,World Religions,,,text,20,12,true
World Religions,medium,Select the most appropriate category for: World Religions.,Automobiles,World Religions,World Geography,Awards (Nobel),World Religions,,,text,40,10,true
World Religions,medium,Pick the best category for this quiz topic: World Religions.,Artificial Intelligence,World Continents,World Religions,Aviation,World Religions,,,text,40,10,true
World Religions,medium,Pick the best category for this quiz topic: World Religions.,World Geography,Ancient Civilization,World Religions,Astronomy,World Religions,,,text,40,10,true
World Religions,medium,Which category is most closely related to: World Religions?,Algebra,Architecture,Agriculture,World Religions,World Religions,,,text,40,10,true
World Religions,medium,Choose the most accurate category for the topic: World Religions.,Architecture,World Continents,Agriculture,World Religions,World Religions,,,text,40,10,true
World Religions,medium,Which category would most likely include questions on World Religions?,Ancient Civilization,World Religions,Awards (Nobel),Architecture,World Religions,,,text,40,10,true
World Religions,medium,Select the most appropriate category for: World Religions.,World Continents,World Geography,World Religions,Astronomy,World Religions,,,text,40,10,true
World Religions,medium,Pick the best category for this quiz topic: World Religions.,World Religions,World Continents,World Leaders,World Geography,World Religions,,,text,40,10,true
World Religions,medium,"Which field does the topic ""World Religions"" fall under?",Astronomy,Awards (Nobel),World Religions,Artificial Intelligence,World Religions,,,text,40,10,true
World Religions,medium,Select the most appropriate category for: World Religions.,Automobiles,Ancient Civilization,World Religions,Algebra,World Religions,,,text,40,10,true
World Religions,medium,Choose the most accurate category for the topic: World Religions.,Astronomy,World Leaders,Ancient Civilization,World Religions,World Religions,,,text,40,10,true
World Religions,medium,"Best-fit category for ""World Religions"" is:",Agriculture,World Religions,World Leaders,Astronomy,World Religions,,,text,40,10,true
World Religions,medium,"Which subject area most closely matches the topic ""World Religions""?",World Religions,Artificial Intelligence,Agriculture,Astronomy,World Religions,,,text,40,10,true
World Religions,medium,Which category is most closely related to: World Religions?,World Religions,Architecture,Astronomy,World Leaders,World Religions,,,text,40,10,true
World Religions,medium,"Which field does the topic ""World Religions"" fall under?",Astronomy,World Religions,Artificial Intelligence,World Continents,World Religions,,,text,40,10,true
World Religions,medium,Select the most appropriate category for: World Religions.,World Religions,Algebra,Ancient Civilization,World Continents,World Religions,,,text,40,10,true
World Religions,medium,Pick the best category for this quiz topic: World Religions.,World Religions,Aviation,Artificial Intelligence,World Leaders,World Religions,,,text,40,10,true
World Religions,medium,"Which field does the topic ""World Religions"" fall under?",Automobiles,World Religions,Algebra,World Leaders,World Religions,,,text,40,10,true
World Religions,hard,Pick the category that most accurately represents: World Religions.,Algebra,Ancient Civilization,World Religions,World Continents,World Religions,,,text,80,8,true
World Religions,hard,Pick the category that most accurately represents: World Religions.,Algebra,Agriculture,World Religions,Artificial Intelligence,World Religions,,,text,80,8,true
World Religions,hard,"Which category is the best fit for the topic ""World Religions""?",Ancient Civilization,World Continents,World Religions,World Geography,World Religions,,,text,80,8,true
World Religions,hard,Choose the most specific category for: World Religions.,World Leaders,Algebra,World Religions,World Geography,World Religions,,,text,80,8,true
World Religions,hard,"Which category is the best fit for the topic ""World Religions""?",Artificial Intelligence,World Religions,World Continents,World Geography,World Religions,,,text,80,8,true
World Religions,hard,Pick the category that most accurately represents: World Religions.,World Continents,Architecture,Agriculture,World Religions,World Religions,,,text,80,8,true
World Religions,hard,"Which category is the best fit for the topic ""World Religions""?",World Leaders,Architecture,World Religions,World Continents,World Religions,,,text,80,8,true
World Religions,hard,Identify the primary category for: World Religions.,Artificial Intelligence,World Religions,Agriculture,Ancient Civilization,World Religions,,,text,80,8,true
World Religions,hard,"Which category is the closest match for the topic ""World Religions""?",Agriculture,Ancient Civilization,World Leaders,World Religions,World Religions,,,text,80,8,true
World Religions,hard,"Most precise category for ""World Religions"" is:",Algebra,Agriculture,World Religions,Ancient Civilization,World Religions,,,text,80,8,true
World Religions,hard,Identify the primary category for: World Religions.,Ancient Civilization,Agriculture,World Religions,Architecture,World Religions,,,text,80,8,true
World Religions,hard,Which subject is the correct classification for: World Religions?,World Religions,Algebra,Agriculture,World Leaders,World Religions,,,text,80,8,true
World Religions,hard,"Most precise category for ""World Religions"" is:",World Leaders,World Religions,Architecture,Artificial Intelligence,World Religions,,,text,80,8,true
World Religions,hard,Identify the primary category for: World Religions.,World Religions,World Geography,Ancient Civilization,World Leaders,World Religions,,,text,80,8,true
World Religions,hard,Pick the category that most accurately represents: World Religions.,Ancient Civilization,Artificial Intelligence,World Leaders,World Religions,World Religions,,,text,80,8,true
World Religions,hard,Select the category that most precisely fits: World Religions.,World Leaders,Artificial Intelligence,World Religions,Ancient Civilization,World Religions,,,text,80,8,true
World Religions,hard,Select the category that most precisely fits: World Religions.,Agriculture,World Religions,World Leaders,World Geography,World Religions,,,text,80,8,true
World Religions,hard,Pick the category that most accurately represents: World Religions.,World Leaders,Ancient Civilization,World Religions,Artificial Intelligence,World Religions,,,text,80,8,true
World Religions,hard,"Which category is the best fit for the topic ""World Religions""?",Ancient Civilization,World Leaders,Agriculture,World Religions,World Religions,,,text,80,8,true
World Religions,hard,"Which category is the closest match for the topic ""World Religions""?",Algebra,World Religions,World Leaders,Agriculture,World Religions,,,text,80,8,true
World Religions,hard,Which subject is the correct classification for: World Religions?,World Religions,Algebra,Artificial Intelligence,World Continents,World Religions,,,text,80,8,true
World Religions,hard,Which subject is the correct classification for: World Religions?,Ancient Civilization,Artificial Intelligence,World Leaders,World Religions,World Religions,,,text,80,8,true
World Religions,hard,"Which category is the closest match for the topic ""World Religions""?",World Religions,World Continents,Agriculture,Architecture,World Religions,,,text,80,8,true
World Religions,hard,Select the category that most precisely fits: World Religions.,Artificial Intelligence,World Religions,World Geography,World Leaders,World Religions,,,text,80,8,true
Philosophy,easy,"Choose the category that best matches ""Philosophy"".",Currencies,Philosophy,Space Exploration,Marketing,Philosophy,,,text,20,12,true
Philosophy,easy,Select the correct quiz category for: Philosophy.,Machine Learning,Philosophy,Indian States,Brands & Logos,Philosophy,,,text,20,12,true
Philosophy,easy,"Which category does the topic ""Philosophy"" belong to?",Philosophy,Chemistry,Astronomy,Blockchain,Philosophy,,,text,20,12,true
Philosophy,easy,Pick the subject area that matches: Philosophy.,Philosophy,Basketball,World Continents,World Leaders,Philosophy,,,text,20,12,true
Philosophy,easy,Identify the subject area: Philosophy.,Finance,Blockchain,Astronomy,Philosophy,Philosophy,,,text,20,12,true
Philosophy,easy,Select the correct quiz category for: Philosophy.,Tennis,Ancient Civilization,Philosophy,Chemistry,Philosophy,,,text,20,12,true
Philosophy,easy,Identify the subject area: Philosophy.,Gaming,National Flags,Philosophy,Islands,Philosophy,,,text,20,12,true
Philosophy,easy,"Choose the category that best matches ""Philosophy"".",National Flags,Islands,Philosophy,Mythology (Indian),Philosophy,,,text,20,12,true
Philosophy,easy,"Choose the category that best matches ""Philosophy"".",Geometry,Computer Science,Philosophy,Blockchain,Philosophy,,,text,20,12,true
Philosophy,easy,Select the correct quiz category for: Philosophy.,Classic Literature,Cyber Security,Philosophy,Photography,Philosophy,,,text,20,12,true
Philosophy,easy,Which quiz category would include: Philosophy?,Philosophy,Languages,Olympic Games,Mountains & Peaks,Philosophy,,,text,20,12,true
Philosophy,easy,Identify the subject area: Philosophy.,Space Exploration,Islands,Rivers & Lakes,Philosophy,Philosophy,,,text,20,12,true
Philosophy,easy,"Which category does the topic ""Philosophy"" belong to?",World Continents,Inventions & Discoveries,Deserts,Philosophy,Philosophy,,,text,20,12,true
Philosophy,easy,Pick the subject area that matches: Philosophy.,Chess,Mobile Development,Music (Pop),Philosophy,Philosophy,,,text,20,12,true
Philosophy,easy,Identify the subject area: Philosophy.,Sociology,Philosophy,Medicine,Wildlife,Philosophy,,,text,20,12,true
Philosophy,easy,Identify the subject area: Philosophy.,Food & Cuisine,Programming (Java),World Religions,Philosophy,Philosophy,,,text,20,12,true
Philosophy,easy,"Choose the category that best matches ""Philosophy"".",Programming (Java),Philosophy,Mythology (Norse),Stock Market,Philosophy,,,text,20,12,true
Philosophy,easy,"Choose the category that best matches ""Philosophy"".",Web Development,Calculus,Medicine,Philosophy,Philosophy,,,text,20,12,true
Philosophy,medium,Which category is most closely related to: Philosophy?,Basketball,Philosophy,Algebra,Ancient Civilization,Philosophy,,,text,40,10,true
Philosophy,medium,"Best-fit category for ""Philosophy"" is:",Awards (Nobel),Astronomy,Biology,Philosophy,Philosophy,,,text,40,10,true
Philosophy,medium,Select the most appropriate category for: Philosophy.,Algebra,Philosophy,Aviation,Agriculture,Philosophy,,,text,40,10,true
Philosophy,medium,Pick the best category for this quiz topic: Philosophy.,Artificial Intelligence,Basketball,Ancient Civilization,Philosophy,Philosophy,,,text,40,10,true
Philosophy,medium,Which category would most likely include questions on Philosophy?,Basketball,Astronomy,Philosophy,Agriculture,Philosophy,,,text,40,10,true
Philosophy,medium,Which category is most closely related to: Philosophy?,Aviation,Algebra,Astronomy,Philosophy,Philosophy,,,text,40,10,true
Philosophy,medium,"Which field does the topic ""Philosophy"" fall under?",Basketball,Aviation,Philosophy,Awards (Nobel),Philosophy,,,text,40,10,true
Philosophy,medium,Select the most appropriate category for: Philosophy.,Artificial Intelligence,Awards (Nobel),Philosophy,Ancient Civilization,Philosophy,,,text,40,10,true
Philosophy,medium,Select the most appropriate category for: Philosophy.,Basketball,Philosophy,Algebra,Aviation,Philosophy,,,text,40,10,true
Philosophy,medium,"Which field does the topic ""Philosophy"" fall under?",Automobiles,Basketball,Philosophy,Astronomy,Philosophy,,,text,40,10,true
Philosophy,medium,Pick the best category for this quiz topic: Philosophy.,Algebra,Ancient Civilization,Aviation,Philosophy,Philosophy,,,text,40,10,true
Philosophy,medium,"Which field does the topic ""Philosophy"" fall under?",Ancient Civilization,Artificial Intelligence,Philosophy,Awards (Nobel),Philosophy,,,text,40,10,true
Philosophy,medium,Select the most appropriate category for: Philosophy.,Ancient Civilization,Biology,Philosophy,Automobiles,Philosophy,,,text,40,10,true
Philosophy,medium,"Which subject area most closely matches the topic ""Philosophy""?",Awards (Oscars),Philosophy,Architecture,Agriculture,Philosophy,,,text,40,10,true
Philosophy,medium,"Which field does the topic ""Philosophy"" fall under?",Biology,Awards (Oscars),Philosophy,Astronomy,Philosophy,,,text,40,10,true
Philosophy,medium,"Which subject area most closely matches the topic ""Philosophy""?",Basketball,Philosophy,Algebra,Awards (Nobel),Philosophy,,,text,40,10,true
Philosophy,medium,"Best-fit category for ""Philosophy"" is:",Astronomy,Algebra,Philosophy,Basketball,Philosophy,,,text,40,10,true
Philosophy,medium,Choose the most accurate category for the topic: Philosophy.,Architecture,Algebra,Philosophy,Artificial Intelligence,Philosophy,,,text,40,10,true
Philosophy,hard,Pick the category that most accurately represents: Philosophy.,Philosophy,Agriculture,Aviation,Ancient Civilization,Philosophy,,,text,80,8,true
Philosophy,hard,Which subject is the correct classification for: Philosophy?,Astronomy,Automobiles,Artificial Intelligence,Philosophy,Philosophy,,,text,80,8,true
Philosophy,hard,"Most precise category for ""Philosophy"" is:",Algebra,Philosophy,Automobiles,Agriculture,Philosophy,,,text,80,8,true
Philosophy,hard,"Which category is the closest match for the topic ""Philosophy""?",Algebra,Agriculture,Philosophy,Artificial Intelligence,Philosophy,,,text,80,8,true
Philosophy,hard,"Which category is the best fit for the topic ""Philosophy""?",Artificial Intelligence,Philosophy,Ancient Civilization,Architecture,Philosophy,,,text,80,8,true
Philosophy,hard,Pick the category that most accurately represents: Philosophy.,Philosophy,Ancient Civilization,Architecture,Astronomy,Philosophy,,,text,80,8,true
Philosophy,hard,Select the category that most precisely fits: Philosophy.,Ancient Civilization,Astronomy,Philosophy,Automobiles,Philosophy,,,text,80,8,true
Philosophy,hard,Pick the category that most accurately represents: Philosophy.,Philosophy,Ancient Civilization,Aviation,Agriculture,Philosophy,,,text,80,8,true
Philosophy,hard,"Most precise category for ""Philosophy"" is:",Philosophy,Architecture,Artificial Intelligence,Automobiles,Philosophy,,,text,80,8,true
Philosophy,hard,"Most precise category for ""Philosophy"" is:",Astronomy,Architecture,Ancient Civilization,Philosophy,Philosophy,,,text,80,8,true
Philosophy,hard,Pick the category that most accurately represents: Philosophy.,Automobiles,Aviation,Agriculture,Philosophy,Philosophy,,,text,80,8,true
Philosophy,hard,"Which category is the best fit for the topic ""Philosophy""?",Agriculture,Philosophy,Automobiles,Aviation,Philosophy,,,text,80,8,true
Philosophy,hard,Select the category that most precisely fits: Philosophy.,Algebra,Astronomy,Agriculture,Philosophy,Philosophy,,,text,80,8,true
Philosophy,hard,Choose the most specific category for: Philosophy.,Philosophy,Algebra,Astronomy,Artificial Intelligence,Philosophy,,,text,80,8,true
Philosophy,hard,Identify the primary category for: Philosophy.,Artificial Intelligence,Architecture,Philosophy,Agriculture,Philosophy,,,text,80,8,true
Philosophy,hard,Identify the primary category for: Philosophy.,Agriculture,Astronomy,Philosophy,Algebra,Philosophy,,,text,80,8,true
Philosophy,hard,"Which category is the best fit for the topic ""Philosophy""?",Philosophy,Architecture,Aviation,Algebra,Philosophy,,,text,80,8,true
Philosophy,hard,"Which category is the best fit for the topic ""Philosophy""?",Astronomy,Philosophy,Aviation,Agriculture,Philosophy,,,text,80,8,true
Philosophy,hard,"Which category is the closest match for the topic ""Philosophy""?",Philosophy,Artificial Intelligence,Automobiles,Aviation,Philosophy,,,text,80,8,true
Philosophy,hard,"Most precise category for ""Philosophy"" is:",Architecture,Automobiles,Philosophy,Ancient Civilization,Philosophy,,,text,80,8,true
Philosophy,hard,Identify the primary category for: Philosophy.,Agriculture,Aviation,Automobiles,Philosophy,Philosophy,,,text,80,8,true
Philosophy,hard,Identify the primary category for: Philosophy.,Ancient Civilization,Artificial Intelligence,Philosophy,Agriculture,Philosophy,,,text,80,8,true
Philosophy,hard,"Which category is the closest match for the topic ""Philosophy""?",Astronomy,Agriculture,Algebra,Philosophy,Philosophy,,,text,80,8,true
Philosophy,hard,Which subject is the correct classification for: Philosophy?,Philosophy,Agriculture,Artificial Intelligence,Automobiles,Philosophy,,,text,80,8,true
Classic Literature,easy,Which category is the best match for: Classic Literature?,Logistics,E-commerce,Classic Literature,Human Anatomy,Classic Literature,,,text,20,12,true
Classic Literature,easy,"The topic ""Classic Literature"" best fits which category?",Basketball,Classic Literature,Languages,Finance,Classic Literature,,,text,20,12,true
Classic Literature,easy,"Choose the category that best matches ""Classic Literature"".",Indian History,Classic Literature,Mathematics,Cricket,Classic Literature,,,text,20,12,true
Classic Literature,easy,Identify the subject area: Classic Literature.,Music (Classical),Classic Literature,Basketball,Blockchain,Classic Literature,,,text,20,12,true
Classic Literature,easy,"Which category does the topic ""Classic Literature"" belong to?",World Religions,Food & Cuisine,Agriculture,Classic Literature,Classic Literature,,,text,20,12,true
Classic Literature,easy,Select the correct quiz category for: Classic Literature.,English Grammar,Movies (Hollywood),Classic Literature,Inventions & Discoveries,Classic Literature,,,text,20,12,true
Classic Literature,easy,Which quiz category would include: Classic Literature?,Classic Literature,World Religions,Stock Market,Aviation,Classic Literature,,,text,20,12,true
Classic Literature,easy,"Choose the category that best matches ""Classic Literature"".",Movies (Bollywood),Networking,Classic Literature,Political Science,Classic Literature,,,text,20,12,true
Classic Literature,easy,Select the correct quiz category for: Classic Literature.,Pharmacology,Astronomy,Classic Literature,Economics,Classic Literature,,,text,20,12,true
Classic Literature,easy,"Choose the category that best matches ""Classic Literature"".",Business Tycoons,Classic Literature,Deserts,Sociology,Classic Literature,,,text,20,12,true
Classic Literature,easy,Pick the subject area that matches: Classic Literature.,Classic Literature,Mathematics,Awards (Nobel),Internet History,Classic Literature,,,text,20,12,true
Classic Literature,easy,Which quiz category would include: Classic Literature?,Classic Literature,Web Development,Machine Learning,Logistics,Classic Literature,,,text,20,12,true
Classic Literature,easy,Select the correct quiz category for: Classic Literature.,Classic Literature,Mobile Development,Awards (Oscars),Pharmacology,Classic Literature,,,text,20,12,true
Classic Literature,easy,Which quiz category would include: Classic Literature?,Basketball,Classic Literature,Brands & Logos,Music (Pop),Classic Literature,,,text,20,12,true
Classic Literature,easy,Which quiz category would include: Classic Literature?,Cyber Security,Automobiles,Programming (Python),Classic Literature,Classic Literature,,,text,20,12,true
Classic Literature,easy,Identify the subject area: Classic Literature.,Classic Literature,Networking,Environmental Science,Mythology (Greek),Classic Literature,,,text,20,12,true
Classic Literature,easy,Identify the subject area: Classic Literature.,Mythology (Greek),Classic Literature,Gardening,Calculus,Classic Literature,,,text,20,12,true
Classic Literature,easy,Which category is the best match for: Classic Literature?,Space Exploration,Classic Literature,Fashion,Pharmacology,Classic Literature,,,text,20,12,true
Classic Literature,medium,Select the most appropriate category for: Classic Literature.,Algebra,Awards (Nobel),Classic Literature,Awards (Oscars),Classic Literature,,,text,40,10,true
Classic Literature,medium,"Best-fit category for ""Classic Literature"" is:",Classic Literature,Ancient Civilization,Automobiles,Awards (Nobel),Classic Literature,,,text,40,10,true
Classic Literature,medium,"Best-fit category for ""Classic Literature"" is:",Artificial Intelligence,Algebra,Classic Literature,Modern Literature,Classic Literature,,,text,40,10,true
Classic Literature,medium,"Best-fit category for ""Classic Literature"" is:",Awards (Nobel),Classic Literature,Astronomy,Artificial Intelligence,Classic Literature,,,text,40,10,true
Classic Literature,medium,Pick the best category for this quiz topic: Classic Literature.,Classic Literature,Awards (Oscars),Astronomy,Awards (Nobel),Classic Literature,,,text,40,10,true
Classic Literature,medium,"Best-fit category for ""Classic Literature"" is:",Classic Literature,Automobiles,Awards (Nobel),Ancient Civilization,Classic Literature,,,text,40,10,true
Classic Literature,medium,Which category would most likely include questions on Classic Literature?,Classic Literature,Astronomy,Artificial Intelligence,Aviation,Classic Literature,,,text,40,10,true
Classic Literature,medium,"Best-fit category for ""Classic Literature"" is:",Aviation,Agriculture,Classic Literature,Algebra,Classic Literature,,,text,40,10,true
Classic Literature,medium,Select the most appropriate category for: Classic Literature.,Artificial Intelligence,Awards (Nobel),Classic Literature,Astronomy,Classic Literature,,,text,40,10,true
Classic Literature,medium,Pick the best category for this quiz topic: Classic Literature.,Awards (Oscars),Classic Literature,Basketball,Astronomy,Classic Literature,,,text,40,10,true
Classic Literature,medium,Choose the most accurate category for the topic: Classic Literature.,Basketball,Modern Literature,Classic Literature,Agriculture,Classic Literature,,,text,40,10,true
Classic Literature,medium,Which category would most likely include questions on Classic Literature?,Classic Literature,Basketball,Aviation,Agriculture,Classic Literature,,,text,40,10,true
Classic Literature,medium,"Which field does the topic ""Classic Literature"" fall under?",Aviation,Algebra,Classic Literature,Artificial Intelligence,Classic Literature,,,text,40,10,true
Classic Literature,medium,"Best-fit category for ""Classic Literature"" is:",Classic Literature,Awards (Nobel),Basketball,Agriculture,Classic Literature,,,text,40,10,true
Classic Literature,medium,"Best-fit category for ""Classic Literature"" is:",Classic Literature,Basketball,Astronomy,Aviation,Classic Literature,,,text,40,10,true
Classic Literature,medium,Pick the best category for this quiz topic: Classic Literature.,Astronomy,Classic Literature,Automobiles,Algebra,Classic Literature,,,text,40,10,true
Classic Literature,medium,Choose the most accurate category for the topic: Classic Literature.,Astronomy,Modern Literature,Awards (Nobel),Classic Literature,Classic Literature,,,text,40,10,true
Classic Literature,medium,"Best-fit category for ""Classic Literature"" is:",Classic Literature,Ancient Civilization,Agriculture,Aviation,Classic Literature,,,text,40,10,true
Classic Literature,hard,Choose the most specific category for: Classic Literature.,Artificial Intelligence,Ancient Civilization,Classic Literature,Automobiles,Classic Literature,,,text,80,8,true
Classic Literature,hard,Pick the category that most accurately represents: Classic Literature.,Classic Literature,Automobiles,Astronomy,Architecture,Classic Literature,,,text,80,8,true
Classic Literature,hard,"Which category is the best fit for the topic ""Classic Literature""?",Astronomy,Classic Literature,Automobiles,Ancient Civilization,Classic Literature,,,text,80,8,true
Classic Literature,hard,Select the category that most precisely fits: Classic Literature.,Agriculture,Classic Literature,Automobiles,Astronomy,Classic Literature,,,text,80,8,true
Classic Literature,hard,Choose the most specific category for: Classic Literature.,Agriculture,Classic Literature,Artificial Intelligence,Modern Literature,Classic Literature,,,text,80,8,true
Classic Literature,hard,"Which category is the best fit for the topic ""Classic Literature""?",Agriculture,Ancient Civilization,Classic Literature,Artificial Intelligence,Classic Literature,,,text,80,8,true
Classic Literature,hard,"Which category is the best fit for the topic ""Classic Literature""?",Automobiles,Classic Literature,Agriculture,Astronomy,Classic Literature,,,text,80,8,true
Classic Literature,hard,Choose the most specific category for: Classic Literature.,Astronomy,Classic Literature,Artificial Intelligence,Automobiles,Classic Literature,,,text,80,8,true
Classic Literature,hard,Pick the category that most accurately represents: Classic Literature.,Artificial Intelligence,Automobiles,Classic Literature,Astronomy,Classic Literature,,,text,80,8,true
Classic Literature,hard,Choose the most specific category for: Classic Literature.,Automobiles,Classic Literature,Architecture,Algebra,Classic Literature,,,text,80,8,true
Classic Literature,hard,Choose the most specific category for: Classic Literature.,Agriculture,Classic Literature,Astronomy,Algebra,Classic Literature,,,text,80,8,true
Classic Literature,hard,Identify the primary category for: Classic Literature.,Astronomy,Automobiles,Classic Literature,Architecture,Classic Literature,,,text,80,8,true
Classic Literature,hard,Identify the primary category for: Classic Literature.,Classic Literature,Artificial Intelligence,Ancient Civilization,Astronomy,Classic Literature,,,text,80,8,true
Classic Literature,hard,"Which category is the best fit for the topic ""Classic Literature""?",Artificial Intelligence,Astronomy,Classic Literature,Ancient Civilization,Classic Literature,,,text,80,8,true
Classic Literature,hard,"Which category is the closest match for the topic ""Classic Literature""?",Classic Literature,Automobiles,Astronomy,Artificial Intelligence,Classic Literature,,,text,80,8,true
Classic Literature,hard,Identify the primary category for: Classic Literature.,Artificial Intelligence,Astronomy,Classic Literature,Agriculture,Classic Literature,,,text,80,8,true
Classic Literature,hard,"Which category is the closest match for the topic ""Classic Literature""?",Classic Literature,Artificial Intelligence,Architecture,Astronomy,Classic Literature,,,text,80,8,true
Classic Literature,hard,Which subject is the correct classification for: Classic Literature?,Classic Literature,Astronomy,Ancient Civilization,Artificial Intelligence,Classic Literature,,,text,80,8,true
Classic Literature,hard,Pick the category that most accurately represents: Classic Literature.,Astronomy,Modern Literature,Agriculture,Classic Literature,Classic Literature,,,text,80,8,true
Classic Literature,hard,"Which category is the best fit for the topic ""Classic Literature""?",Algebra,Classic Literature,Artificial Intelligence,Agriculture,Classic Literature,,,text,80,8,true
Classic Literature,hard,Which subject is the correct classification for: Classic Literature?,Classic Literature,Modern Literature,Automobiles,Ancient Civilization,Classic Literature,,,text,80,8,true
Classic Literature,hard,"Which category is the closest match for the topic ""Classic Literature""?",Agriculture,Architecture,Classic Literature,Algebra,Classic Literature,,,text,80,8,true
Classic Literature,hard,Pick the category that most accurately represents: Classic Literature.,Modern Literature,Classic Literature,Algebra,Architecture,Classic Literature,,,text,80,8,true
Classic Literature,hard,"Most precise category for ""Classic Literature"" is:",Architecture,Modern Literature,Algebra,Classic Literature,Classic Literature,,,text,80,8,true
Modern Literature,easy,Which category is the best match for: Modern Literature?,Robotics,National Parks,Modern Literature,Mathematics,Modern Literature,,,text,20,12,true
Modern Literature,easy,Which category is the best match for: Modern Literature?,Music (Classical),Poetry,Modern Literature,Marketing,Modern Literature,,,text,20,12,true
Modern Literature,easy,Select the correct quiz category for: Modern Literature.,Mythology (Greek),Business Tycoons,Agriculture,Modern Literature,Modern Literature,,,text,20,12,true
Modern Literature,easy,Which category is the best match for: Modern Literature?,Olympic Games,Astronomy,Modern Literature,Yoga & Health,Modern Literature,,,text,20,12,true
Modern Literature,easy,Which quiz category would include: Modern Literature?,Indian History,Modern Literature,Music (Pop),Web Development,Modern Literature,,,text,20,12,true
Modern Literature,easy,"Choose the category that best matches ""Modern Literature"".",Modern Literature,Mythology (Greek),Cricket,Calculus,Modern Literature,,,text,20,12,true
Modern Literature,easy,Which category is the best match for: Modern Literature?,Programming (Java),Yoga & Health,Olympic Games,Modern Literature,Modern Literature,,,text,20,12,true
Modern Literature,easy,Select the correct quiz category for: Modern Literature.,Modern Literature,Tennis,Fashion,Algebra,Modern Literature,,,text,20,12,true
Modern Literature,easy,Identify the subject area: Modern Literature.,Economics,Music (Classical),Modern Literature,Inventions & Discoveries,Modern Literature,,,text,20,12,true
Modern Literature,easy,"The topic ""Modern Literature"" best fits which category?",Mythology (Indian),Mythology (Greek),World Religions,Modern Literature,Modern Literature,,,text,20,12,true
Modern Literature,easy,Select the correct quiz category for: Modern Literature.,Environmental Science,Modern Literature,Programming (Java),World Leaders,Modern Literature,,,text,20,12,true
Modern Literature,easy,Which quiz category would include: Modern Literature?,Painting & Art,Psychology,Modern Literature,Space Exploration,Modern Literature,,,text,20,12,true
Modern Literature,easy,Select the correct quiz category for: Modern Literature.,Deserts,Modern Literature,Movies (Bollywood),Football,Modern Literature,,,text,20,12,true
Modern Literature,easy,Which quiz category would include: Modern Literature?,World Religions,Modern Literature,Philosophy,Gaming,Modern Literature,,,text,20,12,true
Modern Literature,easy,Pick the subject area that matches: Modern Literature.,Modern Literature,World Geography,Gaming,Photography,Modern Literature,,,text,20,12,true
Modern Literature,easy,Pick the subject area that matches: Modern Literature.,Algebra,Biology,World Religions,Modern Literature,Modern Literature,,,text,20,12,true
Modern Literature,easy,"Choose the category that best matches ""Modern Literature"".",Inventions & Discoveries,Modern Literature,Biology,Astronomy,Modern Literature,,,text,20,12,true
Modern Literature,easy,"Which category does the topic ""Modern Literature"" belong to?",World Religions,Modern Literature,Finance,Gardening,Modern Literature,,,text,20,12,true
Modern Literature,medium,Which category is most closely related to: Modern Literature?,Modern Literature,Classic Literature,Awards (Nobel),Artificial Intelligence,Modern Literature,,,text,40,10,true
Modern Literature,medium,Which category would most likely include questions on Modern Literature?,Modern Literature,Modern History,Aviation,Artificial Intelligence,Modern Literature,,,text,40,10,true
Modern Literature,medium,Select the most appropriate category for: Modern Literature.,Modern Literature,Artificial Intelligence,Aviation,Ancient Civilization,Modern Literature,,,text,40,10,true
Modern Literature,medium,Pick the best category for this quiz topic: Modern Literature.,Modern Literature,Algebra,Awards (Oscars),Automobiles,Modern Literature,,,text,40,10,true
Modern Literature,medium,"Best-fit category for ""Modern Literature"" is:",Artificial Intelligence,Classic Literature,Awards (Nobel),Modern Literature,Modern Literature,,,text,40,10,true
Modern Literature,medium,"Which field does the topic ""Modern Literature"" fall under?",Astronomy,Ancient Civilization,Awards (Oscars),Modern Literature,Modern Literature,,,text,40,10,true
Modern Literature,medium,Which category is most closely related to: Modern Literature?,Aviation,Modern Literature,Automobiles,Artificial Intelligence,Modern Literature,,,text,40,10,true
Modern Literature,medium,"Which subject area most closely matches the topic ""Modern Literature""?",Modern Literature,Architecture,Modern History,Ancient Civilization,Modern Literature,,,text,40,10,true
Modern Literature,medium,"Best-fit category for ""Modern Literature"" is:",Astronomy,Modern History,Modern Literature,Classic Literature,Modern Literature,,,text,40,10,true
Modern Literature,medium,Pick the best category for this quiz topic: Modern Literature.,Architecture,Modern Literature,Astronomy,Artificial Intelligence,Modern Literature,,,text,40,10,true
Modern Literature,medium,"Which field does the topic ""Modern Literature"" fall under?",Modern History,Modern Literature,Agriculture,Automobiles,Modern Literature,,,text,40,10,true
Modern Literature,medium,Select the most appropriate category for: Modern Literature.,Astronomy,Aviation,Modern Literature,Awards (Oscars),Modern Literature,,,text,40,10,true
Modern Literature,medium,"Best-fit category for ""Modern Literature"" is:",Awards (Oscars),Modern History,Modern Literature,Astronomy,Modern Literature,,,text,40,10,true
Modern Literature,medium,Choose the most accurate category for the topic: Modern Literature.,Architecture,Awards (Oscars),Aviation,Modern Literature,Modern Literature,,,text,40,10,true
Modern Literature,medium,Which category would most likely include questions on Modern Literature?,Modern History,Modern Literature,Artificial Intelligence,Algebra,Modern Literature,,,text,40,10,true
Modern Literature,medium,Which category would most likely include questions on Modern Literature?,Artificial Intelligence,Ancient Civilization,Awards (Nobel),Modern Literature,Modern Literature,,,text,40,10,true
Modern Literature,medium,Choose the most accurate category for the topic: Modern Literature.,Automobiles,Astronomy,Awards (Oscars),Modern Literature,Modern Literature,,,text,40,10,true
Modern Literature,medium,Which category would most likely include questions on Modern Literature?,Artificial Intelligence,Awards (Oscars),Agriculture,Modern Literature,Modern Literature,,,text,40,10,true
Modern Literature,hard,"Which category is the best fit for the topic ""Modern Literature""?",Agriculture,Astronomy,Artificial Intelligence,Modern Literature,Modern Literature,,,text,80,8,true
Modern Literature,hard,Select the category that most precisely fits: Modern Literature.,Modern Literature,Algebra,Modern History,Ancient Civilization,Modern Literature,,,text,80,8,true
Modern Literature,hard,Choose the most specific category for: Modern Literature.,Classic Literature,Modern Literature,Agriculture,Modern History,Modern Literature,,,text,80,8,true
Modern Literature,hard,Identify the primary category for: Modern Literature.,Modern Literature,Modern History,Astronomy,Ancient Civilization,Modern Literature,,,text,80,8,true
Modern Literature,hard,"Most precise category for ""Modern Literature"" is:",Modern Literature,Modern History,Algebra,Artificial Intelligence,Modern Literature,,,text,80,8,true
Modern Literature,hard,Pick the category that most accurately represents: Modern Literature.,Agriculture,Modern Literature,Artificial Intelligence,Classic Literature,Modern Literature,,,text,80,8,true
Modern Literature,hard,Which subject is the correct classification for: Modern Literature?,Modern Literature,Artificial Intelligence,Algebra,Astronomy,Modern Literature,,,text,80,8,true
Modern Literature,hard,Choose the most specific category for: Modern Literature.,Architecture,Algebra,Modern Literature,Artificial Intelligence,Modern Literature,,,text,80,8,true
Modern Literature,hard,Identify the primary category for: Modern Literature.,Modern Literature,Astronomy,Classic Literature,Algebra,Modern Literature,,,text,80,8,true
Modern Literature,hard,Identify the primary category for: Modern Literature.,Architecture,Modern Literature,Algebra,Modern History,Modern Literature,,,text,80,8,true
Modern Literature,hard,Identify the primary category for: Modern Literature.,Algebra,Modern Literature,Ancient Civilization,Modern History,Modern Literature,,,text,80,8,true
Modern Literature,hard,"Most precise category for ""Modern Literature"" is:",Algebra,Modern Literature,Architecture,Ancient Civilization,Modern Literature,,,text,80,8,true
Modern Literature,hard,"Which category is the closest match for the topic ""Modern Literature""?",Agriculture,Modern Literature,Modern History,Algebra,Modern Literature,,,text,80,8,true
Modern Literature,hard,"Most precise category for ""Modern Literature"" is:",Modern Literature,Classic Literature,Agriculture,Modern History,Modern Literature,,,text,80,8,true
Modern Literature,hard,Identify the primary category for: Modern Literature.,Agriculture,Artificial Intelligence,Modern Literature,Modern History,Modern Literature,,,text,80,8,true
Modern Literature,hard,"Which category is the best fit for the topic ""Modern Literature""?",Classic Literature,Modern History,Astronomy,Modern Literature,Modern Literature,,,text,80,8,true
Modern Literature,hard,Identify the primary category for: Modern Literature.,Artificial Intelligence,Ancient Civilization,Astronomy,Modern Literature,Modern Literature,,,text,80,8,true
Modern Literature,hard,Select the category that most precisely fits: Modern Literature.,Ancient Civilization,Agriculture,Modern Literature,Astronomy,Modern Literature,,,text,80,8,true
Modern Literature,hard,Choose the most specific category for: Modern Literature.,Architecture,Modern History,Modern Literature,Agriculture,Modern Literature,,,text,80,8,true
Modern Literature,hard,Identify the primary category for: Modern Literature.,Artificial Intelligence,Modern Literature,Modern History,Classic Literature,Modern Literature,,,text,80,8,true
Modern Literature,hard,"Which category is the best fit for the topic ""Modern Literature""?",Artificial Intelligence,Modern History,Astronomy,Modern Literature,Modern Literature,,,text,80,8,true
Modern Literature,hard,Which subject is the correct classification for: Modern Literature?,Modern Literature,Architecture,Modern History,Agriculture,Modern Literature,,,text,80,8,true
Modern Literature,hard,"Most precise category for ""Modern Literature"" is:",Modern Literature,Classic Literature,Modern History,Ancient Civilization,Modern Literature,,,text,80,8,true
Modern Literature,hard,Choose the most specific category for: Modern Literature.,Modern History,Algebra,Artificial Intelligence,Modern Literature,Modern Literature,,,text,80,8,true
Poetry,easy,Select the correct quiz category for: Poetry.,Movies (Bollywood),Poetry,Gardening,Networking,Poetry,,,text,20,12,true
Poetry,easy,Pick the subject area that matches: Poetry.,Music (Pop),Poetry,Sociology,Cyber Security,Poetry,,,text,20,12,true
Poetry,easy,Select the correct quiz category for: Poetry.,Internet History,Basketball,Logistics,Poetry,Poetry,,,text,20,12,true
Poetry,easy,Which category is the best match for: Poetry?,Architecture,Poetry,Superheroes,Interior Design,Poetry,,,text,20,12,true
Poetry,easy,Which quiz category would include: Poetry?,World Geography,Environmental Science,Poetry,Calculus,Poetry,,,text,20,12,true
Poetry,easy,Select the correct quiz category for: Poetry.,English Grammar,Poetry,Mountains & Peaks,Music (Classical),Poetry,,,text,20,12,true
Poetry,easy,Select the correct quiz category for: Poetry.,Mobile Development,Awards (Oscars),Poetry,Human Anatomy,Poetry,,,text,20,12,true
Poetry,easy,"The topic ""Poetry"" best fits which category?",Mythology (Greek),Gaming,Inventions & Discoveries,Poetry,Poetry,,,text,20,12,true
Poetry,easy,"The topic ""Poetry"" best fits which category?",Internet History,Awards (Oscars),Poetry,Mythology (Greek),Poetry,,,text,20,12,true
Poetry,easy,"Which category does the topic ""Poetry"" belong to?",Mountains & Peaks,Stock Market,Calculus,Poetry,Poetry,,,text,20,12,true
Poetry,easy,Identify the subject area: Poetry.,Awards (Nobel),Interior Design,Superheroes,Poetry,Poetry,,,text,20,12,true
Poetry,easy,"Choose the category that best matches ""Poetry"".",Political Science,Poetry,Superheroes,World Leaders,Poetry,,,text,20,12,true
Poetry,easy,Which quiz category would include: Poetry?,Poetry,Artificial Intelligence,Football,Space Exploration,Poetry,,,text,20,12,true
Poetry,easy,Which quiz category would include: Poetry?,Current Affairs,National Flags,Famous Personalities,Poetry,Poetry,,,text,20,12,true
Poetry,easy,Identify the subject area: Poetry.,Mythology (Norse),World Leaders,Gadgets,Poetry,Poetry,,,text,20,12,true
Poetry,easy,Pick the subject area that matches: Poetry.,Mythology (Greek),Algebra,Poetry,Marketing,Poetry,,,text,20,12,true
Poetry,easy,Which category is the best match for: Poetry?,Poetry,Deserts,Web Development,Wildlife,Poetry,,,text,20,12,true
Poetry,easy,Which quiz category would include: Poetry?,Environmental Science,Astronomy,Poetry,English Grammar,Poetry,,,text,20,12,true
Poetry,medium,Pick the best category for this quiz topic: Poetry.,Poetry,Awards (Nobel),Artificial Intelligence,Ancient Civilization,Poetry,,,text,40,10,true
Poetry,medium,Which category is most closely related to: Poetry?,Poetry,Agriculture,Artificial Intelligence,Basketball,Poetry,,,text,40,10,true
Poetry,medium,"Which subject area most closely matches the topic ""Poetry""?",Awards (Oscars),Biology,Poetry,Aviation,Poetry,,,text,40,10,true
Poetry,medium,Pick the best category for this quiz topic: Poetry.,Aviation,Automobiles,Poetry,Biology,Poetry,,,text,40,10,true
Poetry,medium,"Which subject area most closely matches the topic ""Poetry""?",Poetry,Automobiles,Artificial Intelligence,Astronomy,Poetry,,,text,40,10,true
Poetry,medium,Which category is most closely related to: Poetry?,Agriculture,Aviation,Artificial Intelligence,Poetry,Poetry,,,text,40,10,true
Poetry,medium,Which category is most closely related to: Poetry?,Biology,Poetry,Ancient Civilization,Artificial Intelligence,Poetry,,,text,40,10,true
Poetry,medium,Select the most appropriate category for: Poetry.,Astronomy,Agriculture,Ancient Civilization,Poetry,Poetry,,,text,40,10,true
Poetry,medium,Choose the most accurate category for the topic: Poetry.,Astronomy,Awards (Oscars),Poetry,Basketball,Poetry,,,text,40,10,true
Poetry,medium,"Best-fit category for ""Poetry"" is:",Algebra,Astronomy,Poetry,Aviation,Poetry,,,text,40,10,true
Poetry,medium,Pick the best category for this quiz topic: Poetry.,Artificial Intelligence,Automobiles,Ancient Civilization,Poetry,Poetry,,,text,40,10,true
Poetry,medium,"Best-fit category for ""Poetry"" is:",Awards (Oscars),Basketball,Architecture,Poetry,Poetry,,,text,40,10,true
Poetry,medium,Choose the most accurate category for the topic: Poetry.,Astronomy,Agriculture,Architecture,Poetry,Poetry,,,text,40,10,true
Poetry,medium,Which category would most likely include questions on Poetry?,Poetry,Aviation,Biology,Awards (Nobel),Poetry,,,text,40,10,true
Poetry,medium,"Which field does the topic ""Poetry"" fall under?",Aviation,Poetry,Basketball,Architecture,Poetry,,,text,40,10,true
Poetry,medium,"Best-fit category for ""Poetry"" is:",Astronomy,Poetry,Algebra,Awards (Nobel),Poetry,,,text,40,10,true
Poetry,medium,"Best-fit category for ""Poetry"" is:",Algebra,Awards (Nobel),Astronomy,Poetry,Poetry,,,text,40,10,true
Poetry,medium,Select the most appropriate category for: Poetry.,Biology,Awards (Oscars),Poetry,Ancient Civilization,Poetry,,,text,40,10,true
Poetry,hard,Select the category that most precisely fits: Poetry.,Ancient Civilization,Artificial Intelligence,Algebra,Poetry,Poetry,,,text,80,8,true
Poetry,hard,"Most precise category for ""Poetry"" is:",Ancient Civilization,Poetry,Architecture,Algebra,Poetry,,,text,80,8,true
Poetry,hard,Pick the category that most accurately represents: Poetry.,Artificial Intelligence,Algebra,Poetry,Automobiles,Poetry,,,text,80,8,true
Poetry,hard,Identify the primary category for: Poetry.,Poetry,Automobiles,Artificial Intelligence,Algebra,Poetry,,,text,80,8,true
Poetry,hard,Choose the most specific category for: Poetry.,Architecture,Poetry,Ancient Civilization,Automobiles,Poetry,,,text,80,8,true
Poetry,hard,Identify the primary category for: Poetry.,Poetry,Automobiles,Algebra,Agriculture,Poetry,,,text,80,8,true
Poetry,hard,Choose the most specific category for: Poetry.,Agriculture,Architecture,Automobiles,Poetry,Poetry,,,text,80,8,true
Poetry,hard,Identify the primary category for: Poetry.,Algebra,Poetry,Artificial Intelligence,Architecture,Poetry,,,text,80,8,true
Poetry,hard,"Which category is the best fit for the topic ""Poetry""?",Artificial Intelligence,Automobiles,Poetry,Ancient Civilization,Poetry,,,text,80,8,true
Poetry,hard,Select the category that most precisely fits: Poetry.,Poetry,Automobiles,Astronomy,Ancient Civilization,Poetry,,,text,80,8,true
Poetry,hard,Pick the category that most accurately represents: Poetry.,Aviation,Poetry,Algebra,Automobiles,Poetry,,,text,80,8,true
Poetry,hard,"Most precise category for ""Poetry"" is:",Algebra,Poetry,Automobiles,Ancient Civilization,Poetry,,,text,80,8,true
Poetry,hard,Select the category that most precisely fits: Poetry.,Aviation,Automobiles,Algebra,Poetry,Poetry,,,text,80,8,true
Poetry,hard,Select the category that most precisely fits: Poetry.,Poetry,Architecture,Agriculture,Artificial Intelligence,Poetry,,,text,80,8,true
Poetry,hard,Identify the primary category for: Poetry.,Ancient Civilization,Poetry,Agriculture,Algebra,Poetry,,,text,80,8,true
Poetry,hard,"Which category is the closest match for the topic ""Poetry""?",Astronomy,Poetry,Algebra,Artificial Intelligence,Poetry,,,text,80,8,true
Poetry,hard,Identify the primary category for: Poetry.,Astronomy,Poetry,Agriculture,Architecture,Poetry,,,text,80,8,true
Poetry,hard,"Most precise category for ""Poetry"" is:",Automobiles,Artificial Intelligence,Poetry,Aviation,Poetry,,,text,80,8,true
Poetry,hard,Pick the category that most accurately represents: Poetry.,Algebra,Agriculture,Automobiles,Poetry,Poetry,,,text,80,8,true
Poetry,hard,"Which category is the closest match for the topic ""Poetry""?",Aviation,Agriculture,Poetry,Ancient Civilization,Poetry,,,text,80,8,true
Poetry,hard,Select the category that most precisely fits: Poetry.,Artificial Intelligence,Algebra,Poetry,Astronomy,Poetry,,,text,80,8,true
Poetry,hard,Identify the primary category for: Poetry.,Poetry,Artificial Intelligence,Agriculture,Astronomy,Poetry,,,text,80,8,true
Poetry,hard,Identify the primary category for: Poetry.,Poetry,Automobiles,Ancient Civilization,Agriculture,Poetry,,,text,80,8,true
Poetry,hard,Choose the most specific category for: Poetry.,Astronomy,Algebra,Ancient Civilization,Poetry,Poetry,,,text,80,8,true
English Grammar,easy,"The topic ""English Grammar"" best fits which category?",English Grammar,Psychology,Mythology (Norse),Architecture,English Grammar,,,text,20,12,true
English Grammar,easy,Pick the subject area that matches: English Grammar.,Computer Science,Astronomy,English Grammar,Languages,English Grammar,,,text,20,12,true
English Grammar,easy,"Which category does the topic ""English Grammar"" belong to?",Programming (Python),World Continents,Biology,English Grammar,English Grammar,,,text,20,12,true
English Grammar,easy,"The topic ""English Grammar"" best fits which category?",Indian States,Gadgets,Indian History,English Grammar,English Grammar,,,text,20,12,true
English Grammar,easy,"Choose the category that best matches ""English Grammar"".",English Grammar,Computer Science,Chemistry,Comic Books,English Grammar,,,text,20,12,true
English Grammar,easy,Pick the subject area that matches: English Grammar.,English Grammar,Wildlife,Marketing,Awards (Oscars),English Grammar,,,text,20,12,true
English Grammar,easy,"Which category does the topic ""English Grammar"" belong to?",Modern History,Brands & Logos,World Continents,English Grammar,English Grammar,,,text,20,12,true
English Grammar,easy,Select the correct quiz category for: English Grammar.,Brands & Logos,Chemistry,Internet History,English Grammar,English Grammar,,,text,20,12,true
English Grammar,easy,Which category is the best match for: English Grammar?,Brands & Logos,English Grammar,Basketball,Psychology,English Grammar,,,text,20,12,true
English Grammar,easy,"Which category does the topic ""English Grammar"" belong to?",Trigonometry,Philosophy,English Grammar,Indian States,English Grammar,,,text,20,12,true
English Grammar,easy,Which category is the best match for: English Grammar?,Modern Literature,Painting & Art,Comic Books,English Grammar,English Grammar,,,text,20,12,true
English Grammar,easy,Identify the subject area: English Grammar.,Geometry,Rivers & Lakes,Basketball,English Grammar,English Grammar,,,text,20,12,true
English Grammar,easy,Which quiz category would include: English Grammar?,Stock Market,Cyber Security,English Grammar,Artificial Intelligence,English Grammar,,,text,20,12,true
English Grammar,easy,Pick the subject area that matches: English Grammar.,Mobile Development,Mythology (Greek),Astronomy,English Grammar,English Grammar,,,text,20,12,true
English Grammar,easy,Select the correct quiz category for: English Grammar.,Mythology (Norse),Artificial Intelligence,Modern History,English Grammar,English Grammar,,,text,20,12,true
English Grammar,easy,Select the correct quiz category for: English Grammar.,Cricket,Space Exploration,Medicine,English Grammar,English Grammar,,,text,20,12,true
English Grammar,easy,Which category is the best match for: English Grammar?,Food & Cuisine,Interior Design,English Grammar,Painting & Art,English Grammar,,,text,20,12,true
English Grammar,easy,Which quiz category would include: English Grammar?,English Grammar,Languages,Philosophy,Currencies,English Grammar,,,text,20,12,true
English Grammar,medium,"Which subject area most closely matches the topic ""English Grammar""?",Aviation,Algebra,Artificial Intelligence,English Grammar,English Grammar,,,text,40,10,true
English Grammar,medium,Choose the most accurate category for the topic: English Grammar.,Awards (Oscars),Ancient Civilization,English Grammar,Agriculture,English Grammar,,,text,40,10,true
English Grammar,medium,Choose the most accurate category for the topic: English Grammar.,Automobiles,Agriculture,English Grammar,Awards (Nobel),English Grammar,,,text,40,10,true
English Grammar,medium,"Which subject area most closely matches the topic ""English Grammar""?",Agriculture,Ancient Civilization,English Grammar,Automobiles,English Grammar,,,text,40,10,true
English Grammar,medium,Pick the best category for this quiz topic: English Grammar.,Aviation,English Grammar,Ancient Civilization,Artificial Intelligence,English Grammar,,,text,40,10,true
English Grammar,medium,"Best-fit category for ""English Grammar"" is:",Architecture,English Grammar,Artificial Intelligence,Basketball,English Grammar,,,text,40,10,true
English Grammar,medium,"Which field does the topic ""English Grammar"" fall under?",Basketball,Astronomy,English Grammar,Aviation,English Grammar,,,text,40,10,true
English Grammar,medium,Which category is most closely related to: English Grammar?,English Grammar,Astronomy,Ancient Civilization,Artificial Intelligence,English Grammar,,,text,40,10,true
English Grammar,medium,Which category would most likely include questions on English Grammar?,Architecture,Artificial Intelligence,English Grammar,Ancient Civilization,English Grammar,,,text,40,10,true
English Grammar,medium,Choose the most accurate category for the topic: English Grammar.,Algebra,Awards (Nobel),English Grammar,Aviation,English Grammar,,,text,40,10,true
English Grammar,medium,Choose the most accurate category for the topic: English Grammar.,Biology,English Grammar,Artificial Intelligence,Aviation,English Grammar,,,text,40,10,true
English Grammar,medium,Pick the best category for this quiz topic: English Grammar.,Awards (Oscars),English Grammar,Astronomy,Biology,English Grammar,,,text,40,10,true
English Grammar,medium,Select the most appropriate category for: English Grammar.,Algebra,Artificial Intelligence,Awards (Nobel),English Grammar,English Grammar,,,text,40,10,true
English Grammar,medium,Select the most appropriate category for: English Grammar.,Basketball,English Grammar,Agriculture,Architecture,English Grammar,,,text,40,10,true
English Grammar,medium,"Best-fit category for ""English Grammar"" is:",Awards (Oscars),Architecture,Biology,English Grammar,English Grammar,,,text,40,10,true
English Grammar,medium,Choose the most accurate category for the topic: English Grammar.,Awards (Nobel),Agriculture,English Grammar,Artificial Intelligence,English Grammar,,,text,40,10,true
English Grammar,medium,Which category is most closely related to: English Grammar?,English Grammar,Algebra,Architecture,Agriculture,English Grammar,,,text,40,10,true
English Grammar,medium,Select the most appropriate category for: English Grammar.,Awards (Oscars),English Grammar,Ancient Civilization,Agriculture,English Grammar,,,text,40,10,true
English Grammar,hard,Choose the most specific category for: English Grammar.,Algebra,English Grammar,Architecture,Agriculture,English Grammar,,,text,80,8,true
English Grammar,hard,Identify the primary category for: English Grammar.,English Grammar,Architecture,Aviation,Astronomy,English Grammar,,,text,80,8,true
English Grammar,hard,"Which category is the best fit for the topic ""English Grammar""?",Automobiles,Astronomy,English Grammar,Aviation,English Grammar,,,text,80,8,true
English Grammar,hard,Identify the primary category for: English Grammar.,Agriculture,English Grammar,Architecture,Astronomy,English Grammar,,,text,80,8,true
English Grammar,hard,Choose the most specific category for: English Grammar.,Architecture,Aviation,English Grammar,Agriculture,English Grammar,,,text,80,8,true
English Grammar,hard,"Most precise category for ""English Grammar"" is:",Ancient Civilization,Aviation,English Grammar,Astronomy,English Grammar,,,text,80,8,true
English Grammar,hard,Identify the primary category for: English Grammar.,English Grammar,Automobiles,Algebra,Ancient Civilization,English Grammar,,,text,80,8,true
English Grammar,hard,Select the category that most precisely fits: English Grammar.,Automobiles,English Grammar,Ancient Civilization,Agriculture,English Grammar,,,text,80,8,true
English Grammar,hard,Pick the category that most accurately represents: English Grammar.,Astronomy,Artificial Intelligence,Algebra,English Grammar,English Grammar,,,text,80,8,true
English Grammar,hard,Which subject is the correct classification for: English Grammar?,English Grammar,Ancient Civilization,Architecture,Astronomy,English Grammar,,,text,80,8,true
English Grammar,hard,Choose the most specific category for: English Grammar.,English Grammar,Ancient Civilization,Astronomy,Algebra,English Grammar,,,text,80,8,true
English Grammar,hard,"Most precise category for ""English Grammar"" is:",Architecture,Automobiles,Algebra,English Grammar,English Grammar,,,text,80,8,true
English Grammar,hard,"Which category is the closest match for the topic ""English Grammar""?",Ancient Civilization,Aviation,English Grammar,Astronomy,English Grammar,,,text,80,8,true
English Grammar,hard,"Which category is the closest match for the topic ""English Grammar""?",Ancient Civilization,Algebra,English Grammar,Artificial Intelligence,English Grammar,,,text,80,8,true
English Grammar,hard,Pick the category that most accurately represents: English Grammar.,Agriculture,Aviation,Architecture,English Grammar,English Grammar,,,text,80,8,true
English Grammar,hard,"Which category is the best fit for the topic ""English Grammar""?",Ancient Civilization,Architecture,English Grammar,Artificial Intelligence,English Grammar,,,text,80,8,true
English Grammar,hard,Choose the most specific category for: English Grammar.,Agriculture,Architecture,English Grammar,Artificial Intelligence,English Grammar,,,text,80,8,true
English Grammar,hard,Identify the primary category for: English Grammar.,Algebra,Agriculture,English Grammar,Automobiles,English Grammar,,,text,80,8,true
English Grammar,hard,Select the category that most precisely fits: English Grammar.,Ancient Civilization,Artificial Intelligence,Aviation,English Grammar,English Grammar,,,text,80,8,true
English Grammar,hard,"Which category is the closest match for the topic ""English Grammar""?",English Grammar,Agriculture,Automobiles,Algebra,English Grammar,,,text,80,8,true
English Grammar,hard,"Which category is the best fit for the topic ""English Grammar""?",Artificial Intelligence,Agriculture,English Grammar,Automobiles,English Grammar,,,text,80,8,true
English Grammar,hard,Which subject is the correct classification for: English Grammar?,Ancient Civilization,Astronomy,English Grammar,Artificial Intelligence,English Grammar,,,text,80,8,true
English Grammar,hard,Which subject is the correct classification for: English Grammar?,Aviation,Agriculture,English Grammar,Ancient Civilization,English Grammar,,,text,80,8,true
English Grammar,hard,Select the category that most precisely fits: English Grammar.,Architecture,Artificial Intelligence,Agriculture,English Grammar,English Grammar,,,text,80,8,true
Famous Personalities,easy,Which category is the best match for: Famous Personalities?,Web Development,Economics,National Flags,Famous Personalities,Famous Personalities,,,text,20,12,true
Famous Personalities,easy,Select the correct quiz category for: Famous Personalities.,Famous Personalities,Inventions & Discoveries,Yoga & Health,Brands & Logos,Famous Personalities,,,text,20,12,true
Famous Personalities,easy,"Which category does the topic ""Famous Personalities"" belong to?",World Leaders,Mythology (Greek),Basketball,Famous Personalities,Famous Personalities,,,text,20,12,true
Famous Personalities,easy,"The topic ""Famous Personalities"" best fits which category?",Yoga & Health,World Geography,Stock Market,Famous Personalities,Famous Personalities,,,text,20,12,true
Famous Personalities,easy,Which quiz category would include: Famous Personalities?,Famous Personalities,Finance,Mountains & Peaks,Indian States,Famous Personalities,,,text,20,12,true
Famous Personalities,easy,Which quiz category would include: Famous Personalities?,E-commerce,Indian States,Famous Personalities,World Continents,Famous Personalities,,,text,20,12,true
Famous Personalities,easy,"The topic ""Famous Personalities"" best fits which category?",Ancient Civilization,Artificial Intelligence,Famous Personalities,Poetry,Famous Personalities,,,text,20,12,true
Famous Personalities,easy,Pick the subject area that matches: Famous Personalities.,Philosophy,Mobile Development,Famous Personalities,Cricket,Famous Personalities,,,text,20,12,true
Famous Personalities,easy,"Choose the category that best matches ""Famous Personalities"".",Yoga & Health,Famous Personalities,Food & Cuisine,Mythology (Greek),Famous Personalities,,,text,20,12,true
Famous Personalities,easy,Identify the subject area: Famous Personalities.,Mathematics,Famous Personalities,Stock Market,Interior Design,Famous Personalities,,,text,20,12,true
Famous Personalities,easy,"Which category does the topic ""Famous Personalities"" belong to?",Business Tycoons,Philosophy,Famous Personalities,Languages,Famous Personalities,,,text,20,12,true
Famous Personalities,easy,Select the correct quiz category for: Famous Personalities.,Famous Personalities,Stock Market,Comic Books,Business Tycoons,Famous Personalities,,,text,20,12,true
Famous Personalities,easy,"Choose the category that best matches ""Famous Personalities"".",World Geography,Awards (Oscars),Famous Personalities,English Grammar,Famous Personalities,,,text,20,12,true
Famous Personalities,easy,Identify the subject area: Famous Personalities.,Gaming,Famous Personalities,Oceans & Seas,Aviation,Famous Personalities,,,text,20,12,true
Famous Personalities,easy,"The topic ""Famous Personalities"" best fits which category?",Mathematics,Islands,Famous Personalities,Mythology (Greek),Famous Personalities,,,text,20,12,true
Famous Personalities,easy,Pick the subject area that matches: Famous Personalities.,Pharmacology,Famous Personalities,Music (Classical),Biology,Famous Personalities,,,text,20,12,true
Famous Personalities,easy,Which category is the best match for: Famous Personalities?,Networking,E-commerce,Fashion,Famous Personalities,Famous Personalities,,,text,20,12,true
Famous Personalities,easy,Pick the subject area that matches: Famous Personalities.,Aviation,Machine Learning,Famous Personalities,Movies (Bollywood),Famous Personalities,,,text,20,12,true
Famous Personalities,medium,Which category is most closely related to: Famous Personalities?,Awards (Nobel),Basketball,Famous Personalities,Algebra,Famous Personalities,,,text,40,10,true
Famous Personalities,medium,Which category would most likely include questions on Famous Personalities?,Awards (Oscars),Famous Personalities,Astronomy,Ancient Civilization,Famous Personalities,,,text,40,10,true
Famous Personalities,medium,Which category is most closely related to: Famous Personalities?,Famous Personalities,Agriculture,Biology,Ancient Civilization,Famous Personalities,,,text,40,10,true
Famous Personalities,medium,Which category would most likely include questions on Famous Personalities?,Architecture,Famous Personalities,Artificial Intelligence,Algebra,Famous Personalities,,,text,40,10,true
Famous Personalities,medium,Which category is most closely related to: Famous Personalities?,Famous Personalities,Architecture,Aviation,Basketball,Famous Personalities,,,text,40,10,true
Famous Personalities,medium,Which category would most likely include questions on Famous Personalities?,Awards (Oscars),Biology,Ancient Civilization,Famous Personalities,Famous Personalities,,,text,40,10,true
Famous Personalities,medium,Select the most appropriate category for: Famous Personalities.,Architecture,Basketball,Aviation,Famous Personalities,Famous Personalities,,,text,40,10,true
Famous Personalities,medium,"Best-fit category for ""Famous Personalities"" is:",Architecture,Awards (Oscars),Famous Personalities,Basketball,Famous Personalities,,,text,40,10,true
Famous Personalities,medium,Choose the most accurate category for the topic: Famous Personalities.,Awards (Nobel),Astronomy,Famous Personalities,Architecture,Famous Personalities,,,text,40,10,true
Famous Personalities,medium,"Which subject area most closely matches the topic ""Famous Personalities""?",Astronomy,Awards (Nobel),Algebra,Famous Personalities,Famous Personalities,,,text,40,10,true
Famous Personalities,medium,Pick the best category for this quiz topic: Famous Personalities.,Agriculture,Automobiles,Famous Personalities,Biology,Famous Personalities,,,text,40,10,true
Famous Personalities,medium,"Which field does the topic ""Famous Personalities"" fall under?",Artificial Intelligence,Famous Personalities,Architecture,Aviation,Famous Personalities,,,text,40,10,true
Famous Personalities,medium,Choose the most accurate category for the topic: Famous Personalities.,Artificial Intelligence,Automobiles,Architecture,Famous Personalities,Famous Personalities,,,text,40,10,true
Famous Personalities,medium,Which category is most closely related to: Famous Personalities?,Aviation,Famous Personalities,Artificial Intelligence,Ancient Civilization,Famous Personalities,,,text,40,10,true
Famous Personalities,medium,Which category is most closely related to: Famous Personalities?,Basketball,Ancient Civilization,Famous Personalities,Biology,Famous Personalities,,,text,40,10,true
Famous Personalities,medium,Pick the best category for this quiz topic: Famous Personalities.,Architecture,Basketball,Ancient Civilization,Famous Personalities,Famous Personalities,,,text,40,10,true
Famous Personalities,medium,"Which subject area most closely matches the topic ""Famous Personalities""?",Agriculture,Awards (Nobel),Artificial Intelligence,Famous Personalities,Famous Personalities,,,text,40,10,true
Famous Personalities,medium,Choose the most accurate category for the topic: Famous Personalities.,Famous Personalities,Ancient Civilization,Biology,Basketball,Famous Personalities,,,text,40,10,true
Famous Personalities,hard,Identify the primary category for: Famous Personalities.,Famous Personalities,Aviation,Architecture,Automobiles,Famous Personalities,,,text,80,8,true
Famous Personalities,hard,Identify the primary category for: Famous Personalities.,Astronomy,Famous Personalities,Algebra,Architecture,Famous Personalities,,,text,80,8,true
Famous Personalities,hard,Select the category that most precisely fits: Famous Personalities.,Artificial Intelligence,Famous Personalities,Automobiles,Agriculture,Famous Personalities,,,text,80,8,true
Famous Personalities,hard,Choose the most specific category for: Famous Personalities.,Algebra,Agriculture,Famous Personalities,Automobiles,Famous Personalities,,,text,80,8,true
Famous Personalities,hard,Select the category that most precisely fits: Famous Personalities.,Famous Personalities,Algebra,Artificial Intelligence,Astronomy,Famous Personalities,,,text,80,8,true
Famous Personalities,hard,Which subject is the correct classification for: Famous Personalities?,Famous Personalities,Automobiles,Artificial Intelligence,Astronomy,Famous Personalities,,,text,80,8,true
Famous Personalities,hard,"Which category is the closest match for the topic ""Famous Personalities""?",Architecture,Famous Personalities,Agriculture,Algebra,Famous Personalities,,,text,80,8,true
Famous Personalities,hard,"Most precise category for ""Famous Personalities"" is:",Agriculture,Algebra,Famous Personalities,Automobiles,Famous Personalities,,,text,80,8,true
Famous Personalities,hard,Identify the primary category for: Famous Personalities.,Artificial Intelligence,Famous Personalities,Automobiles,Astronomy,Famous Personalities,,,text,80,8,true
Famous Personalities,hard,"Most precise category for ""Famous Personalities"" is:",Aviation,Famous Personalities,Agriculture,Automobiles,Famous Personalities,,,text,80,8,true
Famous Personalities,hard,Choose the most specific category for: Famous Personalities.,Aviation,Ancient Civilization,Famous Personalities,Automobiles,Famous Personalities,,,text,80,8,true
Famous Personalities,hard,Which subject is the correct classification for: Famous Personalities?,Agriculture,Automobiles,Artificial Intelligence,Famous Personalities,Famous Personalities,,,text,80,8,true
Famous Personalities,hard,"Which category is the best fit for the topic ""Famous Personalities""?",Algebra,Famous Personalities,Architecture,Artificial Intelligence,Famous Personalities,,,text,80,8,true
Famous Personalities,hard,Which subject is the correct classification for: Famous Personalities?,Famous Personalities,Algebra,Artificial Intelligence,Aviation,Famous Personalities,,,text,80,8,true
Famous Personalities,hard,Choose the most specific category for: Famous Personalities.,Agriculture,Architecture,Famous Personalities,Aviation,Famous Personalities,,,text,80,8,true
Famous Personalities,hard,Select the category that most precisely fits: Famous Personalities.,Famous Personalities,Astronomy,Agriculture,Architecture,Famous Personalities,,,text,80,8,true
Famous Personalities,hard,"Which category is the best fit for the topic ""Famous Personalities""?",Astronomy,Artificial Intelligence,Ancient Civilization,Famous Personalities,Famous Personalities,,,text,80,8,true
Famous Personalities,hard,"Which category is the best fit for the topic ""Famous Personalities""?",Aviation,Famous Personalities,Astronomy,Architecture,Famous Personalities,,,text,80,8,true
Famous Personalities,hard,"Which category is the closest match for the topic ""Famous Personalities""?",Agriculture,Famous Personalities,Astronomy,Algebra,Famous Personalities,,,text,80,8,true
Famous Personalities,hard,Select the category that most precisely fits: Famous Personalities.,Automobiles,Famous Personalities,Astronomy,Agriculture,Famous Personalities,,,text,80,8,true
Famous Personalities,hard,"Most precise category for ""Famous Personalities"" is:",Agriculture,Famous Personalities,Ancient Civilization,Astronomy,Famous Personalities,,,text,80,8,true
Famous Personalities,hard,Which subject is the correct classification for: Famous Personalities?,Ancient Civilization,Automobiles,Algebra,Famous Personalities,Famous Personalities,,,text,80,8,true
Famous Personalities,hard,Choose the most specific category for: Famous Personalities.,Automobiles,Famous Personalities,Architecture,Agriculture,Famous Personalities,,,text,80,8,true
Famous Personalities,hard,"Which category is the best fit for the topic ""Famous Personalities""?",Famous Personalities,Automobiles,Ancient Civilization,Astronomy,Famous Personalities,,,text,80,8,true
World Leaders,easy,"The topic ""World Leaders"" best fits which category?",Political Science,Chemistry,World Leaders,Movies (Bollywood),World Leaders,,,text,20,12,true
World Leaders,easy,Pick the subject area that matches: World Leaders.,World Leaders,Awards (Oscars),Architecture,Wildlife,World Leaders,,,text,20,12,true
World Leaders,easy,Identify the subject area: World Leaders.,World Religions,Pharmacology,Deserts,World Leaders,World Leaders,,,text,20,12,true
World Leaders,easy,"Choose the category that best matches ""World Leaders"".",Business Tycoons,Currencies,Human Anatomy,World Leaders,World Leaders,,,text,20,12,true
World Leaders,easy,"Choose the category that best matches ""World Leaders"".",Chemistry,Basketball,World Leaders,Mythology (Indian),World Leaders,,,text,20,12,true
World Leaders,easy,"Which category does the topic ""World Leaders"" belong to?",World Leaders,National Flags,Political Science,Algebra,World Leaders,,,text,20,12,true
World Leaders,easy,Which category is the best match for: World Leaders?,Wildlife,Marketing,World Leaders,Cricket,World Leaders,,,text,20,12,true
World Leaders,easy,"Choose the category that best matches ""World Leaders"".",Oceans & Seas,World Leaders,Mountains & Peaks,Currencies,World Leaders,,,text,20,12,true
World Leaders,easy,Pick the subject area that matches: World Leaders.,Famous Personalities,Political Science,Algebra,World Leaders,World Leaders,,,text,20,12,true
World Leaders,easy,Pick the subject area that matches: World Leaders.,Olympic Games,Rivers & Lakes,World Leaders,Music (Pop),World Leaders,,,text,20,12,true
World Leaders,easy,Identify the subject area: World Leaders.,Deserts,Space Exploration,World Leaders,Fashion,World Leaders,,,text,20,12,true
World Leaders,easy,"Which category does the topic ""World Leaders"" belong to?",Sociology,Mobile Development,World Leaders,Political Science,World Leaders,,,text,20,12,true
World Leaders,easy,Which category is the best match for: World Leaders?,World Leaders,Aviation,Music (Pop),Mountains & Peaks,World Leaders,,,text,20,12,true
World Leaders,easy,Which quiz category would include: World Leaders?,World Leaders,Basketball,Awards (Nobel),Mountains & Peaks,World Leaders,,,text,20,12,true
World Leaders,easy,"Which category does the topic ""World Leaders"" belong to?",Trigonometry,World Leaders,Food & Cuisine,Chess,World Leaders,,,text,20,12,true
World Leaders,easy,"The topic ""World Leaders"" best fits which category?",World Religions,World Leaders,Pharmacology,Basketball,World Leaders,,,text,20,12,true
World Leaders,easy,"Which category does the topic ""World Leaders"" belong to?",Olympic Games,National Parks,Chess,World Leaders,World Leaders,,,text,20,12,true
World Leaders,easy,Which quiz category would include: World Leaders?,Movies (Bollywood),World Leaders,Deserts,Web Development,World Leaders,,,text,20,12,true
World Leaders,medium,Choose the most accurate category for the topic: World Leaders.,World Geography,World Leaders,Architecture,Ancient Civilization,World Leaders,,,text,40,10,true
World Leaders,medium,Which category would most likely include questions on World Leaders?,Agriculture,Awards (Nobel),World Leaders,World Geography,World Leaders,,,text,40,10,true
World Leaders,medium,Select the most appropriate category for: World Leaders.,Aviation,World Leaders,Ancient Civilization,Architecture,World Leaders,,,text,40,10,true
World Leaders,medium,"Which subject area most closely matches the topic ""World Leaders""?",World Continents,Agriculture,Automobiles,World Leaders,World Leaders,,,text,40,10,true
World Leaders,medium,Select the most appropriate category for: World Leaders.,Artificial Intelligence,Architecture,World Leaders,World Religions,World Leaders,,,text,40,10,true
World Leaders,medium,"Best-fit category for ""World Leaders"" is:",Aviation,Algebra,World Leaders,Ancient Civilization,World Leaders,,,text,40,10,true
World Leaders,medium,Which category would most likely include questions on World Leaders?,World Leaders,Algebra,Ancient Civilization,Astronomy,World Leaders,,,text,40,10,true
World Leaders,medium,Pick the best category for this quiz topic: World Leaders.,Aviation,Astronomy,World Leaders,Architecture,World Leaders,,,text,40,10,true
World Leaders,medium,Select the most appropriate category for: World Leaders.,World Continents,World Religions,World Leaders,Artificial Intelligence,World Leaders,,,text,40,10,true
World Leaders,medium,Choose the most accurate category for the topic: World Leaders.,World Religions,Ancient Civilization,World Leaders,Algebra,World Leaders,,,text,40,10,true
World Leaders,medium,Pick the best category for this quiz topic: World Leaders.,Algebra,World Leaders,World Continents,Automobiles,World Leaders,,,text,40,10,true
World Leaders,medium,"Best-fit category for ""World Leaders"" is:",World Leaders,Aviation,World Continents,Ancient Civilization,World Leaders,,,text,40,10,true
World Leaders,medium,Which category is most closely related to: World Leaders?,Automobiles,World Continents,Awards (Nobel),World Leaders,World Leaders,,,text,40,10,true
World Leaders,medium,Which category would most likely include questions on World Leaders?,Agriculture,World Continents,World Religions,World Leaders,World Leaders,,,text,40,10,true
World Leaders,medium,Pick the best category for this quiz topic: World Leaders.,Automobiles,World Leaders,Architecture,Aviation,World Leaders,,,text,40,10,true
World Leaders,medium,Pick the best category for this quiz topic: World Leaders.,Automobiles,World Religions,World Leaders,World Geography,World Leaders,,,text,40,10,true
World Leaders,medium,Which category would most likely include questions on World Leaders?,Agriculture,World Leaders,World Continents,Algebra,World Leaders,,,text,40,10,true
World Leaders,medium,Choose the most accurate category for the topic: World Leaders.,World Leaders,Astronomy,Automobiles,Agriculture,World Leaders,,,text,40,10,true
World Leaders,hard,"Which category is the closest match for the topic ""World Leaders""?",World Religions,World Continents,World Leaders,World Geography,World Leaders,,,text,80,8,true
World Leaders,hard,Which subject is the correct classification for: World Leaders?,World Continents,Artificial Intelligence,World Religions,World Leaders,World Leaders,,,text,80,8,true
World Leaders,hard,Which subject is the correct classification for: World Leaders?,World Continents,Algebra,World Leaders,Artificial Intelligence,World Leaders,,,text,80,8,true
World Leaders,hard,"Which category is the closest match for the topic ""World Leaders""?",World Leaders,Algebra,Artificial Intelligence,World Religions,World Leaders,,,text,80,8,true
World Leaders,hard,Pick the category that most accurately represents: World Leaders.,Architecture,Ancient Civilization,World Leaders,Artificial Intelligence,World Leaders,,,text,80,8,true
World Leaders,hard,Choose the most specific category for: World Leaders.,Algebra,Artificial Intelligence,World Continents,World Leaders,World Leaders,,,text,80,8,true
World Leaders,hard,"Which category is the best fit for the topic ""World Leaders""?",World Religions,Artificial Intelligence,World Leaders,Algebra,World Leaders,,,text,80,8,true
World Leaders,hard,"Most precise category for ""World Leaders"" is:",Ancient Civilization,Algebra,World Leaders,World Continents,World Leaders,,,text,80,8,true
World Leaders,hard,Select the category that most precisely fits: World Leaders.,Artificial Intelligence,Agriculture,World Leaders,World Continents,World Leaders,,,text,80,8,true
World Leaders,hard,"Which category is the closest match for the topic ""World Leaders""?",World Religions,World Continents,Architecture,World Leaders,World Leaders,,,text,80,8,true
World Leaders,hard,Select the category that most precisely fits: World Leaders.,World Leaders,Architecture,Algebra,World Continents,World Leaders,,,text,80,8,true
World Leaders,hard,"Most precise category for ""World Leaders"" is:",Ancient Civilization,World Leaders,World Continents,Architecture,World Leaders,,,text,80,8,true
World Leaders,hard,"Which category is the best fit for the topic ""World Leaders""?",Architecture,Artificial Intelligence,World Leaders,World Continents,World Leaders,,,text,80,8,true
World Leaders,hard,Which subject is the correct classification for: World Leaders?,World Leaders,World Continents,Ancient Civilization,World Geography,World Leaders,,,text,80,8,true
World Leaders,hard,Choose the most specific category for: World Leaders.,World Geography,Artificial Intelligence,World Leaders,World Religions,World Leaders,,,text,80,8,true
World Leaders,hard,Select the category that most precisely fits: World Leaders.,World Religions,World Leaders,Artificial Intelligence,Architecture,World Leaders,,,text,80,8,true
World Leaders,hard,"Most precise category for ""World Leaders"" is:",Artificial Intelligence,World Leaders,Ancient Civilization,Algebra,World Leaders,,,text,80,8,true
World Leaders,hard,Which subject is the correct classification for: World Leaders?,Algebra,World Leaders,Agriculture,Architecture,World Leaders,,,text,80,8,true
World Leaders,hard,"Which category is the best fit for the topic ""World Leaders""?",World Leaders,Ancient Civilization,Artificial Intelligence,Algebra,World Leaders,,,text,80,8,true
World Leaders,hard,Identify the primary category for: World Leaders.,Ancient Civilization,World Leaders,Artificial Intelligence,Algebra,World Leaders,,,text,80,8,true
World Leaders,hard,Select the category that most precisely fits: World Leaders.,World Geography,Agriculture,World Religions,World Leaders,World Leaders,,,text,80,8,true
World Leaders,hard,"Which category is the closest match for the topic ""World Leaders""?",World Religions,World Leaders,World Continents,Artificial Intelligence,World Leaders,,,text,80,8,true
World Leaders,hard,"Which category is the closest match for the topic ""World Leaders""?",Algebra,World Geography,World Leaders,World Continents,World Leaders,,,text,80,8,true
World Leaders,hard,Choose the most specific category for: World Leaders.,World Geography,Ancient Civilization,World Leaders,Architecture,World Leaders,,,text,80,8,true
Olympic Games,easy,Select the correct quiz category for: Olympic Games.,Geometry,Pharmacology,Olympic Games,Web Development,Olympic Games,,,text,20,12,true
Olympic Games,easy,Identify the subject area: Olympic Games.,Blockchain,Mythology (Norse),Finance,Olympic Games,Olympic Games,,,text,20,12,true
Olympic Games,easy,"The topic ""Olympic Games"" best fits which category?",Gardening,Olympic Games,Philosophy,Music (Pop),Olympic Games,,,text,20,12,true
Olympic Games,easy,Pick the subject area that matches: Olympic Games.,Mythology (Indian),Olympic Games,Current Affairs,Indian History,Olympic Games,,,text,20,12,true
Olympic Games,easy,Pick the subject area that matches: Olympic Games.,Philosophy,Football,Olympic Games,Mountains & Peaks,Olympic Games,,,text,20,12,true
Olympic Games,easy,"Which category does the topic ""Olympic Games"" belong to?",Rivers & Lakes,Olympic Games,Climate Change,Mythology (Norse),Olympic Games,,,text,20,12,true
Olympic Games,easy,"Choose the category that best matches ""Olympic Games"".",Olympic Games,Gadgets,Stock Market,English Grammar,Olympic Games,,,text,20,12,true
Olympic Games,easy,Which category is the best match for: Olympic Games?,Poetry,Psychology,Olympic Games,Social Media,Olympic Games,,,text,20,12,true
Olympic Games,easy,"Choose the category that best matches ""Olympic Games"".",Music (Pop),Football,Olympic Games,Philosophy,Olympic Games,,,text,20,12,true
Olympic Games,easy,Identify the subject area: Olympic Games.,World Geography,Olympic Games,Brands & Logos,Chess,Olympic Games,,,text,20,12,true
Olympic Games,easy,Identify the subject area: Olympic Games.,Chess,Fashion,Physics,Olympic Games,Olympic Games,,,text,20,12,true
Olympic Games,easy,"Which category does the topic ""Olympic Games"" belong to?",Olympic Games,Rivers & Lakes,Cyber Security,World Continents,Olympic Games,,,text,20,12,true
Olympic Games,easy,Pick the subject area that matches: Olympic Games.,Superheroes,Social Media,Philosophy,Olympic Games,Olympic Games,,,text,20,12,true
Olympic Games,easy,Identify the subject area: Olympic Games.,Yoga & Health,World Continents,Olympic Games,Geometry,Olympic Games,,,text,20,12,true
Olympic Games,easy,Select the correct quiz category for: Olympic Games.,Economics,Olympic Games,Ancient Civilization,Football,Olympic Games,,,text,20,12,true
Olympic Games,easy,Which category is the best match for: Olympic Games?,Calculus,Olympic Games,Mythology (Greek),Finance,Olympic Games,,,text,20,12,true
Olympic Games,easy,Pick the subject area that matches: Olympic Games.,Networking,National Parks,Oceans & Seas,Olympic Games,Olympic Games,,,text,20,12,true
Olympic Games,easy,"Which category does the topic ""Olympic Games"" belong to?",Stock Market,Olympic Games,Psychology,Chemistry,Olympic Games,,,text,20,12,true
Olympic Games,medium,"Best-fit category for ""Olympic Games"" is:",Algebra,Olympic Games,Agriculture,Automobiles,Olympic Games,,,text,40,10,true
Olympic Games,medium,Which category would most likely include questions on Olympic Games?,Aviation,Astronomy,Olympic Games,Awards (Oscars),Olympic Games,,,text,40,10,true
Olympic Games,medium,"Which subject area most closely matches the topic ""Olympic Games""?",Olympic Games,Algebra,Awards (Oscars),Automobiles,Olympic Games,,,text,40,10,true
Olympic Games,medium,"Best-fit category for ""Olympic Games"" is:",Olympic Games,Biology,Basketball,Algebra,Olympic Games,,,text,40,10,true
Olympic Games,medium,Pick the best category for this quiz topic: Olympic Games.,Olympic Games,Astronomy,Algebra,Basketball,Olympic Games,,,text,40,10,true
Olympic Games,medium,"Which field does the topic ""Olympic Games"" fall under?",Olympic Games,Artificial Intelligence,Algebra,Biology,Olympic Games,,,text,40,10,true
Olympic Games,medium,"Which subject area most closely matches the topic ""Olympic Games""?",Astronomy,Biology,Olympic Games,Aviation,Olympic Games,,,text,40,10,true
Olympic Games,medium,Choose the most accurate category for the topic: Olympic Games.,Artificial Intelligence,Awards (Nobel),Olympic Games,Agriculture,Olympic Games,,,text,40,10,true
Olympic Games,medium,"Which subject area most closely matches the topic ""Olympic Games""?",Biology,Ancient Civilization,Olympic Games,Astronomy,Olympic Games,,,text,40,10,true
Olympic Games,medium,Which category would most likely include questions on Olympic Games?,Ancient Civilization,Artificial Intelligence,Agriculture,Olympic Games,Olympic Games,,,text,40,10,true
Olympic Games,medium,"Which field does the topic ""Olympic Games"" fall under?",Awards (Oscars),Olympic Games,Aviation,Algebra,Olympic Games,,,text,40,10,true
Olympic Games,medium,Which category is most closely related to: Olympic Games?,Basketball,Ancient Civilization,Olympic Games,Architecture,Olympic Games,,,text,40,10,true
Olympic Games,medium,Choose the most accurate category for the topic: Olympic Games.,Ancient Civilization,Awards (Oscars),Olympic Games,Automobiles,Olympic Games,,,text,40,10,true
Olympic Games,medium,Which category would most likely include questions on Olympic Games?,Awards (Oscars),Olympic Games,Algebra,Ancient Civilization,Olympic Games,,,text,40,10,true
Olympic Games,medium,"Which field does the topic ""Olympic Games"" fall under?",Olympic Games,Ancient Civilization,Agriculture,Astronomy,Olympic Games,,,text,40,10,true
Olympic Games,medium,Which category is most closely related to: Olympic Games?,Biology,Agriculture,Awards (Oscars),Olympic Games,Olympic Games,,,text,40,10,true
Olympic Games,medium,"Which subject area most closely matches the topic ""Olympic Games""?",Ancient Civilization,Olympic Games,Agriculture,Algebra,Olympic Games,,,text,40,10,true
Olympic Games,medium,"Which subject area most closely matches the topic ""Olympic Games""?",Automobiles,Awards (Oscars),Olympic Games,Agriculture,Olympic Games,,,text,40,10,true
Olympic Games,hard,Pick the category that most accurately represents: Olympic Games.,Ancient Civilization,Algebra,Olympic Games,Agriculture,Olympic Games,,,text,80,8,true
Olympic Games,hard,Choose the most specific category for: Olympic Games.,Aviation,Algebra,Ancient Civilization,Olympic Games,Olympic Games,,,text,80,8,true
Olympic Games,hard,"Most precise category for ""Olympic Games"" is:",Architecture,Ancient Civilization,Olympic Games,Artificial Intelligence,Olympic Games,,,text,80,8,true
Olympic Games,hard,"Which category is the closest match for the topic ""Olympic Games""?",Automobiles,Artificial Intelligence,Astronomy,Olympic Games,Olympic Games,,,text,80,8,true
Olympic Games,hard,Choose the most specific category for: Olympic Games.,Automobiles,Aviation,Ancient Civilization,Olympic Games,Olympic Games,,,text,80,8,true
Olympic Games,hard,"Which category is the best fit for the topic ""Olympic Games""?",Olympic Games,Automobiles,Astronomy,Artificial Intelligence,Olympic Games,,,text,80,8,true
Olympic Games,hard,Which subject is the correct classification for: Olympic Games?,Algebra,Ancient Civilization,Astronomy,Olympic Games,Olympic Games,,,text,80,8,true
Olympic Games,hard,Choose the most specific category for: Olympic Games.,Algebra,Artificial Intelligence,Astronomy,Olympic Games,Olympic Games,,,text,80,8,true
Olympic Games,hard,Choose the most specific category for: Olympic Games.,Agriculture,Artificial Intelligence,Olympic Games,Ancient Civilization,Olympic Games,,,text,80,8,true
Olympic Games,hard,Pick the category that most accurately represents: Olympic Games.,Agriculture,Olympic Games,Aviation,Ancient Civilization,Olympic Games,,,text,80,8,true
Olympic Games,hard,"Which category is the best fit for the topic ""Olympic Games""?",Olympic Games,Architecture,Agriculture,Artificial Intelligence,Olympic Games,,,text,80,8,true
Olympic Games,hard,"Most precise category for ""Olympic Games"" is:",Architecture,Astronomy,Olympic Games,Ancient Civilization,Olympic Games,,,text,80,8,true
Olympic Games,hard,"Which category is the best fit for the topic ""Olympic Games""?",Automobiles,Aviation,Olympic Games,Astronomy,Olympic Games,,,text,80,8,true
Olympic Games,hard,Pick the category that most accurately represents: Olympic Games.,Architecture,Aviation,Algebra,Olympic Games,Olympic Games,,,text,80,8,true
Olympic Games,hard,"Which category is the closest match for the topic ""Olympic Games""?",Olympic Games,Architecture,Artificial Intelligence,Aviation,Olympic Games,,,text,80,8,true
Olympic Games,hard,Choose the most specific category for: Olympic Games.,Algebra,Architecture,Aviation,Olympic Games,Olympic Games,,,text,80,8,true
Olympic Games,hard,Which subject is the correct classification for: Olympic Games?,Olympic Games,Ancient Civilization,Automobiles,Aviation,Olympic Games,,,text,80,8,true
Olympic Games,hard,Pick the category that most accurately represents: Olympic Games.,Artificial Intelligence,Olympic Games,Ancient Civilization,Algebra,Olympic Games,,,text,80,8,true
Olympic Games,hard,"Which category is the closest match for the topic ""Olympic Games""?",Algebra,Ancient Civilization,Architecture,Olympic Games,Olympic Games,,,text,80,8,true
Olympic Games,hard,Choose the most specific category for: Olympic Games.,Artificial Intelligence,Olympic Games,Agriculture,Aviation,Olympic Games,,,text,80,8,true
Olympic Games,hard,Pick the category that most accurately represents: Olympic Games.,Olympic Games,Automobiles,Astronomy,Aviation,Olympic Games,,,text,80,8,true
Olympic Games,hard,"Which category is the best fit for the topic ""Olympic Games""?",Agriculture,Aviation,Artificial Intelligence,Olympic Games,Olympic Games,,,text,80,8,true
Olympic Games,hard,Identify the primary category for: Olympic Games.,Architecture,Olympic Games,Artificial Intelligence,Agriculture,Olympic Games,,,text,80,8,true
Olympic Games,hard,Identify the primary category for: Olympic Games.,Olympic Games,Ancient Civilization,Agriculture,Aviation,Olympic Games,,,text,80,8,true
Cricket,easy,"Which category does the topic ""Cricket"" belong to?",Current Affairs,Cricket,Calculus,World Religions,Cricket,,,text,20,12,true
Cricket,easy,Select the correct quiz category for: Cricket.,Cyber Security,Trigonometry,Cricket,Gaming,Cricket,,,text,20,12,true
Cricket,easy,Which category is the best match for: Cricket?,Oceans & Seas,Automobiles,Cricket,Marketing,Cricket,,,text,20,12,true
Cricket,easy,Select the correct quiz category for: Cricket.,Cricket,Indian History,Social Media,Pharmacology,Cricket,,,text,20,12,true
Cricket,easy,"Which category does the topic ""Cricket"" belong to?",Robotics,Fashion,Cricket,Mathematics,Cricket,,,text,20,12,true
Cricket,easy,Which category is the best match for: Cricket?,Comic Books,Movies (Bollywood),Automobiles,Cricket,Cricket,,,text,20,12,true
Cricket,easy,Select the correct quiz category for: Cricket.,Cricket,Interior Design,Superheroes,Poetry,Cricket,,,text,20,12,true
Cricket,easy,"Which category does the topic ""Cricket"" belong to?",Cricket,Photography,Famous Personalities,Automobiles,Cricket,,,text,20,12,true
Cricket,easy,Identify the subject area: Cricket.,Indian History,World Leaders,Space Exploration,Cricket,Cricket,,,text,20,12,true
Cricket,easy,"Choose the category that best matches ""Cricket"".",Political Science,World Continents,Cricket,Tennis,Cricket,,,text,20,12,true
Cricket,easy,"The topic ""Cricket"" best fits which category?",Cricket,Calculus,Basketball,Blockchain,Cricket,,,text,20,12,true
Cricket,easy,"The topic ""Cricket"" best fits which category?",Cricket,Programming (Python),Automobiles,Music (Classical),Cricket,,,text,20,12,true
Cricket,easy,Which quiz category would include: Cricket?,Inventions & Discoveries,Modern Literature,Cricket,Olympic Games,Cricket,,,text,20,12,true
Cricket,easy,"Choose the category that best matches ""Cricket"".",Cricket,Yoga & Health,Indian States,English Grammar,Cricket,,,text,20,12,true
Cricket,easy,Which category is the best match for: Cricket?,Algebra,Climate Change,Cricket,Philosophy,Cricket,,,text,20,12,true
Cricket,easy,Select the correct quiz category for: Cricket.,World Leaders,Finance,Cricket,Wildlife,Cricket,,,text,20,12,true
Cricket,easy,"Choose the category that best matches ""Cricket"".",Poetry,Cricket,English Grammar,Painting & Art,Cricket,,,text,20,12,true
Cricket,easy,"Choose the category that best matches ""Cricket"".",World Religions,Social Media,Cricket,Basketball,Cricket,,,text,20,12,true
Cricket,medium,"Which field does the topic ""Cricket"" fall under?",Algebra,Cricket,Basketball,Biology,Cricket,,,text,40,10,true
Cricket,medium,Which category is most closely related to: Cricket?,Architecture,Cricket,Artificial Intelligence,Algebra,Cricket,,,text,40,10,true
Cricket,medium,"Best-fit category for ""Cricket"" is:",Awards (Oscars),Biology,Automobiles,Cricket,Cricket,,,text,40,10,true
Cricket,medium,"Best-fit category for ""Cricket"" is:",Aviation,Agriculture,Basketball,Cricket,Cricket,,,text,40,10,true
Cricket,medium,Select the most appropriate category for: Cricket.,Awards (Oscars),Agriculture,Cricket,Algebra,Cricket,,,text,40,10,true
Cricket,medium,Select the most appropriate category for: Cricket.,Awards (Oscars),Ancient Civilization,Algebra,Cricket,Cricket,,,text,40,10,true
Cricket,medium,Which category would most likely include questions on Cricket?,Agriculture,Cricket,Automobiles,Architecture,Cricket,,,text,40,10,true
Cricket,medium,"Best-fit category for ""Cricket"" is:",Awards (Nobel),Artificial Intelligence,Algebra,Cricket,Cricket,,,text,40,10,true
Cricket,medium,Pick the best category for this quiz topic: Cricket.,Aviation,Cricket,Artificial Intelligence,Basketball,Cricket,,,text,40,10,true
Cricket,medium,Which category is most closely related to: Cricket?,Basketball,Awards (Nobel),Cricket,Artificial Intelligence,Cricket,,,text,40,10,true
Cricket,medium,Choose the most accurate category for the topic: Cricket.,Awards (Oscars),Cricket,Automobiles,Astronomy,Cricket,,,text,40,10,true
Cricket,medium,Choose the most accurate category for the topic: Cricket.,Biology,Cricket,Artificial Intelligence,Ancient Civilization,Cricket,,,text,40,10,true
Cricket,medium,Select the most appropriate category for: Cricket.,Awards (Nobel),Aviation,Cricket,Architecture,Cricket,,,text,40,10,true
Cricket,medium,Which category would most likely include questions on Cricket?,Awards (Oscars),Automobiles,Artificial Intelligence,Cricket,Cricket,,,text,40,10,true
Cricket,medium,"Which field does the topic ""Cricket"" fall under?",Algebra,Cricket,Awards (Oscars),Architecture,Cricket,,,text,40,10,true
Cricket,medium,"Which field does the topic ""Cricket"" fall under?",Automobiles,Aviation,Architecture,Cricket,Cricket,,,text,40,10,true
Cricket,medium,"Which subject area most closely matches the topic ""Cricket""?",Biology,Cricket,Algebra,Architecture,Cricket,,,text,40,10,true
Cricket,medium,"Which subject area most closely matches the topic ""Cricket""?",Awards (Nobel),Cricket,Architecture,Awards (Oscars),Cricket,,,text,40,10,true
Cricket,hard,Which subject is the correct classification for: Cricket?,Architecture,Aviation,Cricket,Agriculture,Cricket,,,text,80,8,true
Cricket,hard,Identify the primary category for: Cricket.,Cricket,Artificial Intelligence,Automobiles,Astronomy,Cricket,,,text,80,8,true
Cricket,hard,Choose the most specific category for: Cricket.,Ancient Civilization,Cricket,Artificial Intelligence,Agriculture,Cricket,,,text,80,8,true
Cricket,hard,"Most precise category for ""Cricket"" is:",Astronomy,Aviation,Cricket,Automobiles,Cricket,,,text,80,8,true
Cricket,hard,"Most precise category for ""Cricket"" is:",Artificial Intelligence,Cricket,Architecture,Automobiles,Cricket,,,text,80,8,true
Cricket,hard,"Most precise category for ""Cricket"" is:",Cricket,Aviation,Ancient Civilization,Artificial Intelligence,Cricket,,,text,80,8,true
Cricket,hard,Pick the category that most accurately represents: Cricket.,Astronomy,Cricket,Algebra,Architecture,Cricket,,,text,80,8,true
Cricket,hard,"Which category is the closest match for the topic ""Cricket""?",Automobiles,Aviation,Ancient Civilization,Cricket,Cricket,,,text,80,8,true
Cricket,hard,Pick the category that most accurately represents: Cricket.,Artificial Intelligence,Agriculture,Algebra,Cricket,Cricket,,,text,80,8,true
Cricket,hard,Select the category that most precisely fits: Cricket.,Architecture,Aviation,Automobiles,Cricket,Cricket,,,text,80,8,true
Cricket,hard,"Most precise category for ""Cricket"" is:",Astronomy,Agriculture,Cricket,Architecture,Cricket,,,text,80,8,true
Cricket,hard,"Which category is the best fit for the topic ""Cricket""?",Aviation,Cricket,Astronomy,Automobiles,Cricket,,,text,80,8,true
Cricket,hard,Pick the category that most accurately represents: Cricket.,Artificial Intelligence,Astronomy,Cricket,Automobiles,Cricket,,,text,80,8,true
Cricket,hard,"Which category is the closest match for the topic ""Cricket""?",Cricket,Algebra,Agriculture,Architecture,Cricket,,,text,80,8,true
Cricket,hard,Identify the primary category for: Cricket.,Automobiles,Architecture,Cricket,Artificial Intelligence,Cricket,,,text,80,8,true
Cricket,hard,Choose the most specific category for: Cricket.,Algebra,Ancient Civilization,Astronomy,Cricket,Cricket,,,text,80,8,true
Cricket,hard,Which subject is the correct classification for: Cricket?,Aviation,Ancient Civilization,Algebra,Cricket,Cricket,,,text,80,8,true
Cricket,hard,"Most precise category for ""Cricket"" is:",Automobiles,Cricket,Artificial Intelligence,Aviation,Cricket,,,text,80,8,true
Cricket,hard,Which subject is the correct classification for: Cricket?,Architecture,Cricket,Artificial Intelligence,Algebra,Cricket,,,text,80,8,true
Cricket,hard,"Which category is the closest match for the topic ""Cricket""?",Architecture,Algebra,Cricket,Artificial Intelligence,Cricket,,,text,80,8,true
Cricket,hard,Pick the category that most accurately represents: Cricket.,Cricket,Agriculture,Artificial Intelligence,Automobiles,Cricket,,,text,80,8,true
Cricket,hard,Identify the primary category for: Cricket.,Cricket,Architecture,Astronomy,Agriculture,Cricket,,,text,80,8,true
Cricket,hard,Which subject is the correct classification for: Cricket?,Algebra,Agriculture,Artificial Intelligence,Cricket,Cricket,,,text,80,8,true
Cricket,hard,Choose the most specific category for: Cricket.,Cricket,Ancient Civilization,Astronomy,Aviation,Cricket,,,text,80,8,true
Football,easy,Pick the subject area that matches: Football.,Marketing,Gardening,Football,Comic Books,Football,,,text,20,12,true
Football,easy,"Choose the category that best matches ""Football"".",Fashion,Business Tycoons,Football,Mythology (Norse),Football,,,text,20,12,true
Football,easy,Identify the subject area: Football.,Economics,Pharmacology,Football,Stock Market,Football,,,text,20,12,true
Football,easy,Select the correct quiz category for: Football.,Sociology,Football,Artificial Intelligence,Web Development,Football,,,text,20,12,true
Football,easy,Which category is the best match for: Football?,World Geography,Football,Trigonometry,Mythology (Greek),Football,,,text,20,12,true
Football,easy,Pick the subject area that matches: Football.,Movies (Hollywood),Internet History,Football,Psychology,Football,,,text,20,12,true
Football,easy,Which category is the best match for: Football?,Football,World Religions,Astronomy,Blockchain,Football,,,text,20,12,true
Football,easy,Identify the subject area: Football.,Football,Business Tycoons,Chess,Mountains & Peaks,Football,,,text,20,12,true
Football,easy,Pick the subject area that matches: Football.,Football,Tennis,Agriculture,Food & Cuisine,Football,,,text,20,12,true
Football,easy,"Which category does the topic ""Football"" belong to?",Football,Web Development,Trigonometry,National Flags,Football,,,text,20,12,true
Football,easy,Which category is the best match for: Football?,Gaming,Web Development,Football,Olympic Games,Football,,,text,20,12,true
Football,easy,"Which category does the topic ""Football"" belong to?",Medicine,Football,Physics,Movies (Hollywood),Football,,,text,20,12,true
Football,easy,Pick the subject area that matches: Football.,Olympic Games,Gardening,Football,Classic Literature,Football,,,text,20,12,true
Football,easy,Pick the subject area that matches: Football.,Comic Books,Football,Indian History,Oceans & Seas,Football,,,text,20,12,true
Football,easy,Select the correct quiz category for: Football.,Blockchain,Football,Programming (Python),Gardening,Football,,,text,20,12,true
Football,easy,Which quiz category would include: Football?,Languages,Islands,Computer Science,Football,Football,,,text,20,12,true
Football,easy,Identify the subject area: Football.,Football,National Parks,Medicine,Architecture,Football,,,text,20,12,true
Football,easy,Pick the subject area that matches: Football.,Football,Networking,Internet History,Marketing,Football,,,text,20,12,true
Football,medium,"Which field does the topic ""Football"" fall under?",Astronomy,Agriculture,Football,Biology,Football,,,text,40,10,true
Football,medium,"Best-fit category for ""Football"" is:",Agriculture,Architecture,Football,Awards (Oscars),Football,,,text,40,10,true
Football,medium,Which category is most closely related to: Football?,Football,Astronomy,Awards (Oscars),Awards (Nobel),Football,,,text,40,10,true
Football,medium,"Which subject area most closely matches the topic ""Football""?",Basketball,Football,Algebra,Architecture,Football,,,text,40,10,true
Football,medium,Which category would most likely include questions on Football?,Artificial Intelligence,Football,Astronomy,Biology,Football,,,text,40,10,true
Football,medium,"Which subject area most closely matches the topic ""Football""?",Aviation,Biology,Artificial Intelligence,Football,Football,,,text,40,10,true
Football,medium,Which category would most likely include questions on Football?,Football,Astronomy,Awards (Oscars),Architecture,Football,,,text,40,10,true
Football,medium,"Best-fit category for ""Football"" is:",Agriculture,Biology,Architecture,Football,Football,,,text,40,10,true
Football,medium,Choose the most accurate category for the topic: Football.,Agriculture,Biology,Awards (Oscars),Football,Football,,,text,40,10,true
Football,medium,Which category is most closely related to: Football?,Football,Biology,Aviation,Awards (Nobel),Football,,,text,40,10,true
Football,medium,"Which subject area most closely matches the topic ""Football""?",Architecture,Basketball,Awards (Oscars),Football,Football,,,text,40,10,true
Football,medium,Pick the best category for this quiz topic: Football.,Automobiles,Football,Awards (Oscars),Algebra,Football,,,text,40,10,true
Football,medium,Which category would most likely include questions on Football?,Football,Algebra,Artificial Intelligence,Aviation,Football,,,text,40,10,true
Football,medium,"Which subject area most closely matches the topic ""Football""?",Artificial Intelligence,Awards (Oscars),Ancient Civilization,Football,Football,,,text,40,10,true
Football,medium,Which category is most closely related to: Football?,Football,Astronomy,Agriculture,Awards (Nobel),Football,,,text,40,10,true
Football,medium,"Which subject area most closely matches the topic ""Football""?",Ancient Civilization,Football,Architecture,Astronomy,Football,,,text,40,10,true
Football,medium,"Which subject area most closely matches the topic ""Football""?",Artificial Intelligence,Astronomy,Algebra,Football,Football,,,text,40,10,true
Football,medium,Which category would most likely include questions on Football?,Ancient Civilization,Automobiles,Agriculture,Football,Football,,,text,40,10,true
Football,hard,Which subject is the correct classification for: Football?,Football,Aviation,Astronomy,Agriculture,Football,,,text,80,8,true
Football,hard,Pick the category that most accurately represents: Football.,Agriculture,Football,Automobiles,Aviation,Football,,,text,80,8,true
Football,hard,Choose the most specific category for: Football.,Ancient Civilization,Aviation,Football,Architecture,Football,,,text,80,8,true
Football,hard,Which subject is the correct classification for: Football?,Architecture,Astronomy,Football,Algebra,Football,,,text,80,8,true
Football,hard,"Most precise category for ""Football"" is:",Automobiles,Astronomy,Football,Artificial Intelligence,Football,,,text,80,8,true
Football,hard,"Most precise category for ""Football"" is:",Astronomy,Football,Aviation,Algebra,Football,,,text,80,8,true
Football,hard,Pick the category that most accurately represents: Football.,Artificial Intelligence,Automobiles,Astronomy,Football,Football,,,text,80,8,true
Football,hard,Select the category that most precisely fits: Football.,Architecture,Automobiles,Football,Aviation,Football,,,text,80,8,true
Football,hard,Choose the most specific category for: Football.,Football,Algebra,Astronomy,Agriculture,Football,,,text,80,8,true
Football,hard,"Which category is the closest match for the topic ""Football""?",Automobiles,Artificial Intelligence,Football,Architecture,Football,,,text,80,8,true
Football,hard,Which subject is the correct classification for: Football?,Ancient Civilization,Algebra,Agriculture,Football,Football,,,text,80,8,true
Football,hard,Pick the category that most accurately represents: Football.,Ancient Civilization,Algebra,Astronomy,Football,Football,,,text,80,8,true
Football,hard,"Most precise category for ""Football"" is:",Football,Agriculture,Artificial Intelligence,Aviation,Football,,,text,80,8,true
Football,hard,"Which category is the closest match for the topic ""Football""?",Astronomy,Football,Ancient Civilization,Artificial Intelligence,Football,,,text,80,8,true
Football,hard,Identify the primary category for: Football.,Ancient Civilization,Automobiles,Astronomy,Football,Football,,,text,80,8,true
Football,hard,"Most precise category for ""Football"" is:",Automobiles,Football,Ancient Civilization,Architecture,Football,,,text,80,8,true
Football,hard,Pick the category that most accurately represents: Football.,Football,Aviation,Ancient Civilization,Agriculture,Football,,,text,80,8,true
Football,hard,"Which category is the best fit for the topic ""Football""?",Football,Astronomy,Artificial Intelligence,Agriculture,Football,,,text,80,8,true
Football,hard,Pick the category that most accurately represents: Football.,Algebra,Football,Agriculture,Aviation,Football,,,text,80,8,true
Football,hard,Choose the most specific category for: Football.,Football,Automobiles,Ancient Civilization,Astronomy,Football,,,text,80,8,true
Football,hard,Which subject is the correct classification for: Football?,Football,Ancient Civilization,Architecture,Aviation,Football,,,text,80,8,true
Football,hard,"Which category is the closest match for the topic ""Football""?",Automobiles,Artificial Intelligence,Algebra,Football,Football,,,text,80,8,true
Football,hard,"Which category is the closest match for the topic ""Football""?",Football,Astronomy,Ancient Civilization,Aviation,Football,,,text,80,8,true
Football,hard,Choose the most specific category for: Football.,Algebra,Aviation,Artificial Intelligence,Football,Football,,,text,80,8,true
Tennis,easy,Identify the subject area: Tennis.,Business Tycoons,Economics,Pharmacology,Tennis,Tennis,,,text,20,12,true
Tennis,easy,"Choose the category that best matches ""Tennis"".",Tennis,Inventions & Discoveries,Finance,Networking,Tennis,,,text,20,12,true
Tennis,easy,"The topic ""Tennis"" best fits which category?",Cyber Security,Tennis,Mobile Development,Agriculture,Tennis,,,text,20,12,true
Tennis,easy,Pick the subject area that matches: Tennis.,Gardening,Tennis,Interior Design,Oceans & Seas,Tennis,,,text,20,12,true
Tennis,easy,Pick the subject area that matches: Tennis.,Islands,Classic Literature,Indian History,Tennis,Tennis,,,text,20,12,true
Tennis,easy,Which category is the best match for: Tennis?,Movies (Hollywood),Algebra,Movies (Bollywood),Tennis,Tennis,,,text,20,12,true
Tennis,easy,Which quiz category would include: Tennis?,Fashion,Business Tycoons,Tennis,Indian History,Tennis,,,text,20,12,true
Tennis,easy,Which quiz category would include: Tennis?,Tennis,Logistics,Blockchain,Gaming,Tennis,,,text,20,12,true
Tennis,easy,"The topic ""Tennis"" best fits which category?",Tennis,Awards (Oscars),National Parks,Mathematics,Tennis,,,text,20,12,true
Tennis,easy,Identify the subject area: Tennis.,Indian History,Logistics,Tennis,Food & Cuisine,Tennis,,,text,20,12,true
Tennis,easy,"Choose the category that best matches ""Tennis"".",Web Development,Business Tycoons,Tennis,Philosophy,Tennis,,,text,20,12,true
Tennis,easy,Select the correct quiz category for: Tennis.,English Grammar,Programming (Java),Tennis,Computer Science,Tennis,,,text,20,12,true
Tennis,easy,"Which category does the topic ""Tennis"" belong to?",Fashion,Space Exploration,Photography,Tennis,Tennis,,,text,20,12,true
Tennis,easy,Which category is the best match for: Tennis?,Climate Change,Tennis,Deserts,Web Development,Tennis,,,text,20,12,true
Tennis,easy,Pick the subject area that matches: Tennis.,Fashion,Comic Books,Tennis,Mythology (Indian),Tennis,,,text,20,12,true
Tennis,easy,Identify the subject area: Tennis.,Web Development,Space Exploration,Interior Design,Tennis,Tennis,,,text,20,12,true
Tennis,easy,Identify the subject area: Tennis.,Robotics,Artificial Intelligence,Tennis,Finance,Tennis,,,text,20,12,true
Tennis,easy,Identify the subject area: Tennis.,National Flags,Mythology (Norse),Stock Market,Tennis,Tennis,,,text,20,12,true
Tennis,medium,"Which field does the topic ""Tennis"" fall under?",Basketball,Automobiles,Artificial Intelligence,Tennis,Tennis,,,text,40,10,true
Tennis,medium,"Best-fit category for ""Tennis"" is:",Tennis,Architecture,Awards (Nobel),Astronomy,Tennis,,,text,40,10,true
Tennis,medium,"Which field does the topic ""Tennis"" fall under?",Artificial Intelligence,Biology,Tennis,Algebra,Tennis,,,text,40,10,true
Tennis,medium,Which category is most closely related to: Tennis?,Automobiles,Tennis,Astronomy,Aviation,Tennis,,,text,40,10,true
Tennis,medium,Select the most appropriate category for: Tennis.,Artificial Intelligence,Astronomy,Awards (Nobel),Tennis,Tennis,,,text,40,10,true
Tennis,medium,Pick the best category for this quiz topic: Tennis.,Agriculture,Awards (Oscars),Artificial Intelligence,Tennis,Tennis,,,text,40,10,true
Tennis,medium,Which category would most likely include questions on Tennis?,Awards (Oscars),Awards (Nobel),Automobiles,Tennis,Tennis,,,text,40,10,true
Tennis,medium,Pick the best category for this quiz topic: Tennis.,Tennis,Basketball,Artificial Intelligence,Biology,Tennis,,,text,40,10,true
Tennis,medium,Choose the most accurate category for the topic: Tennis.,Architecture,Tennis,Agriculture,Algebra,Tennis,,,text,40,10,true
Tennis,medium,Select the most appropriate category for: Tennis.,Automobiles,Tennis,Ancient Civilization,Astronomy,Tennis,,,text,40,10,true
Tennis,medium,Choose the most accurate category for the topic: Tennis.,Tennis,Aviation,Basketball,Automobiles,Tennis,,,text,40,10,true
Tennis,medium,"Which subject area most closely matches the topic ""Tennis""?",Automobiles,Agriculture,Tennis,Basketball,Tennis,,,text,40,10,true
Tennis,medium,Which category would most likely include questions on Tennis?,Algebra,Awards (Nobel),Tennis,Biology,Tennis,,,text,40,10,true
Tennis,medium,"Which subject area most closely matches the topic ""Tennis""?",Awards (Nobel),Aviation,Tennis,Artificial Intelligence,Tennis,,,text,40,10,true
Tennis,medium,"Which subject area most closely matches the topic ""Tennis""?",Biology,Basketball,Architecture,Tennis,Tennis,,,text,40,10,true
Tennis,medium,Select the most appropriate category for: Tennis.,Tennis,Awards (Nobel),Astronomy,Basketball,Tennis,,,text,40,10,true
Tennis,medium,Which category is most closely related to: Tennis?,Astronomy,Tennis,Aviation,Artificial Intelligence,Tennis,,,text,40,10,true
Tennis,medium,"Best-fit category for ""Tennis"" is:",Tennis,Algebra,Biology,Aviation,Tennis,,,text,40,10,true
Tennis,hard,Select the category that most precisely fits: Tennis.,Agriculture,Artificial Intelligence,Ancient Civilization,Tennis,Tennis,,,text,80,8,true
Tennis,hard,Pick the category that most accurately represents: Tennis.,Tennis,Agriculture,Aviation,Ancient Civilization,Tennis,,,text,80,8,true
Tennis,hard,Select the category that most precisely fits: Tennis.,Automobiles,Astronomy,Tennis,Agriculture,Tennis,,,text,80,8,true
Tennis,hard,Choose the most specific category for: Tennis.,Automobiles,Ancient Civilization,Tennis,Agriculture,Tennis,,,text,80,8,true
Tennis,hard,"Most precise category for ""Tennis"" is:",Astronomy,Ancient Civilization,Agriculture,Tennis,Tennis,,,text,80,8,true
Tennis,hard,Choose the most specific category for: Tennis.,Aviation,Astronomy,Artificial Intelligence,Tennis,Tennis,,,text,80,8,true
Tennis,hard,"Most precise category for ""Tennis"" is:",Astronomy,Architecture,Tennis,Aviation,Tennis,,,text,80,8,true
Tennis,hard,Choose the most specific category for: Tennis.,Algebra,Aviation,Tennis,Agriculture,Tennis,,,text,80,8,true
Tennis,hard,"Which category is the closest match for the topic ""Tennis""?",Tennis,Ancient Civilization,Aviation,Artificial Intelligence,Tennis,,,text,80,8,true
Tennis,hard,Which subject is the correct classification for: Tennis?,Agriculture,Tennis,Artificial Intelligence,Architecture,Tennis,,,text,80,8,true
Tennis,hard,"Which category is the best fit for the topic ""Tennis""?",Agriculture,Aviation,Astronomy,Tennis,Tennis,,,text,80,8,true
Tennis,hard,"Which category is the best fit for the topic ""Tennis""?",Astronomy,Tennis,Ancient Civilization,Architecture,Tennis,,,text,80,8,true
Tennis,hard,Select the category that most precisely fits: Tennis.,Astronomy,Tennis,Algebra,Agriculture,Tennis,,,text,80,8,true
Tennis,hard,Identify the primary category for: Tennis.,Automobiles,Ancient Civilization,Architecture,Tennis,Tennis,,,text,80,8,true
Tennis,hard,Select the category that most precisely fits: Tennis.,Artificial Intelligence,Tennis,Astronomy,Ancient Civilization,Tennis,,,text,80,8,true
Tennis,hard,Identify the primary category for: Tennis.,Algebra,Tennis,Astronomy,Artificial Intelligence,Tennis,,,text,80,8,true
Tennis,hard,Choose the most specific category for: Tennis.,Aviation,Tennis,Algebra,Architecture,Tennis,,,text,80,8,true
Tennis,hard,Pick the category that most accurately represents: Tennis.,Architecture,Algebra,Tennis,Agriculture,Tennis,,,text,80,8,true
Tennis,hard,"Most precise category for ""Tennis"" is:",Agriculture,Architecture,Tennis,Astronomy,Tennis,,,text,80,8,true
Tennis,hard,Pick the category that most accurately represents: Tennis.,Artificial Intelligence,Architecture,Algebra,Tennis,Tennis,,,text,80,8,true
Tennis,hard,"Which category is the closest match for the topic ""Tennis""?",Astronomy,Tennis,Ancient Civilization,Architecture,Tennis,,,text,80,8,true
Tennis,hard,Identify the primary category for: Tennis.,Tennis,Aviation,Artificial Intelligence,Astronomy,Tennis,,,text,80,8,true
Tennis,hard,"Which category is the best fit for the topic ""Tennis""?",Algebra,Tennis,Artificial Intelligence,Architecture,Tennis,,,text,80,8,true
Tennis,hard,"Which category is the best fit for the topic ""Tennis""?",Automobiles,Aviation,Architecture,Tennis,Tennis,,,text,80,8,true
Basketball,easy,"The topic ""Basketball"" best fits which category?",Finance,Basketball,Modern History,Awards (Nobel),Basketball,,,text,20,12,true
Basketball,easy,Pick the subject area that matches: Basketball.,Pharmacology,Gardening,Yoga & Health,Basketball,Basketball,,,text,20,12,true
Basketball,easy,Which quiz category would include: Basketball?,Gadgets,Chess,Robotics,Basketball,Basketball,,,text,20,12,true
Basketball,easy,"The topic ""Basketball"" best fits which category?",Automobiles,Architecture,Basketball,Classic Literature,Basketball,,,text,20,12,true
Basketball,easy,"Which category does the topic ""Basketball"" belong to?",National Flags,Basketball,Chemistry,Machine Learning,Basketball,,,text,20,12,true
Basketball,easy,Which category is the best match for: Basketball?,Sociology,Biology,Mythology (Indian),Basketball,Basketball,,,text,20,12,true
Basketball,easy,Pick the subject area that matches: Basketball.,Yoga & Health,Political Science,Philosophy,Basketball,Basketball,,,text,20,12,true
Basketball,easy,Which category is the best match for: Basketball?,Basketball,Physics,Space Exploration,Stock Market,Basketball,,,text,20,12,true
Basketball,easy,Which quiz category would include: Basketball?,Psychology,Islands,Basketball,Movies (Hollywood),Basketball,,,text,20,12,true
Basketball,easy,"Choose the category that best matches ""Basketball"".",E-commerce,Basketball,Physics,Robotics,Basketball,,,text,20,12,true
Basketball,easy,"Which category does the topic ""Basketball"" belong to?",Music (Classical),Basketball,Languages,World Leaders,Basketball,,,text,20,12,true
Basketball,easy,"Choose the category that best matches ""Basketball"".",Interior Design,Cyber Security,Basketball,Pharmacology,Basketball,,,text,20,12,true
Basketball,easy,"Choose the category that best matches ""Basketball"".",Geometry,Basketball,Mythology (Indian),Finance,Basketball,,,text,20,12,true
Basketball,easy,Which quiz category would include: Basketball?,Rivers & Lakes,Business Tycoons,Basketball,Olympic Games,Basketball,,,text,20,12,true
Basketball,easy,Identify the subject area: Basketball.,Music (Pop),World Religions,Basketball,Psychology,Basketball,,,text,20,12,true
Basketball,easy,"Which category does the topic ""Basketball"" belong to?",Oceans & Seas,Movies (Hollywood),Basketball,Stock Market,Basketball,,,text,20,12,true
Basketball,easy,Select the correct quiz category for: Basketball.,Indian States,World Continents,Awards (Nobel),Basketball,Basketball,,,text,20,12,true
Basketball,easy,Which category is the best match for: Basketball?,Mobile Development,Movies (Bollywood),Basketball,Awards (Nobel),Basketball,,,text,20,12,true
Basketball,medium,Choose the most accurate category for the topic: Basketball.,Biology,Astronomy,Basketball,Awards (Nobel),Basketball,,,text,40,10,true
Basketball,medium,Which category would most likely include questions on Basketball?,Basketball,Astronomy,Awards (Oscars),Automobiles,Basketball,,,text,40,10,true
Basketball,medium,Pick the best category for this quiz topic: Basketball.,Aviation,Basketball,Biology,Artificial Intelligence,Basketball,,,text,40,10,true
Basketball,medium,Choose the most accurate category for the topic: Basketball.,Aviation,Ancient Civilization,Basketball,Awards (Oscars),Basketball,,,text,40,10,true
Basketball,medium,"Which field does the topic ""Basketball"" fall under?",Architecture,Automobiles,Awards (Oscars),Basketball,Basketball,,,text,40,10,true
Basketball,medium,Select the most appropriate category for: Basketball.,Architecture,Basketball,Awards (Nobel),Biology,Basketball,,,text,40,10,true
Basketball,medium,"Which subject area most closely matches the topic ""Basketball""?",Biology,Aviation,Algebra,Basketball,Basketball,,,text,40,10,true
Basketball,medium,"Which field does the topic ""Basketball"" fall under?",Basketball,Awards (Oscars),Blockchain,Agriculture,Basketball,,,text,40,10,true
Basketball,medium,Which category would most likely include questions on Basketball?,Basketball,Agriculture,Architecture,Biology,Basketball,,,text,40,10,true
Basketball,medium,Which category is most closely related to: Basketball?,Basketball,Agriculture,Architecture,Biology,Basketball,,,text,40,10,true
Basketball,medium,Pick the best category for this quiz topic: Basketball.,Architecture,Ancient Civilization,Awards (Nobel),Basketball,Basketball,,,text,40,10,true
Basketball,medium,"Best-fit category for ""Basketball"" is:",Astronomy,Awards (Nobel),Basketball,Agriculture,Basketball,,,text,40,10,true
Basketball,medium,"Best-fit category for ""Basketball"" is:",Algebra,Blockchain,Automobiles,Basketball,Basketball,,,text,40,10,true
Basketball,medium,"Best-fit category for ""Basketball"" is:",Basketball,Aviation,Blockchain,Automobiles,Basketball,,,text,40,10,true
Basketball,medium,Which category would most likely include questions on Basketball?,Automobiles,Basketball,Agriculture,Awards (Nobel),Basketball,,,text,40,10,true
Basketball,medium,Pick the best category for this quiz topic: Basketball.,Basketball,Ancient Civilization,Automobiles,Astronomy,Basketball,,,text,40,10,true
Basketball,medium,Pick the best category for this quiz topic: Basketball.,Blockchain,Basketball,Automobiles,Aviation,Basketball,,,text,40,10,true
Basketball,medium,"Which field does the topic ""Basketball"" fall under?",Architecture,Automobiles,Basketball,Agriculture,Basketball,,,text,40,10,true
Basketball,hard,"Which category is the best fit for the topic ""Basketball""?",Algebra,Basketball,Architecture,Aviation,Basketball,,,text,80,8,true
Basketball,hard,"Which category is the closest match for the topic ""Basketball""?",Algebra,Artificial Intelligence,Basketball,Agriculture,Basketball,,,text,80,8,true
Basketball,hard,"Which category is the closest match for the topic ""Basketball""?",Architecture,Ancient Civilization,Algebra,Basketball,Basketball,,,text,80,8,true
Basketball,hard,Select the category that most precisely fits: Basketball.,Ancient Civilization,Agriculture,Automobiles,Basketball,Basketball,,,text,80,8,true
Basketball,hard,"Which category is the closest match for the topic ""Basketball""?",Basketball,Ancient Civilization,Algebra,Automobiles,Basketball,,,text,80,8,true
Basketball,hard,"Most precise category for ""Basketball"" is:",Astronomy,Algebra,Automobiles,Basketball,Basketball,,,text,80,8,true
Basketball,hard,"Which category is the closest match for the topic ""Basketball""?",Basketball,Aviation,Architecture,Artificial Intelligence,Basketball,,,text,80,8,true
Basketball,hard,Which subject is the correct classification for: Basketball?,Astronomy,Basketball,Aviation,Ancient Civilization,Basketball,,,text,80,8,true
Basketball,hard,Identify the primary category for: Basketball.,Automobiles,Aviation,Basketball,Astronomy,Basketball,,,text,80,8,true
Basketball,hard,"Most precise category for ""Basketball"" is:",Algebra,Aviation,Basketball,Automobiles,Basketball,,,text,80,8,true
Basketball,hard,Pick the category that most accurately represents: Basketball.,Basketball,Automobiles,Astronomy,Agriculture,Basketball,,,text,80,8,true
Basketball,hard,Pick the category that most accurately represents: Basketball.,Astronomy,Basketball,Ancient Civilization,Automobiles,Basketball,,,text,80,8,true
Basketball,hard,Choose the most specific category for: Basketball.,Basketball,Architecture,Aviation,Astronomy,Basketball,,,text,80,8,true
Basketball,hard,"Which category is the closest match for the topic ""Basketball""?",Basketball,Artificial Intelligence,Automobiles,Ancient Civilization,Basketball,,,text,80,8,true
Basketball,hard,Pick the category that most accurately represents: Basketball.,Automobiles,Basketball,Algebra,Astronomy,Basketball,,,text,80,8,true
Basketball,hard,Identify the primary category for: Basketball.,Basketball,Aviation,Astronomy,Ancient Civilization,Basketball,,,text,80,8,true
Basketball,hard,"Which category is the closest match for the topic ""Basketball""?",Architecture,Automobiles,Basketball,Algebra,Basketball,,,text,80,8,true
Basketball,hard,"Most precise category for ""Basketball"" is:",Ancient Civilization,Basketball,Astronomy,Automobiles,Basketball,,,text,80,8,true
Basketball,hard,"Which category is the closest match for the topic ""Basketball""?",Architecture,Basketball,Automobiles,Artificial Intelligence,Basketball,,,text,80,8,true
Basketball,hard,Choose the most specific category for: Basketball.,Architecture,Astronomy,Basketball,Algebra,Basketball,,,text,80,8,true
Basketball,hard,"Which category is the best fit for the topic ""Basketball""?",Algebra,Astronomy,Basketball,Architecture,Basketball,,,text,80,8,true
Basketball,hard,"Which category is the closest match for the topic ""Basketball""?",Basketball,Astronomy,Artificial Intelligence,Algebra,Basketball,,,text,80,8,true
Basketball,hard,Select the category that most precisely fits: Basketball.,Basketball,Astronomy,Architecture,Artificial Intelligence,Basketball,,,text,80,8,true
Basketball,hard,Which subject is the correct classification for: Basketball?,Automobiles,Ancient Civilization,Basketball,Aviation,Basketball,,,text,80,8,true
Chess,easy,"The topic ""Chess"" best fits which category?",Chess,Sociology,Automobiles,Biology,Chess,,,text,20,12,true
Chess,easy,Which quiz category would include: Chess?,National Flags,Chess,Food & Cuisine,Mathematics,Chess,,,text,20,12,true
Chess,easy,Which category is the best match for: Chess?,Architecture,Mathematics,Awards (Nobel),Chess,Chess,,,text,20,12,true
Chess,easy,Which quiz category would include: Chess?,Mythology (Greek),English Grammar,Medicine,Chess,Chess,,,text,20,12,true
Chess,easy,Which quiz category would include: Chess?,Chess,Environmental Science,Geometry,Gardening,Chess,,,text,20,12,true
Chess,easy,Select the correct quiz category for: Chess.,Rivers & Lakes,Chess,Sociology,Programming (Java),Chess,,,text,20,12,true
Chess,easy,"The topic ""Chess"" best fits which category?",Chemistry,National Parks,Chess,Social Media,Chess,,,text,20,12,true
Chess,easy,"Choose the category that best matches ""Chess"".",Trigonometry,Chess,Social Media,Architecture,Chess,,,text,20,12,true
Chess,easy,Pick the subject area that matches: Chess.,Chess,Fashion,Movies (Hollywood),Pharmacology,Chess,,,text,20,12,true
Chess,easy,Select the correct quiz category for: Chess.,Chess,Human Anatomy,Mountains & Peaks,Medicine,Chess,,,text,20,12,true
Chess,easy,Which quiz category would include: Chess?,Medicine,Chess,Inventions & Discoveries,Business Tycoons,Chess,,,text,20,12,true
Chess,easy,"Which category does the topic ""Chess"" belong to?",Chess,Algebra,Astronomy,Current Affairs,Chess,,,text,20,12,true
Chess,easy,Identify the subject area: Chess.,Chess,Yoga & Health,Indian States,World Leaders,Chess,,,text,20,12,true
Chess,easy,Which quiz category would include: Chess?,Chess,Physics,Social Media,Modern History,Chess,,,text,20,12,true
Chess,easy,"Which category does the topic ""Chess"" belong to?",Chess,Mythology (Norse),Music (Classical),Computer Science,Chess,,,text,20,12,true
Chess,easy,Which category is the best match for: Chess?,Photography,Ancient Civilization,Chess,Mathematics,Chess,,,text,20,12,true
Chess,easy,Select the correct quiz category for: Chess.,National Parks,Movies (Bollywood),Food & Cuisine,Chess,Chess,,,text,20,12,true
Chess,easy,"Which category does the topic ""Chess"" belong to?",E-commerce,Chess,Gardening,Cyber Security,Chess,,,text,20,12,true
Chess,medium,Choose the most accurate category for the topic: Chess.,Artificial Intelligence,Biology,Automobiles,Chess,Chess,,,text,40,10,true
Chess,medium,Pick the best category for this quiz topic: Chess.,Astronomy,Agriculture,Biology,Chess,Chess,,,text,40,10,true
Chess,medium,"Which subject area most closely matches the topic ""Chess""?",Awards (Nobel),Chess,Algebra,Artificial Intelligence,Chess,,,text,40,10,true
Chess,medium,Choose the most accurate category for the topic: Chess.,Chess,Agriculture,Awards (Nobel),Ancient Civilization,Chess,,,text,40,10,true
Chess,medium,"Best-fit category for ""Chess"" is:",Architecture,Artificial Intelligence,Automobiles,Chess,Chess,,,text,40,10,true
Chess,medium,Which category would most likely include questions on Chess?,Chess,Algebra,Artificial Intelligence,Ancient Civilization,Chess,,,text,40,10,true
Chess,medium,"Which field does the topic ""Chess"" fall under?",Basketball,Chess,Architecture,Artificial Intelligence,Chess,,,text,40,10,true
Chess,medium,Which category would most likely include questions on Chess?,Awards (Oscars),Architecture,Chess,Artificial Intelligence,Chess,,,text,40,10,true
Chess,medium,"Best-fit category for ""Chess"" is:",Chess,Ancient Civilization,Astronomy,Agriculture,Chess,,,text,40,10,true
Chess,medium,Choose the most accurate category for the topic: Chess.,Chess,Ancient Civilization,Biology,Artificial Intelligence,Chess,,,text,40,10,true
Chess,medium,Which category is most closely related to: Chess?,Chess,Awards (Nobel),Artificial Intelligence,Ancient Civilization,Chess,,,text,40,10,true
Chess,medium,"Which field does the topic ""Chess"" fall under?",Chess,Algebra,Ancient Civilization,Architecture,Chess,,,text,40,10,true
Chess,medium,Select the most appropriate category for: Chess.,Biology,Chess,Basketball,Awards (Nobel),Chess,,,text,40,10,true
Chess,medium,Pick the best category for this quiz topic: Chess.,Ancient Civilization,Automobiles,Artificial Intelligence,Chess,Chess,,,text,40,10,true
Chess,medium,Which category would most likely include questions on Chess?,Algebra,Chess,Biology,Ancient Civilization,Chess,,,text,40,10,true
Chess,medium,"Which subject area most closely matches the topic ""Chess""?",Aviation,Chess,Biology,Awards (Nobel),Chess,,,text,40,10,true
Chess,medium,"Best-fit category for ""Chess"" is:",Chess,Agriculture,Architecture,Biology,Chess,,,text,40,10,true
Chess,medium,Select the most appropriate category for: Chess.,Chess,Awards (Oscars),Ancient Civilization,Aviation,Chess,,,text,40,10,true
Chess,hard,Choose the most specific category for: Chess.,Chess,Ancient Civilization,Artificial Intelligence,Agriculture,Chess,,,text,80,8,true
Chess,hard,Which subject is the correct classification for: Chess?,Algebra,Ancient Civilization,Chess,Astronomy,Chess,,,text,80,8,true
Chess,hard,"Most precise category for ""Chess"" is:",Artificial Intelligence,Automobiles,Chess,Architecture,Chess,,,text,80,8,true
Chess,hard,"Which category is the closest match for the topic ""Chess""?",Automobiles,Chess,Algebra,Astronomy,Chess,,,text,80,8,true
Chess,hard,Select the category that most precisely fits: Chess.,Chess,Agriculture,Artificial Intelligence,Aviation,Chess,,,text,80,8,true
Chess,hard,Which subject is the correct classification for: Chess?,Architecture,Automobiles,Chess,Astronomy,Chess,,,text,80,8,true
Chess,hard,Pick the category that most accurately represents: Chess.,Chess,Automobiles,Aviation,Architecture,Chess,,,text,80,8,true
Chess,hard,Choose the most specific category for: Chess.,Chess,Artificial Intelligence,Aviation,Ancient Civilization,Chess,,,text,80,8,true
Chess,hard,"Most precise category for ""Chess"" is:",Astronomy,Artificial Intelligence,Aviation,Chess,Chess,,,text,80,8,true
Chess,hard,Which subject is the correct classification for: Chess?,Agriculture,Chess,Automobiles,Architecture,Chess,,,text,80,8,true
Chess,hard,Which subject is the correct classification for: Chess?,Chess,Architecture,Astronomy,Algebra,Chess,,,text,80,8,true
Chess,hard,Pick the category that most accurately represents: Chess.,Ancient Civilization,Chess,Artificial Intelligence,Architecture,Chess,,,text,80,8,true
Chess,hard,"Most precise category for ""Chess"" is:",Astronomy,Automobiles,Agriculture,Chess,Chess,,,text,80,8,true
Chess,hard,"Most precise category for ""Chess"" is:",Chess,Agriculture,Algebra,Architecture,Chess,,,text,80,8,true
Chess,hard,Choose the most specific category for: Chess.,Aviation,Chess,Astronomy,Architecture,Chess,,,text,80,8,true
Chess,hard,Pick the category that most accurately represents: Chess.,Chess,Ancient Civilization,Architecture,Artificial Intelligence,Chess,,,text,80,8,true
Chess,hard,"Most precise category for ""Chess"" is:",Agriculture,Astronomy,Chess,Aviation,Chess,,,text,80,8,true
Chess,hard,Select the category that most precisely fits: Chess.,Artificial Intelligence,Chess,Architecture,Agriculture,Chess,,,text,80,8,true
Chess,hard,"Which category is the closest match for the topic ""Chess""?",Chess,Algebra,Ancient Civilization,Architecture,Chess,,,text,80,8,true
Chess,hard,"Most precise category for ""Chess"" is:",Aviation,Ancient Civilization,Artificial Intelligence,Chess,Chess,,,text,80,8,true
Chess,hard,Choose the most specific category for: Chess.,Ancient Civilization,Chess,Artificial Intelligence,Automobiles,Chess,,,text,80,8,true
Chess,hard,Choose the most specific category for: Chess.,Automobiles,Chess,Algebra,Astronomy,Chess,,,text,80,8,true
Chess,hard,"Which category is the closest match for the topic ""Chess""?",Automobiles,Ancient Civilization,Artificial Intelligence,Chess,Chess,,,text,80,8,true
Chess,hard,Pick the category that most accurately represents: Chess.,Astronomy,Automobiles,Chess,Aviation,Chess,,,text,80,8,true
Movies (Hollywood),easy,Select the correct quiz category for: Movies (Hollywood).,Internet History,Movies (Hollywood),Automobiles,Olympic Games,Movies (Hollywood),,,text,20,12,true
Movies (Hollywood),easy,Identify the subject area: Movies (Hollywood).,National Flags,Mathematics,Indian History,Movies (Hollywood),Movies (Hollywood),,,text,20,12,true
Movies (Hollywood),easy,"Which category does the topic ""Movies (Hollywood)"" belong to?",Movies (Hollywood),Football,Physics,Awards (Oscars),Movies (Hollywood),,,text,20,12,true
Movies (Hollywood),easy,"The topic ""Movies (Hollywood)"" best fits which category?",Wildlife,Logistics,Astronomy,Movies (Hollywood),Movies (Hollywood),,,text,20,12,true
Movies (Hollywood),easy,Pick the subject area that matches: Movies (Hollywood).,Biology,Current Affairs,Human Anatomy,Movies (Hollywood),Movies (Hollywood),,,text,20,12,true
Movies (Hollywood),easy,"Choose the category that best matches ""Movies (Hollywood)"".",World Geography,Food & Cuisine,Social Media,Movies (Hollywood),Movies (Hollywood),,,text,20,12,true
Movies (Hollywood),easy,"The topic ""Movies (Hollywood)"" best fits which category?",Medicine,World Geography,Movies (Hollywood),Mythology (Indian),Movies (Hollywood),,,text,20,12,true
Movies (Hollywood),easy,"Choose the category that best matches ""Movies (Hollywood)"".",Islands,Movies (Hollywood),Gadgets,Superheroes,Movies (Hollywood),,,text,20,12,true
Movies (Hollywood),easy,Select the correct quiz category for: Movies (Hollywood).,Psychology,Superheroes,Web Development,Movies (Hollywood),Movies (Hollywood),,,text,20,12,true
Movies (Hollywood),easy,"Which category does the topic ""Movies (Hollywood)"" belong to?",Movies (Hollywood),Brands & Logos,Physics,Cyber Security,Movies (Hollywood),,,text,20,12,true
Movies (Hollywood),easy,Identify the subject area: Movies (Hollywood).,Music (Pop),Architecture,National Parks,Movies (Hollywood),Movies (Hollywood),,,text,20,12,true
Movies (Hollywood),easy,"The topic ""Movies (Hollywood)"" best fits which category?",Currencies,English Grammar,Tennis,Movies (Hollywood),Movies (Hollywood),,,text,20,12,true
Movies (Hollywood),easy,"Which category does the topic ""Movies (Hollywood)"" belong to?",Gaming,Gadgets,Astronomy,Movies (Hollywood),Movies (Hollywood),,,text,20,12,true
Movies (Hollywood),easy,Which quiz category would include: Movies (Hollywood)?,Brands & Logos,Movies (Hollywood),Algebra,Sociology,Movies (Hollywood),,,text,20,12,true
Movies (Hollywood),easy,"Which category does the topic ""Movies (Hollywood)"" belong to?",Wildlife,Movies (Hollywood),Music (Pop),Movies (Bollywood),Movies (Hollywood),,,text,20,12,true
Movies (Hollywood),easy,Which quiz category would include: Movies (Hollywood)?,National Flags,Music (Pop),Movies (Hollywood),Rivers & Lakes,Movies (Hollywood),,,text,20,12,true
Movies (Hollywood),easy,Which category is the best match for: Movies (Hollywood)?,Sociology,Movies (Hollywood),Political Science,Mountains & Peaks,Movies (Hollywood),,,text,20,12,true
Movies (Hollywood),easy,"Which category does the topic ""Movies (Hollywood)"" belong to?",Movies (Hollywood),Inventions & Discoveries,Languages,Awards (Nobel),Movies (Hollywood),,,text,20,12,true
Movies (Hollywood),medium,Which category is most closely related to: Movies (Hollywood)?,Automobiles,Movies (Bollywood),Artificial Intelligence,Movies (Hollywood),Movies (Hollywood),,,text,40,10,true
Movies (Hollywood),medium,Select the most appropriate category for: Movies (Hollywood).,Artificial Intelligence,Movies (Hollywood),Basketball,Automobiles,Movies (Hollywood),,,text,40,10,true
Movies (Hollywood),medium,Which category would most likely include questions on Movies (Hollywood)?,Movies (Bollywood),Aviation,Architecture,Movies (Hollywood),Movies (Hollywood),,,text,40,10,true
Movies (Hollywood),medium,Choose the most accurate category for the topic: Movies (Hollywood).,Agriculture,Aviation,Architecture,Movies (Hollywood),Movies (Hollywood),,,text,40,10,true
Movies (Hollywood),medium,Choose the most accurate category for the topic: Movies (Hollywood).,Movies (Bollywood),Ancient Civilization,Movies (Hollywood),Artificial Intelligence,Movies (Hollywood),,,text,40,10,true
Movies (Hollywood),medium,"Which subject area most closely matches the topic ""Movies (Hollywood)""?",Astronomy,Movies (Hollywood),Agriculture,Automobiles,Movies (Hollywood),,,text,40,10,true
Movies (Hollywood),medium,"Best-fit category for ""Movies (Hollywood)"" is:",Movies (Hollywood),Basketball,Astronomy,Algebra,Movies (Hollywood),,,text,40,10,true
Movies (Hollywood),medium,Which category would most likely include questions on Movies (Hollywood)?,Basketball,Awards (Oscars),Architecture,Movies (Hollywood),Movies (Hollywood),,,text,40,10,true
Movies (Hollywood),medium,"Best-fit category for ""Movies (Hollywood)"" is:",Astronomy,Algebra,Movies (Hollywood),Agriculture,Movies (Hollywood),,,text,40,10,true
Movies (Hollywood),medium,Which category is most closely related to: Movies (Hollywood)?,Artificial Intelligence,Awards (Nobel),Movies (Hollywood),Movies (Bollywood),Movies (Hollywood),,,text,40,10,true
Movies (Hollywood),medium,Which category is most closely related to: Movies (Hollywood)?,Astronomy,Awards (Oscars),Ancient Civilization,Movies (Hollywood),Movies (Hollywood),,,text,40,10,true
Movies (Hollywood),medium,"Best-fit category for ""Movies (Hollywood)"" is:",Basketball,Agriculture,Algebra,Movies (Hollywood),Movies (Hollywood),,,text,40,10,true
Movies (Hollywood),medium,"Which subject area most closely matches the topic ""Movies (Hollywood)""?",Movies (Hollywood),Astronomy,Agriculture,Ancient Civilization,Movies (Hollywood),,,text,40,10,true
Movies (Hollywood),medium,"Best-fit category for ""Movies (Hollywood)"" is:",Awards (Nobel),Aviation,Movies (Hollywood),Basketball,Movies (Hollywood),,,text,40,10,true
Movies (Hollywood),medium,"Which subject area most closely matches the topic ""Movies (Hollywood)""?",Automobiles,Aviation,Agriculture,Movies (Hollywood),Movies (Hollywood),,,text,40,10,true
Movies (Hollywood),medium,Select the most appropriate category for: Movies (Hollywood).,Ancient Civilization,Awards (Nobel),Movies (Hollywood),Movies (Bollywood),Movies (Hollywood),,,text,40,10,true
Movies (Hollywood),medium,"Which field does the topic ""Movies (Hollywood)"" fall under?",Artificial Intelligence,Agriculture,Aviation,Movies (Hollywood),Movies (Hollywood),,,text,40,10,true
Movies (Hollywood),medium,"Which field does the topic ""Movies (Hollywood)"" fall under?",Movies (Hollywood),Algebra,Awards (Oscars),Automobiles,Movies (Hollywood),,,text,40,10,true
Movies (Hollywood),hard,"Most precise category for ""Movies (Hollywood)"" is:",Automobiles,Agriculture,Algebra,Movies (Hollywood),Movies (Hollywood),,,text,80,8,true
Movies (Hollywood),hard,Pick the category that most accurately represents: Movies (Hollywood).,Astronomy,Automobiles,Ancient Civilization,Movies (Hollywood),Movies (Hollywood),,,text,80,8,true
Movies (Hollywood),hard,"Most precise category for ""Movies (Hollywood)"" is:",Astronomy,Movies (Bollywood),Ancient Civilization,Movies (Hollywood),Movies (Hollywood),,,text,80,8,true
Movies (Hollywood),hard,Identify the primary category for: Movies (Hollywood).,Automobiles,Movies (Hollywood),Algebra,Agriculture,Movies (Hollywood),,,text,80,8,true
Movies (Hollywood),hard,Select the category that most precisely fits: Movies (Hollywood).,Algebra,Astronomy,Automobiles,Movies (Hollywood),Movies (Hollywood),,,text,80,8,true
Movies (Hollywood),hard,"Most precise category for ""Movies (Hollywood)"" is:",Movies (Hollywood),Artificial Intelligence,Automobiles,Movies (Bollywood),Movies (Hollywood),,,text,80,8,true
Movies (Hollywood),hard,Choose the most specific category for: Movies (Hollywood).,Architecture,Algebra,Astronomy,Movies (Hollywood),Movies (Hollywood),,,text,80,8,true
Movies (Hollywood),hard,Pick the category that most accurately represents: Movies (Hollywood).,Movies (Hollywood),Ancient Civilization,Agriculture,Algebra,Movies (Hollywood),,,text,80,8,true
Movies (Hollywood),hard,Select the category that most precisely fits: Movies (Hollywood).,Architecture,Movies (Bollywood),Movies (Hollywood),Agriculture,Movies (Hollywood),,,text,80,8,true
Movies (Hollywood),hard,Which subject is the correct classification for: Movies (Hollywood)?,Ancient Civilization,Agriculture,Astronomy,Movies (Hollywood),Movies (Hollywood),,,text,80,8,true
Movies (Hollywood),hard,"Which category is the closest match for the topic ""Movies (Hollywood)""?",Ancient Civilization,Artificial Intelligence,Automobiles,Movies (Hollywood),Movies (Hollywood),,,text,80,8,true
Movies (Hollywood),hard,Identify the primary category for: Movies (Hollywood).,Artificial Intelligence,Movies (Hollywood),Agriculture,Algebra,Movies (Hollywood),,,text,80,8,true
Movies (Hollywood),hard,Pick the category that most accurately represents: Movies (Hollywood).,Artificial Intelligence,Ancient Civilization,Movies (Hollywood),Algebra,Movies (Hollywood),,,text,80,8,true
Movies (Hollywood),hard,Which subject is the correct classification for: Movies (Hollywood)?,Artificial Intelligence,Ancient Civilization,Movies (Hollywood),Movies (Bollywood),Movies (Hollywood),,,text,80,8,true
Movies (Hollywood),hard,Choose the most specific category for: Movies (Hollywood).,Astronomy,Ancient Civilization,Movies (Bollywood),Movies (Hollywood),Movies (Hollywood),,,text,80,8,true
Movies (Hollywood),hard,"Most precise category for ""Movies (Hollywood)"" is:",Astronomy,Movies (Hollywood),Automobiles,Artificial Intelligence,Movies (Hollywood),,,text,80,8,true
Movies (Hollywood),hard,"Most precise category for ""Movies (Hollywood)"" is:",Movies (Hollywood),Automobiles,Architecture,Ancient Civilization,Movies (Hollywood),,,text,80,8,true
Movies (Hollywood),hard,"Which category is the best fit for the topic ""Movies (Hollywood)""?",Movies (Bollywood),Ancient Civilization,Architecture,Movies (Hollywood),Movies (Hollywood),,,text,80,8,true
Movies (Hollywood),hard,"Which category is the closest match for the topic ""Movies (Hollywood)""?",Movies (Hollywood),Algebra,Ancient Civilization,Artificial Intelligence,Movies (Hollywood),,,text,80,8,true
Movies (Hollywood),hard,"Which category is the closest match for the topic ""Movies (Hollywood)""?",Algebra,Movies (Hollywood),Automobiles,Agriculture,Movies (Hollywood),,,text,80,8,true
Movies (Hollywood),hard,Pick the category that most accurately represents: Movies (Hollywood).,Agriculture,Automobiles,Movies (Bollywood),Movies (Hollywood),Movies (Hollywood),,,text,80,8,true
Movies (Hollywood),hard,Pick the category that most accurately represents: Movies (Hollywood).,Algebra,Movies (Hollywood),Architecture,Agriculture,Movies (Hollywood),,,text,80,8,true
Movies (Hollywood),hard,Which subject is the correct classification for: Movies (Hollywood)?,Algebra,Movies (Hollywood),Architecture,Movies (Bollywood),Movies (Hollywood),,,text,80,8,true
Movies (Hollywood),hard,Pick the category that most accurately represents: Movies (Hollywood).,Astronomy,Movies (Hollywood),Artificial Intelligence,Algebra,Movies (Hollywood),,,text,80,8,true
Movies (Bollywood),easy,Identify the subject area: Movies (Bollywood).,Movies (Bollywood),Languages,Ancient Civilization,Current Affairs,Movies (Bollywood),,,text,20,12,true
Movies (Bollywood),easy,"Which category does the topic ""Movies (Bollywood)"" belong to?",Movies (Bollywood),Gardening,Deserts,Olympic Games,Movies (Bollywood),,,text,20,12,true
Movies (Bollywood),easy,Pick the subject area that matches: Movies (Bollywood).,Food & Cuisine,Space Exploration,Movies (Bollywood),Languages,Movies (Bollywood),,,text,20,12,true
Movies (Bollywood),easy,Pick the subject area that matches: Movies (Bollywood).,Psychology,Movies (Bollywood),Painting & Art,Chess,Movies (Bollywood),,,text,20,12,true
Movies (Bollywood),easy,Pick the subject area that matches: Movies (Bollywood).,Languages,Political Science,Marketing,Movies (Bollywood),Movies (Bollywood),,,text,20,12,true
Movies (Bollywood),easy,Which category is the best match for: Movies (Bollywood)?,Movies (Hollywood),Mountains & Peaks,Movies (Bollywood),Ancient Civilization,Movies (Bollywood),,,text,20,12,true
Movies (Bollywood),easy,Identify the subject area: Movies (Bollywood).,Philosophy,Movies (Bollywood),Robotics,Political Science,Movies (Bollywood),,,text,20,12,true
Movies (Bollywood),easy,"Choose the category that best matches ""Movies (Bollywood)"".",World Leaders,Movies (Bollywood),Chess,Mythology (Norse),Movies (Bollywood),,,text,20,12,true
Movies (Bollywood),easy,Which category is the best match for: Movies (Bollywood)?,Movies (Bollywood),Mobile Development,Philosophy,World Geography,Movies (Bollywood),,,text,20,12,true
Movies (Bollywood),easy,"Which category does the topic ""Movies (Bollywood)"" belong to?",Geometry,Movies (Bollywood),Psychology,Social Media,Movies (Bollywood),,,text,20,12,true
Movies (Bollywood),easy,Identify the subject area: Movies (Bollywood).,World Religions,Programming (Java),Movies (Bollywood),Inventions & Discoveries,Movies (Bollywood),,,text,20,12,true
Movies (Bollywood),easy,Which category is the best match for: Movies (Bollywood)?,Movies (Bollywood),Physics,Painting & Art,Social Media,Movies (Bollywood),,,text,20,12,true
Movies (Bollywood),easy,Pick the subject area that matches: Movies (Bollywood).,Movies (Bollywood),Chemistry,Currencies,Painting & Art,Movies (Bollywood),,,text,20,12,true
Movies (Bollywood),easy,Identify the subject area: Movies (Bollywood).,Movies (Bollywood),Business Tycoons,Music (Pop),Basketball,Movies (Bollywood),,,text,20,12,true
Movies (Bollywood),easy,"The topic ""Movies (Bollywood)"" best fits which category?",Psychology,Space Exploration,Web Development,Movies (Bollywood),Movies (Bollywood),,,text,20,12,true
Movies (Bollywood),easy,"Choose the category that best matches ""Movies (Bollywood)"".",Inventions & Discoveries,Interior Design,Movies (Bollywood),Mythology (Norse),Movies (Bollywood),,,text,20,12,true
Movies (Bollywood),easy,Select the correct quiz category for: Movies (Bollywood).,Web Development,World Geography,Movies (Bollywood),Tennis,Movies (Bollywood),,,text,20,12,true
Movies (Bollywood),easy,"Which category does the topic ""Movies (Bollywood)"" belong to?",Automobiles,Movies (Bollywood),Mathematics,Algebra,Movies (Bollywood),,,text,20,12,true
Movies (Bollywood),medium,Choose the most accurate category for the topic: Movies (Bollywood).,Algebra,Ancient Civilization,Movies (Bollywood),Astronomy,Movies (Bollywood),,,text,40,10,true
Movies (Bollywood),medium,Pick the best category for this quiz topic: Movies (Bollywood).,Movies (Bollywood),Architecture,Ancient Civilization,Movies (Hollywood),Movies (Bollywood),,,text,40,10,true
Movies (Bollywood),medium,"Which field does the topic ""Movies (Bollywood)"" fall under?",Movies (Hollywood),Algebra,Movies (Bollywood),Awards (Nobel),Movies (Bollywood),,,text,40,10,true
Movies (Bollywood),medium,"Which subject area most closely matches the topic ""Movies (Bollywood)""?",Basketball,Automobiles,Movies (Hollywood),Movies (Bollywood),Movies (Bollywood),,,text,40,10,true
Movies (Bollywood),medium,Which category is most closely related to: Movies (Bollywood)?,Movies (Bollywood),Architecture,Aviation,Automobiles,Movies (Bollywood),,,text,40,10,true
Movies (Bollywood),medium,"Which field does the topic ""Movies (Bollywood)"" fall under?",Basketball,Architecture,Movies (Bollywood),Awards (Oscars),Movies (Bollywood),,,text,40,10,true
Movies (Bollywood),medium,"Which field does the topic ""Movies (Bollywood)"" fall under?",Awards (Nobel),Movies (Bollywood),Ancient Civilization,Agriculture,Movies (Bollywood),,,text,40,10,true
Movies (Bollywood),medium,"Which subject area most closely matches the topic ""Movies (Bollywood)""?",Ancient Civilization,Movies (Bollywood),Awards (Nobel),Artificial Intelligence,Movies (Bollywood),,,text,40,10,true
Movies (Bollywood),medium,Which category would most likely include questions on Movies (Bollywood)?,Automobiles,Movies (Bollywood),Awards (Nobel),Basketball,Movies (Bollywood),,,text,40,10,true
Movies (Bollywood),medium,"Which field does the topic ""Movies (Bollywood)"" fall under?",Awards (Nobel),Movies (Bollywood),Artificial Intelligence,Algebra,Movies (Bollywood),,,text,40,10,true
Movies (Bollywood),medium,Which category is most closely related to: Movies (Bollywood)?,Ancient Civilization,Automobiles,Movies (Bollywood),Aviation,Movies (Bollywood),,,text,40,10,true
Movies (Bollywood),medium,Which category is most closely related to: Movies (Bollywood)?,Artificial Intelligence,Agriculture,Algebra,Movies (Bollywood),Movies (Bollywood),,,text,40,10,true
Movies (Bollywood),medium,Select the most appropriate category for: Movies (Bollywood).,Movies (Bollywood),Awards (Oscars),Awards (Nobel),Algebra,Movies (Bollywood),,,text,40,10,true
Movies (Bollywood),medium,"Which field does the topic ""Movies (Bollywood)"" fall under?",Movies (Bollywood),Algebra,Aviation,Architecture,Movies (Bollywood),,,text,40,10,true
Movies (Bollywood),medium,"Which subject area most closely matches the topic ""Movies (Bollywood)""?",Movies (Bollywood),Algebra,Artificial Intelligence,Awards (Oscars),Movies (Bollywood),,,text,40,10,true
Movies (Bollywood),medium,"Best-fit category for ""Movies (Bollywood)"" is:",Aviation,Movies (Bollywood),Astronomy,Ancient Civilization,Movies (Bollywood),,,text,40,10,true
Movies (Bollywood),medium,Which category is most closely related to: Movies (Bollywood)?,Ancient Civilization,Architecture,Movies (Bollywood),Aviation,Movies (Bollywood),,,text,40,10,true
Movies (Bollywood),medium,"Best-fit category for ""Movies (Bollywood)"" is:",Movies (Bollywood),Architecture,Astronomy,Artificial Intelligence,Movies (Bollywood),,,text,40,10,true
Movies (Bollywood),hard,Choose the most specific category for: Movies (Bollywood).,Movies (Hollywood),Astronomy,Algebra,Movies (Bollywood),Movies (Bollywood),,,text,80,8,true
Movies (Bollywood),hard,Which subject is the correct classification for: Movies (Bollywood)?,Movies (Bollywood),Movies (Hollywood),Algebra,Automobiles,Movies (Bollywood),,,text,80,8,true
Movies (Bollywood),hard,"Which category is the closest match for the topic ""Movies (Bollywood)""?",Movies (Hollywood),Ancient Civilization,Algebra,Movies (Bollywood),Movies (Bollywood),,,text,80,8,true
Movies (Bollywood),hard,Pick the category that most accurately represents: Movies (Bollywood).,Algebra,Ancient Civilization,Movies (Hollywood),Movies (Bollywood),Movies (Bollywood),,,text,80,8,true
Movies (Bollywood),hard,"Which category is the closest match for the topic ""Movies (Bollywood)""?",Algebra,Astronomy,Movies (Bollywood),Artificial Intelligence,Movies (Bollywood),,,text,80,8,true
Movies (Bollywood),hard,"Which category is the closest match for the topic ""Movies (Bollywood)""?",Movies (Bollywood),Algebra,Automobiles,Architecture,Movies (Bollywood),,,text,80,8,true
Movies (Bollywood),hard,Which subject is the correct classification for: Movies (Bollywood)?,Astronomy,Movies (Bollywood),Ancient Civilization,Artificial Intelligence,Movies (Bollywood),,,text,80,8,true
Movies (Bollywood),hard,"Which category is the closest match for the topic ""Movies (Bollywood)""?",Agriculture,Movies (Bollywood),Automobiles,Artificial Intelligence,Movies (Bollywood),,,text,80,8,true
Movies (Bollywood),hard,Pick the category that most accurately represents: Movies (Bollywood).,Architecture,Movies (Bollywood),Movies (Hollywood),Agriculture,Movies (Bollywood),,,text,80,8,true
Movies (Bollywood),hard,Which subject is the correct classification for: Movies (Bollywood)?,Movies (Bollywood),Ancient Civilization,Agriculture,Artificial Intelligence,Movies (Bollywood),,,text,80,8,true
Movies (Bollywood),hard,Pick the category that most accurately represents: Movies (Bollywood).,Artificial Intelligence,Architecture,Movies (Bollywood),Movies (Hollywood),Movies (Bollywood),,,text,80,8,true
Movies (Bollywood),hard,"Which category is the closest match for the topic ""Movies (Bollywood)""?",Agriculture,Automobiles,Movies (Bollywood),Astronomy,Movies (Bollywood),,,text,80,8,true
Movies (Bollywood),hard,Identify the primary category for: Movies (Bollywood).,Ancient Civilization,Architecture,Movies (Bollywood),Artificial Intelligence,Movies (Bollywood),,,text,80,8,true
Movies (Bollywood),hard,Which subject is the correct classification for: Movies (Bollywood)?,Movies (Bollywood),Ancient Civilization,Movies (Hollywood),Astronomy,Movies (Bollywood),,,text,80,8,true
Movies (Bollywood),hard,Identify the primary category for: Movies (Bollywood).,Movies (Bollywood),Architecture,Artificial Intelligence,Automobiles,Movies (Bollywood),,,text,80,8,true
Movies (Bollywood),hard,Pick the category that most accurately represents: Movies (Bollywood).,Ancient Civilization,Movies (Hollywood),Movies (Bollywood),Artificial Intelligence,Movies (Bollywood),,,text,80,8,true
Movies (Bollywood),hard,Select the category that most precisely fits: Movies (Bollywood).,Ancient Civilization,Astronomy,Movies (Bollywood),Automobiles,Movies (Bollywood),,,text,80,8,true
Movies (Bollywood),hard,"Which category is the closest match for the topic ""Movies (Bollywood)""?",Automobiles,Algebra,Artificial Intelligence,Movies (Bollywood),Movies (Bollywood),,,text,80,8,true
Movies (Bollywood),hard,Which subject is the correct classification for: Movies (Bollywood)?,Architecture,Automobiles,Movies (Bollywood),Algebra,Movies (Bollywood),,,text,80,8,true
Movies (Bollywood),hard,"Which category is the closest match for the topic ""Movies (Bollywood)""?",Agriculture,Architecture,Astronomy,Movies (Bollywood),Movies (Bollywood),,,text,80,8,true
Movies (Bollywood),hard,Pick the category that most accurately represents: Movies (Bollywood).,Movies (Bollywood),Movies (Hollywood),Agriculture,Artificial Intelligence,Movies (Bollywood),,,text,80,8,true
Movies (Bollywood),hard,"Which category is the closest match for the topic ""Movies (Bollywood)""?",Agriculture,Movies (Bollywood),Artificial Intelligence,Automobiles,Movies (Bollywood),,,text,80,8,true
Movies (Bollywood),hard,"Which category is the closest match for the topic ""Movies (Bollywood)""?",Movies (Hollywood),Algebra,Ancient Civilization,Movies (Bollywood),Movies (Bollywood),,,text,80,8,true
Movies (Bollywood),hard,Which subject is the correct classification for: Movies (Bollywood)?,Architecture,Astronomy,Artificial Intelligence,Movies (Bollywood),Movies (Bollywood),,,text,80,8,true
Music (Classical),easy,Which quiz category would include: Music (Classical)?,Modern History,Music (Classical),Programming (Python),Interior Design,Music (Classical),,,text,20,12,true
Music (Classical),easy,"Which category does the topic ""Music (Classical)"" belong to?",Finance,Poetry,Music (Classical),Classic Literature,Music (Classical),,,text,20,12,true
Music (Classical),easy,Select the correct quiz category for: Music (Classical).,Robotics,Music (Classical),Mountains & Peaks,Superheroes,Music (Classical),,,text,20,12,true
Music (Classical),easy,Identify the subject area: Music (Classical).,Artificial Intelligence,Aviation,Music (Classical),E-commerce,Music (Classical),,,text,20,12,true
Music (Classical),easy,"Which category does the topic ""Music (Classical)"" belong to?",Calculus,Music (Classical),Philosophy,Movies (Hollywood),Music (Classical),,,text,20,12,true
Music (Classical),easy,Pick the subject area that matches: Music (Classical).,Fashion,Music (Classical),Agriculture,Currencies,Music (Classical),,,text,20,12,true
Music (Classical),easy,Identify the subject area: Music (Classical).,E-commerce,Music (Classical),Chemistry,Famous Personalities,Music (Classical),,,text,20,12,true
Music (Classical),easy,Pick the subject area that matches: Music (Classical).,Aviation,Music (Classical),Music (Pop),Chess,Music (Classical),,,text,20,12,true
Music (Classical),easy,Select the correct quiz category for: Music (Classical).,Cyber Security,Indian States,Computer Science,Music (Classical),Music (Classical),,,text,20,12,true
Music (Classical),easy,"Choose the category that best matches ""Music (Classical)"".",Indian History,Marketing,Stock Market,Music (Classical),Music (Classical),,,text,20,12,true
Music (Classical),easy,Select the correct quiz category for: Music (Classical).,Sociology,Music (Classical),Deserts,Movies (Bollywood),Music (Classical),,,text,20,12,true
Music (Classical),easy,Select the correct quiz category for: Music (Classical).,Psychology,Music (Classical),Political Science,Modern Literature,Music (Classical),,,text,20,12,true
Music (Classical),easy,Pick the subject area that matches: Music (Classical).,Painting & Art,Music (Classical),Geometry,Architecture,Music (Classical),,,text,20,12,true
Music (Classical),easy,Pick the subject area that matches: Music (Classical).,Ancient Civilization,Brands & Logos,Music (Classical),Food & Cuisine,Music (Classical),,,text,20,12,true
Music (Classical),easy,Which quiz category would include: Music (Classical)?,Music (Pop),Music (Classical),Astronomy,Robotics,Music (Classical),,,text,20,12,true
Music (Classical),easy,Select the correct quiz category for: Music (Classical).,Gardening,Music (Classical),Geometry,Astronomy,Music (Classical),,,text,20,12,true
Music (Classical),easy,Which quiz category would include: Music (Classical)?,Music (Classical),Networking,Photography,Programming (Python),Music (Classical),,,text,20,12,true
Music (Classical),easy,"Which category does the topic ""Music (Classical)"" belong to?",Brands & Logos,Music (Classical),Olympic Games,Philosophy,Music (Classical),,,text,20,12,true
Music (Classical),medium,"Which field does the topic ""Music (Classical)"" fall under?",Algebra,Aviation,Automobiles,Music (Classical),Music (Classical),,,text,40,10,true
Music (Classical),medium,"Best-fit category for ""Music (Classical)"" is:",Music (Classical),Astronomy,Music (Pop),Awards (Nobel),Music (Classical),,,text,40,10,true
Music (Classical),medium,Select the most appropriate category for: Music (Classical).,Awards (Nobel),Basketball,Agriculture,Music (Classical),Music (Classical),,,text,40,10,true
Music (Classical),medium,Which category would most likely include questions on Music (Classical)?,Architecture,Artificial Intelligence,Music (Classical),Music (Pop),Music (Classical),,,text,40,10,true
Music (Classical),medium,Select the most appropriate category for: Music (Classical).,Basketball,Music (Pop),Music (Classical),Awards (Oscars),Music (Classical),,,text,40,10,true
Music (Classical),medium,Pick the best category for this quiz topic: Music (Classical).,Music (Classical),Algebra,Automobiles,Awards (Nobel),Music (Classical),,,text,40,10,true
Music (Classical),medium,"Which subject area most closely matches the topic ""Music (Classical)""?",Architecture,Awards (Nobel),Aviation,Music (Classical),Music (Classical),,,text,40,10,true
Music (Classical),medium,Which category would most likely include questions on Music (Classical)?,Artificial Intelligence,Music (Classical),Algebra,Agriculture,Music (Classical),,,text,40,10,true
Music (Classical),medium,"Which subject area most closely matches the topic ""Music (Classical)""?",Artificial Intelligence,Awards (Nobel),Music (Classical),Basketball,Music (Classical),,,text,40,10,true
Music (Classical),medium,Select the most appropriate category for: Music (Classical).,Music (Classical),Automobiles,Aviation,Music (Pop),Music (Classical),,,text,40,10,true
Music (Classical),medium,"Which field does the topic ""Music (Classical)"" fall under?",Awards (Nobel),Agriculture,Music (Classical),Automobiles,Music (Classical),,,text,40,10,true
Music (Classical),medium,"Which subject area most closely matches the topic ""Music (Classical)""?",Algebra,Music (Classical),Music (Pop),Agriculture,Music (Classical),,,text,40,10,true
Music (Classical),medium,Which category is most closely related to: Music (Classical)?,Music (Classical),Basketball,Automobiles,Music (Pop),Music (Classical),,,text,40,10,true
Music (Classical),medium,"Best-fit category for ""Music (Classical)"" is:",Astronomy,Basketball,Automobiles,Music (Classical),Music (Classical),,,text,40,10,true
Music (Classical),medium,"Which field does the topic ""Music (Classical)"" fall under?",Astronomy,Music (Classical),Music (Pop),Artificial Intelligence,Music (Classical),,,text,40,10,true
Music (Classical),medium,Which category is most closely related to: Music (Classical)?,Ancient Civilization,Artificial Intelligence,Awards (Nobel),Music (Classical),Music (Classical),,,text,40,10,true
Music (Classical),medium,Select the most appropriate category for: Music (Classical).,Music (Classical),Architecture,Awards (Oscars),Algebra,Music (Classical),,,text,40,10,true
Music (Classical),medium,Choose the most accurate category for the topic: Music (Classical).,Architecture,Music (Classical),Artificial Intelligence,Aviation,Music (Classical),,,text,40,10,true
Music (Classical),hard,Identify the primary category for: Music (Classical).,Music (Classical),Automobiles,Artificial Intelligence,Astronomy,Music (Classical),,,text,80,8,true
Music (Classical),hard,Select the category that most precisely fits: Music (Classical).,Music (Pop),Music (Classical),Artificial Intelligence,Architecture,Music (Classical),,,text,80,8,true
Music (Classical),hard,"Which category is the closest match for the topic ""Music (Classical)""?",Music (Classical),Algebra,Agriculture,Ancient Civilization,Music (Classical),,,text,80,8,true
Music (Classical),hard,Pick the category that most accurately represents: Music (Classical).,Artificial Intelligence,Algebra,Agriculture,Music (Classical),Music (Classical),,,text,80,8,true
Music (Classical),hard,Pick the category that most accurately represents: Music (Classical).,Algebra,Music (Classical),Ancient Civilization,Astronomy,Music (Classical),,,text,80,8,true
Music (Classical),hard,"Which category is the best fit for the topic ""Music (Classical)""?",Artificial Intelligence,Music (Classical),Algebra,Astronomy,Music (Classical),,,text,80,8,true
Music (Classical),hard,Choose the most specific category for: Music (Classical).,Music (Classical),Astronomy,Agriculture,Architecture,Music (Classical),,,text,80,8,true
Music (Classical),hard,Identify the primary category for: Music (Classical).,Music (Pop),Music (Classical),Automobiles,Astronomy,Music (Classical),,,text,80,8,true
Music (Classical),hard,Choose the most specific category for: Music (Classical).,Astronomy,Music (Classical),Music (Pop),Agriculture,Music (Classical),,,text,80,8,true
Music (Classical),hard,"Most precise category for ""Music (Classical)"" is:",Astronomy,Algebra,Music (Classical),Architecture,Music (Classical),,,text,80,8,true
Music (Classical),hard,Which subject is the correct classification for: Music (Classical)?,Music (Classical),Artificial Intelligence,Architecture,Agriculture,Music (Classical),,,text,80,8,true
Music (Classical),hard,Pick the category that most accurately represents: Music (Classical).,Automobiles,Ancient Civilization,Music (Classical),Algebra,Music (Classical),,,text,80,8,true
Music (Classical),hard,Pick the category that most accurately represents: Music (Classical).,Algebra,Music (Classical),Astronomy,Automobiles,Music (Classical),,,text,80,8,true
Music (Classical),hard,Identify the primary category for: Music (Classical).,Music (Pop),Algebra,Music (Classical),Architecture,Music (Classical),,,text,80,8,true
Music (Classical),hard,"Which category is the best fit for the topic ""Music (Classical)""?",Architecture,Music (Pop),Ancient Civilization,Music (Classical),Music (Classical),,,text,80,8,true
Music (Classical),hard,Choose the most specific category for: Music (Classical).,Automobiles,Algebra,Music (Classical),Architecture,Music (Classical),,,text,80,8,true
Music (Classical),hard,Select the category that most precisely fits: Music (Classical).,Music (Classical),Astronomy,Algebra,Ancient Civilization,Music (Classical),,,text,80,8,true
Music (Classical),hard,Pick the category that most accurately represents: Music (Classical).,Astronomy,Music (Pop),Music (Classical),Architecture,Music (Classical),,,text,80,8,true
Music (Classical),hard,Select the category that most precisely fits: Music (Classical).,Artificial Intelligence,Algebra,Automobiles,Music (Classical),Music (Classical),,,text,80,8,true
Music (Classical),hard,Which subject is the correct classification for: Music (Classical)?,Algebra,Architecture,Music (Classical),Agriculture,Music (Classical),,,text,80,8,true
Music (Classical),hard,Identify the primary category for: Music (Classical).,Agriculture,Astronomy,Music (Classical),Algebra,Music (Classical),,,text,80,8,true
Music (Classical),hard,Which subject is the correct classification for: Music (Classical)?,Music (Classical),Algebra,Ancient Civilization,Architecture,Music (Classical),,,text,80,8,true
Music (Classical),hard,Which subject is the correct classification for: Music (Classical)?,Music (Classical),Music (Pop),Automobiles,Architecture,Music (Classical),,,text,80,8,true
Music (Classical),hard,Which subject is the correct classification for: Music (Classical)?,Architecture,Agriculture,Music (Classical),Music (Pop),Music (Classical),,,text,80,8,true
Music (Pop),easy,"Which category does the topic ""Music (Pop)"" belong to?",Music (Pop),Networking,Ancient Civilization,Mythology (Norse),Music (Pop),,,text,20,12,true
Music (Pop),easy,Select the correct quiz category for: Music (Pop).,Gadgets,Islands,Machine Learning,Music (Pop),Music (Pop),,,text,20,12,true
Music (Pop),easy,"Choose the category that best matches ""Music (Pop)"".",Cricket,Networking,Logistics,Music (Pop),Music (Pop),,,text,20,12,true
Music (Pop),easy,Which category is the best match for: Music (Pop)?,Music (Pop),Algebra,Space Exploration,Social Media,Music (Pop),,,text,20,12,true
Music (Pop),easy,"Choose the category that best matches ""Music (Pop)"".",Music (Pop),Internet History,Robotics,World Continents,Music (Pop),,,text,20,12,true
Music (Pop),easy,"The topic ""Music (Pop)"" best fits which category?",Music (Pop),Tennis,E-commerce,Climate Change,Music (Pop),,,text,20,12,true
Music (Pop),easy,Which category is the best match for: Music (Pop)?,Current Affairs,Music (Pop),Fashion,Awards (Oscars),Music (Pop),,,text,20,12,true
Music (Pop),easy,Which quiz category would include: Music (Pop)?,Music (Pop),Interior Design,Olympic Games,Fashion,Music (Pop),,,text,20,12,true
Music (Pop),easy,"Which category does the topic ""Music (Pop)"" belong to?",Networking,Music (Pop),Indian History,Social Media,Music (Pop),,,text,20,12,true
Music (Pop),easy,Which quiz category would include: Music (Pop)?,Music (Pop),Political Science,World Leaders,Automobiles,Music (Pop),,,text,20,12,true
Music (Pop),easy,Which quiz category would include: Music (Pop)?,Agriculture,Algebra,Music (Pop),Deserts,Music (Pop),,,text,20,12,true
Music (Pop),easy,"Choose the category that best matches ""Music (Pop)"".",Deserts,Football,Gardening,Music (Pop),Music (Pop),,,text,20,12,true
Music (Pop),easy,Identify the subject area: Music (Pop).,Architecture,Music (Pop),Tennis,National Parks,Music (Pop),,,text,20,12,true
Music (Pop),easy,"Choose the category that best matches ""Music (Pop)"".",Modern Literature,Human Anatomy,Astronomy,Music (Pop),Music (Pop),,,text,20,12,true
Music (Pop),easy,"The topic ""Music (Pop)"" best fits which category?",Music (Pop),Indian History,Space Exploration,Social Media,Music (Pop),,,text,20,12,true
Music (Pop),easy,Which quiz category would include: Music (Pop)?,Movies (Bollywood),Music (Pop),Islands,Geometry,Music (Pop),,,text,20,12,true
Music (Pop),easy,"The topic ""Music (Pop)"" best fits which category?",Indian States,Photography,Music (Pop),Marketing,Music (Pop),,,text,20,12,true
Music (Pop),easy,Select the correct quiz category for: Music (Pop).,Indian States,Music (Pop),Rivers & Lakes,Chemistry,Music (Pop),,,text,20,12,true
Music (Pop),medium,Pick the best category for this quiz topic: Music (Pop).,Architecture,Music (Pop),Aviation,Artificial Intelligence,Music (Pop),,,text,40,10,true
Music (Pop),medium,"Best-fit category for ""Music (Pop)"" is:",Music (Pop),Aviation,Awards (Nobel),Architecture,Music (Pop),,,text,40,10,true
Music (Pop),medium,Select the most appropriate category for: Music (Pop).,Aviation,Automobiles,Awards (Oscars),Music (Pop),Music (Pop),,,text,40,10,true
Music (Pop),medium,Pick the best category for this quiz topic: Music (Pop).,Basketball,Ancient Civilization,Music (Pop),Agriculture,Music (Pop),,,text,40,10,true
Music (Pop),medium,"Which subject area most closely matches the topic ""Music (Pop)""?",Music (Pop),Aviation,Architecture,Music (Classical),Music (Pop),,,text,40,10,true
Music (Pop),medium,Which category would most likely include questions on Music (Pop)?,Algebra,Basketball,Music (Pop),Astronomy,Music (Pop),,,text,40,10,true
Music (Pop),medium,"Which field does the topic ""Music (Pop)"" fall under?",Agriculture,Music (Pop),Astronomy,Basketball,Music (Pop),,,text,40,10,true
Music (Pop),medium,"Which field does the topic ""Music (Pop)"" fall under?",Automobiles,Awards (Nobel),Music (Pop),Awards (Oscars),Music (Pop),,,text,40,10,true
Music (Pop),medium,Choose the most accurate category for the topic: Music (Pop).,Ancient Civilization,Music (Pop),Artificial Intelligence,Agriculture,Music (Pop),,,text,40,10,true
Music (Pop),medium,"Which field does the topic ""Music (Pop)"" fall under?",Awards (Nobel),Ancient Civilization,Agriculture,Music (Pop),Music (Pop),,,text,40,10,true
Music (Pop),medium,Which category would most likely include questions on Music (Pop)?,Ancient Civilization,Music (Pop),Algebra,Artificial Intelligence,Music (Pop),,,text,40,10,true
Music (Pop),medium,Choose the most accurate category for the topic: Music (Pop).,Awards (Oscars),Automobiles,Music (Pop),Awards (Nobel),Music (Pop),,,text,40,10,true
Music (Pop),medium,Which category is most closely related to: Music (Pop)?,Aviation,Basketball,Music (Classical),Music (Pop),Music (Pop),,,text,40,10,true
Music (Pop),medium,"Which subject area most closely matches the topic ""Music (Pop)""?",Ancient Civilization,Music (Pop),Awards (Nobel),Automobiles,Music (Pop),,,text,40,10,true
Music (Pop),medium,"Which subject area most closely matches the topic ""Music (Pop)""?",Basketball,Music (Classical),Awards (Oscars),Music (Pop),Music (Pop),,,text,40,10,true
Music (Pop),medium,Select the most appropriate category for: Music (Pop).,Music (Pop),Algebra,Music (Classical),Aviation,Music (Pop),,,text,40,10,true
Music (Pop),medium,"Which field does the topic ""Music (Pop)"" fall under?",Ancient Civilization,Basketball,Algebra,Music (Pop),Music (Pop),,,text,40,10,true
Music (Pop),medium,"Which subject area most closely matches the topic ""Music (Pop)""?",Ancient Civilization,Awards (Oscars),Algebra,Music (Pop),Music (Pop),,,text,40,10,true
Music (Pop),hard,Pick the category that most accurately represents: Music (Pop).,Artificial Intelligence,Music (Classical),Agriculture,Music (Pop),Music (Pop),,,text,80,8,true
Music (Pop),hard,"Which category is the best fit for the topic ""Music (Pop)""?",Agriculture,Ancient Civilization,Music (Pop),Algebra,Music (Pop),,,text,80,8,true
Music (Pop),hard,"Which category is the closest match for the topic ""Music (Pop)""?",Music (Classical),Astronomy,Music (Pop),Algebra,Music (Pop),,,text,80,8,true
Music (Pop),hard,Identify the primary category for: Music (Pop).,Ancient Civilization,Architecture,Music (Pop),Music (Classical),Music (Pop),,,text,80,8,true
Music (Pop),hard,Which subject is the correct classification for: Music (Pop)?,Automobiles,Astronomy,Architecture,Music (Pop),Music (Pop),,,text,80,8,true
Music (Pop),hard,Identify the primary category for: Music (Pop).,Algebra,Agriculture,Ancient Civilization,Music (Pop),Music (Pop),,,text,80,8,true
Music (Pop),hard,Pick the category that most accurately represents: Music (Pop).,Architecture,Music (Pop),Agriculture,Automobiles,Music (Pop),,,text,80,8,true
Music (Pop),hard,"Which category is the closest match for the topic ""Music (Pop)""?",Music (Classical),Astronomy,Architecture,Music (Pop),Music (Pop),,,text,80,8,true
Music (Pop),hard,Pick the category that most accurately represents: Music (Pop).,Music (Classical),Music (Pop),Algebra,Ancient Civilization,Music (Pop),,,text,80,8,true
Music (Pop),hard,Identify the primary category for: Music (Pop).,Music (Pop),Architecture,Automobiles,Artificial Intelligence,Music (Pop),,,text,80,8,true
Music (Pop),hard,"Most precise category for ""Music (Pop)"" is:",Algebra,Ancient Civilization,Music (Pop),Automobiles,Music (Pop),,,text,80,8,true
Music (Pop),hard,"Which category is the best fit for the topic ""Music (Pop)""?",Astronomy,Architecture,Ancient Civilization,Music (Pop),Music (Pop),,,text,80,8,true
Music (Pop),hard,Which subject is the correct classification for: Music (Pop)?,Artificial Intelligence,Music (Pop),Agriculture,Music (Classical),Music (Pop),,,text,80,8,true
Music (Pop),hard,"Which category is the closest match for the topic ""Music (Pop)""?",Artificial Intelligence,Architecture,Music (Pop),Music (Classical),Music (Pop),,,text,80,8,true
Music (Pop),hard,"Most precise category for ""Music (Pop)"" is:",Astronomy,Music (Pop),Automobiles,Algebra,Music (Pop),,,text,80,8,true
Music (Pop),hard,Pick the category that most accurately represents: Music (Pop).,Music (Pop),Astronomy,Artificial Intelligence,Music (Classical),Music (Pop),,,text,80,8,true
Music (Pop),hard,"Which category is the best fit for the topic ""Music (Pop)""?",Algebra,Music (Pop),Agriculture,Astronomy,Music (Pop),,,text,80,8,true
Music (Pop),hard,"Most precise category for ""Music (Pop)"" is:",Automobiles,Astronomy,Music (Classical),Music (Pop),Music (Pop),,,text,80,8,true
Music (Pop),hard,"Most precise category for ""Music (Pop)"" is:",Music (Pop),Astronomy,Automobiles,Algebra,Music (Pop),,,text,80,8,true
Music (Pop),hard,Select the category that most precisely fits: Music (Pop).,Artificial Intelligence,Music (Pop),Ancient Civilization,Agriculture,Music (Pop),,,text,80,8,true
Music (Pop),hard,Select the category that most precisely fits: Music (Pop).,Automobiles,Music (Pop),Astronomy,Algebra,Music (Pop),,,text,80,8,true
Music (Pop),hard,Pick the category that most accurately represents: Music (Pop).,Automobiles,Ancient Civilization,Music (Pop),Artificial Intelligence,Music (Pop),,,text,80,8,true
Music (Pop),hard,Which subject is the correct classification for: Music (Pop)?,Architecture,Automobiles,Music (Pop),Ancient Civilization,Music (Pop),,,text,80,8,true
Music (Pop),hard,"Which category is the best fit for the topic ""Music (Pop)""?",Architecture,Automobiles,Agriculture,Music (Pop),Music (Pop),,,text,80,8,true
Painting & Art,easy,Select the correct quiz category for: Painting & Art.,Painting & Art,Internet History,Brands & Logos,Calculus,Painting & Art,,,text,20,12,true
Painting & Art,easy,Identify the subject area: Painting & Art.,Agriculture,Mobile Development,Calculus,Painting & Art,Painting & Art,,,text,20,12,true
Painting & Art,easy,Pick the subject area that matches: Painting & Art.,Artificial Intelligence,Painting & Art,Logistics,Web Development,Painting & Art,,,text,20,12,true
Painting & Art,easy,"Choose the category that best matches ""Painting & Art"".",Agriculture,Painting & Art,Mountains & Peaks,Environmental Science,Painting & Art,,,text,20,12,true
Painting & Art,easy,"The topic ""Painting & Art"" best fits which category?",Modern Literature,Comic Books,Painting & Art,Languages,Painting & Art,,,text,20,12,true
Painting & Art,easy,Which category is the best match for: Painting & Art?,Interior Design,Marketing,Social Media,Painting & Art,Painting & Art,,,text,20,12,true
Painting & Art,easy,"Choose the category that best matches ""Painting & Art"".",Awards (Oscars),Fashion,Painting & Art,Deserts,Painting & Art,,,text,20,12,true
Painting & Art,easy,Which category is the best match for: Painting & Art?,Programming (Java),Indian States,Gadgets,Painting & Art,Painting & Art,,,text,20,12,true
Painting & Art,easy,Pick the subject area that matches: Painting & Art.,Rivers & Lakes,Painting & Art,E-commerce,English Grammar,Painting & Art,,,text,20,12,true
Painting & Art,easy,"Which category does the topic ""Painting & Art"" belong to?",Sociology,Artificial Intelligence,Painting & Art,E-commerce,Painting & Art,,,text,20,12,true
Painting & Art,easy,"Which category does the topic ""Painting & Art"" belong to?",Interior Design,Environmental Science,Indian History,Painting & Art,Painting & Art,,,text,20,12,true
Painting & Art,easy,Pick the subject area that matches: Painting & Art.,Gaming,Painting & Art,World Geography,Algebra,Painting & Art,,,text,20,12,true
Painting & Art,easy,Select the correct quiz category for: Painting & Art.,Chemistry,Painting & Art,World Religions,Social Media,Painting & Art,,,text,20,12,true
Painting & Art,easy,Which quiz category would include: Painting & Art?,National Parks,Space Exploration,Business Tycoons,Painting & Art,Painting & Art,,,text,20,12,true
Painting & Art,easy,Select the correct quiz category for: Painting & Art.,Environmental Science,Yoga & Health,Painting & Art,E-commerce,Painting & Art,,,text,20,12,true
Painting & Art,easy,"The topic ""Painting & Art"" best fits which category?",Algebra,Currencies,Painting & Art,Music (Classical),Painting & Art,,,text,20,12,true
Painting & Art,easy,"Which category does the topic ""Painting & Art"" belong to?",Football,Painting & Art,Rivers & Lakes,Currencies,Painting & Art,,,text,20,12,true
Painting & Art,easy,Pick the subject area that matches: Painting & Art.,Current Affairs,Wildlife,Painting & Art,Classic Literature,Painting & Art,,,text,20,12,true
Painting & Art,medium,Which category would most likely include questions on Painting & Art?,Artificial Intelligence,Aviation,Painting & Art,Awards (Oscars),Painting & Art,,,text,40,10,true
Painting & Art,medium,Which category is most closely related to: Painting & Art?,Automobiles,Painting & Art,Algebra,Aviation,Painting & Art,,,text,40,10,true
Painting & Art,medium,"Which subject area most closely matches the topic ""Painting & Art""?",Painting & Art,Architecture,Awards (Nobel),Basketball,Painting & Art,,,text,40,10,true
Painting & Art,medium,Select the most appropriate category for: Painting & Art.,Ancient Civilization,Awards (Nobel),Aviation,Painting & Art,Painting & Art,,,text,40,10,true
Painting & Art,medium,"Which field does the topic ""Painting & Art"" fall under?",Painting & Art,Algebra,Ancient Civilization,Awards (Nobel),Painting & Art,,,text,40,10,true
Painting & Art,medium,"Which subject area most closely matches the topic ""Painting & Art""?",Aviation,Painting & Art,Biology,Artificial Intelligence,Painting & Art,,,text,40,10,true
Painting & Art,medium,Pick the best category for this quiz topic: Painting & Art.,Astronomy,Ancient Civilization,Artificial Intelligence,Painting & Art,Painting & Art,,,text,40,10,true
Painting & Art,medium,Which category is most closely related to: Painting & Art?,Painting & Art,Agriculture,Biology,Astronomy,Painting & Art,,,text,40,10,true
Painting & Art,medium,"Which field does the topic ""Painting & Art"" fall under?",Automobiles,Painting & Art,Aviation,Artificial Intelligence,Painting & Art,,,text,40,10,true
Painting & Art,medium,"Which subject area most closely matches the topic ""Painting & Art""?",Artificial Intelligence,Painting & Art,Basketball,Awards (Nobel),Painting & Art,,,text,40,10,true
Painting & Art,medium,Choose the most accurate category for the topic: Painting & Art.,Astronomy,Agriculture,Painting & Art,Biology,Painting & Art,,,text,40,10,true
Painting & Art,medium,Select the most appropriate category for: Painting & Art.,Awards (Nobel),Artificial Intelligence,Astronomy,Painting & Art,Painting & Art,,,text,40,10,true
Painting & Art,medium,"Which field does the topic ""Painting & Art"" fall under?",Basketball,Painting & Art,Awards (Oscars),Artificial Intelligence,Painting & Art,,,text,40,10,true
Painting & Art,medium,"Which field does the topic ""Painting & Art"" fall under?",Algebra,Automobiles,Painting & Art,Astronomy,Painting & Art,,,text,40,10,true
Painting & Art,medium,"Which subject area most closely matches the topic ""Painting & Art""?",Awards (Nobel),Painting & Art,Algebra,Aviation,Painting & Art,,,text,40,10,true
Painting & Art,medium,Select the most appropriate category for: Painting & Art.,Ancient Civilization,Painting & Art,Automobiles,Agriculture,Painting & Art,,,text,40,10,true
Painting & Art,medium,Choose the most accurate category for the topic: Painting & Art.,Astronomy,Automobiles,Painting & Art,Awards (Oscars),Painting & Art,,,text,40,10,true
Painting & Art,medium,Select the most appropriate category for: Painting & Art.,Biology,Ancient Civilization,Painting & Art,Algebra,Painting & Art,,,text,40,10,true
Painting & Art,hard,"Which category is the best fit for the topic ""Painting & Art""?",Architecture,Astronomy,Algebra,Painting & Art,Painting & Art,,,text,80,8,true
Painting & Art,hard,"Which category is the closest match for the topic ""Painting & Art""?",Ancient Civilization,Automobiles,Aviation,Painting & Art,Painting & Art,,,text,80,8,true
Painting & Art,hard,"Most precise category for ""Painting & Art"" is:",Astronomy,Automobiles,Painting & Art,Architecture,Painting & Art,,,text,80,8,true
Painting & Art,hard,"Most precise category for ""Painting & Art"" is:",Algebra,Aviation,Astronomy,Painting & Art,Painting & Art,,,text,80,8,true
Painting & Art,hard,Pick the category that most accurately represents: Painting & Art.,Aviation,Astronomy,Automobiles,Painting & Art,Painting & Art,,,text,80,8,true
Painting & Art,hard,Identify the primary category for: Painting & Art.,Architecture,Painting & Art,Algebra,Automobiles,Painting & Art,,,text,80,8,true
Painting & Art,hard,"Which category is the closest match for the topic ""Painting & Art""?",Algebra,Architecture,Artificial Intelligence,Painting & Art,Painting & Art,,,text,80,8,true
Painting & Art,hard,Pick the category that most accurately represents: Painting & Art.,Architecture,Ancient Civilization,Artificial Intelligence,Painting & Art,Painting & Art,,,text,80,8,true
Painting & Art,hard,"Which category is the best fit for the topic ""Painting & Art""?",Algebra,Astronomy,Ancient Civilization,Painting & Art,Painting & Art,,,text,80,8,true
Painting & Art,hard,Identify the primary category for: Painting & Art.,Algebra,Architecture,Automobiles,Painting & Art,Painting & Art,,,text,80,8,true
Painting & Art,hard,Select the category that most precisely fits: Painting & Art.,Ancient Civilization,Algebra,Agriculture,Painting & Art,Painting & Art,,,text,80,8,true
Painting & Art,hard,Identify the primary category for: Painting & Art.,Architecture,Artificial Intelligence,Painting & Art,Ancient Civilization,Painting & Art,,,text,80,8,true
Painting & Art,hard,"Most precise category for ""Painting & Art"" is:",Painting & Art,Architecture,Aviation,Algebra,Painting & Art,,,text,80,8,true
Painting & Art,hard,Select the category that most precisely fits: Painting & Art.,Agriculture,Aviation,Algebra,Painting & Art,Painting & Art,,,text,80,8,true
Painting & Art,hard,Which subject is the correct classification for: Painting & Art?,Astronomy,Agriculture,Painting & Art,Aviation,Painting & Art,,,text,80,8,true
Painting & Art,hard,"Which category is the best fit for the topic ""Painting & Art""?",Automobiles,Architecture,Painting & Art,Algebra,Painting & Art,,,text,80,8,true
Painting & Art,hard,Select the category that most precisely fits: Painting & Art.,Ancient Civilization,Algebra,Painting & Art,Agriculture,Painting & Art,,,text,80,8,true
Painting & Art,hard,Select the category that most precisely fits: Painting & Art.,Automobiles,Painting & Art,Algebra,Artificial Intelligence,Painting & Art,,,text,80,8,true
Painting & Art,hard,Choose the most specific category for: Painting & Art.,Painting & Art,Agriculture,Astronomy,Ancient Civilization,Painting & Art,,,text,80,8,true
Painting & Art,hard,Identify the primary category for: Painting & Art.,Ancient Civilization,Automobiles,Painting & Art,Aviation,Painting & Art,,,text,80,8,true
Painting & Art,hard,Which subject is the correct classification for: Painting & Art?,Painting & Art,Algebra,Artificial Intelligence,Agriculture,Painting & Art,,,text,80,8,true
Painting & Art,hard,"Which category is the closest match for the topic ""Painting & Art""?",Algebra,Agriculture,Astronomy,Painting & Art,Painting & Art,,,text,80,8,true
Painting & Art,hard,"Which category is the best fit for the topic ""Painting & Art""?",Artificial Intelligence,Painting & Art,Ancient Civilization,Agriculture,Painting & Art,,,text,80,8,true
Painting & Art,hard,Choose the most specific category for: Painting & Art.,Algebra,Artificial Intelligence,Painting & Art,Aviation,Painting & Art,,,text,80,8,true
Architecture,easy,"Which category does the topic ""Architecture"" belong to?",Architecture,Sociology,Geometry,Painting & Art,Architecture,,,text,20,12,true
Architecture,easy,"The topic ""Architecture"" best fits which category?",Sociology,Inventions & Discoveries,Fashion,Architecture,Architecture,,,text,20,12,true
Architecture,easy,Pick the subject area that matches: Architecture.,Blockchain,Algebra,Political Science,Architecture,Architecture,,,text,20,12,true
Architecture,easy,Pick the subject area that matches: Architecture.,Economics,Awards (Oscars),Architecture,Islands,Architecture,,,text,20,12,true
Architecture,easy,Select the correct quiz category for: Architecture.,Architecture,Islands,Programming (Java),Interior Design,Architecture,,,text,20,12,true
Architecture,easy,Which quiz category would include: Architecture?,Football,Architecture,Astronomy,Superheroes,Architecture,,,text,20,12,true
Architecture,easy,Which category is the best match for: Architecture?,Interior Design,Indian States,Movies (Hollywood),Architecture,Architecture,,,text,20,12,true
Architecture,easy,"Choose the category that best matches ""Architecture"".",Architecture,Comic Books,Mythology (Norse),Agriculture,Architecture,,,text,20,12,true
Architecture,easy,"The topic ""Architecture"" best fits which category?",Mythology (Norse),Architecture,Web Development,Football,Architecture,,,text,20,12,true
Architecture,easy,"Which category does the topic ""Architecture"" belong to?",Chemistry,Trigonometry,Architecture,Cyber Security,Architecture,,,text,20,12,true
Architecture,easy,Identify the subject area: Architecture.,Indian States,Psychology,Environmental Science,Architecture,Architecture,,,text,20,12,true
Architecture,easy,Identify the subject area: Architecture.,Painting & Art,Philosophy,Architecture,Programming (Python),Architecture,,,text,20,12,true
Architecture,easy,Which category is the best match for: Architecture?,Modern History,Movies (Bollywood),Philosophy,Architecture,Architecture,,,text,20,12,true
Architecture,easy,Pick the subject area that matches: Architecture.,Agriculture,Chemistry,Architecture,Gardening,Architecture,,,text,20,12,true
Architecture,easy,"The topic ""Architecture"" best fits which category?",Architecture,Sociology,Calculus,Machine Learning,Architecture,,,text,20,12,true
Architecture,easy,"Which category does the topic ""Architecture"" belong to?",Ancient Civilization,Currencies,Tennis,Architecture,Architecture,,,text,20,12,true
Architecture,easy,Which category is the best match for: Architecture?,Logistics,Classic Literature,Marketing,Architecture,Architecture,,,text,20,12,true
Architecture,easy,Pick the subject area that matches: Architecture.,Basketball,Biology,Programming (Java),Architecture,Architecture,,,text,20,12,true
Architecture,medium,Pick the best category for this quiz topic: Architecture.,Architecture,Ancient Civilization,Basketball,Blockchain,Architecture,,,text,40,10,true
Architecture,medium,Which category would most likely include questions on Architecture?,Biology,Artificial Intelligence,Architecture,Automobiles,Architecture,,,text,40,10,true
Architecture,medium,Pick the best category for this quiz topic: Architecture.,Agriculture,Awards (Nobel),Architecture,Algebra,Architecture,,,text,40,10,true
Architecture,medium,"Which field does the topic ""Architecture"" fall under?",Architecture,Basketball,Algebra,Awards (Oscars),Architecture,,,text,40,10,true
Architecture,medium,Select the most appropriate category for: Architecture.,Artificial Intelligence,Awards (Oscars),Architecture,Blockchain,Architecture,,,text,40,10,true
Architecture,medium,Choose the most accurate category for the topic: Architecture.,Architecture,Automobiles,Astronomy,Awards (Oscars),Architecture,,,text,40,10,true
Architecture,medium,Which category is most closely related to: Architecture?,Awards (Nobel),Ancient Civilization,Biology,Architecture,Architecture,,,text,40,10,true
Architecture,medium,"Best-fit category for ""Architecture"" is:",Biology,Awards (Nobel),Architecture,Basketball,Architecture,,,text,40,10,true
Architecture,medium,"Which field does the topic ""Architecture"" fall under?",Awards (Nobel),Architecture,Biology,Agriculture,Architecture,,,text,40,10,true
Architecture,medium,"Best-fit category for ""Architecture"" is:",Agriculture,Blockchain,Astronomy,Architecture,Architecture,,,text,40,10,true
Architecture,medium,"Which subject area most closely matches the topic ""Architecture""?",Architecture,Basketball,Blockchain,Awards (Nobel),Architecture,,,text,40,10,true
Architecture,medium,"Best-fit category for ""Architecture"" is:",Astronomy,Architecture,Algebra,Biology,Architecture,,,text,40,10,true
Architecture,medium,"Best-fit category for ""Architecture"" is:",Awards (Oscars),Architecture,Biology,Blockchain,Architecture,,,text,40,10,true
Architecture,medium,"Which subject area most closely matches the topic ""Architecture""?",Automobiles,Architecture,Aviation,Astronomy,Architecture,,,text,40,10,true
Architecture,medium,Choose the most accurate category for the topic: Architecture.,Architecture,Astronomy,Awards (Nobel),Algebra,Architecture,,,text,40,10,true
Architecture,medium,"Best-fit category for ""Architecture"" is:",Biology,Awards (Oscars),Architecture,Basketball,Architecture,,,text,40,10,true
Architecture,medium,Choose the most accurate category for the topic: Architecture.,Biology,Architecture,Astronomy,Ancient Civilization,Architecture,,,text,40,10,true
Architecture,medium,Which category would most likely include questions on Architecture?,Awards (Nobel),Agriculture,Architecture,Astronomy,Architecture,,,text,40,10,true
Architecture,hard,"Which category is the closest match for the topic ""Architecture""?",Architecture,Algebra,Aviation,Ancient Civilization,Architecture,,,text,80,8,true
Architecture,hard,Pick the category that most accurately represents: Architecture.,Architecture,Awards (Nobel),Astronomy,Algebra,Architecture,,,text,80,8,true
Architecture,hard,Pick the category that most accurately represents: Architecture.,Architecture,Astronomy,Automobiles,Awards (Nobel),Architecture,,,text,80,8,true
Architecture,hard,Pick the category that most accurately represents: Architecture.,Algebra,Architecture,Aviation,Agriculture,Architecture,,,text,80,8,true
Architecture,hard,Choose the most specific category for: Architecture.,Awards (Nobel),Architecture,Ancient Civilization,Astronomy,Architecture,,,text,80,8,true
Architecture,hard,Pick the category that most accurately represents: Architecture.,Astronomy,Artificial Intelligence,Architecture,Agriculture,Architecture,,,text,80,8,true
Architecture,hard,"Which category is the best fit for the topic ""Architecture""?",Algebra,Astronomy,Automobiles,Architecture,Architecture,,,text,80,8,true
Architecture,hard,Select the category that most precisely fits: Architecture.,Agriculture,Ancient Civilization,Architecture,Awards (Nobel),Architecture,,,text,80,8,true
Architecture,hard,"Which category is the best fit for the topic ""Architecture""?",Astronomy,Awards (Nobel),Agriculture,Architecture,Architecture,,,text,80,8,true
Architecture,hard,Select the category that most precisely fits: Architecture.,Architecture,Automobiles,Ancient Civilization,Astronomy,Architecture,,,text,80,8,true
Architecture,hard,"Most precise category for ""Architecture"" is:",Aviation,Architecture,Algebra,Automobiles,Architecture,,,text,80,8,true
Architecture,hard,"Which category is the best fit for the topic ""Architecture""?",Automobiles,Awards (Nobel),Astronomy,Architecture,Architecture,,,text,80,8,true
Architecture,hard,"Which category is the closest match for the topic ""Architecture""?",Algebra,Awards (Nobel),Astronomy,Architecture,Architecture,,,text,80,8,true
Architecture,hard,Which subject is the correct classification for: Architecture?,Astronomy,Architecture,Automobiles,Awards (Nobel),Architecture,,,text,80,8,true
Architecture,hard,Select the category that most precisely fits: Architecture.,Architecture,Algebra,Astronomy,Automobiles,Architecture,,,text,80,8,true
Architecture,hard,"Which category is the best fit for the topic ""Architecture""?",Awards (Nobel),Aviation,Agriculture,Architecture,Architecture,,,text,80,8,true
Architecture,hard,Choose the most specific category for: Architecture.,Algebra,Awards (Nobel),Agriculture,Architecture,Architecture,,,text,80,8,true
Architecture,hard,"Which category is the closest match for the topic ""Architecture""?",Automobiles,Astronomy,Architecture,Algebra,Architecture,,,text,80,8,true
Architecture,hard,Select the category that most precisely fits: Architecture.,Agriculture,Algebra,Awards (Nobel),Architecture,Architecture,,,text,80,8,true
Architecture,hard,"Most precise category for ""Architecture"" is:",Architecture,Ancient Civilization,Artificial Intelligence,Awards (Nobel),Architecture,,,text,80,8,true
Architecture,hard,Identify the primary category for: Architecture.,Ancient Civilization,Agriculture,Algebra,Architecture,Architecture,,,text,80,8,true
Architecture,hard,Pick the category that most accurately represents: Architecture.,Algebra,Agriculture,Architecture,Automobiles,Architecture,,,text,80,8,true
Architecture,hard,Choose the most specific category for: Architecture.,Aviation,Algebra,Architecture,Artificial Intelligence,Architecture,,,text,80,8,true
Architecture,hard,Select the category that most precisely fits: Architecture.,Architecture,Automobiles,Astronomy,Artificial Intelligence,Architecture,,,text,80,8,true
Fashion,easy,Which quiz category would include: Fashion?,Current Affairs,Fashion,Chemistry,Space Exploration,Fashion,,,text,20,12,true
Fashion,easy,"The topic ""Fashion"" best fits which category?",Cyber Security,Fashion,Tennis,Modern History,Fashion,,,text,20,12,true
Fashion,easy,Pick the subject area that matches: Fashion.,Fashion,Mathematics,Modern History,Gadgets,Fashion,,,text,20,12,true
Fashion,easy,"The topic ""Fashion"" best fits which category?",Yoga & Health,Fashion,Awards (Nobel),Networking,Fashion,,,text,20,12,true
Fashion,easy,Which quiz category would include: Fashion?,Robotics,Poetry,Fashion,Automobiles,Fashion,,,text,20,12,true
Fashion,easy,"The topic ""Fashion"" best fits which category?",Cricket,Automobiles,Brands & Logos,Fashion,Fashion,,,text,20,12,true
Fashion,easy,"The topic ""Fashion"" best fits which category?",World Leaders,Fashion,English Grammar,Aviation,Fashion,,,text,20,12,true
Fashion,easy,Pick the subject area that matches: Fashion.,Trigonometry,Chess,Fashion,Modern Literature,Fashion,,,text,20,12,true
Fashion,easy,Pick the subject area that matches: Fashion.,Currencies,Web Development,National Parks,Fashion,Fashion,,,text,20,12,true
Fashion,easy,"The topic ""Fashion"" best fits which category?",Climate Change,Fashion,Stock Market,Gadgets,Fashion,,,text,20,12,true
Fashion,easy,"The topic ""Fashion"" best fits which category?",Robotics,Fashion,Ancient Civilization,Indian States,Fashion,,,text,20,12,true
Fashion,easy,Which quiz category would include: Fashion?,Climate Change,Fashion,Cricket,Mountains & Peaks,Fashion,,,text,20,12,true
Fashion,easy,"Choose the category that best matches ""Fashion"".",Sociology,Fashion,Mythology (Norse),Brands & Logos,Fashion,,,text,20,12,true
Fashion,easy,Select the correct quiz category for: Fashion.,Food & Cuisine,Music (Pop),Fashion,Mythology (Greek),Fashion,,,text,20,12,true
Fashion,easy,Pick the subject area that matches: Fashion.,Music (Classical),Fashion,Tennis,World Religions,Fashion,,,text,20,12,true
Fashion,easy,"The topic ""Fashion"" best fits which category?",Fashion,Computer Science,Movies (Bollywood),Awards (Nobel),Fashion,,,text,20,12,true
Fashion,easy,"The topic ""Fashion"" best fits which category?",Automobiles,Stock Market,Modern History,Fashion,Fashion,,,text,20,12,true
Fashion,easy,"Choose the category that best matches ""Fashion"".",Music (Classical),Fashion,Finance,Trigonometry,Fashion,,,text,20,12,true
Fashion,medium,Which category would most likely include questions on Fashion?,Fashion,Algebra,Awards (Nobel),Agriculture,Fashion,,,text,40,10,true
Fashion,medium,Which category would most likely include questions on Fashion?,Awards (Oscars),Biology,Fashion,Artificial Intelligence,Fashion,,,text,40,10,true
Fashion,medium,Select the most appropriate category for: Fashion.,Architecture,Awards (Nobel),Fashion,Algebra,Fashion,,,text,40,10,true
Fashion,medium,Which category is most closely related to: Fashion?,Ancient Civilization,Fashion,Awards (Nobel),Astronomy,Fashion,,,text,40,10,true
Fashion,medium,Which category would most likely include questions on Fashion?,Fashion,Artificial Intelligence,Biology,Astronomy,Fashion,,,text,40,10,true
Fashion,medium,Which category is most closely related to: Fashion?,Fashion,Agriculture,Awards (Nobel),Algebra,Fashion,,,text,40,10,true
Fashion,medium,Pick the best category for this quiz topic: Fashion.,Fashion,Agriculture,Aviation,Automobiles,Fashion,,,text,40,10,true
Fashion,medium,Pick the best category for this quiz topic: Fashion.,Fashion,Basketball,Automobiles,Agriculture,Fashion,,,text,40,10,true
Fashion,medium,Which category would most likely include questions on Fashion?,Biology,Ancient Civilization,Astronomy,Fashion,Fashion,,,text,40,10,true
Fashion,medium,"Which field does the topic ""Fashion"" fall under?",Fashion,Ancient Civilization,Algebra,Basketball,Fashion,,,text,40,10,true
Fashion,medium,"Which field does the topic ""Fashion"" fall under?",Awards (Nobel),Ancient Civilization,Biology,Fashion,Fashion,,,text,40,10,true
Fashion,medium,Which category is most closely related to: Fashion?,Ancient Civilization,Artificial Intelligence,Fashion,Algebra,Fashion,,,text,40,10,true
Fashion,medium,Pick the best category for this quiz topic: Fashion.,Ancient Civilization,Awards (Oscars),Automobiles,Fashion,Fashion,,,text,40,10,true
Fashion,medium,Which category would most likely include questions on Fashion?,Agriculture,Fashion,Aviation,Basketball,Fashion,,,text,40,10,true
Fashion,medium,"Which subject area most closely matches the topic ""Fashion""?",Astronomy,Fashion,Ancient Civilization,Agriculture,Fashion,,,text,40,10,true
Fashion,medium,Which category is most closely related to: Fashion?,Architecture,Biology,Fashion,Artificial Intelligence,Fashion,,,text,40,10,true
Fashion,medium,Choose the most accurate category for the topic: Fashion.,Artificial Intelligence,Awards (Nobel),Fashion,Algebra,Fashion,,,text,40,10,true
Fashion,medium,"Which subject area most closely matches the topic ""Fashion""?",Fashion,Agriculture,Awards (Nobel),Architecture,Fashion,,,text,40,10,true
Fashion,hard,Select the category that most precisely fits: Fashion.,Fashion,Automobiles,Agriculture,Algebra,Fashion,,,text,80,8,true
Fashion,hard,"Which category is the best fit for the topic ""Fashion""?",Fashion,Agriculture,Astronomy,Automobiles,Fashion,,,text,80,8,true
Fashion,hard,Select the category that most precisely fits: Fashion.,Agriculture,Fashion,Aviation,Architecture,Fashion,,,text,80,8,true
Fashion,hard,"Most precise category for ""Fashion"" is:",Fashion,Architecture,Algebra,Aviation,Fashion,,,text,80,8,true
Fashion,hard,"Which category is the closest match for the topic ""Fashion""?",Astronomy,Algebra,Artificial Intelligence,Fashion,Fashion,,,text,80,8,true
Fashion,hard,Choose the most specific category for: Fashion.,Ancient Civilization,Architecture,Artificial Intelligence,Fashion,Fashion,,,text,80,8,true
Fashion,hard,"Which category is the best fit for the topic ""Fashion""?",Agriculture,Ancient Civilization,Fashion,Architecture,Fashion,,,text,80,8,true
Fashion,hard,"Which category is the closest match for the topic ""Fashion""?",Ancient Civilization,Fashion,Agriculture,Architecture,Fashion,,,text,80,8,true
Fashion,hard,"Most precise category for ""Fashion"" is:",Artificial Intelligence,Fashion,Agriculture,Architecture,Fashion,,,text,80,8,true
Fashion,hard,"Which category is the best fit for the topic ""Fashion""?",Astronomy,Ancient Civilization,Algebra,Fashion,Fashion,,,text,80,8,true
Fashion,hard,Choose the most specific category for: Fashion.,Astronomy,Ancient Civilization,Fashion,Algebra,Fashion,,,text,80,8,true
Fashion,hard,"Which category is the best fit for the topic ""Fashion""?",Agriculture,Aviation,Architecture,Fashion,Fashion,,,text,80,8,true
Fashion,hard,Pick the category that most accurately represents: Fashion.,Automobiles,Agriculture,Fashion,Ancient Civilization,Fashion,,,text,80,8,true
Fashion,hard,"Which category is the best fit for the topic ""Fashion""?",Artificial Intelligence,Agriculture,Automobiles,Fashion,Fashion,,,text,80,8,true
Fashion,hard,"Most precise category for ""Fashion"" is:",Fashion,Artificial Intelligence,Aviation,Astronomy,Fashion,,,text,80,8,true
Fashion,hard,"Which category is the best fit for the topic ""Fashion""?",Astronomy,Fashion,Ancient Civilization,Architecture,Fashion,,,text,80,8,true
Fashion,hard,Choose the most specific category for: Fashion.,Agriculture,Fashion,Artificial Intelligence,Algebra,Fashion,,,text,80,8,true
Fashion,hard,Select the category that most precisely fits: Fashion.,Fashion,Automobiles,Aviation,Agriculture,Fashion,,,text,80,8,true
Fashion,hard,"Which category is the best fit for the topic ""Fashion""?",Fashion,Algebra,Architecture,Ancient Civilization,Fashion,,,text,80,8,true
Fashion,hard,Pick the category that most accurately represents: Fashion.,Automobiles,Fashion,Ancient Civilization,Artificial Intelligence,Fashion,,,text,80,8,true
Fashion,hard,"Which category is the best fit for the topic ""Fashion""?",Artificial Intelligence,Agriculture,Architecture,Fashion,Fashion,,,text,80,8,true
Fashion,hard,Select the category that most precisely fits: Fashion.,Astronomy,Fashion,Architecture,Artificial Intelligence,Fashion,,,text,80,8,true
Fashion,hard,Which subject is the correct classification for: Fashion?,Automobiles,Fashion,Aviation,Artificial Intelligence,Fashion,,,text,80,8,true
Fashion,hard,Which subject is the correct classification for: Fashion?,Architecture,Artificial Intelligence,Aviation,Fashion,Fashion,,,text,80,8,true
Automobiles,easy,Select the correct quiz category for: Automobiles.,Economics,Chemistry,Automobiles,Yoga & Health,Automobiles,,,text,20,12,true
Automobiles,easy,"Choose the category that best matches ""Automobiles"".",Comic Books,Mathematics,Automobiles,Economics,Automobiles,,,text,20,12,true
Automobiles,easy,Select the correct quiz category for: Automobiles.,Automobiles,Business Tycoons,Islands,Fashion,Automobiles,,,text,20,12,true
Automobiles,easy,Which category is the best match for: Automobiles?,Cyber Security,Wildlife,Internet History,Automobiles,Automobiles,,,text,20,12,true
Automobiles,easy,Which quiz category would include: Automobiles?,English Grammar,Automobiles,Aviation,Yoga & Health,Automobiles,,,text,20,12,true
Automobiles,easy,Select the correct quiz category for: Automobiles.,Currencies,Automobiles,Mathematics,Climate Change,Automobiles,,,text,20,12,true
Automobiles,easy,"Which category does the topic ""Automobiles"" belong to?",Psychology,Networking,Automobiles,Architecture,Automobiles,,,text,20,12,true
Automobiles,easy,Which category is the best match for: Automobiles?,World Leaders,Automobiles,Calculus,E-commerce,Automobiles,,,text,20,12,true
Automobiles,easy,"Which category does the topic ""Automobiles"" belong to?",Climate Change,Chess,Automobiles,Artificial Intelligence,Automobiles,,,text,20,12,true
Automobiles,easy,"Which category does the topic ""Automobiles"" belong to?",Environmental Science,Brands & Logos,Logistics,Automobiles,Automobiles,,,text,20,12,true
Automobiles,easy,Identify the subject area: Automobiles.,World Continents,Calculus,Automobiles,Blockchain,Automobiles,,,text,20,12,true
Automobiles,easy,Select the correct quiz category for: Automobiles.,Food & Cuisine,Current Affairs,Automobiles,Geometry,Automobiles,,,text,20,12,true
Automobiles,easy,"The topic ""Automobiles"" best fits which category?",Automobiles,Music (Pop),Movies (Hollywood),Business Tycoons,Automobiles,,,text,20,12,true
Automobiles,easy,"Which category does the topic ""Automobiles"" belong to?",Automobiles,Cricket,National Flags,Chess,Automobiles,,,text,20,12,true
Automobiles,easy,"The topic ""Automobiles"" best fits which category?",Chess,Superheroes,Automobiles,Algebra,Automobiles,,,text,20,12,true
Automobiles,easy,Which quiz category would include: Automobiles?,Automobiles,Social Media,Human Anatomy,Poetry,Automobiles,,,text,20,12,true
Automobiles,easy,Pick the subject area that matches: Automobiles.,Pharmacology,Modern History,Automobiles,Indian States,Automobiles,,,text,20,12,true
Automobiles,easy,Which quiz category would include: Automobiles?,Programming (Python),Automobiles,Calculus,Food & Cuisine,Automobiles,,,text,20,12,true
Automobiles,medium,Select the most appropriate category for: Automobiles.,Biology,Artificial Intelligence,Astronomy,Automobiles,Automobiles,,,text,40,10,true
Automobiles,medium,"Which field does the topic ""Automobiles"" fall under?",Ancient Civilization,Automobiles,Basketball,Artificial Intelligence,Automobiles,,,text,40,10,true
Automobiles,medium,"Which subject area most closely matches the topic ""Automobiles""?",Automobiles,Biology,Aviation,Awards (Nobel),Automobiles,,,text,40,10,true
Automobiles,medium,Select the most appropriate category for: Automobiles.,Blockchain,Automobiles,Biology,Awards (Oscars),Automobiles,,,text,40,10,true
Automobiles,medium,"Best-fit category for ""Automobiles"" is:",Artificial Intelligence,Automobiles,Aviation,Astronomy,Automobiles,,,text,40,10,true
Automobiles,medium,Pick the best category for this quiz topic: Automobiles.,Automobiles,Architecture,Astronomy,Basketball,Automobiles,,,text,40,10,true
Automobiles,medium,Choose the most accurate category for the topic: Automobiles.,Awards (Nobel),Architecture,Astronomy,Automobiles,Automobiles,,,text,40,10,true
Automobiles,medium,"Best-fit category for ""Automobiles"" is:",Awards (Oscars),Artificial Intelligence,Automobiles,Architecture,Automobiles,,,text,40,10,true
Automobiles,medium,"Best-fit category for ""Automobiles"" is:",Ancient Civilization,Automobiles,Artificial Intelligence,Astronomy,Automobiles,,,text,40,10,true
Automobiles,medium,"Which subject area most closely matches the topic ""Automobiles""?",Aviation,Architecture,Automobiles,Basketball,Automobiles,,,text,40,10,true
Automobiles,medium,"Best-fit category for ""Automobiles"" is:",Architecture,Biology,Artificial Intelligence,Automobiles,Automobiles,,,text,40,10,true
Automobiles,medium,"Best-fit category for ""Automobiles"" is:",Biology,Automobiles,Artificial Intelligence,Algebra,Automobiles,,,text,40,10,true
Automobiles,medium,"Which field does the topic ""Automobiles"" fall under?",Basketball,Biology,Architecture,Automobiles,Automobiles,,,text,40,10,true
Automobiles,medium,"Which subject area most closely matches the topic ""Automobiles""?",Awards (Oscars),Ancient Civilization,Biology,Automobiles,Automobiles,,,text,40,10,true
Automobiles,medium,Which category is most closely related to: Automobiles?,Awards (Oscars),Automobiles,Architecture,Biology,Automobiles,,,text,40,10,true
Automobiles,medium,Which category would most likely include questions on Automobiles?,Awards (Nobel),Automobiles,Algebra,Blockchain,Automobiles,,,text,40,10,true
Automobiles,medium,Select the most appropriate category for: Automobiles.,Automobiles,Awards (Oscars),Blockchain,Algebra,Automobiles,,,text,40,10,true
Automobiles,medium,Pick the best category for this quiz topic: Automobiles.,Astronomy,Architecture,Automobiles,Awards (Oscars),Automobiles,,,text,40,10,true
Automobiles,hard,"Most precise category for ""Automobiles"" is:",Aviation,Ancient Civilization,Automobiles,Awards (Nobel),Automobiles,,,text,80,8,true
Automobiles,hard,"Most precise category for ""Automobiles"" is:",Architecture,Aviation,Awards (Nobel),Automobiles,Automobiles,,,text,80,8,true
Automobiles,hard,Select the category that most precisely fits: Automobiles.,Artificial Intelligence,Automobiles,Ancient Civilization,Awards (Nobel),Automobiles,,,text,80,8,true
Automobiles,hard,Identify the primary category for: Automobiles.,Algebra,Automobiles,Agriculture,Artificial Intelligence,Automobiles,,,text,80,8,true
Automobiles,hard,"Most precise category for ""Automobiles"" is:",Automobiles,Ancient Civilization,Aviation,Astronomy,Automobiles,,,text,80,8,true
Automobiles,hard,"Which category is the closest match for the topic ""Automobiles""?",Artificial Intelligence,Algebra,Automobiles,Agriculture,Automobiles,,,text,80,8,true
Automobiles,hard,Choose the most specific category for: Automobiles.,Automobiles,Awards (Nobel),Astronomy,Aviation,Automobiles,,,text,80,8,true
Automobiles,hard,Pick the category that most accurately represents: Automobiles.,Automobiles,Astronomy,Algebra,Aviation,Automobiles,,,text,80,8,true
Automobiles,hard,Choose the most specific category for: Automobiles.,Automobiles,Ancient Civilization,Architecture,Agriculture,Automobiles,,,text,80,8,true
Automobiles,hard,"Which category is the best fit for the topic ""Automobiles""?",Awards (Nobel),Ancient Civilization,Aviation,Automobiles,Automobiles,,,text,80,8,true
Automobiles,hard,"Most precise category for ""Automobiles"" is:",Automobiles,Agriculture,Ancient Civilization,Awards (Nobel),Automobiles,,,text,80,8,true
Automobiles,hard,"Which category is the closest match for the topic ""Automobiles""?",Automobiles,Ancient Civilization,Aviation,Awards (Nobel),Automobiles,,,text,80,8,true
Automobiles,hard,Which subject is the correct classification for: Automobiles?,Architecture,Astronomy,Automobiles,Aviation,Automobiles,,,text,80,8,true
Automobiles,hard,Identify the primary category for: Automobiles.,Awards (Nobel),Automobiles,Aviation,Agriculture,Automobiles,,,text,80,8,true
Automobiles,hard,Pick the category that most accurately represents: Automobiles.,Astronomy,Automobiles,Architecture,Aviation,Automobiles,,,text,80,8,true
Automobiles,hard,"Most precise category for ""Automobiles"" is:",Algebra,Astronomy,Artificial Intelligence,Automobiles,Automobiles,,,text,80,8,true
Automobiles,hard,Which subject is the correct classification for: Automobiles?,Ancient Civilization,Architecture,Automobiles,Agriculture,Automobiles,,,text,80,8,true
Automobiles,hard,Which subject is the correct classification for: Automobiles?,Aviation,Automobiles,Ancient Civilization,Astronomy,Automobiles,,,text,80,8,true
Automobiles,hard,Which subject is the correct classification for: Automobiles?,Astronomy,Automobiles,Artificial Intelligence,Aviation,Automobiles,,,text,80,8,true
Automobiles,hard,Which subject is the correct classification for: Automobiles?,Automobiles,Ancient Civilization,Algebra,Agriculture,Automobiles,,,text,80,8,true
Automobiles,hard,Select the category that most precisely fits: Automobiles.,Automobiles,Artificial Intelligence,Algebra,Astronomy,Automobiles,,,text,80,8,true
Automobiles,hard,Choose the most specific category for: Automobiles.,Aviation,Awards (Nobel),Automobiles,Ancient Civilization,Automobiles,,,text,80,8,true
Automobiles,hard,Select the category that most precisely fits: Automobiles.,Awards (Nobel),Aviation,Algebra,Automobiles,Automobiles,,,text,80,8,true
Automobiles,hard,"Most precise category for ""Automobiles"" is:",Aviation,Architecture,Artificial Intelligence,Automobiles,Automobiles,,,text,80,8,true
Aviation,easy,"Which category does the topic ""Aviation"" belong to?",Algebra,Famous Personalities,Aviation,Marketing,Aviation,,,text,20,12,true
Aviation,easy,Which category is the best match for: Aviation?,Mythology (Indian),Aviation,Famous Personalities,Tennis,Aviation,,,text,20,12,true
Aviation,easy,Select the correct quiz category for: Aviation.,Tennis,World Continents,Aviation,Climate Change,Aviation,,,text,20,12,true
Aviation,easy,Identify the subject area: Aviation.,Interior Design,Aviation,Finance,Languages,Aviation,,,text,20,12,true
Aviation,easy,"Which category does the topic ""Aviation"" belong to?",Aviation,Wildlife,Movies (Hollywood),Finance,Aviation,,,text,20,12,true
Aviation,easy,"The topic ""Aviation"" best fits which category?",Music (Classical),Aviation,Blockchain,Brands & Logos,Aviation,,,text,20,12,true
Aviation,easy,Which quiz category would include: Aviation?,Cyber Security,Indian History,Aviation,Ancient Civilization,Aviation,,,text,20,12,true
Aviation,easy,Select the correct quiz category for: Aviation.,Wildlife,Algebra,Aviation,Interior Design,Aviation,,,text,20,12,true
Aviation,easy,"The topic ""Aviation"" best fits which category?",Superheroes,Aviation,Social Media,Tennis,Aviation,,,text,20,12,true
Aviation,easy,Pick the subject area that matches: Aviation.,Food & Cuisine,Olympic Games,Logistics,Aviation,Aviation,,,text,20,12,true
Aviation,easy,Select the correct quiz category for: Aviation.,Aviation,Current Affairs,Psychology,Economics,Aviation,,,text,20,12,true
Aviation,easy,Pick the subject area that matches: Aviation.,Cyber Security,Deserts,Aviation,Business Tycoons,Aviation,,,text,20,12,true
Aviation,easy,Identify the subject area: Aviation.,Physics,Classic Literature,National Flags,Aviation,Aviation,,,text,20,12,true
Aviation,easy,"The topic ""Aviation"" best fits which category?",Aviation,Current Affairs,National Parks,Football,Aviation,,,text,20,12,true
Aviation,easy,"Choose the category that best matches ""Aviation"".",Aviation,World Continents,Inventions & Discoveries,World Religions,Aviation,,,text,20,12,true
Aviation,easy,Which category is the best match for: Aviation?,Aviation,Machine Learning,Gaming,Current Affairs,Aviation,,,text,20,12,true
Aviation,easy,Select the correct quiz category for: Aviation.,Awards (Oscars),Agriculture,Artificial Intelligence,Aviation,Aviation,,,text,20,12,true
Aviation,easy,"The topic ""Aviation"" best fits which category?",Deserts,Mountains & Peaks,Aviation,Marketing,Aviation,,,text,20,12,true
Aviation,medium,"Best-fit category for ""Aviation"" is:",Automobiles,Basketball,Biology,Aviation,Aviation,,,text,40,10,true
Aviation,medium,"Which subject area most closely matches the topic ""Aviation""?",Architecture,Aviation,Agriculture,Blockchain,Aviation,,,text,40,10,true
Aviation,medium,Which category would most likely include questions on Aviation?,Astronomy,Aviation,Ancient Civilization,Architecture,Aviation,,,text,40,10,true
Aviation,medium,Choose the most accurate category for the topic: Aviation.,Basketball,Aviation,Artificial Intelligence,Awards (Oscars),Aviation,,,text,40,10,true
Aviation,medium,Choose the most accurate category for the topic: Aviation.,Aviation,Awards (Nobel),Automobiles,Agriculture,Aviation,,,text,40,10,true
Aviation,medium,Pick the best category for this quiz topic: Aviation.,Biology,Agriculture,Aviation,Basketball,Aviation,,,text,40,10,true
Aviation,medium,"Which subject area most closely matches the topic ""Aviation""?",Blockchain,Agriculture,Ancient Civilization,Aviation,Aviation,,,text,40,10,true
Aviation,medium,Choose the most accurate category for the topic: Aviation.,Astronomy,Aviation,Blockchain,Biology,Aviation,,,text,40,10,true
Aviation,medium,"Which field does the topic ""Aviation"" fall under?",Aviation,Artificial Intelligence,Awards (Nobel),Biology,Aviation,,,text,40,10,true
Aviation,medium,Choose the most accurate category for the topic: Aviation.,Ancient Civilization,Aviation,Biology,Automobiles,Aviation,,,text,40,10,true
Aviation,medium,Which category would most likely include questions on Aviation?,Blockchain,Aviation,Automobiles,Awards (Nobel),Aviation,,,text,40,10,true
Aviation,medium,"Best-fit category for ""Aviation"" is:",Aviation,Astronomy,Artificial Intelligence,Automobiles,Aviation,,,text,40,10,true
Aviation,medium,Pick the best category for this quiz topic: Aviation.,Awards (Oscars),Astronomy,Blockchain,Aviation,Aviation,,,text,40,10,true
Aviation,medium,"Which field does the topic ""Aviation"" fall under?",Aviation,Automobiles,Basketball,Astronomy,Aviation,,,text,40,10,true
Aviation,medium,Which category would most likely include questions on Aviation?,Ancient Civilization,Aviation,Blockchain,Basketball,Aviation,,,text,40,10,true
Aviation,medium,Which category is most closely related to: Aviation?,Ancient Civilization,Automobiles,Algebra,Aviation,Aviation,,,text,40,10,true
Aviation,medium,"Best-fit category for ""Aviation"" is:",Algebra,Aviation,Ancient Civilization,Awards (Nobel),Aviation,,,text,40,10,true
Aviation,medium,Which category is most closely related to: Aviation?,Architecture,Aviation,Awards (Nobel),Blockchain,Aviation,,,text,40,10,true
Aviation,hard,Identify the primary category for: Aviation.,Aviation,Awards (Nobel),Astronomy,Ancient Civilization,Aviation,,,text,80,8,true
Aviation,hard,"Which category is the closest match for the topic ""Aviation""?",Awards (Nobel),Agriculture,Aviation,Ancient Civilization,Aviation,,,text,80,8,true
Aviation,hard,Choose the most specific category for: Aviation.,Aviation,Automobiles,Ancient Civilization,Artificial Intelligence,Aviation,,,text,80,8,true
Aviation,hard,Choose the most specific category for: Aviation.,Algebra,Astronomy,Artificial Intelligence,Aviation,Aviation,,,text,80,8,true
Aviation,hard,"Which category is the best fit for the topic ""Aviation""?",Artificial Intelligence,Architecture,Aviation,Awards (Nobel),Aviation,,,text,80,8,true
Aviation,hard,Which subject is the correct classification for: Aviation?,Agriculture,Aviation,Algebra,Ancient Civilization,Aviation,,,text,80,8,true
Aviation,hard,Pick the category that most accurately represents: Aviation.,Awards (Nobel),Astronomy,Aviation,Architecture,Aviation,,,text,80,8,true
Aviation,hard,Identify the primary category for: Aviation.,Algebra,Architecture,Automobiles,Aviation,Aviation,,,text,80,8,true
Aviation,hard,"Most precise category for ""Aviation"" is:",Astronomy,Aviation,Ancient Civilization,Algebra,Aviation,,,text,80,8,true
Aviation,hard,"Which category is the closest match for the topic ""Aviation""?",Automobiles,Awards (Nobel),Aviation,Agriculture,Aviation,,,text,80,8,true
Aviation,hard,Identify the primary category for: Aviation.,Awards (Nobel),Agriculture,Astronomy,Aviation,Aviation,,,text,80,8,true
Aviation,hard,Pick the category that most accurately represents: Aviation.,Agriculture,Architecture,Automobiles,Aviation,Aviation,,,text,80,8,true
Aviation,hard,Identify the primary category for: Aviation.,Aviation,Agriculture,Astronomy,Artificial Intelligence,Aviation,,,text,80,8,true
Aviation,hard,Select the category that most precisely fits: Aviation.,Artificial Intelligence,Algebra,Aviation,Awards (Nobel),Aviation,,,text,80,8,true
Aviation,hard,Identify the primary category for: Aviation.,Artificial Intelligence,Aviation,Architecture,Ancient Civilization,Aviation,,,text,80,8,true
Aviation,hard,Pick the category that most accurately represents: Aviation.,Astronomy,Architecture,Automobiles,Aviation,Aviation,,,text,80,8,true
Aviation,hard,"Which category is the best fit for the topic ""Aviation""?",Algebra,Architecture,Aviation,Astronomy,Aviation,,,text,80,8,true
Aviation,hard,"Which category is the closest match for the topic ""Aviation""?",Artificial Intelligence,Ancient Civilization,Architecture,Aviation,Aviation,,,text,80,8,true
Aviation,hard,"Which category is the closest match for the topic ""Aviation""?",Agriculture,Astronomy,Artificial Intelligence,Aviation,Aviation,,,text,80,8,true
Aviation,hard,Pick the category that most accurately represents: Aviation.,Artificial Intelligence,Awards (Nobel),Aviation,Architecture,Aviation,,,text,80,8,true
Aviation,hard,"Which category is the closest match for the topic ""Aviation""?",Astronomy,Aviation,Artificial Intelligence,Agriculture,Aviation,,,text,80,8,true
Aviation,hard,Choose the most specific category for: Aviation.,Artificial Intelligence,Architecture,Astronomy,Aviation,Aviation,,,text,80,8,true
Aviation,hard,Which subject is the correct classification for: Aviation?,Algebra,Architecture,Automobiles,Aviation,Aviation,,,text,80,8,true
Aviation,hard,Select the category that most precisely fits: Aviation.,Astronomy,Aviation,Architecture,Algebra,Aviation,,,text,80,8,true
Environmental Science,easy,"The topic ""Environmental Science"" best fits which category?",Poetry,Environmental Science,Computer Science,Astronomy,Environmental Science,,,text,20,12,true
Environmental Science,easy,Identify the subject area: Environmental Science.,Cyber Security,Web Development,Environmental Science,Internet History,Environmental Science,,,text,20,12,true
Environmental Science,easy,Select the correct quiz category for: Environmental Science.,Environmental Science,Music (Pop),Music (Classical),Chess,Environmental Science,,,text,20,12,true
Environmental Science,easy,"Choose the category that best matches ""Environmental Science"".",Environmental Science,E-commerce,Comic Books,Current Affairs,Environmental Science,,,text,20,12,true
Environmental Science,easy,Pick the subject area that matches: Environmental Science.,Environmental Science,Blockchain,Finance,World Geography,Environmental Science,,,text,20,12,true
Environmental Science,easy,"Which category does the topic ""Environmental Science"" belong to?",Environmental Science,Photography,Yoga & Health,Awards (Oscars),Environmental Science,,,text,20,12,true
Environmental Science,easy,Which quiz category would include: Environmental Science?,Agriculture,Mountains & Peaks,Wildlife,Environmental Science,Environmental Science,,,text,20,12,true
Environmental Science,easy,Which category is the best match for: Environmental Science?,Ancient Civilization,Modern History,Chemistry,Environmental Science,Environmental Science,,,text,20,12,true
Environmental Science,easy,Identify the subject area: Environmental Science.,Environmental Science,Music (Pop),Modern History,Machine Learning,Environmental Science,,,text,20,12,true
Environmental Science,easy,Pick the subject area that matches: Environmental Science.,Trigonometry,World Religions,Environmental Science,Superheroes,Environmental Science,,,text,20,12,true
Environmental Science,easy,Select the correct quiz category for: Environmental Science.,Mobile Development,Environmental Science,Algebra,Mythology (Greek),Environmental Science,,,text,20,12,true
Environmental Science,easy,"The topic ""Environmental Science"" best fits which category?",Robotics,Programming (Python),Economics,Environmental Science,Environmental Science,,,text,20,12,true
Environmental Science,easy,Pick the subject area that matches: Environmental Science.,World Continents,Economics,Environmental Science,Internet History,Environmental Science,,,text,20,12,true
Environmental Science,easy,Which category is the best match for: Environmental Science?,Environmental Science,World Leaders,Brands & Logos,Pharmacology,Environmental Science,,,text,20,12,true
Environmental Science,easy,"Choose the category that best matches ""Environmental Science"".",Tennis,Environmental Science,National Parks,Space Exploration,Environmental Science,,,text,20,12,true
Environmental Science,easy,Which category is the best match for: Environmental Science?,Yoga & Health,Environmental Science,Marketing,Social Media,Environmental Science,,,text,20,12,true
Environmental Science,easy,Identify the subject area: Environmental Science.,Mythology (Norse),Programming (Java),Environmental Science,Poetry,Environmental Science,,,text,20,12,true
Environmental Science,easy,"The topic ""Environmental Science"" best fits which category?",Famous Personalities,World Geography,Environmental Science,Logistics,Environmental Science,,,text,20,12,true
Environmental Science,medium,Which category is most closely related to: Environmental Science?,Environmental Science,Algebra,Ancient Civilization,Awards (Nobel),Environmental Science,,,text,40,10,true
Environmental Science,medium,Which category would most likely include questions on Environmental Science?,Aviation,Algebra,Automobiles,Environmental Science,Environmental Science,,,text,40,10,true
Environmental Science,medium,Select the most appropriate category for: Environmental Science.,Artificial Intelligence,Environmental Science,Aviation,Agriculture,Environmental Science,,,text,40,10,true
Environmental Science,medium,Which category is most closely related to: Environmental Science?,Environmental Science,Aviation,Ancient Civilization,Awards (Nobel),Environmental Science,,,text,40,10,true
Environmental Science,medium,Which category is most closely related to: Environmental Science?,Environmental Science,Architecture,Algebra,Computer Science,Environmental Science,,,text,40,10,true
Environmental Science,medium,Pick the best category for this quiz topic: Environmental Science.,Agriculture,Environmental Science,Algebra,Ancient Civilization,Environmental Science,,,text,40,10,true
Environmental Science,medium,Which category is most closely related to: Environmental Science?,Artificial Intelligence,Computer Science,Ancient Civilization,Environmental Science,Environmental Science,,,text,40,10,true
Environmental Science,medium,Pick the best category for this quiz topic: Environmental Science.,Awards (Nobel),Aviation,Environmental Science,Awards (Oscars),Environmental Science,,,text,40,10,true
Environmental Science,medium,Select the most appropriate category for: Environmental Science.,Algebra,Environmental Science,Awards (Nobel),Political Science,Environmental Science,,,text,40,10,true
Environmental Science,medium,Which category would most likely include questions on Environmental Science?,Political Science,Awards (Nobel),Environmental Science,Artificial Intelligence,Environmental Science,,,text,40,10,true
Environmental Science,medium,"Which field does the topic ""Environmental Science"" fall under?",Aviation,Environmental Science,Algebra,Ancient Civilization,Environmental Science,,,text,40,10,true
Environmental Science,medium,Pick the best category for this quiz topic: Environmental Science.,Environmental Science,Agriculture,Political Science,Artificial Intelligence,Environmental Science,,,text,40,10,true
Environmental Science,medium,Select the most appropriate category for: Environmental Science.,Environmental Science,Awards (Oscars),Architecture,Awards (Nobel),Environmental Science,,,text,40,10,true
Environmental Science,medium,Choose the most accurate category for the topic: Environmental Science.,Environmental Science,Artificial Intelligence,Astronomy,Aviation,Environmental Science,,,text,40,10,true
Environmental Science,medium,Which category is most closely related to: Environmental Science?,Algebra,Awards (Oscars),Environmental Science,Ancient Civilization,Environmental Science,,,text,40,10,true
Environmental Science,medium,Choose the most accurate category for the topic: Environmental Science.,Automobiles,Algebra,Environmental Science,Agriculture,Environmental Science,,,text,40,10,true
Environmental Science,medium,"Best-fit category for ""Environmental Science"" is:",Computer Science,Ancient Civilization,Environmental Science,Algebra,Environmental Science,,,text,40,10,true
Environmental Science,medium,Choose the most accurate category for the topic: Environmental Science.,Environmental Science,Computer Science,Algebra,Automobiles,Environmental Science,,,text,40,10,true
Environmental Science,hard,"Which category is the best fit for the topic ""Environmental Science""?",Algebra,Architecture,Environmental Science,Astronomy,Environmental Science,,,text,80,8,true
Environmental Science,hard,Select the category that most precisely fits: Environmental Science.,Political Science,Architecture,Environmental Science,Artificial Intelligence,Environmental Science,,,text,80,8,true
Environmental Science,hard,Choose the most specific category for: Environmental Science.,Political Science,Environmental Science,Computer Science,Astronomy,Environmental Science,,,text,80,8,true
Environmental Science,hard,"Which category is the closest match for the topic ""Environmental Science""?",Agriculture,Environmental Science,Computer Science,Political Science,Environmental Science,,,text,80,8,true
Environmental Science,hard,"Most precise category for ""Environmental Science"" is:",Agriculture,Ancient Civilization,Artificial Intelligence,Environmental Science,Environmental Science,,,text,80,8,true
Environmental Science,hard,Choose the most specific category for: Environmental Science.,Architecture,Environmental Science,Astronomy,Algebra,Environmental Science,,,text,80,8,true
Environmental Science,hard,"Which category is the closest match for the topic ""Environmental Science""?",Algebra,Artificial Intelligence,Environmental Science,Political Science,Environmental Science,,,text,80,8,true
Environmental Science,hard,Pick the category that most accurately represents: Environmental Science.,Political Science,Computer Science,Algebra,Environmental Science,Environmental Science,,,text,80,8,true
Environmental Science,hard,"Which category is the closest match for the topic ""Environmental Science""?",Architecture,Algebra,Environmental Science,Ancient Civilization,Environmental Science,,,text,80,8,true
Environmental Science,hard,"Which category is the best fit for the topic ""Environmental Science""?",Algebra,Computer Science,Political Science,Environmental Science,Environmental Science,,,text,80,8,true
Environmental Science,hard,"Which category is the best fit for the topic ""Environmental Science""?",Computer Science,Ancient Civilization,Environmental Science,Architecture,Environmental Science,,,text,80,8,true
Environmental Science,hard,Pick the category that most accurately represents: Environmental Science.,Environmental Science,Artificial Intelligence,Architecture,Ancient Civilization,Environmental Science,,,text,80,8,true
Environmental Science,hard,"Which category is the closest match for the topic ""Environmental Science""?",Environmental Science,Astronomy,Computer Science,Agriculture,Environmental Science,,,text,80,8,true
Environmental Science,hard,"Which category is the closest match for the topic ""Environmental Science""?",Environmental Science,Architecture,Ancient Civilization,Algebra,Environmental Science,,,text,80,8,true
Environmental Science,hard,Select the category that most precisely fits: Environmental Science.,Agriculture,Algebra,Ancient Civilization,Environmental Science,Environmental Science,,,text,80,8,true
Environmental Science,hard,Which subject is the correct classification for: Environmental Science?,Computer Science,Environmental Science,Artificial Intelligence,Algebra,Environmental Science,,,text,80,8,true
Environmental Science,hard,Which subject is the correct classification for: Environmental Science?,Astronomy,Agriculture,Computer Science,Environmental Science,Environmental Science,,,text,80,8,true
Environmental Science,hard,Choose the most specific category for: Environmental Science.,Artificial Intelligence,Astronomy,Environmental Science,Political Science,Environmental Science,,,text,80,8,true
Environmental Science,hard,"Which category is the best fit for the topic ""Environmental Science""?",Computer Science,Environmental Science,Algebra,Astronomy,Environmental Science,,,text,80,8,true
Environmental Science,hard,Which subject is the correct classification for: Environmental Science?,Political Science,Environmental Science,Ancient Civilization,Algebra,Environmental Science,,,text,80,8,true
Environmental Science,hard,Which subject is the correct classification for: Environmental Science?,Environmental Science,Algebra,Astronomy,Agriculture,Environmental Science,,,text,80,8,true
Environmental Science,hard,Choose the most specific category for: Environmental Science.,Algebra,Environmental Science,Ancient Civilization,Artificial Intelligence,Environmental Science,,,text,80,8,true
Environmental Science,hard,"Most precise category for ""Environmental Science"" is:",Political Science,Ancient Civilization,Environmental Science,Artificial Intelligence,Environmental Science,,,text,80,8,true
Environmental Science,hard,"Which category is the closest match for the topic ""Environmental Science""?",Environmental Science,Agriculture,Astronomy,Ancient Civilization,Environmental Science,,,text,80,8,true
Climate Change,easy,"The topic ""Climate Change"" best fits which category?",Blockchain,Currencies,Climate Change,Modern Literature,Climate Change,,,text,20,12,true
Climate Change,easy,"Which category does the topic ""Climate Change"" belong to?",Stock Market,Climate Change,Awards (Oscars),Currencies,Climate Change,,,text,20,12,true
Climate Change,easy,"Choose the category that best matches ""Climate Change"".",Gadgets,World Geography,Climate Change,Robotics,Climate Change,,,text,20,12,true
Climate Change,easy,"Which category does the topic ""Climate Change"" belong to?",Social Media,Climate Change,Pharmacology,Stock Market,Climate Change,,,text,20,12,true
Climate Change,easy,Pick the subject area that matches: Climate Change.,Web Development,Medicine,Climate Change,English Grammar,Climate Change,,,text,20,12,true
Climate Change,easy,Select the correct quiz category for: Climate Change.,Mathematics,Olympic Games,Artificial Intelligence,Climate Change,Climate Change,,,text,20,12,true
Climate Change,easy,Pick the subject area that matches: Climate Change.,Indian History,Climate Change,Robotics,Finance,Climate Change,,,text,20,12,true
Climate Change,easy,Pick the subject area that matches: Climate Change.,Trigonometry,Rivers & Lakes,Climate Change,Modern History,Climate Change,,,text,20,12,true
Climate Change,easy,Pick the subject area that matches: Climate Change.,Chess,Biology,Wildlife,Climate Change,Climate Change,,,text,20,12,true
Climate Change,easy,Pick the subject area that matches: Climate Change.,Comic Books,English Grammar,Interior Design,Climate Change,Climate Change,,,text,20,12,true
Climate Change,easy,"Choose the category that best matches ""Climate Change"".",Climate Change,Web Development,Interior Design,Comic Books,Climate Change,,,text,20,12,true
Climate Change,easy,"Choose the category that best matches ""Climate Change"".",Awards (Nobel),Music (Classical),Languages,Climate Change,Climate Change,,,text,20,12,true
Climate Change,easy,"Which category does the topic ""Climate Change"" belong to?",Marketing,World Leaders,Modern History,Climate Change,Climate Change,,,text,20,12,true
Climate Change,easy,Which category is the best match for: Climate Change?,Gadgets,Climate Change,English Grammar,Interior Design,Climate Change,,,text,20,12,true
Climate Change,easy,Identify the subject area: Climate Change.,Tennis,Classic Literature,Gardening,Climate Change,Climate Change,,,text,20,12,true
Climate Change,easy,Which quiz category would include: Climate Change?,Machine Learning,Climate Change,World Continents,National Flags,Climate Change,,,text,20,12,true
Climate Change,easy,Identify the subject area: Climate Change.,Oceans & Seas,Climate Change,Calculus,Mountains & Peaks,Climate Change,,,text,20,12,true
Climate Change,easy,Which category is the best match for: Climate Change?,Networking,Climate Change,Artificial Intelligence,Web Development,Climate Change,,,text,20,12,true
Climate Change,medium,Pick the best category for this quiz topic: Climate Change.,Astronomy,Awards (Oscars),Climate Change,Algebra,Climate Change,,,text,40,10,true
Climate Change,medium,"Which subject area most closely matches the topic ""Climate Change""?",Basketball,Algebra,Climate Change,Astronomy,Climate Change,,,text,40,10,true
Climate Change,medium,Which category would most likely include questions on Climate Change?,Awards (Nobel),Algebra,Biology,Climate Change,Climate Change,,,text,40,10,true
Climate Change,medium,Select the most appropriate category for: Climate Change.,Awards (Nobel),Algebra,Climate Change,Astronomy,Climate Change,,,text,40,10,true
Climate Change,medium,Pick the best category for this quiz topic: Climate Change.,Ancient Civilization,Climate Change,Agriculture,Biology,Climate Change,,,text,40,10,true
Climate Change,medium,Pick the best category for this quiz topic: Climate Change.,Climate Change,Architecture,Ancient Civilization,Awards (Oscars),Climate Change,,,text,40,10,true
Climate Change,medium,Pick the best category for this quiz topic: Climate Change.,Biology,Basketball,Aviation,Climate Change,Climate Change,,,text,40,10,true
Climate Change,medium,"Which subject area most closely matches the topic ""Climate Change""?",Algebra,Awards (Oscars),Awards (Nobel),Climate Change,Climate Change,,,text,40,10,true
Climate Change,medium,Select the most appropriate category for: Climate Change.,Biology,Climate Change,Awards (Nobel),Artificial Intelligence,Climate Change,,,text,40,10,true
Climate Change,medium,"Which subject area most closely matches the topic ""Climate Change""?",Awards (Nobel),Ancient Civilization,Climate Change,Basketball,Climate Change,,,text,40,10,true
Climate Change,medium,Which category would most likely include questions on Climate Change?,Algebra,Aviation,Climate Change,Biology,Climate Change,,,text,40,10,true
Climate Change,medium,"Which subject area most closely matches the topic ""Climate Change""?",Agriculture,Awards (Nobel),Architecture,Climate Change,Climate Change,,,text,40,10,true
Climate Change,medium,Select the most appropriate category for: Climate Change.,Algebra,Aviation,Architecture,Climate Change,Climate Change,,,text,40,10,true
Climate Change,medium,Which category is most closely related to: Climate Change?,Automobiles,Climate Change,Artificial Intelligence,Agriculture,Climate Change,,,text,40,10,true
Climate Change,medium,Choose the most accurate category for the topic: Climate Change.,Algebra,Climate Change,Aviation,Architecture,Climate Change,,,text,40,10,true
Climate Change,medium,Choose the most accurate category for the topic: Climate Change.,Algebra,Climate Change,Agriculture,Awards (Oscars),Climate Change,,,text,40,10,true
Climate Change,medium,"Which subject area most closely matches the topic ""Climate Change""?",Basketball,Artificial Intelligence,Awards (Oscars),Climate Change,Climate Change,,,text,40,10,true
Climate Change,medium,"Which subject area most closely matches the topic ""Climate Change""?",Automobiles,Aviation,Algebra,Climate Change,Climate Change,,,text,40,10,true
Climate Change,hard,"Most precise category for ""Climate Change"" is:",Climate Change,Aviation,Automobiles,Ancient Civilization,Climate Change,,,text,80,8,true
Climate Change,hard,Identify the primary category for: Climate Change.,Algebra,Architecture,Artificial Intelligence,Climate Change,Climate Change,,,text,80,8,true
Climate Change,hard,Pick the category that most accurately represents: Climate Change.,Climate Change,Automobiles,Ancient Civilization,Algebra,Climate Change,,,text,80,8,true
Climate Change,hard,Select the category that most precisely fits: Climate Change.,Astronomy,Aviation,Agriculture,Climate Change,Climate Change,,,text,80,8,true
Climate Change,hard,"Which category is the closest match for the topic ""Climate Change""?",Astronomy,Agriculture,Ancient Civilization,Climate Change,Climate Change,,,text,80,8,true
Climate Change,hard,"Which category is the closest match for the topic ""Climate Change""?",Architecture,Automobiles,Algebra,Climate Change,Climate Change,,,text,80,8,true
Climate Change,hard,"Which category is the closest match for the topic ""Climate Change""?",Artificial Intelligence,Climate Change,Ancient Civilization,Agriculture,Climate Change,,,text,80,8,true
Climate Change,hard,Choose the most specific category for: Climate Change.,Architecture,Algebra,Ancient Civilization,Climate Change,Climate Change,,,text,80,8,true
Climate Change,hard,"Most precise category for ""Climate Change"" is:",Automobiles,Architecture,Climate Change,Agriculture,Climate Change,,,text,80,8,true
Climate Change,hard,"Most precise category for ""Climate Change"" is:",Ancient Civilization,Astronomy,Climate Change,Aviation,Climate Change,,,text,80,8,true
Climate Change,hard,"Which category is the closest match for the topic ""Climate Change""?",Climate Change,Architecture,Automobiles,Astronomy,Climate Change,,,text,80,8,true
Climate Change,hard,"Which category is the best fit for the topic ""Climate Change""?",Climate Change,Architecture,Artificial Intelligence,Ancient Civilization,Climate Change,,,text,80,8,true
Climate Change,hard,Choose the most specific category for: Climate Change.,Aviation,Climate Change,Agriculture,Artificial Intelligence,Climate Change,,,text,80,8,true
Climate Change,hard,"Most precise category for ""Climate Change"" is:",Aviation,Artificial Intelligence,Climate Change,Ancient Civilization,Climate Change,,,text,80,8,true
Climate Change,hard,Pick the category that most accurately represents: Climate Change.,Aviation,Climate Change,Agriculture,Architecture,Climate Change,,,text,80,8,true
Climate Change,hard,Choose the most specific category for: Climate Change.,Aviation,Architecture,Astronomy,Climate Change,Climate Change,,,text,80,8,true
Climate Change,hard,Identify the primary category for: Climate Change.,Aviation,Ancient Civilization,Automobiles,Climate Change,Climate Change,,,text,80,8,true
Climate Change,hard,Select the category that most precisely fits: Climate Change.,Climate Change,Architecture,Aviation,Algebra,Climate Change,,,text,80,8,true
Climate Change,hard,Identify the primary category for: Climate Change.,Ancient Civilization,Aviation,Climate Change,Artificial Intelligence,Climate Change,,,text,80,8,true
Climate Change,hard,"Most precise category for ""Climate Change"" is:",Artificial Intelligence,Architecture,Climate Change,Automobiles,Climate Change,,,text,80,8,true
Climate Change,hard,"Which category is the closest match for the topic ""Climate Change""?",Architecture,Climate Change,Artificial Intelligence,Ancient Civilization,Climate Change,,,text,80,8,true
Climate Change,hard,"Which category is the best fit for the topic ""Climate Change""?",Climate Change,Automobiles,Astronomy,Architecture,Climate Change,,,text,80,8,true
Climate Change,hard,Choose the most specific category for: Climate Change.,Climate Change,Artificial Intelligence,Agriculture,Ancient Civilization,Climate Change,,,text,80,8,true
Climate Change,hard,Choose the most specific category for: Climate Change.,Ancient Civilization,Automobiles,Climate Change,Aviation,Climate Change,,,text,80,8,true
Wildlife,easy,"Choose the category that best matches ""Wildlife"".",Basketball,Wildlife,Marketing,Aviation,Wildlife,,,text,20,12,true
Wildlife,easy,"The topic ""Wildlife"" best fits which category?",Robotics,Superheroes,Classic Literature,Wildlife,Wildlife,,,text,20,12,true
Wildlife,easy,Pick the subject area that matches: Wildlife.,Olympic Games,Wildlife,Deserts,Networking,Wildlife,,,text,20,12,true
Wildlife,easy,"The topic ""Wildlife"" best fits which category?",Agriculture,Calculus,Wildlife,National Parks,Wildlife,,,text,20,12,true
Wildlife,easy,Which quiz category would include: Wildlife?,Web Development,Chemistry,Rivers & Lakes,Wildlife,Wildlife,,,text,20,12,true
Wildlife,easy,Select the correct quiz category for: Wildlife.,Deserts,Wildlife,Music (Classical),Gardening,Wildlife,,,text,20,12,true
Wildlife,easy,Which quiz category would include: Wildlife?,Gadgets,Wildlife,Yoga & Health,E-commerce,Wildlife,,,text,20,12,true
Wildlife,easy,Pick the subject area that matches: Wildlife.,Islands,Stock Market,Wildlife,Awards (Oscars),Wildlife,,,text,20,12,true
Wildlife,easy,Select the correct quiz category for: Wildlife.,Wildlife,Gadgets,Tennis,World Geography,Wildlife,,,text,20,12,true
Wildlife,easy,"Choose the category that best matches ""Wildlife"".",Food & Cuisine,Wildlife,Movies (Bollywood),Programming (Python),Wildlife,,,text,20,12,true
Wildlife,easy,Pick the subject area that matches: Wildlife.,Wildlife,Oceans & Seas,English Grammar,Political Science,Wildlife,,,text,20,12,true
Wildlife,easy,Identify the subject area: Wildlife.,Current Affairs,Inventions & Discoveries,Chemistry,Wildlife,Wildlife,,,text,20,12,true
Wildlife,easy,"The topic ""Wildlife"" best fits which category?",Wildlife,Climate Change,Aviation,Stock Market,Wildlife,,,text,20,12,true
Wildlife,easy,Identify the subject area: Wildlife.,Painting & Art,Blockchain,Finance,Wildlife,Wildlife,,,text,20,12,true
Wildlife,easy,Select the correct quiz category for: Wildlife.,Wildlife,World Religions,Gadgets,Calculus,Wildlife,,,text,20,12,true
Wildlife,easy,"The topic ""Wildlife"" best fits which category?",Wildlife,Physics,Algebra,Trigonometry,Wildlife,,,text,20,12,true
Wildlife,easy,Pick the subject area that matches: Wildlife.,World Geography,Aviation,Wildlife,Modern Literature,Wildlife,,,text,20,12,true
Wildlife,easy,"Which category does the topic ""Wildlife"" belong to?",Astronomy,Mountains & Peaks,Current Affairs,Wildlife,Wildlife,,,text,20,12,true
Wildlife,medium,Which category would most likely include questions on Wildlife?,Ancient Civilization,Astronomy,Wildlife,Architecture,Wildlife,,,text,40,10,true
Wildlife,medium,Select the most appropriate category for: Wildlife.,Awards (Nobel),Automobiles,Agriculture,Wildlife,Wildlife,,,text,40,10,true
Wildlife,medium,Which category is most closely related to: Wildlife?,Automobiles,Astronomy,Wildlife,Awards (Nobel),Wildlife,,,text,40,10,true
Wildlife,medium,"Best-fit category for ""Wildlife"" is:",Biology,Astronomy,Aviation,Wildlife,Wildlife,,,text,40,10,true
Wildlife,medium,Select the most appropriate category for: Wildlife.,Wildlife,Basketball,Astronomy,Artificial Intelligence,Wildlife,,,text,40,10,true
Wildlife,medium,Which category would most likely include questions on Wildlife?,Basketball,Automobiles,Architecture,Wildlife,Wildlife,,,text,40,10,true
Wildlife,medium,Choose the most accurate category for the topic: Wildlife.,Biology,Algebra,Awards (Oscars),Wildlife,Wildlife,,,text,40,10,true
Wildlife,medium,Select the most appropriate category for: Wildlife.,Awards (Nobel),Biology,Wildlife,Aviation,Wildlife,,,text,40,10,true
Wildlife,medium,"Which subject area most closely matches the topic ""Wildlife""?",Wildlife,Artificial Intelligence,Agriculture,Algebra,Wildlife,,,text,40,10,true
Wildlife,medium,Which category would most likely include questions on Wildlife?,Agriculture,Basketball,Biology,Wildlife,Wildlife,,,text,40,10,true
Wildlife,medium,"Best-fit category for ""Wildlife"" is:",Biology,Artificial Intelligence,Wildlife,Astronomy,Wildlife,,,text,40,10,true
Wildlife,medium,Pick the best category for this quiz topic: Wildlife.,Algebra,Awards (Nobel),Wildlife,Aviation,Wildlife,,,text,40,10,true
Wildlife,medium,Which category would most likely include questions on Wildlife?,Wildlife,Architecture,Astronomy,Artificial Intelligence,Wildlife,,,text,40,10,true
Wildlife,medium,Select the most appropriate category for: Wildlife.,Wildlife,Biology,Awards (Oscars),Basketball,Wildlife,,,text,40,10,true
Wildlife,medium,Choose the most accurate category for the topic: Wildlife.,Wildlife,Ancient Civilization,Artificial Intelligence,Agriculture,Wildlife,,,text,40,10,true
Wildlife,medium,Choose the most accurate category for the topic: Wildlife.,Astronomy,Wildlife,Automobiles,Aviation,Wildlife,,,text,40,10,true
Wildlife,medium,Pick the best category for this quiz topic: Wildlife.,Architecture,Biology,Wildlife,Basketball,Wildlife,,,text,40,10,true
Wildlife,medium,Pick the best category for this quiz topic: Wildlife.,Aviation,Artificial Intelligence,Ancient Civilization,Wildlife,Wildlife,,,text,40,10,true
Wildlife,hard,Which subject is the correct classification for: Wildlife?,Architecture,Wildlife,Aviation,Automobiles,Wildlife,,,text,80,8,true
Wildlife,hard,Identify the primary category for: Wildlife.,Algebra,Wildlife,Ancient Civilization,Artificial Intelligence,Wildlife,,,text,80,8,true
Wildlife,hard,"Which category is the best fit for the topic ""Wildlife""?",Wildlife,Agriculture,Architecture,Algebra,Wildlife,,,text,80,8,true
Wildlife,hard,"Which category is the closest match for the topic ""Wildlife""?",Wildlife,Astronomy,Automobiles,Ancient Civilization,Wildlife,,,text,80,8,true
Wildlife,hard,Identify the primary category for: Wildlife.,Wildlife,Ancient Civilization,Automobiles,Astronomy,Wildlife,,,text,80,8,true
Wildlife,hard,"Most precise category for ""Wildlife"" is:",Architecture,Ancient Civilization,Agriculture,Wildlife,Wildlife,,,text,80,8,true
Wildlife,hard,"Which category is the closest match for the topic ""Wildlife""?",Aviation,Wildlife,Agriculture,Ancient Civilization,Wildlife,,,text,80,8,true
Wildlife,hard,"Which category is the closest match for the topic ""Wildlife""?",Automobiles,Algebra,Wildlife,Aviation,Wildlife,,,text,80,8,true
Wildlife,hard,Choose the most specific category for: Wildlife.,Aviation,Automobiles,Architecture,Wildlife,Wildlife,,,text,80,8,true
Wildlife,hard,Select the category that most precisely fits: Wildlife.,Wildlife,Automobiles,Astronomy,Artificial Intelligence,Wildlife,,,text,80,8,true
Wildlife,hard,"Which category is the closest match for the topic ""Wildlife""?",Algebra,Aviation,Wildlife,Architecture,Wildlife,,,text,80,8,true
Wildlife,hard,"Which category is the best fit for the topic ""Wildlife""?",Aviation,Wildlife,Architecture,Automobiles,Wildlife,,,text,80,8,true
Wildlife,hard,"Which category is the best fit for the topic ""Wildlife""?",Architecture,Aviation,Artificial Intelligence,Wildlife,Wildlife,,,text,80,8,true
Wildlife,hard,"Most precise category for ""Wildlife"" is:",Architecture,Agriculture,Wildlife,Astronomy,Wildlife,,,text,80,8,true
Wildlife,hard,Choose the most specific category for: Wildlife.,Wildlife,Algebra,Astronomy,Aviation,Wildlife,,,text,80,8,true
Wildlife,hard,"Which category is the closest match for the topic ""Wildlife""?",Wildlife,Astronomy,Agriculture,Ancient Civilization,Wildlife,,,text,80,8,true
Wildlife,hard,Which subject is the correct classification for: Wildlife?,Architecture,Aviation,Wildlife,Automobiles,Wildlife,,,text,80,8,true
Wildlife,hard,Identify the primary category for: Wildlife.,Artificial Intelligence,Agriculture,Automobiles,Wildlife,Wildlife,,,text,80,8,true
Wildlife,hard,Select the category that most precisely fits: Wildlife.,Astronomy,Architecture,Artificial Intelligence,Wildlife,Wildlife,,,text,80,8,true
Wildlife,hard,Select the category that most precisely fits: Wildlife.,Algebra,Ancient Civilization,Astronomy,Wildlife,Wildlife,,,text,80,8,true
Wildlife,hard,"Which category is the closest match for the topic ""Wildlife""?",Astronomy,Automobiles,Artificial Intelligence,Wildlife,Wildlife,,,text,80,8,true
Wildlife,hard,Identify the primary category for: Wildlife.,Aviation,Wildlife,Agriculture,Algebra,Wildlife,,,text,80,8,true
Wildlife,hard,Choose the most specific category for: Wildlife.,Automobiles,Ancient Civilization,Wildlife,Astronomy,Wildlife,,,text,80,8,true
Wildlife,hard,"Most precise category for ""Wildlife"" is:",Artificial Intelligence,Algebra,Wildlife,Agriculture,Wildlife,,,text,80,8,true
National Parks,easy,Select the correct quiz category for: National Parks.,National Parks,Mathematics,Marketing,Cricket,National Parks,,,text,20,12,true
National Parks,easy,Which category is the best match for: National Parks?,National Parks,Poetry,Programming (Python),Machine Learning,National Parks,,,text,20,12,true
National Parks,easy,"The topic ""National Parks"" best fits which category?",English Grammar,Gardening,Computer Science,National Parks,National Parks,,,text,20,12,true
National Parks,easy,"Which category does the topic ""National Parks"" belong to?",Comic Books,Wildlife,National Parks,Current Affairs,National Parks,,,text,20,12,true
National Parks,easy,"The topic ""National Parks"" best fits which category?",Comic Books,Sociology,National Flags,National Parks,National Parks,,,text,20,12,true
National Parks,easy,Which category is the best match for: National Parks?,Food & Cuisine,National Parks,Modern Literature,Movies (Bollywood),National Parks,,,text,20,12,true
National Parks,easy,"The topic ""National Parks"" best fits which category?",National Parks,Computer Science,Cyber Security,Climate Change,National Parks,,,text,20,12,true
National Parks,easy,Which quiz category would include: National Parks?,National Parks,Poetry,Architecture,National Flags,National Parks,,,text,20,12,true
National Parks,easy,Which category is the best match for: National Parks?,Music (Classical),National Parks,Economics,Islands,National Parks,,,text,20,12,true
National Parks,easy,Which quiz category would include: National Parks?,Interior Design,Yoga & Health,National Parks,Comic Books,National Parks,,,text,20,12,true
National Parks,easy,Identify the subject area: National Parks.,Internet History,Stock Market,National Parks,Gaming,National Parks,,,text,20,12,true
National Parks,easy,Which quiz category would include: National Parks?,Finance,Famous Personalities,National Parks,Currencies,National Parks,,,text,20,12,true
National Parks,easy,"Choose the category that best matches ""National Parks"".",National Parks,Fashion,World Religions,Stock Market,National Parks,,,text,20,12,true
National Parks,easy,Which quiz category would include: National Parks?,Human Anatomy,Chemistry,National Parks,E-commerce,National Parks,,,text,20,12,true
National Parks,easy,"Choose the category that best matches ""National Parks"".",Poetry,Stock Market,English Grammar,National Parks,National Parks,,,text,20,12,true
National Parks,easy,Pick the subject area that matches: National Parks.,Sociology,Food & Cuisine,National Parks,Modern History,National Parks,,,text,20,12,true
National Parks,easy,"Choose the category that best matches ""National Parks"".",Business Tycoons,Football,Computer Science,National Parks,National Parks,,,text,20,12,true
National Parks,easy,Select the correct quiz category for: National Parks.,Calculus,National Parks,Programming (Python),Music (Pop),National Parks,,,text,20,12,true
National Parks,medium,Which category would most likely include questions on National Parks?,Architecture,Awards (Nobel),National Parks,Artificial Intelligence,National Parks,,,text,40,10,true
National Parks,medium,Pick the best category for this quiz topic: National Parks.,Artificial Intelligence,Automobiles,National Parks,Architecture,National Parks,,,text,40,10,true
National Parks,medium,Pick the best category for this quiz topic: National Parks.,Algebra,National Flags,Automobiles,National Parks,National Parks,,,text,40,10,true
National Parks,medium,Select the most appropriate category for: National Parks.,National Flags,National Parks,Algebra,Basketball,National Parks,,,text,40,10,true
National Parks,medium,Select the most appropriate category for: National Parks.,Ancient Civilization,Automobiles,National Parks,Artificial Intelligence,National Parks,,,text,40,10,true
National Parks,medium,Choose the most accurate category for the topic: National Parks.,Basketball,National Parks,Architecture,Algebra,National Parks,,,text,40,10,true
National Parks,medium,Select the most appropriate category for: National Parks.,National Flags,National Parks,Awards (Oscars),Ancient Civilization,National Parks,,,text,40,10,true
National Parks,medium,Which category would most likely include questions on National Parks?,National Parks,Awards (Oscars),Astronomy,Awards (Nobel),National Parks,,,text,40,10,true
National Parks,medium,Select the most appropriate category for: National Parks.,Algebra,Architecture,National Parks,Automobiles,National Parks,,,text,40,10,true
National Parks,medium,Which category is most closely related to: National Parks?,National Parks,Basketball,Awards (Oscars),Aviation,National Parks,,,text,40,10,true
National Parks,medium,Choose the most accurate category for the topic: National Parks.,Automobiles,National Parks,National Flags,Architecture,National Parks,,,text,40,10,true
National Parks,medium,Which category is most closely related to: National Parks?,Architecture,National Parks,Ancient Civilization,Awards (Nobel),National Parks,,,text,40,10,true
National Parks,medium,Which category would most likely include questions on National Parks?,Basketball,Automobiles,Astronomy,National Parks,National Parks,,,text,40,10,true
National Parks,medium,Which category is most closely related to: National Parks?,Artificial Intelligence,Basketball,Algebra,National Parks,National Parks,,,text,40,10,true
National Parks,medium,Pick the best category for this quiz topic: National Parks.,National Flags,Algebra,National Parks,Automobiles,National Parks,,,text,40,10,true
National Parks,medium,Pick the best category for this quiz topic: National Parks.,Awards (Oscars),National Parks,Artificial Intelligence,Architecture,National Parks,,,text,40,10,true
National Parks,medium,"Best-fit category for ""National Parks"" is:",National Parks,Astronomy,Ancient Civilization,Aviation,National Parks,,,text,40,10,true
National Parks,medium,Which category is most closely related to: National Parks?,National Parks,Artificial Intelligence,Algebra,Architecture,National Parks,,,text,40,10,true
National Parks,hard,"Most precise category for ""National Parks"" is:",National Parks,Automobiles,Algebra,Artificial Intelligence,National Parks,,,text,80,8,true
National Parks,hard,"Which category is the best fit for the topic ""National Parks""?",Agriculture,Astronomy,Ancient Civilization,National Parks,National Parks,,,text,80,8,true
National Parks,hard,Pick the category that most accurately represents: National Parks.,Astronomy,Automobiles,Ancient Civilization,National Parks,National Parks,,,text,80,8,true
National Parks,hard,"Which category is the closest match for the topic ""National Parks""?",Agriculture,National Parks,Architecture,Automobiles,National Parks,,,text,80,8,true
National Parks,hard,"Most precise category for ""National Parks"" is:",Algebra,Artificial Intelligence,National Flags,National Parks,National Parks,,,text,80,8,true
National Parks,hard,"Which category is the closest match for the topic ""National Parks""?",Architecture,National Parks,Automobiles,Astronomy,National Parks,,,text,80,8,true
National Parks,hard,"Most precise category for ""National Parks"" is:",Algebra,National Parks,Agriculture,National Flags,National Parks,,,text,80,8,true
National Parks,hard,Pick the category that most accurately represents: National Parks.,Agriculture,Astronomy,National Parks,Architecture,National Parks,,,text,80,8,true
National Parks,hard,Which subject is the correct classification for: National Parks?,National Flags,Astronomy,National Parks,Artificial Intelligence,National Parks,,,text,80,8,true
National Parks,hard,Choose the most specific category for: National Parks.,National Flags,Automobiles,National Parks,Algebra,National Parks,,,text,80,8,true
National Parks,hard,Pick the category that most accurately represents: National Parks.,Artificial Intelligence,National Parks,Automobiles,Algebra,National Parks,,,text,80,8,true
National Parks,hard,"Which category is the closest match for the topic ""National Parks""?",National Parks,Architecture,Ancient Civilization,Algebra,National Parks,,,text,80,8,true
National Parks,hard,Which subject is the correct classification for: National Parks?,Agriculture,Astronomy,Artificial Intelligence,National Parks,National Parks,,,text,80,8,true
National Parks,hard,Pick the category that most accurately represents: National Parks.,National Parks,Ancient Civilization,Astronomy,Automobiles,National Parks,,,text,80,8,true
National Parks,hard,"Which category is the best fit for the topic ""National Parks""?",Algebra,National Parks,Automobiles,National Flags,National Parks,,,text,80,8,true
National Parks,hard,Which subject is the correct classification for: National Parks?,Ancient Civilization,Architecture,National Parks,Algebra,National Parks,,,text,80,8,true
National Parks,hard,"Most precise category for ""National Parks"" is:",National Parks,Architecture,Ancient Civilization,Algebra,National Parks,,,text,80,8,true
National Parks,hard,Choose the most specific category for: National Parks.,Automobiles,Ancient Civilization,Artificial Intelligence,National Parks,National Parks,,,text,80,8,true
National Parks,hard,"Which category is the closest match for the topic ""National Parks""?",Architecture,Artificial Intelligence,Automobiles,National Parks,National Parks,,,text,80,8,true
National Parks,hard,Choose the most specific category for: National Parks.,Astronomy,National Parks,Artificial Intelligence,Agriculture,National Parks,,,text,80,8,true
National Parks,hard,Identify the primary category for: National Parks.,Automobiles,National Flags,National Parks,Agriculture,National Parks,,,text,80,8,true
National Parks,hard,Choose the most specific category for: National Parks.,Astronomy,National Flags,National Parks,Algebra,National Parks,,,text,80,8,true
National Parks,hard,"Which category is the best fit for the topic ""National Parks""?",Automobiles,National Flags,National Parks,Astronomy,National Parks,,,text,80,8,true
National Parks,hard,"Most precise category for ""National Parks"" is:",Ancient Civilization,Automobiles,Astronomy,National Parks,National Parks,,,text,80,8,true
Inventions & Discoveries,easy,Identify the subject area: Inventions & Discoveries.,Inventions & Discoveries,Modern Literature,Basketball,Agriculture,Inventions & Discoveries,,,text,20,12,true
Inventions & Discoveries,easy,"The topic ""Inventions & Discoveries"" best fits which category?",Economics,Interior Design,Modern History,Inventions & Discoveries,Inventions & Discoveries,,,text,20,12,true
Inventions & Discoveries,easy,"Choose the category that best matches ""Inventions & Discoveries"".",Modern History,Robotics,Biology,Inventions & Discoveries,Inventions & Discoveries,,,text,20,12,true
Inventions & Discoveries,easy,"Choose the category that best matches ""Inventions & Discoveries"".",World Continents,Calculus,Chemistry,Inventions & Discoveries,Inventions & Discoveries,,,text,20,12,true
Inventions & Discoveries,easy,"Choose the category that best matches ""Inventions & Discoveries"".",Wildlife,Fashion,Inventions & Discoveries,Medicine,Inventions & Discoveries,,,text,20,12,true
Inventions & Discoveries,easy,Identify the subject area: Inventions & Discoveries.,Inventions & Discoveries,Movies (Bollywood),English Grammar,National Flags,Inventions & Discoveries,,,text,20,12,true
Inventions & Discoveries,easy,Which category is the best match for: Inventions & Discoveries?,Inventions & Discoveries,Languages,Oceans & Seas,Movies (Bollywood),Inventions & Discoveries,,,text,20,12,true
Inventions & Discoveries,easy,Identify the subject area: Inventions & Discoveries.,Artificial Intelligence,Geometry,Environmental Science,Inventions & Discoveries,Inventions & Discoveries,,,text,20,12,true
Inventions & Discoveries,easy,Which quiz category would include: Inventions & Discoveries?,Networking,World Leaders,Inventions & Discoveries,Classic Literature,Inventions & Discoveries,,,text,20,12,true
Inventions & Discoveries,easy,"Which category does the topic ""Inventions & Discoveries"" belong to?",Machine Learning,Automobiles,Inventions & Discoveries,Computer Science,Inventions & Discoveries,,,text,20,12,true
Inventions & Discoveries,easy,Identify the subject area: Inventions & Discoveries.,Cyber Security,Aviation,Inventions & Discoveries,Football,Inventions & Discoveries,,,text,20,12,true
Inventions & Discoveries,easy,"The topic ""Inventions & Discoveries"" best fits which category?",Inventions & Discoveries,Algebra,Food & Cuisine,World Leaders,Inventions & Discoveries,,,text,20,12,true
Inventions & Discoveries,easy,"Which category does the topic ""Inventions & Discoveries"" belong to?",Inventions & Discoveries,Gadgets,Programming (Python),Social Media,Inventions & Discoveries,,,text,20,12,true
Inventions & Discoveries,easy,Pick the subject area that matches: Inventions & Discoveries.,Classic Literature,Machine Learning,Economics,Inventions & Discoveries,Inventions & Discoveries,,,text,20,12,true
Inventions & Discoveries,easy,"The topic ""Inventions & Discoveries"" best fits which category?",Cyber Security,World Leaders,Oceans & Seas,Inventions & Discoveries,Inventions & Discoveries,,,text,20,12,true
Inventions & Discoveries,easy,"Choose the category that best matches ""Inventions & Discoveries"".",Space Exploration,World Geography,Inventions & Discoveries,Mythology (Indian),Inventions & Discoveries,,,text,20,12,true
Inventions & Discoveries,easy,"The topic ""Inventions & Discoveries"" best fits which category?",Movies (Bollywood),Mathematics,Web Development,Inventions & Discoveries,Inventions & Discoveries,,,text,20,12,true
Inventions & Discoveries,easy,"Which category does the topic ""Inventions & Discoveries"" belong to?",Indian States,Inventions & Discoveries,Poetry,Psychology,Inventions & Discoveries,,,text,20,12,true
Inventions & Discoveries,medium,Which category is most closely related to: Inventions & Discoveries?,Ancient Civilization,Inventions & Discoveries,Astronomy,Architecture,Inventions & Discoveries,,,text,40,10,true
Inventions & Discoveries,medium,Which category would most likely include questions on Inventions & Discoveries?,Inventions & Discoveries,Architecture,Ancient Civilization,Astronomy,Inventions & Discoveries,,,text,40,10,true
Inventions & Discoveries,medium,Which category would most likely include questions on Inventions & Discoveries?,Ancient Civilization,Inventions & Discoveries,Algebra,Awards (Oscars),Inventions & Discoveries,,,text,40,10,true
Inventions & Discoveries,medium,"Which subject area most closely matches the topic ""Inventions & Discoveries""?",Astronomy,Aviation,Architecture,Inventions & Discoveries,Inventions & Discoveries,,,text,40,10,true
Inventions & Discoveries,medium,"Best-fit category for ""Inventions & Discoveries"" is:",Aviation,Automobiles,Inventions & Discoveries,Algebra,Inventions & Discoveries,,,text,40,10,true
Inventions & Discoveries,medium,Which category is most closely related to: Inventions & Discoveries?,Inventions & Discoveries,Awards (Nobel),Architecture,Aviation,Inventions & Discoveries,,,text,40,10,true
Inventions & Discoveries,medium,"Which subject area most closely matches the topic ""Inventions & Discoveries""?",Architecture,Automobiles,Aviation,Inventions & Discoveries,Inventions & Discoveries,,,text,40,10,true
Inventions & Discoveries,medium,Which category is most closely related to: Inventions & Discoveries?,Basketball,Inventions & Discoveries,Ancient Civilization,Architecture,Inventions & Discoveries,,,text,40,10,true
Inventions & Discoveries,medium,"Best-fit category for ""Inventions & Discoveries"" is:",Awards (Nobel),Inventions & Discoveries,Awards (Oscars),Artificial Intelligence,Inventions & Discoveries,,,text,40,10,true
Inventions & Discoveries,medium,Select the most appropriate category for: Inventions & Discoveries.,Artificial Intelligence,Biology,Automobiles,Inventions & Discoveries,Inventions & Discoveries,,,text,40,10,true
Inventions & Discoveries,medium,Which category is most closely related to: Inventions & Discoveries?,Inventions & Discoveries,Artificial Intelligence,Awards (Oscars),Astronomy,Inventions & Discoveries,,,text,40,10,true
Inventions & Discoveries,medium,Which category would most likely include questions on Inventions & Discoveries?,Automobiles,Inventions & Discoveries,Agriculture,Aviation,Inventions & Discoveries,,,text,40,10,true
Inventions & Discoveries,medium,Choose the most accurate category for the topic: Inventions & Discoveries.,Inventions & Discoveries,Aviation,Awards (Nobel),Astronomy,Inventions & Discoveries,,,text,40,10,true
Inventions & Discoveries,medium,Which category is most closely related to: Inventions & Discoveries?,Basketball,Artificial Intelligence,Inventions & Discoveries,Awards (Nobel),Inventions & Discoveries,,,text,40,10,true
Inventions & Discoveries,medium,Which category is most closely related to: Inventions & Discoveries?,Ancient Civilization,Astronomy,Inventions & Discoveries,Artificial Intelligence,Inventions & Discoveries,,,text,40,10,true
Inventions & Discoveries,medium,Which category would most likely include questions on Inventions & Discoveries?,Artificial Intelligence,Astronomy,Architecture,Inventions & Discoveries,Inventions & Discoveries,,,text,40,10,true
Inventions & Discoveries,medium,Pick the best category for this quiz topic: Inventions & Discoveries.,Artificial Intelligence,Awards (Nobel),Ancient Civilization,Inventions & Discoveries,Inventions & Discoveries,,,text,40,10,true
Inventions & Discoveries,medium,Select the most appropriate category for: Inventions & Discoveries.,Architecture,Inventions & Discoveries,Artificial Intelligence,Agriculture,Inventions & Discoveries,,,text,40,10,true
Inventions & Discoveries,hard,"Which category is the best fit for the topic ""Inventions & Discoveries""?",Automobiles,Inventions & Discoveries,Algebra,Artificial Intelligence,Inventions & Discoveries,,,text,80,8,true
Inventions & Discoveries,hard,Identify the primary category for: Inventions & Discoveries.,Inventions & Discoveries,Aviation,Automobiles,Algebra,Inventions & Discoveries,,,text,80,8,true
Inventions & Discoveries,hard,"Which category is the closest match for the topic ""Inventions & Discoveries""?",Algebra,Ancient Civilization,Astronomy,Inventions & Discoveries,Inventions & Discoveries,,,text,80,8,true
Inventions & Discoveries,hard,Which subject is the correct classification for: Inventions & Discoveries?,Aviation,Ancient Civilization,Astronomy,Inventions & Discoveries,Inventions & Discoveries,,,text,80,8,true
Inventions & Discoveries,hard,"Which category is the best fit for the topic ""Inventions & Discoveries""?",Aviation,Inventions & Discoveries,Algebra,Ancient Civilization,Inventions & Discoveries,,,text,80,8,true
Inventions & Discoveries,hard,"Most precise category for ""Inventions & Discoveries"" is:",Aviation,Inventions & Discoveries,Automobiles,Algebra,Inventions & Discoveries,,,text,80,8,true
Inventions & Discoveries,hard,Pick the category that most accurately represents: Inventions & Discoveries.,Inventions & Discoveries,Artificial Intelligence,Aviation,Ancient Civilization,Inventions & Discoveries,,,text,80,8,true
Inventions & Discoveries,hard,Choose the most specific category for: Inventions & Discoveries.,Algebra,Inventions & Discoveries,Astronomy,Ancient Civilization,Inventions & Discoveries,,,text,80,8,true
Inventions & Discoveries,hard,"Which category is the closest match for the topic ""Inventions & Discoveries""?",Inventions & Discoveries,Astronomy,Ancient Civilization,Artificial Intelligence,Inventions & Discoveries,,,text,80,8,true
Inventions & Discoveries,hard,Identify the primary category for: Inventions & Discoveries.,Agriculture,Inventions & Discoveries,Automobiles,Astronomy,Inventions & Discoveries,,,text,80,8,true
Inventions & Discoveries,hard,Pick the category that most accurately represents: Inventions & Discoveries.,Astronomy,Architecture,Algebra,Inventions & Discoveries,Inventions & Discoveries,,,text,80,8,true
Inventions & Discoveries,hard,Identify the primary category for: Inventions & Discoveries.,Algebra,Inventions & Discoveries,Ancient Civilization,Aviation,Inventions & Discoveries,,,text,80,8,true
Inventions & Discoveries,hard,"Which category is the best fit for the topic ""Inventions & Discoveries""?",Architecture,Agriculture,Inventions & Discoveries,Astronomy,Inventions & Discoveries,,,text,80,8,true
Inventions & Discoveries,hard,Identify the primary category for: Inventions & Discoveries.,Aviation,Architecture,Inventions & Discoveries,Ancient Civilization,Inventions & Discoveries,,,text,80,8,true
Inventions & Discoveries,hard,Which subject is the correct classification for: Inventions & Discoveries?,Architecture,Agriculture,Astronomy,Inventions & Discoveries,Inventions & Discoveries,,,text,80,8,true
Inventions & Discoveries,hard,"Which category is the closest match for the topic ""Inventions & Discoveries""?",Inventions & Discoveries,Artificial Intelligence,Aviation,Automobiles,Inventions & Discoveries,,,text,80,8,true
Inventions & Discoveries,hard,Which subject is the correct classification for: Inventions & Discoveries?,Artificial Intelligence,Agriculture,Inventions & Discoveries,Aviation,Inventions & Discoveries,,,text,80,8,true
Inventions & Discoveries,hard,Choose the most specific category for: Inventions & Discoveries.,Aviation,Artificial Intelligence,Inventions & Discoveries,Architecture,Inventions & Discoveries,,,text,80,8,true
Inventions & Discoveries,hard,"Most precise category for ""Inventions & Discoveries"" is:",Aviation,Agriculture,Ancient Civilization,Inventions & Discoveries,Inventions & Discoveries,,,text,80,8,true
Inventions & Discoveries,hard,"Which category is the closest match for the topic ""Inventions & Discoveries""?",Inventions & Discoveries,Automobiles,Algebra,Agriculture,Inventions & Discoveries,,,text,80,8,true
Inventions & Discoveries,hard,Select the category that most precisely fits: Inventions & Discoveries.,Astronomy,Aviation,Inventions & Discoveries,Ancient Civilization,Inventions & Discoveries,,,text,80,8,true
Inventions & Discoveries,hard,"Most precise category for ""Inventions & Discoveries"" is:",Agriculture,Automobiles,Inventions & Discoveries,Artificial Intelligence,Inventions & Discoveries,,,text,80,8,true
Inventions & Discoveries,hard,Select the category that most precisely fits: Inventions & Discoveries.,Inventions & Discoveries,Astronomy,Automobiles,Architecture,Inventions & Discoveries,,,text,80,8,true
Inventions & Discoveries,hard,"Most precise category for ""Inventions & Discoveries"" is:",Astronomy,Inventions & Discoveries,Algebra,Ancient Civilization,Inventions & Discoveries,,,text,80,8,true
Brands & Logos,easy,Which category is the best match for: Brands & Logos?,Current Affairs,Economics,Mathematics,Brands & Logos,Brands & Logos,,,text,20,12,true
Brands & Logos,easy,Identify the subject area: Brands & Logos.,Robotics,Languages,Brands & Logos,Movies (Bollywood),Brands & Logos,,,text,20,12,true
Brands & Logos,easy,Select the correct quiz category for: Brands & Logos.,National Parks,Brands & Logos,Gardening,Comic Books,Brands & Logos,,,text,20,12,true
Brands & Logos,easy,Which category is the best match for: Brands & Logos?,Fashion,Modern History,Brands & Logos,Biology,Brands & Logos,,,text,20,12,true
Brands & Logos,easy,Select the correct quiz category for: Brands & Logos.,Brands & Logos,Astronomy,Internet History,Geometry,Brands & Logos,,,text,20,12,true
Brands & Logos,easy,"The topic ""Brands & Logos"" best fits which category?",Medicine,Logistics,Brands & Logos,Classic Literature,Brands & Logos,,,text,20,12,true
Brands & Logos,easy,"Which category does the topic ""Brands & Logos"" belong to?",Brands & Logos,Wildlife,Fashion,Basketball,Brands & Logos,,,text,20,12,true
Brands & Logos,easy,Select the correct quiz category for: Brands & Logos.,Pharmacology,Brands & Logos,Superheroes,Chemistry,Brands & Logos,,,text,20,12,true
Brands & Logos,easy,Identify the subject area: Brands & Logos.,Logistics,Brands & Logos,Superheroes,World Religions,Brands & Logos,,,text,20,12,true
Brands & Logos,easy,Pick the subject area that matches: Brands & Logos.,Rivers & Lakes,Artificial Intelligence,Languages,Brands & Logos,Brands & Logos,,,text,20,12,true
Brands & Logos,easy,"The topic ""Brands & Logos"" best fits which category?",Brands & Logos,Olympic Games,Awards (Oscars),World Leaders,Brands & Logos,,,text,20,12,true
Brands & Logos,easy,Identify the subject area: Brands & Logos.,Famous Personalities,Brands & Logos,Rivers & Lakes,Chess,Brands & Logos,,,text,20,12,true
Brands & Logos,easy,Which quiz category would include: Brands & Logos?,Cyber Security,Internet History,Brands & Logos,Gardening,Brands & Logos,,,text,20,12,true
Brands & Logos,easy,Pick the subject area that matches: Brands & Logos.,Modern Literature,Brands & Logos,Mythology (Greek),Deserts,Brands & Logos,,,text,20,12,true
Brands & Logos,easy,Pick the subject area that matches: Brands & Logos.,Brands & Logos,Aviation,Cyber Security,Internet History,Brands & Logos,,,text,20,12,true
Brands & Logos,easy,"Which category does the topic ""Brands & Logos"" belong to?",Modern Literature,Awards (Oscars),Ancient Civilization,Brands & Logos,Brands & Logos,,,text,20,12,true
Brands & Logos,easy,Identify the subject area: Brands & Logos.,Internet History,Logistics,Brands & Logos,Machine Learning,Brands & Logos,,,text,20,12,true
Brands & Logos,easy,Which quiz category would include: Brands & Logos?,Astronomy,Geometry,Mobile Development,Brands & Logos,Brands & Logos,,,text,20,12,true
Brands & Logos,medium,Pick the best category for this quiz topic: Brands & Logos.,Brands & Logos,Ancient Civilization,Agriculture,Aviation,Brands & Logos,,,text,40,10,true
Brands & Logos,medium,Which category is most closely related to: Brands & Logos?,Architecture,Brands & Logos,Automobiles,Ancient Civilization,Brands & Logos,,,text,40,10,true
Brands & Logos,medium,Select the most appropriate category for: Brands & Logos.,Awards (Nobel),Brands & Logos,Agriculture,Architecture,Brands & Logos,,,text,40,10,true
Brands & Logos,medium,Pick the best category for this quiz topic: Brands & Logos.,Brands & Logos,Basketball,Algebra,Automobiles,Brands & Logos,,,text,40,10,true
Brands & Logos,medium,"Which field does the topic ""Brands & Logos"" fall under?",Brands & Logos,Automobiles,Biology,Astronomy,Brands & Logos,,,text,40,10,true
Brands & Logos,medium,Pick the best category for this quiz topic: Brands & Logos.,Aviation,Awards (Nobel),Basketball,Brands & Logos,Brands & Logos,,,text,40,10,true
Brands & Logos,medium,Select the most appropriate category for: Brands & Logos.,Brands & Logos,Awards (Oscars),Biology,Aviation,Brands & Logos,,,text,40,10,true
Brands & Logos,medium,Choose the most accurate category for the topic: Brands & Logos.,Brands & Logos,Awards (Nobel),Automobiles,Algebra,Brands & Logos,,,text,40,10,true
Brands & Logos,medium,Which category would most likely include questions on Brands & Logos?,Brands & Logos,Agriculture,Algebra,Awards (Oscars),Brands & Logos,,,text,40,10,true
Brands & Logos,medium,Which category is most closely related to: Brands & Logos?,Architecture,Biology,Awards (Nobel),Brands & Logos,Brands & Logos,,,text,40,10,true
Brands & Logos,medium,Select the most appropriate category for: Brands & Logos.,Automobiles,Ancient Civilization,Brands & Logos,Artificial Intelligence,Brands & Logos,,,text,40,10,true
Brands & Logos,medium,"Which subject area most closely matches the topic ""Brands & Logos""?",Brands & Logos,Basketball,Artificial Intelligence,Biology,Brands & Logos,,,text,40,10,true
Brands & Logos,medium,Which category would most likely include questions on Brands & Logos?,Brands & Logos,Biology,Astronomy,Basketball,Brands & Logos,,,text,40,10,true
Brands & Logos,medium,"Which subject area most closely matches the topic ""Brands & Logos""?",Brands & Logos,Algebra,Astronomy,Biology,Brands & Logos,,,text,40,10,true
Brands & Logos,medium,Which category is most closely related to: Brands & Logos?,Awards (Oscars),Basketball,Aviation,Brands & Logos,Brands & Logos,,,text,40,10,true
Brands & Logos,medium,Choose the most accurate category for the topic: Brands & Logos.,Astronomy,Brands & Logos,Automobiles,Artificial Intelligence,Brands & Logos,,,text,40,10,true
Brands & Logos,medium,Select the most appropriate category for: Brands & Logos.,Agriculture,Basketball,Brands & Logos,Architecture,Brands & Logos,,,text,40,10,true
Brands & Logos,medium,"Best-fit category for ""Brands & Logos"" is:",Brands & Logos,Architecture,Artificial Intelligence,Awards (Nobel),Brands & Logos,,,text,40,10,true
Brands & Logos,hard,Select the category that most precisely fits: Brands & Logos.,Brands & Logos,Ancient Civilization,Aviation,Astronomy,Brands & Logos,,,text,80,8,true
Brands & Logos,hard,Identify the primary category for: Brands & Logos.,Brands & Logos,Architecture,Automobiles,Agriculture,Brands & Logos,,,text,80,8,true
Brands & Logos,hard,Identify the primary category for: Brands & Logos.,Aviation,Algebra,Brands & Logos,Agriculture,Brands & Logos,,,text,80,8,true
Brands & Logos,hard,Choose the most specific category for: Brands & Logos.,Brands & Logos,Artificial Intelligence,Algebra,Architecture,Brands & Logos,,,text,80,8,true
Brands & Logos,hard,Which subject is the correct classification for: Brands & Logos?,Agriculture,Brands & Logos,Aviation,Ancient Civilization,Brands & Logos,,,text,80,8,true
Brands & Logos,hard,Identify the primary category for: Brands & Logos.,Ancient Civilization,Astronomy,Brands & Logos,Agriculture,Brands & Logos,,,text,80,8,true
Brands & Logos,hard,Choose the most specific category for: Brands & Logos.,Automobiles,Algebra,Brands & Logos,Aviation,Brands & Logos,,,text,80,8,true
Brands & Logos,hard,Identify the primary category for: Brands & Logos.,Algebra,Artificial Intelligence,Brands & Logos,Ancient Civilization,Brands & Logos,,,text,80,8,true
Brands & Logos,hard,Identify the primary category for: Brands & Logos.,Algebra,Brands & Logos,Automobiles,Artificial Intelligence,Brands & Logos,,,text,80,8,true
Brands & Logos,hard,Identify the primary category for: Brands & Logos.,Brands & Logos,Artificial Intelligence,Astronomy,Ancient Civilization,Brands & Logos,,,text,80,8,true
Brands & Logos,hard,"Which category is the closest match for the topic ""Brands & Logos""?",Brands & Logos,Agriculture,Aviation,Astronomy,Brands & Logos,,,text,80,8,true
Brands & Logos,hard,Which subject is the correct classification for: Brands & Logos?,Astronomy,Agriculture,Brands & Logos,Artificial Intelligence,Brands & Logos,,,text,80,8,true
Brands & Logos,hard,Pick the category that most accurately represents: Brands & Logos.,Architecture,Artificial Intelligence,Automobiles,Brands & Logos,Brands & Logos,,,text,80,8,true
Brands & Logos,hard,Select the category that most precisely fits: Brands & Logos.,Agriculture,Automobiles,Brands & Logos,Aviation,Brands & Logos,,,text,80,8,true
Brands & Logos,hard,Choose the most specific category for: Brands & Logos.,Architecture,Aviation,Brands & Logos,Agriculture,Brands & Logos,,,text,80,8,true
Brands & Logos,hard,"Most precise category for ""Brands & Logos"" is:",Artificial Intelligence,Agriculture,Ancient Civilization,Brands & Logos,Brands & Logos,,,text,80,8,true
Brands & Logos,hard,Identify the primary category for: Brands & Logos.,Automobiles,Architecture,Algebra,Brands & Logos,Brands & Logos,,,text,80,8,true
Brands & Logos,hard,Select the category that most precisely fits: Brands & Logos.,Algebra,Brands & Logos,Aviation,Astronomy,Brands & Logos,,,text,80,8,true
Brands & Logos,hard,"Which category is the best fit for the topic ""Brands & Logos""?",Architecture,Brands & Logos,Aviation,Agriculture,Brands & Logos,,,text,80,8,true
Brands & Logos,hard,"Which category is the closest match for the topic ""Brands & Logos""?",Brands & Logos,Ancient Civilization,Algebra,Agriculture,Brands & Logos,,,text,80,8,true
Brands & Logos,hard,Pick the category that most accurately represents: Brands & Logos.,Brands & Logos,Architecture,Automobiles,Aviation,Brands & Logos,,,text,80,8,true
Brands & Logos,hard,"Which category is the closest match for the topic ""Brands & Logos""?",Brands & Logos,Architecture,Automobiles,Ancient Civilization,Brands & Logos,,,text,80,8,true
Brands & Logos,hard,"Which category is the closest match for the topic ""Brands & Logos""?",Artificial Intelligence,Architecture,Ancient Civilization,Brands & Logos,Brands & Logos,,,text,80,8,true
Brands & Logos,hard,"Most precise category for ""Brands & Logos"" is:",Aviation,Agriculture,Brands & Logos,Algebra,Brands & Logos,,,text,80,8,true
Business Tycoons,easy,Which quiz category would include: Business Tycoons?,English Grammar,Business Tycoons,Yoga & Health,Psychology,Business Tycoons,,,text,20,12,true
Business Tycoons,easy,Which category is the best match for: Business Tycoons?,Business Tycoons,Rivers & Lakes,Stock Market,Fashion,Business Tycoons,,,text,20,12,true
Business Tycoons,easy,Which quiz category would include: Business Tycoons?,Currencies,Marketing,Business Tycoons,Psychology,Business Tycoons,,,text,20,12,true
Business Tycoons,easy,Which quiz category would include: Business Tycoons?,Logistics,Chess,Oceans & Seas,Business Tycoons,Business Tycoons,,,text,20,12,true
Business Tycoons,easy,"Choose the category that best matches ""Business Tycoons"".",Chess,Business Tycoons,Olympic Games,Deserts,Business Tycoons,,,text,20,12,true
Business Tycoons,easy,"Choose the category that best matches ""Business Tycoons"".",Environmental Science,Business Tycoons,Philosophy,Photography,Business Tycoons,,,text,20,12,true
Business Tycoons,easy,Pick the subject area that matches: Business Tycoons.,Superheroes,Chess,Brands & Logos,Business Tycoons,Business Tycoons,,,text,20,12,true
Business Tycoons,easy,Select the correct quiz category for: Business Tycoons.,Business Tycoons,Languages,Current Affairs,Sociology,Business Tycoons,,,text,20,12,true
Business Tycoons,easy,"Choose the category that best matches ""Business Tycoons"".",Business Tycoons,Computer Science,Gaming,Gadgets,Business Tycoons,,,text,20,12,true
Business Tycoons,easy,Which quiz category would include: Business Tycoons?,Artificial Intelligence,Climate Change,Business Tycoons,Rivers & Lakes,Business Tycoons,,,text,20,12,true
Business Tycoons,easy,Identify the subject area: Business Tycoons.,Robotics,Business Tycoons,Artificial Intelligence,Internet History,Business Tycoons,,,text,20,12,true
Business Tycoons,easy,"Which category does the topic ""Business Tycoons"" belong to?",Business Tycoons,Mountains & Peaks,Philosophy,Computer Science,Business Tycoons,,,text,20,12,true
Business Tycoons,easy,Which category is the best match for: Business Tycoons?,Business Tycoons,Cyber Security,Chemistry,Pharmacology,Business Tycoons,,,text,20,12,true
Business Tycoons,easy,"Which category does the topic ""Business Tycoons"" belong to?",Environmental Science,Networking,National Flags,Business Tycoons,Business Tycoons,,,text,20,12,true
Business Tycoons,easy,Which quiz category would include: Business Tycoons?,Interior Design,Business Tycoons,Logistics,Inventions & Discoveries,Business Tycoons,,,text,20,12,true
Business Tycoons,easy,Select the correct quiz category for: Business Tycoons.,Superheroes,Business Tycoons,Mountains & Peaks,Tennis,Business Tycoons,,,text,20,12,true
Business Tycoons,easy,"Choose the category that best matches ""Business Tycoons"".",Languages,English Grammar,Business Tycoons,Painting & Art,Business Tycoons,,,text,20,12,true
Business Tycoons,easy,"Choose the category that best matches ""Business Tycoons"".",Comic Books,Music (Classical),Music (Pop),Business Tycoons,Business Tycoons,,,text,20,12,true
Business Tycoons,medium,Choose the most accurate category for the topic: Business Tycoons.,Awards (Oscars),Architecture,Aviation,Business Tycoons,Business Tycoons,,,text,40,10,true
Business Tycoons,medium,Which category would most likely include questions on Business Tycoons?,Awards (Oscars),Architecture,Astronomy,Business Tycoons,Business Tycoons,,,text,40,10,true
Business Tycoons,medium,"Which subject area most closely matches the topic ""Business Tycoons""?",Architecture,Algebra,Basketball,Business Tycoons,Business Tycoons,,,text,40,10,true
Business Tycoons,medium,"Best-fit category for ""Business Tycoons"" is:",Artificial Intelligence,Awards (Oscars),Astronomy,Business Tycoons,Business Tycoons,,,text,40,10,true
Business Tycoons,medium,Choose the most accurate category for the topic: Business Tycoons.,Business Tycoons,Basketball,Biology,Aviation,Business Tycoons,,,text,40,10,true
Business Tycoons,medium,Choose the most accurate category for the topic: Business Tycoons.,Awards (Oscars),Aviation,Basketball,Business Tycoons,Business Tycoons,,,text,40,10,true
Business Tycoons,medium,"Which field does the topic ""Business Tycoons"" fall under?",Astronomy,Ancient Civilization,Business Tycoons,Awards (Oscars),Business Tycoons,,,text,40,10,true
Business Tycoons,medium,Which category would most likely include questions on Business Tycoons?,Artificial Intelligence,Architecture,Business Tycoons,Basketball,Business Tycoons,,,text,40,10,true
Business Tycoons,medium,"Which subject area most closely matches the topic ""Business Tycoons""?",Agriculture,Aviation,Business Tycoons,Awards (Nobel),Business Tycoons,,,text,40,10,true
Business Tycoons,medium,"Which subject area most closely matches the topic ""Business Tycoons""?",Business Tycoons,Biology,Algebra,Ancient Civilization,Business Tycoons,,,text,40,10,true
Business Tycoons,medium,"Which subject area most closely matches the topic ""Business Tycoons""?",Ancient Civilization,Astronomy,Business Tycoons,Basketball,Business Tycoons,,,text,40,10,true
Business Tycoons,medium,"Which field does the topic ""Business Tycoons"" fall under?",Business Tycoons,Awards (Nobel),Basketball,Automobiles,Business Tycoons,,,text,40,10,true
Business Tycoons,medium,Select the most appropriate category for: Business Tycoons.,Business Tycoons,Basketball,Architecture,Awards (Oscars),Business Tycoons,,,text,40,10,true
Business Tycoons,medium,Which category would most likely include questions on Business Tycoons?,Biology,Astronomy,Architecture,Business Tycoons,Business Tycoons,,,text,40,10,true
Business Tycoons,medium,Which category is most closely related to: Business Tycoons?,Awards (Nobel),Awards (Oscars),Ancient Civilization,Business Tycoons,Business Tycoons,,,text,40,10,true
Business Tycoons,medium,"Best-fit category for ""Business Tycoons"" is:",Artificial Intelligence,Awards (Nobel),Basketball,Business Tycoons,Business Tycoons,,,text,40,10,true
Business Tycoons,medium,Which category is most closely related to: Business Tycoons?,Ancient Civilization,Algebra,Awards (Nobel),Business Tycoons,Business Tycoons,,,text,40,10,true
Business Tycoons,medium,"Best-fit category for ""Business Tycoons"" is:",Basketball,Business Tycoons,Agriculture,Architecture,Business Tycoons,,,text,40,10,true
Business Tycoons,hard,Choose the most specific category for: Business Tycoons.,Aviation,Architecture,Business Tycoons,Algebra,Business Tycoons,,,text,80,8,true
Business Tycoons,hard,"Which category is the best fit for the topic ""Business Tycoons""?",Ancient Civilization,Aviation,Business Tycoons,Architecture,Business Tycoons,,,text,80,8,true
Business Tycoons,hard,Which subject is the correct classification for: Business Tycoons?,Algebra,Ancient Civilization,Business Tycoons,Agriculture,Business Tycoons,,,text,80,8,true
Business Tycoons,hard,Which subject is the correct classification for: Business Tycoons?,Algebra,Artificial Intelligence,Business Tycoons,Aviation,Business Tycoons,,,text,80,8,true
Business Tycoons,hard,"Most precise category for ""Business Tycoons"" is:",Business Tycoons,Automobiles,Aviation,Artificial Intelligence,Business Tycoons,,,text,80,8,true
Business Tycoons,hard,"Most precise category for ""Business Tycoons"" is:",Artificial Intelligence,Business Tycoons,Agriculture,Architecture,Business Tycoons,,,text,80,8,true
Business Tycoons,hard,Pick the category that most accurately represents: Business Tycoons.,Astronomy,Ancient Civilization,Business Tycoons,Architecture,Business Tycoons,,,text,80,8,true
Business Tycoons,hard,"Most precise category for ""Business Tycoons"" is:",Algebra,Business Tycoons,Automobiles,Ancient Civilization,Business Tycoons,,,text,80,8,true
Business Tycoons,hard,Identify the primary category for: Business Tycoons.,Aviation,Business Tycoons,Artificial Intelligence,Ancient Civilization,Business Tycoons,,,text,80,8,true
Business Tycoons,hard,"Most precise category for ""Business Tycoons"" is:",Automobiles,Agriculture,Business Tycoons,Astronomy,Business Tycoons,,,text,80,8,true
Business Tycoons,hard,Which subject is the correct classification for: Business Tycoons?,Business Tycoons,Astronomy,Agriculture,Aviation,Business Tycoons,,,text,80,8,true
Business Tycoons,hard,Identify the primary category for: Business Tycoons.,Algebra,Automobiles,Business Tycoons,Artificial Intelligence,Business Tycoons,,,text,80,8,true
Business Tycoons,hard,Identify the primary category for: Business Tycoons.,Business Tycoons,Artificial Intelligence,Astronomy,Aviation,Business Tycoons,,,text,80,8,true
Business Tycoons,hard,Which subject is the correct classification for: Business Tycoons?,Architecture,Business Tycoons,Agriculture,Artificial Intelligence,Business Tycoons,,,text,80,8,true
Business Tycoons,hard,Which subject is the correct classification for: Business Tycoons?,Business Tycoons,Artificial Intelligence,Astronomy,Agriculture,Business Tycoons,,,text,80,8,true
Business Tycoons,hard,Identify the primary category for: Business Tycoons.,Business Tycoons,Artificial Intelligence,Aviation,Automobiles,Business Tycoons,,,text,80,8,true
Business Tycoons,hard,Pick the category that most accurately represents: Business Tycoons.,Astronomy,Automobiles,Algebra,Business Tycoons,Business Tycoons,,,text,80,8,true
Business Tycoons,hard,Choose the most specific category for: Business Tycoons.,Ancient Civilization,Automobiles,Business Tycoons,Astronomy,Business Tycoons,,,text,80,8,true
Business Tycoons,hard,Pick the category that most accurately represents: Business Tycoons.,Agriculture,Astronomy,Algebra,Business Tycoons,Business Tycoons,,,text,80,8,true
Business Tycoons,hard,Choose the most specific category for: Business Tycoons.,Artificial Intelligence,Business Tycoons,Ancient Civilization,Automobiles,Business Tycoons,,,text,80,8,true
Business Tycoons,hard,Pick the category that most accurately represents: Business Tycoons.,Business Tycoons,Architecture,Automobiles,Astronomy,Business Tycoons,,,text,80,8,true
Business Tycoons,hard,"Which category is the best fit for the topic ""Business Tycoons""?",Ancient Civilization,Artificial Intelligence,Business Tycoons,Agriculture,Business Tycoons,,,text,80,8,true
Business Tycoons,hard,Which subject is the correct classification for: Business Tycoons?,Aviation,Artificial Intelligence,Agriculture,Business Tycoons,Business Tycoons,,,text,80,8,true
Business Tycoons,hard,Identify the primary category for: Business Tycoons.,Business Tycoons,Ancient Civilization,Agriculture,Artificial Intelligence,Business Tycoons,,,text,80,8,true
Current Affairs,easy,"Choose the category that best matches ""Current Affairs"".",Yoga & Health,Current Affairs,Social Media,Networking,Current Affairs,,,text,20,12,true
Current Affairs,easy,Select the correct quiz category for: Current Affairs.,Current Affairs,Geometry,E-commerce,Awards (Nobel),Current Affairs,,,text,20,12,true
Current Affairs,easy,Select the correct quiz category for: Current Affairs.,Current Affairs,Comic Books,Astronomy,Trigonometry,Current Affairs,,,text,20,12,true
Current Affairs,easy,Which quiz category would include: Current Affairs?,Rivers & Lakes,Current Affairs,Blockchain,Stock Market,Current Affairs,,,text,20,12,true
Current Affairs,easy,"Which category does the topic ""Current Affairs"" belong to?",Music (Pop),Space Exploration,Current Affairs,Programming (Java),Current Affairs,,,text,20,12,true
Current Affairs,easy,Select the correct quiz category for: Current Affairs.,Superheroes,Ancient Civilization,Agriculture,Current Affairs,Current Affairs,,,text,20,12,true
Current Affairs,easy,"Choose the category that best matches ""Current Affairs"".",World Leaders,Current Affairs,Calculus,World Continents,Current Affairs,,,text,20,12,true
Current Affairs,easy,"Which category does the topic ""Current Affairs"" belong to?",Current Affairs,Chess,Mathematics,Currencies,Current Affairs,,,text,20,12,true
Current Affairs,easy,Select the correct quiz category for: Current Affairs.,Movies (Bollywood),Current Affairs,Mythology (Indian),Artificial Intelligence,Current Affairs,,,text,20,12,true
Current Affairs,easy,Pick the subject area that matches: Current Affairs.,Modern Literature,Machine Learning,World Geography,Current Affairs,Current Affairs,,,text,20,12,true
Current Affairs,easy,"Choose the category that best matches ""Current Affairs"".",Mythology (Greek),Marketing,Current Affairs,Philosophy,Current Affairs,,,text,20,12,true
Current Affairs,easy,Select the correct quiz category for: Current Affairs.,Current Affairs,Music (Classical),Marketing,Trigonometry,Current Affairs,,,text,20,12,true
Current Affairs,easy,"The topic ""Current Affairs"" best fits which category?",Cyber Security,Algebra,Current Affairs,Inventions & Discoveries,Current Affairs,,,text,20,12,true
Current Affairs,easy,"Choose the category that best matches ""Current Affairs"".",Social Media,Ancient Civilization,Superheroes,Current Affairs,Current Affairs,,,text,20,12,true
Current Affairs,easy,Which category is the best match for: Current Affairs?,Calculus,Automobiles,Web Development,Current Affairs,Current Affairs,,,text,20,12,true
Current Affairs,easy,Pick the subject area that matches: Current Affairs.,Calculus,Current Affairs,Interior Design,Tennis,Current Affairs,,,text,20,12,true
Current Affairs,easy,"Which category does the topic ""Current Affairs"" belong to?",Deserts,Islands,Current Affairs,Climate Change,Current Affairs,,,text,20,12,true
Current Affairs,easy,"The topic ""Current Affairs"" best fits which category?",Wildlife,Business Tycoons,Current Affairs,Medicine,Current Affairs,,,text,20,12,true
Current Affairs,medium,"Best-fit category for ""Current Affairs"" is:",Current Affairs,Agriculture,Artificial Intelligence,Architecture,Current Affairs,,,text,40,10,true
Current Affairs,medium,Pick the best category for this quiz topic: Current Affairs.,Awards (Nobel),Architecture,Current Affairs,Agriculture,Current Affairs,,,text,40,10,true
Current Affairs,medium,Select the most appropriate category for: Current Affairs.,Agriculture,Artificial Intelligence,Astronomy,Current Affairs,Current Affairs,,,text,40,10,true
Current Affairs,medium,Which category would most likely include questions on Current Affairs?,Current Affairs,Algebra,Awards (Nobel),Agriculture,Current Affairs,,,text,40,10,true
Current Affairs,medium,Which category would most likely include questions on Current Affairs?,Automobiles,Current Affairs,Awards (Oscars),Basketball,Current Affairs,,,text,40,10,true
Current Affairs,medium,Pick the best category for this quiz topic: Current Affairs.,Automobiles,Current Affairs,Basketball,Algebra,Current Affairs,,,text,40,10,true
Current Affairs,medium,Pick the best category for this quiz topic: Current Affairs.,Awards (Oscars),Ancient Civilization,Automobiles,Current Affairs,Current Affairs,,,text,40,10,true
Current Affairs,medium,Pick the best category for this quiz topic: Current Affairs.,Biology,Awards (Nobel),Current Affairs,Agriculture,Current Affairs,,,text,40,10,true
Current Affairs,medium,Select the most appropriate category for: Current Affairs.,Awards (Nobel),Automobiles,Ancient Civilization,Current Affairs,Current Affairs,,,text,40,10,true
Current Affairs,medium,Which category is most closely related to: Current Affairs?,Artificial Intelligence,Current Affairs,Basketball,Aviation,Current Affairs,,,text,40,10,true
Current Affairs,medium,Which category is most closely related to: Current Affairs?,Awards (Nobel),Current Affairs,Algebra,Basketball,Current Affairs,,,text,40,10,true
Current Affairs,medium,"Which subject area most closely matches the topic ""Current Affairs""?",Awards (Oscars),Automobiles,Current Affairs,Artificial Intelligence,Current Affairs,,,text,40,10,true
Current Affairs,medium,"Which subject area most closely matches the topic ""Current Affairs""?",Agriculture,Awards (Nobel),Architecture,Current Affairs,Current Affairs,,,text,40,10,true
Current Affairs,medium,"Which subject area most closely matches the topic ""Current Affairs""?",Algebra,Aviation,Current Affairs,Artificial Intelligence,Current Affairs,,,text,40,10,true
Current Affairs,medium,Pick the best category for this quiz topic: Current Affairs.,Algebra,Aviation,Architecture,Current Affairs,Current Affairs,,,text,40,10,true
Current Affairs,medium,Which category would most likely include questions on Current Affairs?,Agriculture,Biology,Current Affairs,Basketball,Current Affairs,,,text,40,10,true
Current Affairs,medium,"Which field does the topic ""Current Affairs"" fall under?",Artificial Intelligence,Architecture,Current Affairs,Agriculture,Current Affairs,,,text,40,10,true
Current Affairs,medium,Select the most appropriate category for: Current Affairs.,Artificial Intelligence,Astronomy,Current Affairs,Awards (Nobel),Current Affairs,,,text,40,10,true
Current Affairs,hard,"Most precise category for ""Current Affairs"" is:",Current Affairs,Artificial Intelligence,Automobiles,Agriculture,Current Affairs,,,text,80,8,true
Current Affairs,hard,Select the category that most precisely fits: Current Affairs.,Artificial Intelligence,Automobiles,Current Affairs,Astronomy,Current Affairs,,,text,80,8,true
Current Affairs,hard,Select the category that most precisely fits: Current Affairs.,Current Affairs,Artificial Intelligence,Ancient Civilization,Algebra,Current Affairs,,,text,80,8,true
Current Affairs,hard,Choose the most specific category for: Current Affairs.,Automobiles,Architecture,Algebra,Current Affairs,Current Affairs,,,text,80,8,true
Current Affairs,hard,"Which category is the closest match for the topic ""Current Affairs""?",Current Affairs,Artificial Intelligence,Ancient Civilization,Aviation,Current Affairs,,,text,80,8,true
Current Affairs,hard,"Most precise category for ""Current Affairs"" is:",Aviation,Agriculture,Current Affairs,Algebra,Current Affairs,,,text,80,8,true
Current Affairs,hard,"Which category is the best fit for the topic ""Current Affairs""?",Current Affairs,Astronomy,Aviation,Ancient Civilization,Current Affairs,,,text,80,8,true
Current Affairs,hard,Pick the category that most accurately represents: Current Affairs.,Current Affairs,Algebra,Astronomy,Architecture,Current Affairs,,,text,80,8,true
Current Affairs,hard,Identify the primary category for: Current Affairs.,Astronomy,Artificial Intelligence,Agriculture,Current Affairs,Current Affairs,,,text,80,8,true
Current Affairs,hard,Which subject is the correct classification for: Current Affairs?,Astronomy,Architecture,Current Affairs,Ancient Civilization,Current Affairs,,,text,80,8,true
Current Affairs,hard,"Which category is the best fit for the topic ""Current Affairs""?",Artificial Intelligence,Current Affairs,Architecture,Aviation,Current Affairs,,,text,80,8,true
Current Affairs,hard,Which subject is the correct classification for: Current Affairs?,Algebra,Current Affairs,Agriculture,Artificial Intelligence,Current Affairs,,,text,80,8,true
Current Affairs,hard,Select the category that most precisely fits: Current Affairs.,Artificial Intelligence,Automobiles,Current Affairs,Ancient Civilization,Current Affairs,,,text,80,8,true
Current Affairs,hard,"Most precise category for ""Current Affairs"" is:",Algebra,Aviation,Automobiles,Current Affairs,Current Affairs,,,text,80,8,true
Current Affairs,hard,Choose the most specific category for: Current Affairs.,Current Affairs,Automobiles,Aviation,Algebra,Current Affairs,,,text,80,8,true
Current Affairs,hard,Identify the primary category for: Current Affairs.,Algebra,Agriculture,Automobiles,Current Affairs,Current Affairs,,,text,80,8,true
Current Affairs,hard,"Most precise category for ""Current Affairs"" is:",Agriculture,Current Affairs,Automobiles,Algebra,Current Affairs,,,text,80,8,true
Current Affairs,hard,Select the category that most precisely fits: Current Affairs.,Current Affairs,Artificial Intelligence,Agriculture,Architecture,Current Affairs,,,text,80,8,true
Current Affairs,hard,Pick the category that most accurately represents: Current Affairs.,Artificial Intelligence,Agriculture,Algebra,Current Affairs,Current Affairs,,,text,80,8,true
Current Affairs,hard,Pick the category that most accurately represents: Current Affairs.,Current Affairs,Astronomy,Aviation,Artificial Intelligence,Current Affairs,,,text,80,8,true
Current Affairs,hard,"Which category is the best fit for the topic ""Current Affairs""?",Agriculture,Architecture,Aviation,Current Affairs,Current Affairs,,,text,80,8,true
Current Affairs,hard,"Which category is the best fit for the topic ""Current Affairs""?",Astronomy,Ancient Civilization,Architecture,Current Affairs,Current Affairs,,,text,80,8,true
Current Affairs,hard,"Which category is the closest match for the topic ""Current Affairs""?",Architecture,Aviation,Artificial Intelligence,Current Affairs,Current Affairs,,,text,80,8,true
Current Affairs,hard,Which subject is the correct classification for: Current Affairs?,Astronomy,Agriculture,Current Affairs,Artificial Intelligence,Current Affairs,,,text,80,8,true
Mythology (Greek),easy,Which quiz category would include: Mythology (Greek)?,World Continents,Computer Science,Social Media,Mythology (Greek),Mythology (Greek),,,text,20,12,true
Mythology (Greek),easy,Which category is the best match for: Mythology (Greek)?,Mobile Development,Inventions & Discoveries,Languages,Mythology (Greek),Mythology (Greek),,,text,20,12,true
Mythology (Greek),easy,Which quiz category would include: Mythology (Greek)?,National Parks,Medicine,Stock Market,Mythology (Greek),Mythology (Greek),,,text,20,12,true
Mythology (Greek),easy,Which category is the best match for: Mythology (Greek)?,Languages,Music (Pop),Movies (Bollywood),Mythology (Greek),Mythology (Greek),,,text,20,12,true
Mythology (Greek),easy,Pick the subject area that matches: Mythology (Greek).,Computer Science,World Leaders,Mythology (Greek),Geometry,Mythology (Greek),,,text,20,12,true
Mythology (Greek),easy,Which quiz category would include: Mythology (Greek)?,Architecture,Mythology (Greek),Pharmacology,Biology,Mythology (Greek),,,text,20,12,true
Mythology (Greek),easy,"Which category does the topic ""Mythology (Greek)"" belong to?",Gaming,Climate Change,Mythology (Greek),Food & Cuisine,Mythology (Greek),,,text,20,12,true
Mythology (Greek),easy,"The topic ""Mythology (Greek)"" best fits which category?",Comic Books,Mythology (Greek),Marketing,Cricket,Mythology (Greek),,,text,20,12,true
Mythology (Greek),easy,Identify the subject area: Mythology (Greek).,Cyber Security,Physics,Mythology (Greek),Mountains & Peaks,Mythology (Greek),,,text,20,12,true
Mythology (Greek),easy,Select the correct quiz category for: Mythology (Greek).,Movies (Hollywood),Mythology (Greek),Mobile Development,Interior Design,Mythology (Greek),,,text,20,12,true
Mythology (Greek),easy,Which quiz category would include: Mythology (Greek)?,Calculus,Gadgets,Cricket,Mythology (Greek),Mythology (Greek),,,text,20,12,true
Mythology (Greek),easy,"Which category does the topic ""Mythology (Greek)"" belong to?",World Geography,Sociology,Mythology (Greek),Brands & Logos,Mythology (Greek),,,text,20,12,true
Mythology (Greek),easy,Which quiz category would include: Mythology (Greek)?,Mythology (Greek),Fashion,Mythology (Indian),Geometry,Mythology (Greek),,,text,20,12,true
Mythology (Greek),easy,"Choose the category that best matches ""Mythology (Greek)"".",World Continents,Mythology (Greek),Modern Literature,Finance,Mythology (Greek),,,text,20,12,true
Mythology (Greek),easy,"Choose the category that best matches ""Mythology (Greek)"".",Inventions & Discoveries,Comic Books,Mythology (Greek),Calculus,Mythology (Greek),,,text,20,12,true
Mythology (Greek),easy,Select the correct quiz category for: Mythology (Greek).,Mythology (Greek),Programming (Java),National Flags,Finance,Mythology (Greek),,,text,20,12,true
Mythology (Greek),easy,Select the correct quiz category for: Mythology (Greek).,Basketball,Deserts,Mythology (Greek),Mobile Development,Mythology (Greek),,,text,20,12,true
Mythology (Greek),easy,Pick the subject area that matches: Mythology (Greek).,Mythology (Greek),Trigonometry,Algebra,Climate Change,Mythology (Greek),,,text,20,12,true
Mythology (Greek),medium,Pick the best category for this quiz topic: Mythology (Greek).,Architecture,Mythology (Greek),Agriculture,Awards (Nobel),Mythology (Greek),,,text,40,10,true
Mythology (Greek),medium,Select the most appropriate category for: Mythology (Greek).,Aviation,Awards (Nobel),Agriculture,Mythology (Greek),Mythology (Greek),,,text,40,10,true
Mythology (Greek),medium,"Which subject area most closely matches the topic ""Mythology (Greek)""?",Mythology (Indian),Mythology (Greek),Ancient Civilization,Automobiles,Mythology (Greek),,,text,40,10,true
Mythology (Greek),medium,Choose the most accurate category for the topic: Mythology (Greek).,Mythology (Indian),Awards (Oscars),Astronomy,Mythology (Greek),Mythology (Greek),,,text,40,10,true
Mythology (Greek),medium,"Which subject area most closely matches the topic ""Mythology (Greek)""?",Agriculture,Awards (Oscars),Mythology (Greek),Astronomy,Mythology (Greek),,,text,40,10,true
Mythology (Greek),medium,Pick the best category for this quiz topic: Mythology (Greek).,Mythology (Greek),Aviation,Mythology (Indian),Mythology (Norse),Mythology (Greek),,,text,40,10,true
Mythology (Greek),medium,Pick the best category for this quiz topic: Mythology (Greek).,Mythology (Greek),Artificial Intelligence,Ancient Civilization,Agriculture,Mythology (Greek),,,text,40,10,true
Mythology (Greek),medium,Which category is most closely related to: Mythology (Greek)?,Artificial Intelligence,Mythology (Greek),Algebra,Mythology (Norse),Mythology (Greek),,,text,40,10,true
Mythology (Greek),medium,Select the most appropriate category for: Mythology (Greek).,Aviation,Automobiles,Mythology (Greek),Architecture,Mythology (Greek),,,text,40,10,true
Mythology (Greek),medium,Select the most appropriate category for: Mythology (Greek).,Algebra,Mythology (Greek),Agriculture,Artificial Intelligence,Mythology (Greek),,,text,40,10,true
Mythology (Greek),medium,Pick the best category for this quiz topic: Mythology (Greek).,Mythology (Greek),Awards (Oscars),Artificial Intelligence,Ancient Civilization,Mythology (Greek),,,text,40,10,true
Mythology (Greek),medium,Which category is most closely related to: Mythology (Greek)?,Mythology (Greek),Algebra,Agriculture,Mythology (Indian),Mythology (Greek),,,text,40,10,true
Mythology (Greek),medium,Pick the best category for this quiz topic: Mythology (Greek).,Artificial Intelligence,Awards (Oscars),Ancient Civilization,Mythology (Greek),Mythology (Greek),,,text,40,10,true
Mythology (Greek),medium,Select the most appropriate category for: Mythology (Greek).,Awards (Oscars),Mythology (Greek),Awards (Nobel),Agriculture,Mythology (Greek),,,text,40,10,true
Mythology (Greek),medium,Which category would most likely include questions on Mythology (Greek)?,Mythology (Greek),Architecture,Mythology (Indian),Ancient Civilization,Mythology (Greek),,,text,40,10,true
Mythology (Greek),medium,"Which subject area most closely matches the topic ""Mythology (Greek)""?",Algebra,Mythology (Indian),Mythology (Norse),Mythology (Greek),Mythology (Greek),,,text,40,10,true
Mythology (Greek),medium,Choose the most accurate category for the topic: Mythology (Greek).,Artificial Intelligence,Mythology (Norse),Architecture,Mythology (Greek),Mythology (Greek),,,text,40,10,true
Mythology (Greek),medium,"Which subject area most closely matches the topic ""Mythology (Greek)""?",Mythology (Norse),Ancient Civilization,Mythology (Indian),Mythology (Greek),Mythology (Greek),,,text,40,10,true
Mythology (Greek),hard,Pick the category that most accurately represents: Mythology (Greek).,Architecture,Mythology (Norse),Mythology (Greek),Astronomy,Mythology (Greek),,,text,80,8,true
Mythology (Greek),hard,Identify the primary category for: Mythology (Greek).,Mythology (Indian),Mythology (Greek),Agriculture,Algebra,Mythology (Greek),,,text,80,8,true
Mythology (Greek),hard,Pick the category that most accurately represents: Mythology (Greek).,Mythology (Greek),Mythology (Norse),Artificial Intelligence,Algebra,Mythology (Greek),,,text,80,8,true
Mythology (Greek),hard,Which subject is the correct classification for: Mythology (Greek)?,Astronomy,Mythology (Greek),Architecture,Mythology (Norse),Mythology (Greek),,,text,80,8,true
Mythology (Greek),hard,Choose the most specific category for: Mythology (Greek).,Mythology (Norse),Mythology (Greek),Mythology (Indian),Ancient Civilization,Mythology (Greek),,,text,80,8,true
Mythology (Greek),hard,"Which category is the best fit for the topic ""Mythology (Greek)""?",Artificial Intelligence,Mythology (Norse),Mythology (Greek),Mythology (Indian),Mythology (Greek),,,text,80,8,true
Mythology (Greek),hard,"Which category is the closest match for the topic ""Mythology (Greek)""?",Mythology (Greek),Artificial Intelligence,Architecture,Mythology (Indian),Mythology (Greek),,,text,80,8,true
Mythology (Greek),hard,Select the category that most precisely fits: Mythology (Greek).,Artificial Intelligence,Agriculture,Mythology (Indian),Mythology (Greek),Mythology (Greek),,,text,80,8,true
Mythology (Greek),hard,"Most precise category for ""Mythology (Greek)"" is:",Mythology (Greek),Mythology (Norse),Architecture,Ancient Civilization,Mythology (Greek),,,text,80,8,true
Mythology (Greek),hard,Which subject is the correct classification for: Mythology (Greek)?,Astronomy,Algebra,Mythology (Greek),Architecture,Mythology (Greek),,,text,80,8,true
Mythology (Greek),hard,Choose the most specific category for: Mythology (Greek).,Mythology (Greek),Astronomy,Mythology (Norse),Algebra,Mythology (Greek),,,text,80,8,true
Mythology (Greek),hard,"Most precise category for ""Mythology (Greek)"" is:",Mythology (Indian),Astronomy,Mythology (Greek),Agriculture,Mythology (Greek),,,text,80,8,true
Mythology (Greek),hard,Select the category that most precisely fits: Mythology (Greek).,Algebra,Architecture,Mythology (Greek),Artificial Intelligence,Mythology (Greek),,,text,80,8,true
Mythology (Greek),hard,Select the category that most precisely fits: Mythology (Greek).,Mythology (Indian),Mythology (Greek),Architecture,Mythology (Norse),Mythology (Greek),,,text,80,8,true
Mythology (Greek),hard,Identify the primary category for: Mythology (Greek).,Mythology (Norse),Artificial Intelligence,Mythology (Greek),Ancient Civilization,Mythology (Greek),,,text,80,8,true
Mythology (Greek),hard,"Most precise category for ""Mythology (Greek)"" is:",Mythology (Greek),Ancient Civilization,Agriculture,Architecture,Mythology (Greek),,,text,80,8,true
Mythology (Greek),hard,"Which category is the closest match for the topic ""Mythology (Greek)""?",Mythology (Indian),Astronomy,Algebra,Mythology (Greek),Mythology (Greek),,,text,80,8,true
Mythology (Greek),hard,Which subject is the correct classification for: Mythology (Greek)?,Architecture,Mythology (Indian),Artificial Intelligence,Mythology (Greek),Mythology (Greek),,,text,80,8,true
Mythology (Greek),hard,Select the category that most precisely fits: Mythology (Greek).,Astronomy,Mythology (Norse),Mythology (Greek),Algebra,Mythology (Greek),,,text,80,8,true
Mythology (Greek),hard,"Which category is the closest match for the topic ""Mythology (Greek)""?",Mythology (Indian),Agriculture,Ancient Civilization,Mythology (Greek),Mythology (Greek),,,text,80,8,true
Mythology (Greek),hard,Pick the category that most accurately represents: Mythology (Greek).,Mythology (Greek),Artificial Intelligence,Mythology (Indian),Ancient Civilization,Mythology (Greek),,,text,80,8,true
Mythology (Greek),hard,Identify the primary category for: Mythology (Greek).,Mythology (Norse),Mythology (Greek),Algebra,Astronomy,Mythology (Greek),,,text,80,8,true
Mythology (Greek),hard,Which subject is the correct classification for: Mythology (Greek)?,Agriculture,Mythology (Greek),Architecture,Artificial Intelligence,Mythology (Greek),,,text,80,8,true
Mythology (Greek),hard,Identify the primary category for: Mythology (Greek).,Agriculture,Architecture,Algebra,Mythology (Greek),Mythology (Greek),,,text,80,8,true
Mythology (Indian),easy,"The topic ""Mythology (Indian)"" best fits which category?",Yoga & Health,Music (Pop),Mythology (Indian),Web Development,Mythology (Indian),,,text,20,12,true
Mythology (Indian),easy,Identify the subject area: Mythology (Indian).,Programming (Java),Mythology (Indian),Music (Classical),Rivers & Lakes,Mythology (Indian),,,text,20,12,true
Mythology (Indian),easy,Pick the subject area that matches: Mythology (Indian).,English Grammar,Calculus,Networking,Mythology (Indian),Mythology (Indian),,,text,20,12,true
Mythology (Indian),easy,Which quiz category would include: Mythology (Indian)?,Modern History,Languages,Mythology (Indian),Poetry,Mythology (Indian),,,text,20,12,true
Mythology (Indian),easy,"Choose the category that best matches ""Mythology (Indian)"".",Machine Learning,Mythology (Indian),Artificial Intelligence,Fashion,Mythology (Indian),,,text,20,12,true
Mythology (Indian),easy,"The topic ""Mythology (Indian)"" best fits which category?",Mythology (Indian),Deserts,Currencies,Photography,Mythology (Indian),,,text,20,12,true
Mythology (Indian),easy,"Choose the category that best matches ""Mythology (Indian)"".",Mythology (Indian),Computer Science,English Grammar,Comic Books,Mythology (Indian),,,text,20,12,true
Mythology (Indian),easy,Which quiz category would include: Mythology (Indian)?,Mythology (Indian),Political Science,Brands & Logos,Geometry,Mythology (Indian),,,text,20,12,true
Mythology (Indian),easy,"The topic ""Mythology (Indian)"" best fits which category?",Mythology (Indian),Automobiles,Programming (Python),Programming (Java),Mythology (Indian),,,text,20,12,true
Mythology (Indian),easy,Select the correct quiz category for: Mythology (Indian).,Political Science,Mythology (Indian),Indian States,Inventions & Discoveries,Mythology (Indian),,,text,20,12,true
Mythology (Indian),easy,"Which category does the topic ""Mythology (Indian)"" belong to?",Sociology,Movies (Bollywood),Mythology (Indian),Environmental Science,Mythology (Indian),,,text,20,12,true
Mythology (Indian),easy,Select the correct quiz category for: Mythology (Indian).,Mathematics,World Religions,Islands,Mythology (Indian),Mythology (Indian),,,text,20,12,true
Mythology (Indian),easy,"The topic ""Mythology (Indian)"" best fits which category?",Calculus,Gardening,Mythology (Indian),Psychology,Mythology (Indian),,,text,20,12,true
Mythology (Indian),easy,"Choose the category that best matches ""Mythology (Indian)"".",Medicine,Gadgets,Mythology (Indian),Famous Personalities,Mythology (Indian),,,text,20,12,true
Mythology (Indian),easy,Identify the subject area: Mythology (Indian).,World Geography,Wildlife,Music (Pop),Mythology (Indian),Mythology (Indian),,,text,20,12,true
Mythology (Indian),easy,"Which category does the topic ""Mythology (Indian)"" belong to?",Mythology (Indian),Mythology (Norse),Current Affairs,Cyber Security,Mythology (Indian),,,text,20,12,true
Mythology (Indian),easy,"Choose the category that best matches ""Mythology (Indian)"".",Mythology (Indian),National Parks,English Grammar,Fashion,Mythology (Indian),,,text,20,12,true
Mythology (Indian),easy,Identify the subject area: Mythology (Indian).,Automobiles,Classic Literature,Awards (Oscars),Mythology (Indian),Mythology (Indian),,,text,20,12,true
Mythology (Indian),medium,"Best-fit category for ""Mythology (Indian)"" is:",Algebra,Mythology (Indian),Automobiles,Agriculture,Mythology (Indian),,,text,40,10,true
Mythology (Indian),medium,Which category would most likely include questions on Mythology (Indian)?,Mythology (Indian),Mythology (Greek),Algebra,Architecture,Mythology (Indian),,,text,40,10,true
Mythology (Indian),medium,"Which subject area most closely matches the topic ""Mythology (Indian)""?",Aviation,Mythology (Indian),Agriculture,Mythology (Greek),Mythology (Indian),,,text,40,10,true
Mythology (Indian),medium,Choose the most accurate category for the topic: Mythology (Indian).,Aviation,Artificial Intelligence,Indian States,Mythology (Indian),Mythology (Indian),,,text,40,10,true
Mythology (Indian),medium,Pick the best category for this quiz topic: Mythology (Indian).,Mythology (Norse),Automobiles,Architecture,Mythology (Indian),Mythology (Indian),,,text,40,10,true
Mythology (Indian),medium,"Which field does the topic ""Mythology (Indian)"" fall under?",Mythology (Greek),Ancient Civilization,Mythology (Indian),Aviation,Mythology (Indian),,,text,40,10,true
Mythology (Indian),medium,"Best-fit category for ""Mythology (Indian)"" is:",Mythology (Indian),Ancient Civilization,Indian States,Architecture,Mythology (Indian),,,text,40,10,true
Mythology (Indian),medium,Select the most appropriate category for: Mythology (Indian).,Indian States,Mythology (Greek),Mythology (Indian),Aviation,Mythology (Indian),,,text,40,10,true
Mythology (Indian),medium,"Which subject area most closely matches the topic ""Mythology (Indian)""?",Mythology (Indian),Algebra,Aviation,Indian History,Mythology (Indian),,,text,40,10,true
Mythology (Indian),medium,"Which field does the topic ""Mythology (Indian)"" fall under?",Mythology (Indian),Astronomy,Aviation,Agriculture,Mythology (Indian),,,text,40,10,true
Mythology (Indian),medium,"Best-fit category for ""Mythology (Indian)"" is:",Algebra,Mythology (Norse),Indian States,Mythology (Indian),Mythology (Indian),,,text,40,10,true
Mythology (Indian),medium,"Which subject area most closely matches the topic ""Mythology (Indian)""?",Aviation,Artificial Intelligence,Mythology (Indian),Architecture,Mythology (Indian),,,text,40,10,true
Mythology (Indian),medium,Which category is most closely related to: Mythology (Indian)?,Mythology (Indian),Architecture,Algebra,Automobiles,Mythology (Indian),,,text,40,10,true
Mythology (Indian),medium,Pick the best category for this quiz topic: Mythology (Indian).,Indian History,Architecture,Mythology (Indian),Mythology (Greek),Mythology (Indian),,,text,40,10,true
Mythology (Indian),medium,"Which subject area most closely matches the topic ""Mythology (Indian)""?",Astronomy,Ancient Civilization,Indian History,Mythology (Indian),Mythology (Indian),,,text,40,10,true
Mythology (Indian),medium,"Which subject area most closely matches the topic ""Mythology (Indian)""?",Algebra,Mythology (Indian),Mythology (Norse),Indian States,Mythology (Indian),,,text,40,10,true
Mythology (Indian),medium,"Which subject area most closely matches the topic ""Mythology (Indian)""?",Algebra,Architecture,Mythology (Indian),Indian States,Mythology (Indian),,,text,40,10,true
Mythology (Indian),medium,"Best-fit category for ""Mythology (Indian)"" is:",Mythology (Norse),Automobiles,Mythology (Indian),Artificial Intelligence,Mythology (Indian),,,text,40,10,true
Mythology (Indian),hard,Which subject is the correct classification for: Mythology (Indian)?,Mythology (Norse),Indian History,Mythology (Indian),Mythology (Greek),Mythology (Indian),,,text,80,8,true
Mythology (Indian),hard,"Which category is the best fit for the topic ""Mythology (Indian)""?",Algebra,Indian States,Mythology (Indian),Agriculture,Mythology (Indian),,,text,80,8,true
Mythology (Indian),hard,Which subject is the correct classification for: Mythology (Indian)?,Algebra,Indian History,Architecture,Mythology (Indian),Mythology (Indian),,,text,80,8,true
Mythology (Indian),hard,"Which category is the closest match for the topic ""Mythology (Indian)""?",Architecture,Agriculture,Mythology (Indian),Mythology (Norse),Mythology (Indian),,,text,80,8,true
Mythology (Indian),hard,Which subject is the correct classification for: Mythology (Indian)?,Mythology (Indian),Indian States,Mythology (Norse),Algebra,Mythology (Indian),,,text,80,8,true
Mythology (Indian),hard,"Which category is the closest match for the topic ""Mythology (Indian)""?",Ancient Civilization,Indian States,Agriculture,Mythology (Indian),Mythology (Indian),,,text,80,8,true
Mythology (Indian),hard,Choose the most specific category for: Mythology (Indian).,Architecture,Agriculture,Mythology (Greek),Mythology (Indian),Mythology (Indian),,,text,80,8,true
Mythology (Indian),hard,"Most precise category for ""Mythology (Indian)"" is:",Ancient Civilization,Indian States,Mythology (Indian),Indian History,Mythology (Indian),,,text,80,8,true
Mythology (Indian),hard,"Most precise category for ""Mythology (Indian)"" is:",Agriculture,Ancient Civilization,Indian History,Mythology (Indian),Mythology (Indian),,,text,80,8,true
Mythology (Indian),hard,Select the category that most precisely fits: Mythology (Indian).,Agriculture,Mythology (Indian),Indian States,Algebra,Mythology (Indian),,,text,80,8,true
Mythology (Indian),hard,Select the category that most precisely fits: Mythology (Indian).,Architecture,Mythology (Indian),Mythology (Norse),Agriculture,Mythology (Indian),,,text,80,8,true
Mythology (Indian),hard,"Which category is the closest match for the topic ""Mythology (Indian)""?",Mythology (Norse),Indian History,Mythology (Indian),Indian States,Mythology (Indian),,,text,80,8,true
Mythology (Indian),hard,Which subject is the correct classification for: Mythology (Indian)?,Mythology (Greek),Architecture,Mythology (Norse),Mythology (Indian),Mythology (Indian),,,text,80,8,true
Mythology (Indian),hard,Pick the category that most accurately represents: Mythology (Indian).,Mythology (Indian),Mythology (Greek),Algebra,Ancient Civilization,Mythology (Indian),,,text,80,8,true
Mythology (Indian),hard,"Most precise category for ""Mythology (Indian)"" is:",Indian States,Mythology (Indian),Indian History,Algebra,Mythology (Indian),,,text,80,8,true
Mythology (Indian),hard,Select the category that most precisely fits: Mythology (Indian).,Architecture,Mythology (Greek),Indian History,Mythology (Indian),Mythology (Indian),,,text,80,8,true
Mythology (Indian),hard,"Most precise category for ""Mythology (Indian)"" is:",Indian States,Architecture,Mythology (Indian),Algebra,Mythology (Indian),,,text,80,8,true
Mythology (Indian),hard,"Which category is the closest match for the topic ""Mythology (Indian)""?",Mythology (Norse),Algebra,Mythology (Indian),Indian States,Mythology (Indian),,,text,80,8,true
Mythology (Indian),hard,Pick the category that most accurately represents: Mythology (Indian).,Algebra,Indian States,Mythology (Indian),Architecture,Mythology (Indian),,,text,80,8,true
Mythology (Indian),hard,"Which category is the best fit for the topic ""Mythology (Indian)""?",Agriculture,Mythology (Indian),Ancient Civilization,Mythology (Greek),Mythology (Indian),,,text,80,8,true
Mythology (Indian),hard,"Which category is the best fit for the topic ""Mythology (Indian)""?",Mythology (Indian),Mythology (Norse),Indian States,Indian History,Mythology (Indian),,,text,80,8,true
Mythology (Indian),hard,Choose the most specific category for: Mythology (Indian).,Ancient Civilization,Architecture,Indian History,Mythology (Indian),Mythology (Indian),,,text,80,8,true
Mythology (Indian),hard,"Which category is the best fit for the topic ""Mythology (Indian)""?",Mythology (Indian),Mythology (Norse),Ancient Civilization,Indian States,Mythology (Indian),,,text,80,8,true
Mythology (Indian),hard,"Which category is the best fit for the topic ""Mythology (Indian)""?",Architecture,Algebra,Mythology (Indian),Mythology (Norse),Mythology (Indian),,,text,80,8,true
Mythology (Norse),easy,Which quiz category would include: Mythology (Norse)?,Mythology (Norse),Marketing,Islands,Gardening,Mythology (Norse),,,text,20,12,true
Mythology (Norse),easy,"Which category does the topic ""Mythology (Norse)"" belong to?",Machine Learning,Blockchain,Oceans & Seas,Mythology (Norse),Mythology (Norse),,,text,20,12,true
Mythology (Norse),easy,Pick the subject area that matches: Mythology (Norse).,Mythology (Norse),Climate Change,Superheroes,Biology,Mythology (Norse),,,text,20,12,true
Mythology (Norse),easy,Which category is the best match for: Mythology (Norse)?,National Flags,Mythology (Norse),World Continents,Artificial Intelligence,Mythology (Norse),,,text,20,12,true
Mythology (Norse),easy,Which quiz category would include: Mythology (Norse)?,Indian History,Environmental Science,Mythology (Norse),Sociology,Mythology (Norse),,,text,20,12,true
Mythology (Norse),easy,Which quiz category would include: Mythology (Norse)?,Indian History,Classic Literature,Gaming,Mythology (Norse),Mythology (Norse),,,text,20,12,true
Mythology (Norse),easy,"Choose the category that best matches ""Mythology (Norse)"".",Medicine,Automobiles,Painting & Art,Mythology (Norse),Mythology (Norse),,,text,20,12,true
Mythology (Norse),easy,Which quiz category would include: Mythology (Norse)?,Blockchain,Mythology (Norse),Programming (Python),Awards (Oscars),Mythology (Norse),,,text,20,12,true
Mythology (Norse),easy,Select the correct quiz category for: Mythology (Norse).,Mythology (Norse),Physics,Blockchain,Automobiles,Mythology (Norse),,,text,20,12,true
Mythology (Norse),easy,"Choose the category that best matches ""Mythology (Norse)"".",Mythology (Norse),Modern History,Marketing,Political Science,Mythology (Norse),,,text,20,12,true
Mythology (Norse),easy,Select the correct quiz category for: Mythology (Norse).,Astronomy,Movies (Hollywood),Mythology (Norse),World Continents,Mythology (Norse),,,text,20,12,true
Mythology (Norse),easy,Identify the subject area: Mythology (Norse).,Biology,World Leaders,Business Tycoons,Mythology (Norse),Mythology (Norse),,,text,20,12,true
Mythology (Norse),easy,"The topic ""Mythology (Norse)"" best fits which category?",Internet History,Basketball,Aviation,Mythology (Norse),Mythology (Norse),,,text,20,12,true
Mythology (Norse),easy,Pick the subject area that matches: Mythology (Norse).,Networking,Movies (Hollywood),Mythology (Norse),English Grammar,Mythology (Norse),,,text,20,12,true
Mythology (Norse),easy,Select the correct quiz category for: Mythology (Norse).,Classic Literature,Biology,Mythology (Norse),Sociology,Mythology (Norse),,,text,20,12,true
Mythology (Norse),easy,Select the correct quiz category for: Mythology (Norse).,Gaming,Social Media,Mythology (Norse),Pharmacology,Mythology (Norse),,,text,20,12,true
Mythology (Norse),easy,"Which category does the topic ""Mythology (Norse)"" belong to?",Agriculture,Mythology (Norse),Football,Mythology (Indian),Mythology (Norse),,,text,20,12,true
Mythology (Norse),easy,"Choose the category that best matches ""Mythology (Norse)"".",Comic Books,Photography,Music (Classical),Mythology (Norse),Mythology (Norse),,,text,20,12,true
Mythology (Norse),medium,Pick the best category for this quiz topic: Mythology (Norse).,Architecture,Astronomy,Mythology (Norse),Automobiles,Mythology (Norse),,,text,40,10,true
Mythology (Norse),medium,"Best-fit category for ""Mythology (Norse)"" is:",Mythology (Greek),Algebra,Awards (Nobel),Mythology (Norse),Mythology (Norse),,,text,40,10,true
Mythology (Norse),medium,Choose the most accurate category for the topic: Mythology (Norse).,Algebra,Mythology (Norse),Mythology (Greek),Astronomy,Mythology (Norse),,,text,40,10,true
Mythology (Norse),medium,"Which field does the topic ""Mythology (Norse)"" fall under?",Architecture,Awards (Nobel),Mythology (Norse),Automobiles,Mythology (Norse),,,text,40,10,true
Mythology (Norse),medium,Which category is most closely related to: Mythology (Norse)?,Mythology (Norse),Agriculture,Ancient Civilization,Mythology (Greek),Mythology (Norse),,,text,40,10,true
Mythology (Norse),medium,Which category is most closely related to: Mythology (Norse)?,Algebra,Artificial Intelligence,Mythology (Indian),Mythology (Norse),Mythology (Norse),,,text,40,10,true
Mythology (Norse),medium,"Which subject area most closely matches the topic ""Mythology (Norse)""?",Mythology (Norse),Aviation,Astronomy,Mythology (Greek),Mythology (Norse),,,text,40,10,true
Mythology (Norse),medium,"Which field does the topic ""Mythology (Norse)"" fall under?",Algebra,Mythology (Norse),Awards (Nobel),Ancient Civilization,Mythology (Norse),,,text,40,10,true
Mythology (Norse),medium,Which category is most closely related to: Mythology (Norse)?,Agriculture,Mythology (Norse),Awards (Oscars),Automobiles,Mythology (Norse),,,text,40,10,true
Mythology (Norse),medium,"Which subject area most closely matches the topic ""Mythology (Norse)""?",Architecture,Mythology (Indian),Mythology (Norse),Astronomy,Mythology (Norse),,,text,40,10,true
Mythology (Norse),medium,"Which subject area most closely matches the topic ""Mythology (Norse)""?",Automobiles,Mythology (Greek),Mythology (Norse),Algebra,Mythology (Norse),,,text,40,10,true
Mythology (Norse),medium,"Which field does the topic ""Mythology (Norse)"" fall under?",Awards (Nobel),Mythology (Norse),Mythology (Greek),Algebra,Mythology (Norse),,,text,40,10,true
Mythology (Norse),medium,"Which field does the topic ""Mythology (Norse)"" fall under?",Automobiles,Mythology (Norse),Architecture,Awards (Oscars),Mythology (Norse),,,text,40,10,true
Mythology (Norse),medium,Select the most appropriate category for: Mythology (Norse).,Mythology (Greek),Agriculture,Mythology (Norse),Architecture,Mythology (Norse),,,text,40,10,true
Mythology (Norse),medium,Choose the most accurate category for the topic: Mythology (Norse).,Algebra,Ancient Civilization,Agriculture,Mythology (Norse),Mythology (Norse),,,text,40,10,true
Mythology (Norse),medium,"Best-fit category for ""Mythology (Norse)"" is:",Mythology (Norse),Astronomy,Mythology (Greek),Algebra,Mythology (Norse),,,text,40,10,true
Mythology (Norse),medium,Choose the most accurate category for the topic: Mythology (Norse).,Mythology (Indian),Mythology (Norse),Artificial Intelligence,Ancient Civilization,Mythology (Norse),,,text,40,10,true
Mythology (Norse),medium,"Best-fit category for ""Mythology (Norse)"" is:",Awards (Nobel),Architecture,Mythology (Greek),Mythology (Norse),Mythology (Norse),,,text,40,10,true
Mythology (Norse),hard,Choose the most specific category for: Mythology (Norse).,Agriculture,Mythology (Greek),Mythology (Norse),Algebra,Mythology (Norse),,,text,80,8,true
Mythology (Norse),hard,"Which category is the closest match for the topic ""Mythology (Norse)""?",Astronomy,Agriculture,Mythology (Indian),Mythology (Norse),Mythology (Norse),,,text,80,8,true
Mythology (Norse),hard,"Which category is the closest match for the topic ""Mythology (Norse)""?",Mythology (Norse),Algebra,Mythology (Greek),Mythology (Indian),Mythology (Norse),,,text,80,8,true
Mythology (Norse),hard,Pick the category that most accurately represents: Mythology (Norse).,Agriculture,Architecture,Mythology (Greek),Mythology (Norse),Mythology (Norse),,,text,80,8,true
Mythology (Norse),hard,"Which category is the closest match for the topic ""Mythology (Norse)""?",Agriculture,Mythology (Norse),Mythology (Indian),Architecture,Mythology (Norse),,,text,80,8,true
Mythology (Norse),hard,Pick the category that most accurately represents: Mythology (Norse).,Algebra,Agriculture,Mythology (Norse),Architecture,Mythology (Norse),,,text,80,8,true
Mythology (Norse),hard,"Which category is the closest match for the topic ""Mythology (Norse)""?",Mythology (Norse),Ancient Civilization,Astronomy,Agriculture,Mythology (Norse),,,text,80,8,true
Mythology (Norse),hard,"Which category is the best fit for the topic ""Mythology (Norse)""?",Agriculture,Mythology (Greek),Astronomy,Mythology (Norse),Mythology (Norse),,,text,80,8,true
Mythology (Norse),hard,"Which category is the closest match for the topic ""Mythology (Norse)""?",Ancient Civilization,Agriculture,Mythology (Norse),Astronomy,Mythology (Norse),,,text,80,8,true
Mythology (Norse),hard,"Which category is the closest match for the topic ""Mythology (Norse)""?",Agriculture,Architecture,Mythology (Greek),Mythology (Norse),Mythology (Norse),,,text,80,8,true
Mythology (Norse),hard,"Which category is the closest match for the topic ""Mythology (Norse)""?",Agriculture,Ancient Civilization,Mythology (Greek),Mythology (Norse),Mythology (Norse),,,text,80,8,true
Mythology (Norse),hard,"Most precise category for ""Mythology (Norse)"" is:",Mythology (Norse),Mythology (Indian),Agriculture,Algebra,Mythology (Norse),,,text,80,8,true
Mythology (Norse),hard,"Most precise category for ""Mythology (Norse)"" is:",Mythology (Norse),Ancient Civilization,Architecture,Mythology (Indian),Mythology (Norse),,,text,80,8,true
Mythology (Norse),hard,"Which category is the best fit for the topic ""Mythology (Norse)""?",Algebra,Mythology (Norse),Ancient Civilization,Architecture,Mythology (Norse),,,text,80,8,true
Mythology (Norse),hard,"Most precise category for ""Mythology (Norse)"" is:",Astronomy,Artificial Intelligence,Mythology (Norse),Ancient Civilization,Mythology (Norse),,,text,80,8,true
Mythology (Norse),hard,Choose the most specific category for: Mythology (Norse).,Agriculture,Architecture,Mythology (Indian),Mythology (Norse),Mythology (Norse),,,text,80,8,true
Mythology (Norse),hard,"Which category is the closest match for the topic ""Mythology (Norse)""?",Mythology (Norse),Artificial Intelligence,Mythology (Greek),Algebra,Mythology (Norse),,,text,80,8,true
Mythology (Norse),hard,"Which category is the best fit for the topic ""Mythology (Norse)""?",Astronomy,Architecture,Mythology (Indian),Mythology (Norse),Mythology (Norse),,,text,80,8,true
Mythology (Norse),hard,"Most precise category for ""Mythology (Norse)"" is:",Agriculture,Architecture,Algebra,Mythology (Norse),Mythology (Norse),,,text,80,8,true
Mythology (Norse),hard,Pick the category that most accurately represents: Mythology (Norse).,Architecture,Mythology (Norse),Ancient Civilization,Mythology (Greek),Mythology (Norse),,,text,80,8,true
Mythology (Norse),hard,Choose the most specific category for: Mythology (Norse).,Architecture,Mythology (Indian),Mythology (Norse),Agriculture,Mythology (Norse),,,text,80,8,true
Mythology (Norse),hard,Pick the category that most accurately represents: Mythology (Norse).,Architecture,Mythology (Norse),Mythology (Greek),Mythology (Indian),Mythology (Norse),,,text,80,8,true
Mythology (Norse),hard,"Which category is the closest match for the topic ""Mythology (Norse)""?",Artificial Intelligence,Astronomy,Agriculture,Mythology (Norse),Mythology (Norse),,,text,80,8,true
Mythology (Norse),hard,Select the category that most precisely fits: Mythology (Norse).,Ancient Civilization,Algebra,Mythology (Norse),Artificial Intelligence,Mythology (Norse),,,text,80,8,true
Languages,easy,Which category is the best match for: Languages?,Mythology (Indian),Programming (Java),Languages,Yoga & Health,Languages,,,text,20,12,true
Languages,easy,"Which category does the topic ""Languages"" belong to?",Languages,Space Exploration,Chess,Political Science,Languages,,,text,20,12,true
Languages,easy,Which quiz category would include: Languages?,Languages,Mythology (Greek),Olympic Games,Chess,Languages,,,text,20,12,true
Languages,easy,Select the correct quiz category for: Languages.,Astronomy,Photography,Environmental Science,Languages,Languages,,,text,20,12,true
Languages,easy,Which quiz category would include: Languages?,Indian States,Environmental Science,Languages,Artificial Intelligence,Languages,,,text,20,12,true
Languages,easy,"Choose the category that best matches ""Languages"".",Gardening,Mythology (Norse),Languages,Networking,Languages,,,text,20,12,true
Languages,easy,"Which category does the topic ""Languages"" belong to?",Comic Books,Classic Literature,Business Tycoons,Languages,Languages,,,text,20,12,true
Languages,easy,"Which category does the topic ""Languages"" belong to?",Marketing,Modern Literature,Yoga & Health,Languages,Languages,,,text,20,12,true
Languages,easy,"The topic ""Languages"" best fits which category?",Automobiles,Blockchain,Languages,Wildlife,Languages,,,text,20,12,true
Languages,easy,"Choose the category that best matches ""Languages"".",Languages,Inventions & Discoveries,Calculus,Geometry,Languages,,,text,20,12,true
Languages,easy,Which category is the best match for: Languages?,Blockchain,Interior Design,Languages,Marketing,Languages,,,text,20,12,true
Languages,easy,"Which category does the topic ""Languages"" belong to?",Cyber Security,Mobile Development,Superheroes,Languages,Languages,,,text,20,12,true
Languages,easy,Which quiz category would include: Languages?,Languages,Modern Literature,Brands & Logos,Gardening,Languages,,,text,20,12,true
Languages,easy,Identify the subject area: Languages.,Awards (Nobel),Trigonometry,Artificial Intelligence,Languages,Languages,,,text,20,12,true
Languages,easy,Pick the subject area that matches: Languages.,Blockchain,Marketing,Awards (Oscars),Languages,Languages,,,text,20,12,true
Languages,easy,Identify the subject area: Languages.,Mythology (Indian),Awards (Nobel),Languages,Music (Pop),Languages,,,text,20,12,true
Languages,easy,Identify the subject area: Languages.,Rivers & Lakes,Languages,World Leaders,Business Tycoons,Languages,,,text,20,12,true
Languages,easy,"Which category does the topic ""Languages"" belong to?",Languages,Superheroes,Aviation,Currencies,Languages,,,text,20,12,true
Languages,medium,Pick the best category for this quiz topic: Languages.,Aviation,Agriculture,Languages,Automobiles,Languages,,,text,40,10,true
Languages,medium,"Best-fit category for ""Languages"" is:",Languages,Astronomy,Agriculture,Ancient Civilization,Languages,,,text,40,10,true
Languages,medium,"Which subject area most closely matches the topic ""Languages""?",Ancient Civilization,Automobiles,Agriculture,Languages,Languages,,,text,40,10,true
Languages,medium,Pick the best category for this quiz topic: Languages.,Ancient Civilization,Awards (Nobel),Languages,Astronomy,Languages,,,text,40,10,true
Languages,medium,Which category would most likely include questions on Languages?,Architecture,Artificial Intelligence,Languages,Agriculture,Languages,,,text,40,10,true
Languages,medium,Select the most appropriate category for: Languages.,Algebra,Architecture,Basketball,Languages,Languages,,,text,40,10,true
Languages,medium,"Which field does the topic ""Languages"" fall under?",Artificial Intelligence,Architecture,Languages,Astronomy,Languages,,,text,40,10,true
Languages,medium,"Best-fit category for ""Languages"" is:",Languages,Awards (Nobel),Astronomy,Aviation,Languages,,,text,40,10,true
Languages,medium,Which category would most likely include questions on Languages?,Agriculture,Languages,Astronomy,Awards (Oscars),Languages,,,text,40,10,true
Languages,medium,Which category would most likely include questions on Languages?,Agriculture,Artificial Intelligence,Algebra,Languages,Languages,,,text,40,10,true
Languages,medium,Which category is most closely related to: Languages?,Algebra,Languages,Astronomy,Awards (Oscars),Languages,,,text,40,10,true
Languages,medium,Which category would most likely include questions on Languages?,Algebra,Ancient Civilization,Languages,Awards (Nobel),Languages,,,text,40,10,true
Languages,medium,"Which subject area most closely matches the topic ""Languages""?",Languages,Astronomy,Awards (Oscars),Algebra,Languages,,,text,40,10,true
Languages,medium,Choose the most accurate category for the topic: Languages.,Architecture,Languages,Aviation,Algebra,Languages,,,text,40,10,true
Languages,medium,"Which field does the topic ""Languages"" fall under?",Artificial Intelligence,Awards (Nobel),Languages,Biology,Languages,,,text,40,10,true
Languages,medium,Which category is most closely related to: Languages?,Languages,Algebra,Astronomy,Agriculture,Languages,,,text,40,10,true
Languages,medium,"Best-fit category for ""Languages"" is:",Architecture,Basketball,Ancient Civilization,Languages,Languages,,,text,40,10,true
Languages,medium,Pick the best category for this quiz topic: Languages.,Algebra,Awards (Oscars),Aviation,Languages,Languages,,,text,40,10,true
Languages,hard,Which subject is the correct classification for: Languages?,Languages,Agriculture,Astronomy,Automobiles,Languages,,,text,80,8,true
Languages,hard,Which subject is the correct classification for: Languages?,Ancient Civilization,Architecture,Languages,Algebra,Languages,,,text,80,8,true
Languages,hard,"Which category is the best fit for the topic ""Languages""?",Agriculture,Languages,Aviation,Algebra,Languages,,,text,80,8,true
Languages,hard,"Which category is the best fit for the topic ""Languages""?",Languages,Aviation,Automobiles,Ancient Civilization,Languages,,,text,80,8,true
Languages,hard,"Which category is the closest match for the topic ""Languages""?",Astronomy,Agriculture,Aviation,Languages,Languages,,,text,80,8,true
Languages,hard,Choose the most specific category for: Languages.,Agriculture,Artificial Intelligence,Astronomy,Languages,Languages,,,text,80,8,true
Languages,hard,"Which category is the closest match for the topic ""Languages""?",Agriculture,Automobiles,Languages,Artificial Intelligence,Languages,,,text,80,8,true
Languages,hard,Select the category that most precisely fits: Languages.,Agriculture,Languages,Aviation,Ancient Civilization,Languages,,,text,80,8,true
Languages,hard,Select the category that most precisely fits: Languages.,Languages,Architecture,Aviation,Astronomy,Languages,,,text,80,8,true
Languages,hard,Select the category that most precisely fits: Languages.,Ancient Civilization,Aviation,Languages,Automobiles,Languages,,,text,80,8,true
Languages,hard,Which subject is the correct classification for: Languages?,Architecture,Languages,Aviation,Artificial Intelligence,Languages,,,text,80,8,true
Languages,hard,Choose the most specific category for: Languages.,Agriculture,Ancient Civilization,Languages,Aviation,Languages,,,text,80,8,true
Languages,hard,"Which category is the closest match for the topic ""Languages""?",Automobiles,Astronomy,Languages,Algebra,Languages,,,text,80,8,true
Languages,hard,"Which category is the closest match for the topic ""Languages""?",Languages,Astronomy,Agriculture,Artificial Intelligence,Languages,,,text,80,8,true
Languages,hard,Which subject is the correct classification for: Languages?,Languages,Agriculture,Automobiles,Aviation,Languages,,,text,80,8,true
Languages,hard,Select the category that most precisely fits: Languages.,Aviation,Languages,Artificial Intelligence,Agriculture,Languages,,,text,80,8,true
Languages,hard,Identify the primary category for: Languages.,Automobiles,Astronomy,Languages,Agriculture,Languages,,,text,80,8,true
Languages,hard,Which subject is the correct classification for: Languages?,Architecture,Languages,Algebra,Aviation,Languages,,,text,80,8,true
Languages,hard,Which subject is the correct classification for: Languages?,Languages,Artificial Intelligence,Agriculture,Automobiles,Languages,,,text,80,8,true
Languages,hard,Pick the category that most accurately represents: Languages.,Agriculture,Languages,Ancient Civilization,Astronomy,Languages,,,text,80,8,true
Languages,hard,Identify the primary category for: Languages.,Aviation,Automobiles,Languages,Artificial Intelligence,Languages,,,text,80,8,true
Languages,hard,"Which category is the best fit for the topic ""Languages""?",Agriculture,Ancient Civilization,Artificial Intelligence,Languages,Languages,,,text,80,8,true
Languages,hard,Pick the category that most accurately represents: Languages.,Automobiles,Languages,Algebra,Architecture,Languages,,,text,80,8,true
Languages,hard,Which subject is the correct classification for: Languages?,Languages,Astronomy,Algebra,Artificial Intelligence,Languages,,,text,80,8,true
Indian States,easy,"Choose the category that best matches ""Indian States"".",Awards (Nobel),Football,E-commerce,Indian States,Indian States,,,text,20,12,true
Indian States,easy,"The topic ""Indian States"" best fits which category?",Astronomy,Algebra,Classic Literature,Indian States,Indian States,,,text,20,12,true
Indian States,easy,Which category is the best match for: Indian States?,Indian States,Artificial Intelligence,Astronomy,Cyber Security,Indian States,,,text,20,12,true
Indian States,easy,Pick the subject area that matches: Indian States.,Automobiles,Painting & Art,Stock Market,Indian States,Indian States,,,text,20,12,true
Indian States,easy,Which category is the best match for: Indian States?,Mythology (Greek),Automobiles,Indian States,Economics,Indian States,,,text,20,12,true
Indian States,easy,"The topic ""Indian States"" best fits which category?",Music (Classical),Indian States,National Parks,Modern Literature,Indian States,,,text,20,12,true
Indian States,easy,"Choose the category that best matches ""Indian States"".",Programming (Python),Indian States,Mythology (Greek),Olympic Games,Indian States,,,text,20,12,true
Indian States,easy,"Choose the category that best matches ""Indian States"".",Indian States,Poetry,Gaming,Economics,Indian States,,,text,20,12,true
Indian States,easy,"The topic ""Indian States"" best fits which category?",Medicine,Internet History,Awards (Oscars),Indian States,Indian States,,,text,20,12,true
Indian States,easy,Which category is the best match for: Indian States?,Astronomy,Deserts,Movies (Bollywood),Indian States,Indian States,,,text,20,12,true
Indian States,easy,Identify the subject area: Indian States.,Languages,Political Science,Music (Pop),Indian States,Indian States,,,text,20,12,true
Indian States,easy,Which category is the best match for: Indian States?,Cyber Security,Indian States,Current Affairs,National Flags,Indian States,,,text,20,12,true
Indian States,easy,"The topic ""Indian States"" best fits which category?",Indian States,Languages,Pharmacology,Indian History,Indian States,,,text,20,12,true
Indian States,easy,Select the correct quiz category for: Indian States.,Computer Science,Music (Pop),Indian States,Comic Books,Indian States,,,text,20,12,true
Indian States,easy,Pick the subject area that matches: Indian States.,Yoga & Health,Poetry,Mountains & Peaks,Indian States,Indian States,,,text,20,12,true
Indian States,easy,Which quiz category would include: Indian States?,Yoga & Health,Gaming,Indian States,Mountains & Peaks,Indian States,,,text,20,12,true
Indian States,easy,Identify the subject area: Indian States.,Indian States,Indian History,Philosophy,Biology,Indian States,,,text,20,12,true
Indian States,easy,Identify the subject area: Indian States.,Programming (Java),Geometry,Indian States,Mathematics,Indian States,,,text,20,12,true
Indian States,medium,Which category is most closely related to: Indian States?,Astronomy,Awards (Oscars),Indian States,Artificial Intelligence,Indian States,,,text,40,10,true
Indian States,medium,"Best-fit category for ""Indian States"" is:",Algebra,Mythology (Indian),Architecture,Indian States,Indian States,,,text,40,10,true
Indian States,medium,"Best-fit category for ""Indian States"" is:",Architecture,Awards (Oscars),Agriculture,Indian States,Indian States,,,text,40,10,true
Indian States,medium,"Which subject area most closely matches the topic ""Indian States""?",Algebra,Indian States,Awards (Nobel),Indian History,Indian States,,,text,40,10,true
Indian States,medium,"Best-fit category for ""Indian States"" is:",Indian States,Indian History,Awards (Oscars),Agriculture,Indian States,,,text,40,10,true
Indian States,medium,Choose the most accurate category for the topic: Indian States.,Indian States,Aviation,Agriculture,Mythology (Indian),Indian States,,,text,40,10,true
Indian States,medium,"Which field does the topic ""Indian States"" fall under?",Indian History,Indian States,Algebra,Agriculture,Indian States,,,text,40,10,true
Indian States,medium,"Which field does the topic ""Indian States"" fall under?",Aviation,Algebra,Indian States,Artificial Intelligence,Indian States,,,text,40,10,true
Indian States,medium,Which category is most closely related to: Indian States?,Automobiles,Astronomy,Indian States,Aviation,Indian States,,,text,40,10,true
Indian States,medium,Choose the most accurate category for the topic: Indian States.,Astronomy,Indian States,Agriculture,Aviation,Indian States,,,text,40,10,true
Indian States,medium,Choose the most accurate category for the topic: Indian States.,Algebra,Astronomy,Indian States,Aviation,Indian States,,,text,40,10,true
Indian States,medium,"Which subject area most closely matches the topic ""Indian States""?",Agriculture,Indian States,Aviation,Architecture,Indian States,,,text,40,10,true
Indian States,medium,"Which field does the topic ""Indian States"" fall under?",Mythology (Indian),Indian States,Aviation,Algebra,Indian States,,,text,40,10,true
Indian States,medium,"Which subject area most closely matches the topic ""Indian States""?",Aviation,Indian States,Indian History,Astronomy,Indian States,,,text,40,10,true
Indian States,medium,"Which subject area most closely matches the topic ""Indian States""?",Awards (Oscars),Aviation,Indian States,Artificial Intelligence,Indian States,,,text,40,10,true
Indian States,medium,Choose the most accurate category for the topic: Indian States.,Awards (Oscars),Algebra,Automobiles,Indian States,Indian States,,,text,40,10,true
Indian States,medium,Choose the most accurate category for the topic: Indian States.,Aviation,Indian States,Algebra,Astronomy,Indian States,,,text,40,10,true
Indian States,medium,"Best-fit category for ""Indian States"" is:",Indian States,Aviation,Artificial Intelligence,Mythology (Indian),Indian States,,,text,40,10,true
Indian States,hard,"Which category is the closest match for the topic ""Indian States""?",Indian States,Artificial Intelligence,Algebra,Indian History,Indian States,,,text,80,8,true
Indian States,hard,"Most precise category for ""Indian States"" is:",Indian States,Astronomy,Agriculture,Algebra,Indian States,,,text,80,8,true
Indian States,hard,"Which category is the closest match for the topic ""Indian States""?",Indian History,Ancient Civilization,Astronomy,Indian States,Indian States,,,text,80,8,true
Indian States,hard,"Which category is the closest match for the topic ""Indian States""?",Indian States,Ancient Civilization,Astronomy,Indian History,Indian States,,,text,80,8,true
Indian States,hard,"Which category is the best fit for the topic ""Indian States""?",Indian States,Artificial Intelligence,Ancient Civilization,Astronomy,Indian States,,,text,80,8,true
Indian States,hard,Select the category that most precisely fits: Indian States.,Artificial Intelligence,Agriculture,Ancient Civilization,Indian States,Indian States,,,text,80,8,true
Indian States,hard,Pick the category that most accurately represents: Indian States.,Ancient Civilization,Agriculture,Algebra,Indian States,Indian States,,,text,80,8,true
Indian States,hard,Identify the primary category for: Indian States.,Astronomy,Indian History,Indian States,Architecture,Indian States,,,text,80,8,true
Indian States,hard,"Most precise category for ""Indian States"" is:",Architecture,Indian States,Artificial Intelligence,Ancient Civilization,Indian States,,,text,80,8,true
Indian States,hard,Identify the primary category for: Indian States.,Architecture,Indian States,Ancient Civilization,Agriculture,Indian States,,,text,80,8,true
Indian States,hard,"Most precise category for ""Indian States"" is:",Algebra,Astronomy,Indian States,Agriculture,Indian States,,,text,80,8,true
Indian States,hard,Identify the primary category for: Indian States.,Agriculture,Ancient Civilization,Indian States,Mythology (Indian),Indian States,,,text,80,8,true
Indian States,hard,"Which category is the best fit for the topic ""Indian States""?",Architecture,Algebra,Astronomy,Indian States,Indian States,,,text,80,8,true
Indian States,hard,Which subject is the correct classification for: Indian States?,Algebra,Indian States,Agriculture,Mythology (Indian),Indian States,,,text,80,8,true
Indian States,hard,"Most precise category for ""Indian States"" is:",Architecture,Indian States,Agriculture,Algebra,Indian States,,,text,80,8,true
Indian States,hard,Pick the category that most accurately represents: Indian States.,Artificial Intelligence,Indian States,Agriculture,Ancient Civilization,Indian States,,,text,80,8,true
Indian States,hard,Choose the most specific category for: Indian States.,Astronomy,Indian States,Ancient Civilization,Mythology (Indian),Indian States,,,text,80,8,true
Indian States,hard,Pick the category that most accurately represents: Indian States.,Mythology (Indian),Agriculture,Indian States,Algebra,Indian States,,,text,80,8,true
Indian States,hard,Pick the category that most accurately represents: Indian States.,Agriculture,Algebra,Artificial Intelligence,Indian States,Indian States,,,text,80,8,true
Indian States,hard,"Which category is the best fit for the topic ""Indian States""?",Algebra,Indian History,Indian States,Ancient Civilization,Indian States,,,text,80,8,true
Indian States,hard,"Which category is the best fit for the topic ""Indian States""?",Indian States,Ancient Civilization,Agriculture,Astronomy,Indian States,,,text,80,8,true
Indian States,hard,"Which category is the closest match for the topic ""Indian States""?",Indian States,Agriculture,Mythology (Indian),Architecture,Indian States,,,text,80,8,true
Indian States,hard,"Most precise category for ""Indian States"" is:",Ancient Civilization,Architecture,Indian States,Indian History,Indian States,,,text,80,8,true
Indian States,hard,Which subject is the correct classification for: Indian States?,Architecture,Astronomy,Mythology (Indian),Indian States,Indian States,,,text,80,8,true
World Continents,easy,Pick the subject area that matches: World Continents.,Indian States,World Continents,Photography,Space Exploration,World Continents,,,text,20,12,true
World Continents,easy,Pick the subject area that matches: World Continents.,Awards (Nobel),Football,World Continents,Deserts,World Continents,,,text,20,12,true
World Continents,easy,"Which category does the topic ""World Continents"" belong to?",Rivers & Lakes,Movies (Bollywood),Basketball,World Continents,World Continents,,,text,20,12,true
World Continents,easy,Select the correct quiz category for: World Continents.,Awards (Nobel),World Continents,Programming (Java),Photography,World Continents,,,text,20,12,true
World Continents,easy,Which quiz category would include: World Continents?,Biology,Trigonometry,Comic Books,World Continents,World Continents,,,text,20,12,true
World Continents,easy,"Which category does the topic ""World Continents"" belong to?",Islands,Chemistry,World Continents,Famous Personalities,World Continents,,,text,20,12,true
World Continents,easy,"Which category does the topic ""World Continents"" belong to?",Physics,Mythology (Norse),World Continents,Football,World Continents,,,text,20,12,true
World Continents,easy,Which quiz category would include: World Continents?,World Continents,Mythology (Norse),Internet History,Business Tycoons,World Continents,,,text,20,12,true
World Continents,easy,Select the correct quiz category for: World Continents.,Famous Personalities,World Continents,Oceans & Seas,Superheroes,World Continents,,,text,20,12,true
World Continents,easy,"Which category does the topic ""World Continents"" belong to?",Currencies,Logistics,World Continents,Gadgets,World Continents,,,text,20,12,true
World Continents,easy,"Choose the category that best matches ""World Continents"".",World Continents,Philosophy,Gaming,Social Media,World Continents,,,text,20,12,true
World Continents,easy,Which quiz category would include: World Continents?,Astronomy,World Continents,Networking,Computer Science,World Continents,,,text,20,12,true
World Continents,easy,Identify the subject area: World Continents.,World Continents,Philosophy,Web Development,Logistics,World Continents,,,text,20,12,true
World Continents,easy,Pick the subject area that matches: World Continents.,Languages,World Continents,Philosophy,Astronomy,World Continents,,,text,20,12,true
World Continents,easy,"Choose the category that best matches ""World Continents"".",Indian History,English Grammar,Biology,World Continents,World Continents,,,text,20,12,true
World Continents,easy,Which quiz category would include: World Continents?,Indian History,National Flags,World Continents,World Religions,World Continents,,,text,20,12,true
World Continents,easy,Identify the subject area: World Continents.,World Continents,Biology,Blockchain,Chess,World Continents,,,text,20,12,true
World Continents,easy,"Choose the category that best matches ""World Continents"".",Machine Learning,Physics,World Continents,Yoga & Health,World Continents,,,text,20,12,true
World Continents,medium,Which category is most closely related to: World Continents?,World Geography,Automobiles,World Continents,Architecture,World Continents,,,text,40,10,true
World Continents,medium,Which category is most closely related to: World Continents?,World Geography,Awards (Nobel),Automobiles,World Continents,World Continents,,,text,40,10,true
World Continents,medium,Which category is most closely related to: World Continents?,Agriculture,Ancient Civilization,Algebra,World Continents,World Continents,,,text,40,10,true
World Continents,medium,Pick the best category for this quiz topic: World Continents.,Aviation,World Continents,Agriculture,World Leaders,World Continents,,,text,40,10,true
World Continents,medium,Which category is most closely related to: World Continents?,World Religions,World Leaders,Artificial Intelligence,World Continents,World Continents,,,text,40,10,true
World Continents,medium,"Best-fit category for ""World Continents"" is:",World Continents,Aviation,World Geography,Architecture,World Continents,,,text,40,10,true
World Continents,medium,Which category is most closely related to: World Continents?,Algebra,Automobiles,World Leaders,World Continents,World Continents,,,text,40,10,true
World Continents,medium,"Best-fit category for ""World Continents"" is:",World Continents,World Leaders,Algebra,Automobiles,World Continents,,,text,40,10,true
World Continents,medium,Choose the most accurate category for the topic: World Continents.,Ancient Civilization,Automobiles,Algebra,World Continents,World Continents,,,text,40,10,true
World Continents,medium,Choose the most accurate category for the topic: World Continents.,Agriculture,World Leaders,Astronomy,World Continents,World Continents,,,text,40,10,true
World Continents,medium,Which category would most likely include questions on World Continents?,World Religions,World Leaders,World Continents,Agriculture,World Continents,,,text,40,10,true
World Continents,medium,"Which subject area most closely matches the topic ""World Continents""?",World Geography,World Continents,Architecture,Artificial Intelligence,World Continents,,,text,40,10,true
World Continents,medium,"Which subject area most closely matches the topic ""World Continents""?",World Continents,Agriculture,Astronomy,Artificial Intelligence,World Continents,,,text,40,10,true
World Continents,medium,"Which subject area most closely matches the topic ""World Continents""?",World Leaders,Automobiles,Agriculture,World Continents,World Continents,,,text,40,10,true
World Continents,medium,Which category is most closely related to: World Continents?,Automobiles,Astronomy,Aviation,World Continents,World Continents,,,text,40,10,true
World Continents,medium,"Best-fit category for ""World Continents"" is:",Awards (Nobel),Artificial Intelligence,Ancient Civilization,World Continents,World Continents,,,text,40,10,true
World Continents,medium,Choose the most accurate category for the topic: World Continents.,Automobiles,World Geography,World Leaders,World Continents,World Continents,,,text,40,10,true
World Continents,medium,"Best-fit category for ""World Continents"" is:",Awards (Nobel),World Continents,Ancient Civilization,Algebra,World Continents,,,text,40,10,true
World Continents,hard,"Most precise category for ""World Continents"" is:",Agriculture,World Religions,World Continents,Architecture,World Continents,,,text,80,8,true
World Continents,hard,Select the category that most precisely fits: World Continents.,World Continents,Artificial Intelligence,Algebra,World Leaders,World Continents,,,text,80,8,true
World Continents,hard,Which subject is the correct classification for: World Continents?,Ancient Civilization,World Leaders,Algebra,World Continents,World Continents,,,text,80,8,true
World Continents,hard,Choose the most specific category for: World Continents.,World Geography,Artificial Intelligence,Algebra,World Continents,World Continents,,,text,80,8,true
World Continents,hard,"Which category is the closest match for the topic ""World Continents""?",Architecture,Ancient Civilization,World Geography,World Continents,World Continents,,,text,80,8,true
World Continents,hard,Select the category that most precisely fits: World Continents.,Artificial Intelligence,World Continents,World Leaders,Agriculture,World Continents,,,text,80,8,true
World Continents,hard,Pick the category that most accurately represents: World Continents.,Ancient Civilization,World Continents,Artificial Intelligence,Agriculture,World Continents,,,text,80,8,true
World Continents,hard,Select the category that most precisely fits: World Continents.,Agriculture,Architecture,Ancient Civilization,World Continents,World Continents,,,text,80,8,true
World Continents,hard,Pick the category that most accurately represents: World Continents.,Architecture,Agriculture,Artificial Intelligence,World Continents,World Continents,,,text,80,8,true
World Continents,hard,Identify the primary category for: World Continents.,Artificial Intelligence,World Continents,Agriculture,World Leaders,World Continents,,,text,80,8,true
World Continents,hard,Identify the primary category for: World Continents.,World Continents,Artificial Intelligence,Architecture,World Religions,World Continents,,,text,80,8,true
World Continents,hard,Choose the most specific category for: World Continents.,World Leaders,Architecture,Algebra,World Continents,World Continents,,,text,80,8,true
World Continents,hard,Identify the primary category for: World Continents.,World Continents,Artificial Intelligence,Ancient Civilization,World Religions,World Continents,,,text,80,8,true
World Continents,hard,"Which category is the closest match for the topic ""World Continents""?",Architecture,Ancient Civilization,Artificial Intelligence,World Continents,World Continents,,,text,80,8,true
World Continents,hard,Select the category that most precisely fits: World Continents.,Architecture,World Leaders,Algebra,World Continents,World Continents,,,text,80,8,true
World Continents,hard,Pick the category that most accurately represents: World Continents.,World Leaders,World Continents,Ancient Civilization,Agriculture,World Continents,,,text,80,8,true
World Continents,hard,Select the category that most precisely fits: World Continents.,Artificial Intelligence,Agriculture,World Geography,World Continents,World Continents,,,text,80,8,true
World Continents,hard,Which subject is the correct classification for: World Continents?,World Continents,Ancient Civilization,World Religions,Architecture,World Continents,,,text,80,8,true
World Continents,hard,Which subject is the correct classification for: World Continents?,Agriculture,World Religions,World Continents,Architecture,World Continents,,,text,80,8,true
World Continents,hard,Which subject is the correct classification for: World Continents?,Agriculture,Ancient Civilization,World Continents,Architecture,World Continents,,,text,80,8,true
World Continents,hard,Choose the most specific category for: World Continents.,Artificial Intelligence,Architecture,Ancient Civilization,World Continents,World Continents,,,text,80,8,true
World Continents,hard,"Which category is the closest match for the topic ""World Continents""?",World Continents,World Religions,Architecture,Algebra,World Continents,,,text,80,8,true
World Continents,hard,"Which category is the best fit for the topic ""World Continents""?",World Leaders,World Religions,World Geography,World Continents,World Continents,,,text,80,8,true
World Continents,hard,Pick the category that most accurately represents: World Continents.,Algebra,World Continents,Architecture,Ancient Civilization,World Continents,,,text,80,8,true
Oceans & Seas,easy,Which quiz category would include: Oceans & Seas?,Classic Literature,Aviation,Poetry,Oceans & Seas,Oceans & Seas,,,text,20,12,true
Oceans & Seas,easy,"The topic ""Oceans & Seas"" best fits which category?",Painting & Art,Oceans & Seas,Programming (Java),Aviation,Oceans & Seas,,,text,20,12,true
Oceans & Seas,easy,Pick the subject area that matches: Oceans & Seas.,Internet History,Deserts,Gardening,Oceans & Seas,Oceans & Seas,,,text,20,12,true
Oceans & Seas,easy,Which quiz category would include: Oceans & Seas?,Cricket,Oceans & Seas,Poetry,Space Exploration,Oceans & Seas,,,text,20,12,true
Oceans & Seas,easy,Which category is the best match for: Oceans & Seas?,Networking,Social Media,Oceans & Seas,Gardening,Oceans & Seas,,,text,20,12,true
Oceans & Seas,easy,"The topic ""Oceans & Seas"" best fits which category?",Blockchain,Oceans & Seas,Wildlife,Networking,Oceans & Seas,,,text,20,12,true
Oceans & Seas,easy,Select the correct quiz category for: Oceans & Seas.,Calculus,Agriculture,Oceans & Seas,Environmental Science,Oceans & Seas,,,text,20,12,true
Oceans & Seas,easy,Pick the subject area that matches: Oceans & Seas.,Fashion,Pharmacology,Classic Literature,Oceans & Seas,Oceans & Seas,,,text,20,12,true
Oceans & Seas,easy,Which quiz category would include: Oceans & Seas?,Deserts,Oceans & Seas,Movies (Bollywood),Photography,Oceans & Seas,,,text,20,12,true
Oceans & Seas,easy,Select the correct quiz category for: Oceans & Seas.,Marketing,Aviation,Programming (Python),Oceans & Seas,Oceans & Seas,,,text,20,12,true
Oceans & Seas,easy,Pick the subject area that matches: Oceans & Seas.,Oceans & Seas,Philosophy,Space Exploration,Languages,Oceans & Seas,,,text,20,12,true
Oceans & Seas,easy,Pick the subject area that matches: Oceans & Seas.,Algebra,English Grammar,Music (Classical),Oceans & Seas,Oceans & Seas,,,text,20,12,true
Oceans & Seas,easy,Which category is the best match for: Oceans & Seas?,Environmental Science,Architecture,Oceans & Seas,Internet History,Oceans & Seas,,,text,20,12,true
Oceans & Seas,easy,Which quiz category would include: Oceans & Seas?,Languages,Trigonometry,Oceans & Seas,Mathematics,Oceans & Seas,,,text,20,12,true
Oceans & Seas,easy,Which category is the best match for: Oceans & Seas?,Movies (Hollywood),Basketball,Oceans & Seas,Automobiles,Oceans & Seas,,,text,20,12,true
Oceans & Seas,easy,"Choose the category that best matches ""Oceans & Seas"".",Languages,Painting & Art,Oceans & Seas,Climate Change,Oceans & Seas,,,text,20,12,true
Oceans & Seas,easy,"Choose the category that best matches ""Oceans & Seas"".",English Grammar,Trigonometry,Music (Classical),Oceans & Seas,Oceans & Seas,,,text,20,12,true
Oceans & Seas,easy,Pick the subject area that matches: Oceans & Seas.,Fashion,Oceans & Seas,Calculus,World Religions,Oceans & Seas,,,text,20,12,true
Oceans & Seas,medium,Which category would most likely include questions on Oceans & Seas?,Awards (Oscars),Agriculture,Oceans & Seas,Biology,Oceans & Seas,,,text,40,10,true
Oceans & Seas,medium,"Best-fit category for ""Oceans & Seas"" is:",Artificial Intelligence,Automobiles,Awards (Nobel),Oceans & Seas,Oceans & Seas,,,text,40,10,true
Oceans & Seas,medium,"Best-fit category for ""Oceans & Seas"" is:",Automobiles,Oceans & Seas,Astronomy,Artificial Intelligence,Oceans & Seas,,,text,40,10,true
Oceans & Seas,medium,"Which subject area most closely matches the topic ""Oceans & Seas""?",Aviation,Oceans & Seas,Biology,Ancient Civilization,Oceans & Seas,,,text,40,10,true
Oceans & Seas,medium,Which category would most likely include questions on Oceans & Seas?,Oceans & Seas,Architecture,Biology,Artificial Intelligence,Oceans & Seas,,,text,40,10,true
Oceans & Seas,medium,Select the most appropriate category for: Oceans & Seas.,Biology,Architecture,Agriculture,Oceans & Seas,Oceans & Seas,,,text,40,10,true
Oceans & Seas,medium,"Which subject area most closely matches the topic ""Oceans & Seas""?",Oceans & Seas,Astronomy,Awards (Oscars),Algebra,Oceans & Seas,,,text,40,10,true
Oceans & Seas,medium,"Best-fit category for ""Oceans & Seas"" is:",Aviation,Awards (Oscars),Oceans & Seas,Biology,Oceans & Seas,,,text,40,10,true
Oceans & Seas,medium,Which category is most closely related to: Oceans & Seas?,Ancient Civilization,Artificial Intelligence,Biology,Oceans & Seas,Oceans & Seas,,,text,40,10,true
Oceans & Seas,medium,Which category is most closely related to: Oceans & Seas?,Oceans & Seas,Awards (Nobel),Astronomy,Algebra,Oceans & Seas,,,text,40,10,true
Oceans & Seas,medium,Pick the best category for this quiz topic: Oceans & Seas.,Oceans & Seas,Ancient Civilization,Automobiles,Artificial Intelligence,Oceans & Seas,,,text,40,10,true
Oceans & Seas,medium,"Best-fit category for ""Oceans & Seas"" is:",Architecture,Astronomy,Oceans & Seas,Basketball,Oceans & Seas,,,text,40,10,true
Oceans & Seas,medium,"Which subject area most closely matches the topic ""Oceans & Seas""?",Automobiles,Awards (Nobel),Oceans & Seas,Artificial Intelligence,Oceans & Seas,,,text,40,10,true
Oceans & Seas,medium,Which category is most closely related to: Oceans & Seas?,Awards (Nobel),Artificial Intelligence,Oceans & Seas,Astronomy,Oceans & Seas,,,text,40,10,true
Oceans & Seas,medium,"Which field does the topic ""Oceans & Seas"" fall under?",Algebra,Awards (Nobel),Oceans & Seas,Artificial Intelligence,Oceans & Seas,,,text,40,10,true
Oceans & Seas,medium,"Which field does the topic ""Oceans & Seas"" fall under?",Oceans & Seas,Agriculture,Artificial Intelligence,Aviation,Oceans & Seas,,,text,40,10,true
Oceans & Seas,medium,"Which subject area most closely matches the topic ""Oceans & Seas""?",Algebra,Oceans & Seas,Aviation,Architecture,Oceans & Seas,,,text,40,10,true
Oceans & Seas,medium,"Which field does the topic ""Oceans & Seas"" fall under?",Aviation,Oceans & Seas,Agriculture,Artificial Intelligence,Oceans & Seas,,,text,40,10,true
Oceans & Seas,hard,"Which category is the best fit for the topic ""Oceans & Seas""?",Oceans & Seas,Architecture,Aviation,Algebra,Oceans & Seas,,,text,80,8,true
Oceans & Seas,hard,Pick the category that most accurately represents: Oceans & Seas.,Artificial Intelligence,Ancient Civilization,Oceans & Seas,Aviation,Oceans & Seas,,,text,80,8,true
Oceans & Seas,hard,Identify the primary category for: Oceans & Seas.,Artificial Intelligence,Aviation,Architecture,Oceans & Seas,Oceans & Seas,,,text,80,8,true
Oceans & Seas,hard,Pick the category that most accurately represents: Oceans & Seas.,Oceans & Seas,Automobiles,Artificial Intelligence,Astronomy,Oceans & Seas,,,text,80,8,true
Oceans & Seas,hard,Select the category that most precisely fits: Oceans & Seas.,Astronomy,Oceans & Seas,Algebra,Agriculture,Oceans & Seas,,,text,80,8,true
Oceans & Seas,hard,"Most precise category for ""Oceans & Seas"" is:",Agriculture,Architecture,Oceans & Seas,Algebra,Oceans & Seas,,,text,80,8,true
Oceans & Seas,hard,Identify the primary category for: Oceans & Seas.,Artificial Intelligence,Oceans & Seas,Automobiles,Agriculture,Oceans & Seas,,,text,80,8,true
Oceans & Seas,hard,"Which category is the closest match for the topic ""Oceans & Seas""?",Architecture,Astronomy,Automobiles,Oceans & Seas,Oceans & Seas,,,text,80,8,true
Oceans & Seas,hard,Pick the category that most accurately represents: Oceans & Seas.,Oceans & Seas,Agriculture,Artificial Intelligence,Architecture,Oceans & Seas,,,text,80,8,true
Oceans & Seas,hard,Choose the most specific category for: Oceans & Seas.,Ancient Civilization,Oceans & Seas,Aviation,Astronomy,Oceans & Seas,,,text,80,8,true
Oceans & Seas,hard,"Which category is the closest match for the topic ""Oceans & Seas""?",Agriculture,Architecture,Oceans & Seas,Aviation,Oceans & Seas,,,text,80,8,true
Oceans & Seas,hard,Which subject is the correct classification for: Oceans & Seas?,Automobiles,Architecture,Aviation,Oceans & Seas,Oceans & Seas,,,text,80,8,true
Oceans & Seas,hard,"Which category is the best fit for the topic ""Oceans & Seas""?",Aviation,Astronomy,Ancient Civilization,Oceans & Seas,Oceans & Seas,,,text,80,8,true
Oceans & Seas,hard,"Which category is the closest match for the topic ""Oceans & Seas""?",Agriculture,Algebra,Oceans & Seas,Ancient Civilization,Oceans & Seas,,,text,80,8,true
Oceans & Seas,hard,Pick the category that most accurately represents: Oceans & Seas.,Ancient Civilization,Astronomy,Oceans & Seas,Algebra,Oceans & Seas,,,text,80,8,true
Oceans & Seas,hard,Select the category that most precisely fits: Oceans & Seas.,Astronomy,Oceans & Seas,Algebra,Automobiles,Oceans & Seas,,,text,80,8,true
Oceans & Seas,hard,Pick the category that most accurately represents: Oceans & Seas.,Ancient Civilization,Algebra,Architecture,Oceans & Seas,Oceans & Seas,,,text,80,8,true
Oceans & Seas,hard,"Which category is the best fit for the topic ""Oceans & Seas""?",Aviation,Agriculture,Astronomy,Oceans & Seas,Oceans & Seas,,,text,80,8,true
Oceans & Seas,hard,Identify the primary category for: Oceans & Seas.,Ancient Civilization,Artificial Intelligence,Oceans & Seas,Agriculture,Oceans & Seas,,,text,80,8,true
Oceans & Seas,hard,"Which category is the best fit for the topic ""Oceans & Seas""?",Ancient Civilization,Algebra,Agriculture,Oceans & Seas,Oceans & Seas,,,text,80,8,true
Oceans & Seas,hard,"Which category is the best fit for the topic ""Oceans & Seas""?",Astronomy,Algebra,Ancient Civilization,Oceans & Seas,Oceans & Seas,,,text,80,8,true
Oceans & Seas,hard,Choose the most specific category for: Oceans & Seas.,Aviation,Oceans & Seas,Algebra,Astronomy,Oceans & Seas,,,text,80,8,true
Oceans & Seas,hard,Pick the category that most accurately represents: Oceans & Seas.,Automobiles,Oceans & Seas,Agriculture,Ancient Civilization,Oceans & Seas,,,text,80,8,true
Oceans & Seas,hard,Which subject is the correct classification for: Oceans & Seas?,Artificial Intelligence,Oceans & Seas,Architecture,Agriculture,Oceans & Seas,,,text,80,8,true
Mountains & Peaks,easy,"Choose the category that best matches ""Mountains & Peaks"".",Mountains & Peaks,Wildlife,World Religions,Basketball,Mountains & Peaks,,,text,20,12,true
Mountains & Peaks,easy,Which quiz category would include: Mountains & Peaks?,Olympic Games,Physics,Mountains & Peaks,Current Affairs,Mountains & Peaks,,,text,20,12,true
Mountains & Peaks,easy,"Choose the category that best matches ""Mountains & Peaks"".",Programming (Python),Mountains & Peaks,World Continents,Awards (Nobel),Mountains & Peaks,,,text,20,12,true
Mountains & Peaks,easy,Pick the subject area that matches: Mountains & Peaks.,Modern Literature,Currencies,Yoga & Health,Mountains & Peaks,Mountains & Peaks,,,text,20,12,true
Mountains & Peaks,easy,"Which category does the topic ""Mountains & Peaks"" belong to?",Calculus,Fashion,Climate Change,Mountains & Peaks,Mountains & Peaks,,,text,20,12,true
Mountains & Peaks,easy,Identify the subject area: Mountains & Peaks.,Machine Learning,Olympic Games,Mountains & Peaks,Chess,Mountains & Peaks,,,text,20,12,true
Mountains & Peaks,easy,Which quiz category would include: Mountains & Peaks?,Modern History,Psychology,Inventions & Discoveries,Mountains & Peaks,Mountains & Peaks,,,text,20,12,true
Mountains & Peaks,easy,"Which category does the topic ""Mountains & Peaks"" belong to?",Mountains & Peaks,Agriculture,Human Anatomy,Mythology (Indian),Mountains & Peaks,,,text,20,12,true
Mountains & Peaks,easy,Pick the subject area that matches: Mountains & Peaks.,Web Development,Mountains & Peaks,Ancient Civilization,Olympic Games,Mountains & Peaks,,,text,20,12,true
Mountains & Peaks,easy,Select the correct quiz category for: Mountains & Peaks.,Automobiles,Geometry,Mountains & Peaks,Environmental Science,Mountains & Peaks,,,text,20,12,true
Mountains & Peaks,easy,Which category is the best match for: Mountains & Peaks?,World Religions,Mountains & Peaks,Blockchain,Mythology (Indian),Mountains & Peaks,,,text,20,12,true
Mountains & Peaks,easy,Identify the subject area: Mountains & Peaks.,Gaming,Yoga & Health,Programming (Java),Mountains & Peaks,Mountains & Peaks,,,text,20,12,true
Mountains & Peaks,easy,Select the correct quiz category for: Mountains & Peaks.,Geometry,Aviation,Mountains & Peaks,Superheroes,Mountains & Peaks,,,text,20,12,true
Mountains & Peaks,easy,Pick the subject area that matches: Mountains & Peaks.,Movies (Hollywood),Mountains & Peaks,Architecture,Web Development,Mountains & Peaks,,,text,20,12,true
Mountains & Peaks,easy,"Which category does the topic ""Mountains & Peaks"" belong to?",Interior Design,Mountains & Peaks,Basketball,Cricket,Mountains & Peaks,,,text,20,12,true
Mountains & Peaks,easy,Select the correct quiz category for: Mountains & Peaks.,Chemistry,Mountains & Peaks,Poetry,Food & Cuisine,Mountains & Peaks,,,text,20,12,true
Mountains & Peaks,easy,Which category is the best match for: Mountains & Peaks?,Famous Personalities,Cyber Security,Rivers & Lakes,Mountains & Peaks,Mountains & Peaks,,,text,20,12,true
Mountains & Peaks,easy,Pick the subject area that matches: Mountains & Peaks.,Agriculture,Mountains & Peaks,Gardening,Food & Cuisine,Mountains & Peaks,,,text,20,12,true
Mountains & Peaks,medium,"Which subject area most closely matches the topic ""Mountains & Peaks""?",Biology,Awards (Oscars),Algebra,Mountains & Peaks,Mountains & Peaks,,,text,40,10,true
Mountains & Peaks,medium,Which category is most closely related to: Mountains & Peaks?,Basketball,Architecture,Algebra,Mountains & Peaks,Mountains & Peaks,,,text,40,10,true
Mountains & Peaks,medium,Choose the most accurate category for the topic: Mountains & Peaks.,Mountains & Peaks,Awards (Nobel),Astronomy,Artificial Intelligence,Mountains & Peaks,,,text,40,10,true
Mountains & Peaks,medium,"Which field does the topic ""Mountains & Peaks"" fall under?",Basketball,Biology,Mountains & Peaks,Agriculture,Mountains & Peaks,,,text,40,10,true
Mountains & Peaks,medium,Select the most appropriate category for: Mountains & Peaks.,Artificial Intelligence,Architecture,Ancient Civilization,Mountains & Peaks,Mountains & Peaks,,,text,40,10,true
Mountains & Peaks,medium,"Best-fit category for ""Mountains & Peaks"" is:",Awards (Nobel),Basketball,Mountains & Peaks,Biology,Mountains & Peaks,,,text,40,10,true
Mountains & Peaks,medium,"Which field does the topic ""Mountains & Peaks"" fall under?",Agriculture,Mountains & Peaks,Ancient Civilization,Algebra,Mountains & Peaks,,,text,40,10,true
Mountains & Peaks,medium,Choose the most accurate category for the topic: Mountains & Peaks.,Aviation,Mountains & Peaks,Agriculture,Biology,Mountains & Peaks,,,text,40,10,true
Mountains & Peaks,medium,Choose the most accurate category for the topic: Mountains & Peaks.,Aviation,Mountains & Peaks,Awards (Oscars),Automobiles,Mountains & Peaks,,,text,40,10,true
Mountains & Peaks,medium,"Which subject area most closely matches the topic ""Mountains & Peaks""?",Agriculture,Ancient Civilization,Architecture,Mountains & Peaks,Mountains & Peaks,,,text,40,10,true
Mountains & Peaks,medium,Which category is most closely related to: Mountains & Peaks?,Agriculture,Aviation,Mountains & Peaks,Artificial Intelligence,Mountains & Peaks,,,text,40,10,true
Mountains & Peaks,medium,"Which field does the topic ""Mountains & Peaks"" fall under?",Architecture,Biology,Aviation,Mountains & Peaks,Mountains & Peaks,,,text,40,10,true
Mountains & Peaks,medium,"Which field does the topic ""Mountains & Peaks"" fall under?",Biology,Ancient Civilization,Mountains & Peaks,Aviation,Mountains & Peaks,,,text,40,10,true
Mountains & Peaks,medium,Which category would most likely include questions on Mountains & Peaks?,Mountains & Peaks,Awards (Nobel),Basketball,Biology,Mountains & Peaks,,,text,40,10,true
Mountains & Peaks,medium,Choose the most accurate category for the topic: Mountains & Peaks.,Mountains & Peaks,Basketball,Astronomy,Biology,Mountains & Peaks,,,text,40,10,true
Mountains & Peaks,medium,"Best-fit category for ""Mountains & Peaks"" is:",Algebra,Mountains & Peaks,Biology,Basketball,Mountains & Peaks,,,text,40,10,true
Mountains & Peaks,medium,Select the most appropriate category for: Mountains & Peaks.,Awards (Oscars),Ancient Civilization,Algebra,Mountains & Peaks,Mountains & Peaks,,,text,40,10,true
Mountains & Peaks,medium,Select the most appropriate category for: Mountains & Peaks.,Awards (Oscars),Algebra,Mountains & Peaks,Architecture,Mountains & Peaks,,,text,40,10,true
Mountains & Peaks,hard,Pick the category that most accurately represents: Mountains & Peaks.,Mountains & Peaks,Algebra,Artificial Intelligence,Agriculture,Mountains & Peaks,,,text,80,8,true
Mountains & Peaks,hard,"Most precise category for ""Mountains & Peaks"" is:",Automobiles,Artificial Intelligence,Mountains & Peaks,Architecture,Mountains & Peaks,,,text,80,8,true
Mountains & Peaks,hard,Pick the category that most accurately represents: Mountains & Peaks.,Mountains & Peaks,Artificial Intelligence,Agriculture,Aviation,Mountains & Peaks,,,text,80,8,true
Mountains & Peaks,hard,Choose the most specific category for: Mountains & Peaks.,Mountains & Peaks,Aviation,Artificial Intelligence,Ancient Civilization,Mountains & Peaks,,,text,80,8,true
Mountains & Peaks,hard,Pick the category that most accurately represents: Mountains & Peaks.,Automobiles,Algebra,Artificial Intelligence,Mountains & Peaks,Mountains & Peaks,,,text,80,8,true
Mountains & Peaks,hard,"Which category is the closest match for the topic ""Mountains & Peaks""?",Astronomy,Architecture,Mountains & Peaks,Artificial Intelligence,Mountains & Peaks,,,text,80,8,true
Mountains & Peaks,hard,Which subject is the correct classification for: Mountains & Peaks?,Mountains & Peaks,Architecture,Automobiles,Ancient Civilization,Mountains & Peaks,,,text,80,8,true
Mountains & Peaks,hard,Choose the most specific category for: Mountains & Peaks.,Aviation,Architecture,Artificial Intelligence,Mountains & Peaks,Mountains & Peaks,,,text,80,8,true
Mountains & Peaks,hard,Select the category that most precisely fits: Mountains & Peaks.,Ancient Civilization,Automobiles,Algebra,Mountains & Peaks,Mountains & Peaks,,,text,80,8,true
Mountains & Peaks,hard,"Which category is the best fit for the topic ""Mountains & Peaks""?",Algebra,Automobiles,Mountains & Peaks,Astronomy,Mountains & Peaks,,,text,80,8,true
Mountains & Peaks,hard,"Most precise category for ""Mountains & Peaks"" is:",Aviation,Artificial Intelligence,Astronomy,Mountains & Peaks,Mountains & Peaks,,,text,80,8,true
Mountains & Peaks,hard,Which subject is the correct classification for: Mountains & Peaks?,Automobiles,Algebra,Mountains & Peaks,Architecture,Mountains & Peaks,,,text,80,8,true
Mountains & Peaks,hard,Select the category that most precisely fits: Mountains & Peaks.,Mountains & Peaks,Algebra,Artificial Intelligence,Ancient Civilization,Mountains & Peaks,,,text,80,8,true
Mountains & Peaks,hard,Identify the primary category for: Mountains & Peaks.,Mountains & Peaks,Ancient Civilization,Astronomy,Algebra,Mountains & Peaks,,,text,80,8,true
Mountains & Peaks,hard,"Most precise category for ""Mountains & Peaks"" is:",Mountains & Peaks,Aviation,Automobiles,Artificial Intelligence,Mountains & Peaks,,,text,80,8,true
Mountains & Peaks,hard,"Most precise category for ""Mountains & Peaks"" is:",Mountains & Peaks,Automobiles,Aviation,Ancient Civilization,Mountains & Peaks,,,text,80,8,true
Mountains & Peaks,hard,"Which category is the closest match for the topic ""Mountains & Peaks""?",Aviation,Agriculture,Algebra,Mountains & Peaks,Mountains & Peaks,,,text,80,8,true
Mountains & Peaks,hard,"Which category is the closest match for the topic ""Mountains & Peaks""?",Aviation,Mountains & Peaks,Astronomy,Architecture,Mountains & Peaks,,,text,80,8,true
Mountains & Peaks,hard,"Which category is the closest match for the topic ""Mountains & Peaks""?",Aviation,Mountains & Peaks,Architecture,Algebra,Mountains & Peaks,,,text,80,8,true
Mountains & Peaks,hard,"Which category is the closest match for the topic ""Mountains & Peaks""?",Artificial Intelligence,Mountains & Peaks,Agriculture,Architecture,Mountains & Peaks,,,text,80,8,true
Mountains & Peaks,hard,"Most precise category for ""Mountains & Peaks"" is:",Automobiles,Ancient Civilization,Mountains & Peaks,Architecture,Mountains & Peaks,,,text,80,8,true
Mountains & Peaks,hard,Which subject is the correct classification for: Mountains & Peaks?,Astronomy,Mountains & Peaks,Architecture,Agriculture,Mountains & Peaks,,,text,80,8,true
Mountains & Peaks,hard,"Which category is the best fit for the topic ""Mountains & Peaks""?",Astronomy,Algebra,Agriculture,Mountains & Peaks,Mountains & Peaks,,,text,80,8,true
Mountains & Peaks,hard,"Which category is the closest match for the topic ""Mountains & Peaks""?",Ancient Civilization,Algebra,Aviation,Mountains & Peaks,Mountains & Peaks,,,text,80,8,true
Rivers & Lakes,easy,"Which category does the topic ""Rivers & Lakes"" belong to?",Rivers & Lakes,Calculus,Mythology (Norse),Inventions & Discoveries,Rivers & Lakes,,,text,20,12,true
Rivers & Lakes,easy,Identify the subject area: Rivers & Lakes.,Olympic Games,Agriculture,Rivers & Lakes,Programming (Java),Rivers & Lakes,,,text,20,12,true
Rivers & Lakes,easy,"Choose the category that best matches ""Rivers & Lakes"".",Rivers & Lakes,Indian States,Social Media,Famous Personalities,Rivers & Lakes,,,text,20,12,true
Rivers & Lakes,easy,"Which category does the topic ""Rivers & Lakes"" belong to?",Awards (Nobel),Rivers & Lakes,Climate Change,Chemistry,Rivers & Lakes,,,text,20,12,true
Rivers & Lakes,easy,Which category is the best match for: Rivers & Lakes?,Gadgets,Chess,Gardening,Rivers & Lakes,Rivers & Lakes,,,text,20,12,true
Rivers & Lakes,easy,"The topic ""Rivers & Lakes"" best fits which category?",Rivers & Lakes,Wildlife,Islands,Modern Literature,Rivers & Lakes,,,text,20,12,true
Rivers & Lakes,easy,"Which category does the topic ""Rivers & Lakes"" belong to?",Football,World Geography,Rivers & Lakes,Currencies,Rivers & Lakes,,,text,20,12,true
Rivers & Lakes,easy,Pick the subject area that matches: Rivers & Lakes.,Classic Literature,Rivers & Lakes,Machine Learning,Islands,Rivers & Lakes,,,text,20,12,true
Rivers & Lakes,easy,Which category is the best match for: Rivers & Lakes?,Automobiles,Superheroes,Chess,Rivers & Lakes,Rivers & Lakes,,,text,20,12,true
Rivers & Lakes,easy,"Which category does the topic ""Rivers & Lakes"" belong to?",World Geography,Fashion,Rivers & Lakes,Calculus,Rivers & Lakes,,,text,20,12,true
Rivers & Lakes,easy,Which quiz category would include: Rivers & Lakes?,Programming (Python),Food & Cuisine,Philosophy,Rivers & Lakes,Rivers & Lakes,,,text,20,12,true
Rivers & Lakes,easy,Which category is the best match for: Rivers & Lakes?,Calculus,Sociology,Rivers & Lakes,Climate Change,Rivers & Lakes,,,text,20,12,true
Rivers & Lakes,easy,Select the correct quiz category for: Rivers & Lakes.,World Leaders,Rivers & Lakes,Economics,Marketing,Rivers & Lakes,,,text,20,12,true
Rivers & Lakes,easy,"The topic ""Rivers & Lakes"" best fits which category?",National Flags,Currencies,Rivers & Lakes,National Parks,Rivers & Lakes,,,text,20,12,true
Rivers & Lakes,easy,"Which category does the topic ""Rivers & Lakes"" belong to?",Rivers & Lakes,Chemistry,Indian States,Chess,Rivers & Lakes,,,text,20,12,true
Rivers & Lakes,easy,Select the correct quiz category for: Rivers & Lakes.,Sociology,Tennis,Football,Rivers & Lakes,Rivers & Lakes,,,text,20,12,true
Rivers & Lakes,easy,"The topic ""Rivers & Lakes"" best fits which category?",Rivers & Lakes,Modern Literature,E-commerce,English Grammar,Rivers & Lakes,,,text,20,12,true
Rivers & Lakes,easy,"Which category does the topic ""Rivers & Lakes"" belong to?",Mountains & Peaks,Calculus,Social Media,Rivers & Lakes,Rivers & Lakes,,,text,20,12,true
Rivers & Lakes,medium,Which category would most likely include questions on Rivers & Lakes?,Basketball,Rivers & Lakes,Aviation,Biology,Rivers & Lakes,,,text,40,10,true
Rivers & Lakes,medium,Which category is most closely related to: Rivers & Lakes?,Rivers & Lakes,Algebra,Biology,Awards (Nobel),Rivers & Lakes,,,text,40,10,true
Rivers & Lakes,medium,Which category would most likely include questions on Rivers & Lakes?,Astronomy,Basketball,Ancient Civilization,Rivers & Lakes,Rivers & Lakes,,,text,40,10,true
Rivers & Lakes,medium,Choose the most accurate category for the topic: Rivers & Lakes.,Biology,Basketball,Automobiles,Rivers & Lakes,Rivers & Lakes,,,text,40,10,true
Rivers & Lakes,medium,"Which field does the topic ""Rivers & Lakes"" fall under?",Awards (Oscars),Automobiles,Biology,Rivers & Lakes,Rivers & Lakes,,,text,40,10,true
Rivers & Lakes,medium,Select the most appropriate category for: Rivers & Lakes.,Rivers & Lakes,Automobiles,Architecture,Algebra,Rivers & Lakes,,,text,40,10,true
Rivers & Lakes,medium,"Which field does the topic ""Rivers & Lakes"" fall under?",Architecture,Awards (Nobel),Rivers & Lakes,Automobiles,Rivers & Lakes,,,text,40,10,true
Rivers & Lakes,medium,Choose the most accurate category for the topic: Rivers & Lakes.,Rivers & Lakes,Algebra,Aviation,Biology,Rivers & Lakes,,,text,40,10,true
Rivers & Lakes,medium,Which category is most closely related to: Rivers & Lakes?,Rivers & Lakes,Aviation,Automobiles,Basketball,Rivers & Lakes,,,text,40,10,true
Rivers & Lakes,medium,Select the most appropriate category for: Rivers & Lakes.,Artificial Intelligence,Rivers & Lakes,Basketball,Ancient Civilization,Rivers & Lakes,,,text,40,10,true
Rivers & Lakes,medium,Which category would most likely include questions on Rivers & Lakes?,Algebra,Astronomy,Rivers & Lakes,Agriculture,Rivers & Lakes,,,text,40,10,true
Rivers & Lakes,medium,"Which field does the topic ""Rivers & Lakes"" fall under?",Awards (Oscars),Architecture,Aviation,Rivers & Lakes,Rivers & Lakes,,,text,40,10,true
Rivers & Lakes,medium,"Best-fit category for ""Rivers & Lakes"" is:",Agriculture,Ancient Civilization,Awards (Oscars),Rivers & Lakes,Rivers & Lakes,,,text,40,10,true
Rivers & Lakes,medium,Which category is most closely related to: Rivers & Lakes?,Ancient Civilization,Automobiles,Astronomy,Rivers & Lakes,Rivers & Lakes,,,text,40,10,true
Rivers & Lakes,medium,Pick the best category for this quiz topic: Rivers & Lakes.,Astronomy,Algebra,Awards (Nobel),Rivers & Lakes,Rivers & Lakes,,,text,40,10,true
Rivers & Lakes,medium,"Which subject area most closely matches the topic ""Rivers & Lakes""?",Ancient Civilization,Aviation,Rivers & Lakes,Algebra,Rivers & Lakes,,,text,40,10,true
Rivers & Lakes,medium,"Best-fit category for ""Rivers & Lakes"" is:",Rivers & Lakes,Biology,Agriculture,Basketball,Rivers & Lakes,,,text,40,10,true
Rivers & Lakes,medium,Which category would most likely include questions on Rivers & Lakes?,Agriculture,Biology,Algebra,Rivers & Lakes,Rivers & Lakes,,,text,40,10,true
Rivers & Lakes,hard,"Which category is the closest match for the topic ""Rivers & Lakes""?",Astronomy,Algebra,Rivers & Lakes,Artificial Intelligence,Rivers & Lakes,,,text,80,8,true
Rivers & Lakes,hard,Identify the primary category for: Rivers & Lakes.,Automobiles,Architecture,Rivers & Lakes,Ancient Civilization,Rivers & Lakes,,,text,80,8,true
Rivers & Lakes,hard,Which subject is the correct classification for: Rivers & Lakes?,Agriculture,Ancient Civilization,Rivers & Lakes,Aviation,Rivers & Lakes,,,text,80,8,true
Rivers & Lakes,hard,Select the category that most precisely fits: Rivers & Lakes.,Ancient Civilization,Aviation,Rivers & Lakes,Algebra,Rivers & Lakes,,,text,80,8,true
Rivers & Lakes,hard,"Which category is the closest match for the topic ""Rivers & Lakes""?",Agriculture,Automobiles,Rivers & Lakes,Algebra,Rivers & Lakes,,,text,80,8,true
Rivers & Lakes,hard,Identify the primary category for: Rivers & Lakes.,Automobiles,Aviation,Rivers & Lakes,Architecture,Rivers & Lakes,,,text,80,8,true
Rivers & Lakes,hard,Pick the category that most accurately represents: Rivers & Lakes.,Algebra,Rivers & Lakes,Ancient Civilization,Aviation,Rivers & Lakes,,,text,80,8,true
Rivers & Lakes,hard,Select the category that most precisely fits: Rivers & Lakes.,Rivers & Lakes,Aviation,Agriculture,Artificial Intelligence,Rivers & Lakes,,,text,80,8,true
Rivers & Lakes,hard,Identify the primary category for: Rivers & Lakes.,Aviation,Agriculture,Ancient Civilization,Rivers & Lakes,Rivers & Lakes,,,text,80,8,true
Rivers & Lakes,hard,"Most precise category for ""Rivers & Lakes"" is:",Architecture,Aviation,Rivers & Lakes,Agriculture,Rivers & Lakes,,,text,80,8,true
Rivers & Lakes,hard,Select the category that most precisely fits: Rivers & Lakes.,Astronomy,Rivers & Lakes,Architecture,Agriculture,Rivers & Lakes,,,text,80,8,true
Rivers & Lakes,hard,Choose the most specific category for: Rivers & Lakes.,Artificial Intelligence,Aviation,Rivers & Lakes,Architecture,Rivers & Lakes,,,text,80,8,true
Rivers & Lakes,hard,Identify the primary category for: Rivers & Lakes.,Artificial Intelligence,Aviation,Rivers & Lakes,Agriculture,Rivers & Lakes,,,text,80,8,true
Rivers & Lakes,hard,Choose the most specific category for: Rivers & Lakes.,Aviation,Algebra,Astronomy,Rivers & Lakes,Rivers & Lakes,,,text,80,8,true
Rivers & Lakes,hard,Identify the primary category for: Rivers & Lakes.,Agriculture,Rivers & Lakes,Astronomy,Artificial Intelligence,Rivers & Lakes,,,text,80,8,true
Rivers & Lakes,hard,Pick the category that most accurately represents: Rivers & Lakes.,Rivers & Lakes,Astronomy,Architecture,Automobiles,Rivers & Lakes,,,text,80,8,true
Rivers & Lakes,hard,"Most precise category for ""Rivers & Lakes"" is:",Aviation,Rivers & Lakes,Ancient Civilization,Automobiles,Rivers & Lakes,,,text,80,8,true
Rivers & Lakes,hard,Identify the primary category for: Rivers & Lakes.,Algebra,Agriculture,Rivers & Lakes,Architecture,Rivers & Lakes,,,text,80,8,true
Rivers & Lakes,hard,Choose the most specific category for: Rivers & Lakes.,Artificial Intelligence,Automobiles,Rivers & Lakes,Astronomy,Rivers & Lakes,,,text,80,8,true
Rivers & Lakes,hard,"Which category is the best fit for the topic ""Rivers & Lakes""?",Agriculture,Rivers & Lakes,Architecture,Aviation,Rivers & Lakes,,,text,80,8,true
Rivers & Lakes,hard,"Which category is the best fit for the topic ""Rivers & Lakes""?",Automobiles,Rivers & Lakes,Ancient Civilization,Architecture,Rivers & Lakes,,,text,80,8,true
Rivers & Lakes,hard,"Which category is the closest match for the topic ""Rivers & Lakes""?",Ancient Civilization,Agriculture,Rivers & Lakes,Aviation,Rivers & Lakes,,,text,80,8,true
Rivers & Lakes,hard,"Which category is the best fit for the topic ""Rivers & Lakes""?",Agriculture,Rivers & Lakes,Artificial Intelligence,Astronomy,Rivers & Lakes,,,text,80,8,true
Rivers & Lakes,hard,Which subject is the correct classification for: Rivers & Lakes?,Rivers & Lakes,Astronomy,Artificial Intelligence,Architecture,Rivers & Lakes,,,text,80,8,true
Deserts,easy,Pick the subject area that matches: Deserts.,Programming (Python),Mountains & Peaks,Deserts,English Grammar,Deserts,,,text,20,12,true
Deserts,easy,Select the correct quiz category for: Deserts.,Movies (Hollywood),Human Anatomy,National Parks,Deserts,Deserts,,,text,20,12,true
Deserts,easy,Identify the subject area: Deserts.,Deserts,Chess,World Continents,Tennis,Deserts,,,text,20,12,true
Deserts,easy,"The topic ""Deserts"" best fits which category?",Finance,Deserts,Mountains & Peaks,Cyber Security,Deserts,,,text,20,12,true
Deserts,easy,Which category is the best match for: Deserts?,Space Exploration,Modern Literature,Deserts,Interior Design,Deserts,,,text,20,12,true
Deserts,easy,"The topic ""Deserts"" best fits which category?",Painting & Art,Deserts,Awards (Oscars),Music (Classical),Deserts,,,text,20,12,true
Deserts,easy,"Choose the category that best matches ""Deserts"".",Deserts,Internet History,Artificial Intelligence,Food & Cuisine,Deserts,,,text,20,12,true
Deserts,easy,Which quiz category would include: Deserts?,Gardening,Deserts,Mobile Development,English Grammar,Deserts,,,text,20,12,true
Deserts,easy,"The topic ""Deserts"" best fits which category?",Deserts,Gadgets,Space Exploration,Computer Science,Deserts,,,text,20,12,true
Deserts,easy,Pick the subject area that matches: Deserts.,Mountains & Peaks,Environmental Science,Deserts,Classic Literature,Deserts,,,text,20,12,true
Deserts,easy,Select the correct quiz category for: Deserts.,Algebra,Deserts,Marketing,Olympic Games,Deserts,,,text,20,12,true
Deserts,easy,Pick the subject area that matches: Deserts.,Interior Design,Languages,Machine Learning,Deserts,Deserts,,,text,20,12,true
Deserts,easy,Pick the subject area that matches: Deserts.,Music (Pop),English Grammar,Deserts,Biology,Deserts,,,text,20,12,true
Deserts,easy,Identify the subject area: Deserts.,Environmental Science,Deserts,Classic Literature,Machine Learning,Deserts,,,text,20,12,true
Deserts,easy,Identify the subject area: Deserts.,Deserts,Physics,National Parks,Automobiles,Deserts,,,text,20,12,true
Deserts,easy,"Which category does the topic ""Deserts"" belong to?",Computer Science,Deserts,Finance,Gaming,Deserts,,,text,20,12,true
Deserts,easy,Pick the subject area that matches: Deserts.,Current Affairs,Food & Cuisine,Deserts,Movies (Bollywood),Deserts,,,text,20,12,true
Deserts,easy,"Which category does the topic ""Deserts"" belong to?",World Geography,Mythology (Norse),Deserts,Gadgets,Deserts,,,text,20,12,true
Deserts,medium,"Which field does the topic ""Deserts"" fall under?",Basketball,Deserts,Awards (Nobel),Artificial Intelligence,Deserts,,,text,40,10,true
Deserts,medium,Which category is most closely related to: Deserts?,Deserts,Basketball,Astronomy,Algebra,Deserts,,,text,40,10,true
Deserts,medium,Select the most appropriate category for: Deserts.,Deserts,Biology,Agriculture,Aviation,Deserts,,,text,40,10,true
Deserts,medium,Choose the most accurate category for the topic: Deserts.,Awards (Nobel),Astronomy,Architecture,Deserts,Deserts,,,text,40,10,true
Deserts,medium,Choose the most accurate category for the topic: Deserts.,Deserts,Artificial Intelligence,Architecture,Algebra,Deserts,,,text,40,10,true
Deserts,medium,"Which field does the topic ""Deserts"" fall under?",Deserts,Automobiles,Artificial Intelligence,Awards (Oscars),Deserts,,,text,40,10,true
Deserts,medium,Select the most appropriate category for: Deserts.,Automobiles,Deserts,Architecture,Artificial Intelligence,Deserts,,,text,40,10,true
Deserts,medium,Which category would most likely include questions on Deserts?,Automobiles,Artificial Intelligence,Deserts,Basketball,Deserts,,,text,40,10,true
Deserts,medium,"Which field does the topic ""Deserts"" fall under?",Architecture,Deserts,Awards (Oscars),Biology,Deserts,,,text,40,10,true
Deserts,medium,"Which field does the topic ""Deserts"" fall under?",Basketball,Awards (Oscars),Automobiles,Deserts,Deserts,,,text,40,10,true
Deserts,medium,"Best-fit category for ""Deserts"" is:",Automobiles,Biology,Astronomy,Deserts,Deserts,,,text,40,10,true
Deserts,medium,Which category is most closely related to: Deserts?,Awards (Oscars),Aviation,Deserts,Automobiles,Deserts,,,text,40,10,true
Deserts,medium,Which category is most closely related to: Deserts?,Deserts,Awards (Nobel),Basketball,Awards (Oscars),Deserts,,,text,40,10,true
Deserts,medium,Which category would most likely include questions on Deserts?,Aviation,Astronomy,Architecture,Deserts,Deserts,,,text,40,10,true
Deserts,medium,Choose the most accurate category for the topic: Deserts.,Ancient Civilization,Deserts,Biology,Automobiles,Deserts,,,text,40,10,true
Deserts,medium,Choose the most accurate category for the topic: Deserts.,Deserts,Ancient Civilization,Algebra,Awards (Oscars),Deserts,,,text,40,10,true
Deserts,medium,"Which field does the topic ""Deserts"" fall under?",Algebra,Deserts,Agriculture,Astronomy,Deserts,,,text,40,10,true
Deserts,medium,"Best-fit category for ""Deserts"" is:",Automobiles,Awards (Oscars),Architecture,Deserts,Deserts,,,text,40,10,true
Deserts,hard,"Which category is the closest match for the topic ""Deserts""?",Deserts,Algebra,Aviation,Automobiles,Deserts,,,text,80,8,true
Deserts,hard,Pick the category that most accurately represents: Deserts.,Automobiles,Architecture,Deserts,Algebra,Deserts,,,text,80,8,true
Deserts,hard,Which subject is the correct classification for: Deserts?,Automobiles,Agriculture,Architecture,Deserts,Deserts,,,text,80,8,true
Deserts,hard,"Which category is the best fit for the topic ""Deserts""?",Astronomy,Aviation,Algebra,Deserts,Deserts,,,text,80,8,true
Deserts,hard,Which subject is the correct classification for: Deserts?,Astronomy,Aviation,Deserts,Ancient Civilization,Deserts,,,text,80,8,true
Deserts,hard,Identify the primary category for: Deserts.,Aviation,Deserts,Architecture,Artificial Intelligence,Deserts,,,text,80,8,true
Deserts,hard,Identify the primary category for: Deserts.,Astronomy,Aviation,Architecture,Deserts,Deserts,,,text,80,8,true
Deserts,hard,Pick the category that most accurately represents: Deserts.,Aviation,Algebra,Ancient Civilization,Deserts,Deserts,,,text,80,8,true
Deserts,hard,"Which category is the best fit for the topic ""Deserts""?",Astronomy,Architecture,Deserts,Automobiles,Deserts,,,text,80,8,true
Deserts,hard,Identify the primary category for: Deserts.,Architecture,Algebra,Agriculture,Deserts,Deserts,,,text,80,8,true
Deserts,hard,Pick the category that most accurately represents: Deserts.,Deserts,Automobiles,Aviation,Algebra,Deserts,,,text,80,8,true
Deserts,hard,Identify the primary category for: Deserts.,Algebra,Artificial Intelligence,Deserts,Automobiles,Deserts,,,text,80,8,true
Deserts,hard,Identify the primary category for: Deserts.,Ancient Civilization,Astronomy,Artificial Intelligence,Deserts,Deserts,,,text,80,8,true
Deserts,hard,Identify the primary category for: Deserts.,Deserts,Aviation,Automobiles,Architecture,Deserts,,,text,80,8,true
Deserts,hard,"Most precise category for ""Deserts"" is:",Automobiles,Ancient Civilization,Deserts,Astronomy,Deserts,,,text,80,8,true
Deserts,hard,Identify the primary category for: Deserts.,Astronomy,Artificial Intelligence,Deserts,Automobiles,Deserts,,,text,80,8,true
Deserts,hard,Identify the primary category for: Deserts.,Architecture,Aviation,Deserts,Algebra,Deserts,,,text,80,8,true
Deserts,hard,"Which category is the closest match for the topic ""Deserts""?",Deserts,Agriculture,Automobiles,Aviation,Deserts,,,text,80,8,true
Deserts,hard,Which subject is the correct classification for: Deserts?,Artificial Intelligence,Ancient Civilization,Agriculture,Deserts,Deserts,,,text,80,8,true
Deserts,hard,Choose the most specific category for: Deserts.,Artificial Intelligence,Automobiles,Aviation,Deserts,Deserts,,,text,80,8,true
Deserts,hard,Which subject is the correct classification for: Deserts?,Architecture,Deserts,Algebra,Agriculture,Deserts,,,text,80,8,true
Deserts,hard,Select the category that most precisely fits: Deserts.,Astronomy,Algebra,Architecture,Deserts,Deserts,,,text,80,8,true
Deserts,hard,"Which category is the closest match for the topic ""Deserts""?",Architecture,Agriculture,Artificial Intelligence,Deserts,Deserts,,,text,80,8,true
Deserts,hard,"Most precise category for ""Deserts"" is:",Deserts,Automobiles,Artificial Intelligence,Architecture,Deserts,,,text,80,8,true
Islands,easy,Pick the subject area that matches: Islands.,Programming (Python),Finance,Islands,Currencies,Islands,,,text,20,12,true
Islands,easy,Identify the subject area: Islands.,Modern Literature,Rivers & Lakes,Islands,Blockchain,Islands,,,text,20,12,true
Islands,easy,Which category is the best match for: Islands?,Islands,Oceans & Seas,E-commerce,Music (Pop),Islands,,,text,20,12,true
Islands,easy,Pick the subject area that matches: Islands.,Modern History,Islands,Famous Personalities,Mathematics,Islands,,,text,20,12,true
Islands,easy,Identify the subject area: Islands.,Ancient Civilization,Islands,E-commerce,Chemistry,Islands,,,text,20,12,true
Islands,easy,"The topic ""Islands"" best fits which category?",Pharmacology,Automobiles,National Flags,Islands,Islands,,,text,20,12,true
Islands,easy,"Which category does the topic ""Islands"" belong to?",Sociology,Modern History,Islands,Machine Learning,Islands,,,text,20,12,true
Islands,easy,"Which category does the topic ""Islands"" belong to?",Artificial Intelligence,Movies (Bollywood),Islands,Poetry,Islands,,,text,20,12,true
Islands,easy,Which category is the best match for: Islands?,Logistics,Islands,Music (Classical),Poetry,Islands,,,text,20,12,true
Islands,easy,Pick the subject area that matches: Islands.,Logistics,Mobile Development,Islands,Photography,Islands,,,text,20,12,true
Islands,easy,Which category is the best match for: Islands?,Indian States,Islands,Gardening,Cricket,Islands,,,text,20,12,true
Islands,easy,Pick the subject area that matches: Islands.,Machine Learning,Networking,Poetry,Islands,Islands,,,text,20,12,true
Islands,easy,Which quiz category would include: Islands?,Islands,Space Exploration,Blockchain,Comic Books,Islands,,,text,20,12,true
Islands,easy,"Which category does the topic ""Islands"" belong to?",Programming (Python),Islands,Aviation,Oceans & Seas,Islands,,,text,20,12,true
Islands,easy,Identify the subject area: Islands.,Mythology (Greek),Programming (Java),National Parks,Islands,Islands,,,text,20,12,true
Islands,easy,Which category is the best match for: Islands?,Poetry,Web Development,Human Anatomy,Islands,Islands,,,text,20,12,true
Islands,easy,"Which category does the topic ""Islands"" belong to?",Indian States,Aviation,Photography,Islands,Islands,,,text,20,12,true
Islands,easy,Identify the subject area: Islands.,Islands,World Geography,Awards (Oscars),Fashion,Islands,,,text,20,12,true
Islands,medium,"Best-fit category for ""Islands"" is:",Agriculture,Aviation,Islands,Ancient Civilization,Islands,,,text,40,10,true
Islands,medium,Choose the most accurate category for the topic: Islands.,Islands,Ancient Civilization,Agriculture,Aviation,Islands,,,text,40,10,true
Islands,medium,"Which field does the topic ""Islands"" fall under?",Islands,Artificial Intelligence,Algebra,Awards (Oscars),Islands,,,text,40,10,true
Islands,medium,"Which subject area most closely matches the topic ""Islands""?",Algebra,Ancient Civilization,Awards (Nobel),Islands,Islands,,,text,40,10,true
Islands,medium,Choose the most accurate category for the topic: Islands.,Ancient Civilization,Islands,Awards (Nobel),Basketball,Islands,,,text,40,10,true
Islands,medium,Select the most appropriate category for: Islands.,Biology,Algebra,Basketball,Islands,Islands,,,text,40,10,true
Islands,medium,Select the most appropriate category for: Islands.,Algebra,Islands,Agriculture,Artificial Intelligence,Islands,,,text,40,10,true
Islands,medium,"Which subject area most closely matches the topic ""Islands""?",Awards (Nobel),Basketball,Aviation,Islands,Islands,,,text,40,10,true
Islands,medium,"Best-fit category for ""Islands"" is:",Automobiles,Basketball,Islands,Algebra,Islands,,,text,40,10,true
Islands,medium,"Best-fit category for ""Islands"" is:",Islands,Astronomy,Architecture,Awards (Nobel),Islands,,,text,40,10,true
Islands,medium,Choose the most accurate category for the topic: Islands.,Awards (Nobel),Islands,Ancient Civilization,Basketball,Islands,,,text,40,10,true
Islands,medium,Which category would most likely include questions on Islands?,Awards (Oscars),Architecture,Islands,Agriculture,Islands,,,text,40,10,true
Islands,medium,Choose the most accurate category for the topic: Islands.,Islands,Basketball,Artificial Intelligence,Aviation,Islands,,,text,40,10,true
Islands,medium,Which category would most likely include questions on Islands?,Islands,Automobiles,Artificial Intelligence,Astronomy,Islands,,,text,40,10,true
Islands,medium,"Which field does the topic ""Islands"" fall under?",Awards (Oscars),Islands,Architecture,Awards (Nobel),Islands,,,text,40,10,true
Islands,medium,"Best-fit category for ""Islands"" is:",Aviation,Agriculture,Islands,Astronomy,Islands,,,text,40,10,true
Islands,medium,Which category would most likely include questions on Islands?,Agriculture,Islands,Biology,Ancient Civilization,Islands,,,text,40,10,true
Islands,medium,Choose the most accurate category for the topic: Islands.,Islands,Artificial Intelligence,Automobiles,Astronomy,Islands,,,text,40,10,true
Islands,hard,"Most precise category for ""Islands"" is:",Algebra,Agriculture,Architecture,Islands,Islands,,,text,80,8,true
Islands,hard,Choose the most specific category for: Islands.,Ancient Civilization,Algebra,Astronomy,Islands,Islands,,,text,80,8,true
Islands,hard,Pick the category that most accurately represents: Islands.,Ancient Civilization,Artificial Intelligence,Islands,Architecture,Islands,,,text,80,8,true
Islands,hard,Pick the category that most accurately represents: Islands.,Artificial Intelligence,Ancient Civilization,Automobiles,Islands,Islands,,,text,80,8,true
Islands,hard,Select the category that most precisely fits: Islands.,Islands,Ancient Civilization,Astronomy,Algebra,Islands,,,text,80,8,true
Islands,hard,Choose the most specific category for: Islands.,Islands,Agriculture,Ancient Civilization,Aviation,Islands,,,text,80,8,true
Islands,hard,Select the category that most precisely fits: Islands.,Islands,Aviation,Architecture,Astronomy,Islands,,,text,80,8,true
Islands,hard,Identify the primary category for: Islands.,Aviation,Architecture,Astronomy,Islands,Islands,,,text,80,8,true
Islands,hard,"Most precise category for ""Islands"" is:",Architecture,Islands,Artificial Intelligence,Automobiles,Islands,,,text,80,8,true
Islands,hard,Choose the most specific category for: Islands.,Islands,Architecture,Ancient Civilization,Agriculture,Islands,,,text,80,8,true
Islands,hard,"Which category is the best fit for the topic ""Islands""?",Architecture,Agriculture,Islands,Aviation,Islands,,,text,80,8,true
Islands,hard,"Which category is the closest match for the topic ""Islands""?",Islands,Ancient Civilization,Artificial Intelligence,Agriculture,Islands,,,text,80,8,true
Islands,hard,"Most precise category for ""Islands"" is:",Islands,Aviation,Artificial Intelligence,Ancient Civilization,Islands,,,text,80,8,true
Islands,hard,Select the category that most precisely fits: Islands.,Aviation,Islands,Architecture,Ancient Civilization,Islands,,,text,80,8,true
Islands,hard,"Most precise category for ""Islands"" is:",Agriculture,Artificial Intelligence,Astronomy,Islands,Islands,,,text,80,8,true
Islands,hard,"Most precise category for ""Islands"" is:",Architecture,Islands,Ancient Civilization,Automobiles,Islands,,,text,80,8,true
Islands,hard,Select the category that most precisely fits: Islands.,Algebra,Astronomy,Agriculture,Islands,Islands,,,text,80,8,true
Islands,hard,"Which category is the closest match for the topic ""Islands""?",Islands,Ancient Civilization,Automobiles,Aviation,Islands,,,text,80,8,true
Islands,hard,Pick the category that most accurately represents: Islands.,Aviation,Islands,Automobiles,Agriculture,Islands,,,text,80,8,true
Islands,hard,Identify the primary category for: Islands.,Architecture,Islands,Astronomy,Ancient Civilization,Islands,,,text,80,8,true
Islands,hard,Identify the primary category for: Islands.,Astronomy,Ancient Civilization,Islands,Algebra,Islands,,,text,80,8,true
Islands,hard,Choose the most specific category for: Islands.,Automobiles,Algebra,Ancient Civilization,Islands,Islands,,,text,80,8,true
Islands,hard,Choose the most specific category for: Islands.,Architecture,Aviation,Islands,Ancient Civilization,Islands,,,text,80,8,true
Islands,hard,Select the category that most precisely fits: Islands.,Artificial Intelligence,Agriculture,Islands,Algebra,Islands,,,text,80,8,true
National Flags,easy,Pick the subject area that matches: National Flags.,Programming (Python),National Flags,World Religions,Superheroes,National Flags,,,text,20,12,true
National Flags,easy,"Choose the category that best matches ""National Flags"".",Languages,Finance,National Flags,Poetry,National Flags,,,text,20,12,true
National Flags,easy,Identify the subject area: National Flags.,Internet History,National Flags,World Religions,Gadgets,National Flags,,,text,20,12,true
National Flags,easy,Pick the subject area that matches: National Flags.,Geometry,Mountains & Peaks,National Flags,Artificial Intelligence,National Flags,,,text,20,12,true
National Flags,easy,"The topic ""National Flags"" best fits which category?",National Flags,Modern Literature,English Grammar,World Geography,National Flags,,,text,20,12,true
National Flags,easy,Identify the subject area: National Flags.,Biology,National Flags,Machine Learning,Modern Literature,National Flags,,,text,20,12,true
National Flags,easy,Identify the subject area: National Flags.,Agriculture,Algebra,National Flags,Comic Books,National Flags,,,text,20,12,true
National Flags,easy,"Choose the category that best matches ""National Flags"".",Finance,Basketball,Ancient Civilization,National Flags,National Flags,,,text,20,12,true
National Flags,easy,"The topic ""National Flags"" best fits which category?",Superheroes,Tennis,Poetry,National Flags,National Flags,,,text,20,12,true
National Flags,easy,"Which category does the topic ""National Flags"" belong to?",Chess,Olympic Games,Robotics,National Flags,National Flags,,,text,20,12,true
National Flags,easy,Select the correct quiz category for: National Flags.,Astronomy,Chemistry,Gaming,National Flags,National Flags,,,text,20,12,true
National Flags,easy,Select the correct quiz category for: National Flags.,Ancient Civilization,Comic Books,National Flags,Cricket,National Flags,,,text,20,12,true
National Flags,easy,"Choose the category that best matches ""National Flags"".",National Flags,Fashion,Astronomy,Movies (Hollywood),National Flags,,,text,20,12,true
National Flags,easy,Select the correct quiz category for: National Flags.,Rivers & Lakes,Internet History,National Flags,Famous Personalities,National Flags,,,text,20,12,true
National Flags,easy,"Choose the category that best matches ""National Flags"".",Trigonometry,Mythology (Indian),Interior Design,National Flags,National Flags,,,text,20,12,true
National Flags,easy,Which category is the best match for: National Flags?,Music (Pop),National Parks,Machine Learning,National Flags,National Flags,,,text,20,12,true
National Flags,easy,Which quiz category would include: National Flags?,Ancient Civilization,Aviation,Space Exploration,National Flags,National Flags,,,text,20,12,true
National Flags,easy,Pick the subject area that matches: National Flags.,Modern History,Trigonometry,Mobile Development,National Flags,National Flags,,,text,20,12,true
National Flags,medium,Pick the best category for this quiz topic: National Flags.,Awards (Nobel),Basketball,National Parks,National Flags,National Flags,,,text,40,10,true
National Flags,medium,"Which subject area most closely matches the topic ""National Flags""?",Astronomy,Awards (Oscars),National Parks,National Flags,National Flags,,,text,40,10,true
National Flags,medium,Select the most appropriate category for: National Flags.,Agriculture,Aviation,National Flags,Awards (Nobel),National Flags,,,text,40,10,true
National Flags,medium,"Which subject area most closely matches the topic ""National Flags""?",Algebra,National Flags,Awards (Nobel),Architecture,National Flags,,,text,40,10,true
National Flags,medium,"Which subject area most closely matches the topic ""National Flags""?",National Flags,Algebra,Ancient Civilization,Astronomy,National Flags,,,text,40,10,true
National Flags,medium,"Best-fit category for ""National Flags"" is:",Awards (Oscars),Automobiles,Awards (Nobel),National Flags,National Flags,,,text,40,10,true
National Flags,medium,"Best-fit category for ""National Flags"" is:",Agriculture,National Flags,National Parks,Ancient Civilization,National Flags,,,text,40,10,true
National Flags,medium,Which category would most likely include questions on National Flags?,National Flags,Algebra,National Parks,Basketball,National Flags,,,text,40,10,true
National Flags,medium,Pick the best category for this quiz topic: National Flags.,Ancient Civilization,National Flags,Automobiles,Astronomy,National Flags,,,text,40,10,true
National Flags,medium,"Which subject area most closely matches the topic ""National Flags""?",Artificial Intelligence,National Parks,National Flags,Awards (Oscars),National Flags,,,text,40,10,true
National Flags,medium,"Which field does the topic ""National Flags"" fall under?",Automobiles,Basketball,Artificial Intelligence,National Flags,National Flags,,,text,40,10,true
National Flags,medium,"Best-fit category for ""National Flags"" is:",National Parks,Artificial Intelligence,Automobiles,National Flags,National Flags,,,text,40,10,true
National Flags,medium,Select the most appropriate category for: National Flags.,Agriculture,Astronomy,Architecture,National Flags,National Flags,,,text,40,10,true
National Flags,medium,Choose the most accurate category for the topic: National Flags.,Aviation,Basketball,National Flags,Awards (Oscars),National Flags,,,text,40,10,true
National Flags,medium,"Best-fit category for ""National Flags"" is:",Architecture,Agriculture,Basketball,National Flags,National Flags,,,text,40,10,true
National Flags,medium,Which category is most closely related to: National Flags?,National Parks,Awards (Oscars),Aviation,National Flags,National Flags,,,text,40,10,true
National Flags,medium,"Best-fit category for ""National Flags"" is:",National Flags,Artificial Intelligence,Aviation,Awards (Nobel),National Flags,,,text,40,10,true
National Flags,medium,"Which field does the topic ""National Flags"" fall under?",Artificial Intelligence,Awards (Oscars),National Flags,Automobiles,National Flags,,,text,40,10,true
National Flags,hard,"Which category is the best fit for the topic ""National Flags""?",National Flags,Automobiles,Algebra,Architecture,National Flags,,,text,80,8,true
National Flags,hard,Identify the primary category for: National Flags.,National Flags,Ancient Civilization,Astronomy,Automobiles,National Flags,,,text,80,8,true
National Flags,hard,Select the category that most precisely fits: National Flags.,Algebra,Artificial Intelligence,National Parks,National Flags,National Flags,,,text,80,8,true
National Flags,hard,Choose the most specific category for: National Flags.,Ancient Civilization,Automobiles,Algebra,National Flags,National Flags,,,text,80,8,true
National Flags,hard,"Most precise category for ""National Flags"" is:",Algebra,Agriculture,National Flags,Ancient Civilization,National Flags,,,text,80,8,true
National Flags,hard,"Most precise category for ""National Flags"" is:",Architecture,Ancient Civilization,Artificial Intelligence,National Flags,National Flags,,,text,80,8,true
National Flags,hard,Which subject is the correct classification for: National Flags?,Agriculture,Ancient Civilization,National Flags,Automobiles,National Flags,,,text,80,8,true
National Flags,hard,Which subject is the correct classification for: National Flags?,National Flags,Astronomy,Automobiles,Artificial Intelligence,National Flags,,,text,80,8,true
National Flags,hard,Select the category that most precisely fits: National Flags.,National Flags,Automobiles,Architecture,Algebra,National Flags,,,text,80,8,true
National Flags,hard,Identify the primary category for: National Flags.,National Flags,Architecture,Algebra,Automobiles,National Flags,,,text,80,8,true
National Flags,hard,"Which category is the closest match for the topic ""National Flags""?",Automobiles,Agriculture,National Flags,Astronomy,National Flags,,,text,80,8,true
National Flags,hard,Identify the primary category for: National Flags.,Agriculture,National Parks,National Flags,Astronomy,National Flags,,,text,80,8,true
National Flags,hard,"Which category is the closest match for the topic ""National Flags""?",National Flags,Agriculture,National Parks,Automobiles,National Flags,,,text,80,8,true
National Flags,hard,Select the category that most precisely fits: National Flags.,Artificial Intelligence,National Flags,Ancient Civilization,Architecture,National Flags,,,text,80,8,true
National Flags,hard,Choose the most specific category for: National Flags.,National Flags,Architecture,National Parks,Artificial Intelligence,National Flags,,,text,80,8,true
National Flags,hard,"Which category is the closest match for the topic ""National Flags""?",Artificial Intelligence,National Flags,Algebra,Agriculture,National Flags,,,text,80,8,true
National Flags,hard,Which subject is the correct classification for: National Flags?,Agriculture,National Parks,Ancient Civilization,National Flags,National Flags,,,text,80,8,true
National Flags,hard,"Which category is the best fit for the topic ""National Flags""?",National Parks,Ancient Civilization,Astronomy,National Flags,National Flags,,,text,80,8,true
National Flags,hard,"Which category is the best fit for the topic ""National Flags""?",Ancient Civilization,National Flags,Astronomy,Agriculture,National Flags,,,text,80,8,true
National Flags,hard,"Which category is the best fit for the topic ""National Flags""?",Automobiles,Architecture,National Flags,Astronomy,National Flags,,,text,80,8,true
National Flags,hard,"Most precise category for ""National Flags"" is:",National Flags,Agriculture,Ancient Civilization,National Parks,National Flags,,,text,80,8,true
National Flags,hard,Identify the primary category for: National Flags.,Astronomy,National Flags,Agriculture,Artificial Intelligence,National Flags,,,text,80,8,true
National Flags,hard,"Which category is the closest match for the topic ""National Flags""?",Astronomy,Architecture,National Flags,Algebra,National Flags,,,text,80,8,true
National Flags,hard,"Which category is the best fit for the topic ""National Flags""?",Algebra,National Flags,Architecture,Agriculture,National Flags,,,text,80,8,true
Currencies,easy,Which category is the best match for: Currencies?,Mythology (Indian),Classic Literature,Currencies,Programming (Python),Currencies,,,text,20,12,true
Currencies,easy,"Choose the category that best matches ""Currencies"".",Stock Market,Currencies,Famous Personalities,Cyber Security,Currencies,,,text,20,12,true
Currencies,easy,Which quiz category would include: Currencies?,Basketball,Programming (Python),Social Media,Currencies,Currencies,,,text,20,12,true
Currencies,easy,Which category is the best match for: Currencies?,Mythology (Norse),Psychology,Currencies,Automobiles,Currencies,,,text,20,12,true
Currencies,easy,Pick the subject area that matches: Currencies.,National Parks,Cricket,Movies (Bollywood),Currencies,Currencies,,,text,20,12,true
Currencies,easy,"Which category does the topic ""Currencies"" belong to?",Robotics,Biology,Currencies,Geometry,Currencies,,,text,20,12,true
Currencies,easy,"Which category does the topic ""Currencies"" belong to?",Currencies,Mathematics,Superheroes,Movies (Bollywood),Currencies,,,text,20,12,true
Currencies,easy,Which category is the best match for: Currencies?,Classic Literature,Currencies,Music (Classical),Football,Currencies,,,text,20,12,true
Currencies,easy,Identify the subject area: Currencies.,Fashion,Currencies,Gaming,Olympic Games,Currencies,,,text,20,12,true
Currencies,easy,"The topic ""Currencies"" best fits which category?",Currencies,English Grammar,Modern History,World Geography,Currencies,,,text,20,12,true
Currencies,easy,Pick the subject area that matches: Currencies.,Indian States,Chemistry,Music (Pop),Currencies,Currencies,,,text,20,12,true
Currencies,easy,"Choose the category that best matches ""Currencies"".",National Parks,World Leaders,Currencies,Mountains & Peaks,Currencies,,,text,20,12,true
Currencies,easy,Which quiz category would include: Currencies?,World Religions,Currencies,Brands & Logos,Rivers & Lakes,Currencies,,,text,20,12,true
Currencies,easy,"Choose the category that best matches ""Currencies"".",Automobiles,Awards (Nobel),Marketing,Currencies,Currencies,,,text,20,12,true
Currencies,easy,"Which category does the topic ""Currencies"" belong to?",Modern Literature,Gadgets,Food & Cuisine,Currencies,Currencies,,,text,20,12,true
Currencies,easy,"Which category does the topic ""Currencies"" belong to?",Currencies,Aviation,Psychology,Environmental Science,Currencies,,,text,20,12,true
Currencies,easy,Which category is the best match for: Currencies?,Internet History,Stock Market,Automobiles,Currencies,Currencies,,,text,20,12,true
Currencies,easy,Identify the subject area: Currencies.,Currencies,Brands & Logos,Comic Books,Yoga & Health,Currencies,,,text,20,12,true
Currencies,medium,"Best-fit category for ""Currencies"" is:",Automobiles,Currencies,Biology,Ancient Civilization,Currencies,,,text,40,10,true
Currencies,medium,"Best-fit category for ""Currencies"" is:",Astronomy,Automobiles,Biology,Currencies,Currencies,,,text,40,10,true
Currencies,medium,Which category is most closely related to: Currencies?,Architecture,Algebra,Artificial Intelligence,Currencies,Currencies,,,text,40,10,true
Currencies,medium,"Which subject area most closely matches the topic ""Currencies""?",Currencies,Ancient Civilization,Automobiles,Awards (Oscars),Currencies,,,text,40,10,true
Currencies,medium,Select the most appropriate category for: Currencies.,Ancient Civilization,Basketball,Currencies,Astronomy,Currencies,,,text,40,10,true
Currencies,medium,"Best-fit category for ""Currencies"" is:",Awards (Oscars),Aviation,Automobiles,Currencies,Currencies,,,text,40,10,true
Currencies,medium,Which category would most likely include questions on Currencies?,Aviation,Artificial Intelligence,Currencies,Architecture,Currencies,,,text,40,10,true
Currencies,medium,Which category would most likely include questions on Currencies?,Awards (Oscars),Basketball,Algebra,Currencies,Currencies,,,text,40,10,true
Currencies,medium,Which category would most likely include questions on Currencies?,Aviation,Currencies,Awards (Nobel),Algebra,Currencies,,,text,40,10,true
Currencies,medium,Pick the best category for this quiz topic: Currencies.,Algebra,Ancient Civilization,Biology,Currencies,Currencies,,,text,40,10,true
Currencies,medium,Choose the most accurate category for the topic: Currencies.,Biology,Agriculture,Artificial Intelligence,Currencies,Currencies,,,text,40,10,true
Currencies,medium,Which category would most likely include questions on Currencies?,Architecture,Algebra,Awards (Nobel),Currencies,Currencies,,,text,40,10,true
Currencies,medium,"Which subject area most closely matches the topic ""Currencies""?",Algebra,Currencies,Biology,Astronomy,Currencies,,,text,40,10,true
Currencies,medium,Pick the best category for this quiz topic: Currencies.,Architecture,Ancient Civilization,Automobiles,Currencies,Currencies,,,text,40,10,true
Currencies,medium,Select the most appropriate category for: Currencies.,Currencies,Automobiles,Aviation,Biology,Currencies,,,text,40,10,true
Currencies,medium,"Which field does the topic ""Currencies"" fall under?",Automobiles,Artificial Intelligence,Agriculture,Currencies,Currencies,,,text,40,10,true
Currencies,medium,Which category is most closely related to: Currencies?,Algebra,Ancient Civilization,Currencies,Aviation,Currencies,,,text,40,10,true
Currencies,medium,"Best-fit category for ""Currencies"" is:",Currencies,Architecture,Automobiles,Aviation,Currencies,,,text,40,10,true
Currencies,hard,Pick the category that most accurately represents: Currencies.,Artificial Intelligence,Currencies,Architecture,Automobiles,Currencies,,,text,80,8,true
Currencies,hard,Pick the category that most accurately represents: Currencies.,Artificial Intelligence,Currencies,Aviation,Agriculture,Currencies,,,text,80,8,true
Currencies,hard,Which subject is the correct classification for: Currencies?,Ancient Civilization,Artificial Intelligence,Currencies,Agriculture,Currencies,,,text,80,8,true
Currencies,hard,"Which category is the best fit for the topic ""Currencies""?",Ancient Civilization,Architecture,Automobiles,Currencies,Currencies,,,text,80,8,true
Currencies,hard,Identify the primary category for: Currencies.,Ancient Civilization,Currencies,Agriculture,Artificial Intelligence,Currencies,,,text,80,8,true
Currencies,hard,Pick the category that most accurately represents: Currencies.,Currencies,Artificial Intelligence,Architecture,Aviation,Currencies,,,text,80,8,true
Currencies,hard,Identify the primary category for: Currencies.,Ancient Civilization,Currencies,Algebra,Astronomy,Currencies,,,text,80,8,true
Currencies,hard,Select the category that most precisely fits: Currencies.,Currencies,Ancient Civilization,Architecture,Automobiles,Currencies,,,text,80,8,true
Currencies,hard,"Most precise category for ""Currencies"" is:",Artificial Intelligence,Currencies,Automobiles,Architecture,Currencies,,,text,80,8,true
Currencies,hard,"Which category is the best fit for the topic ""Currencies""?",Currencies,Aviation,Algebra,Ancient Civilization,Currencies,,,text,80,8,true
Currencies,hard,Pick the category that most accurately represents: Currencies.,Astronomy,Currencies,Agriculture,Algebra,Currencies,,,text,80,8,true
Currencies,hard,Identify the primary category for: Currencies.,Currencies,Automobiles,Artificial Intelligence,Astronomy,Currencies,,,text,80,8,true
Currencies,hard,"Which category is the closest match for the topic ""Currencies""?",Architecture,Automobiles,Aviation,Currencies,Currencies,,,text,80,8,true
Currencies,hard,"Most precise category for ""Currencies"" is:",Astronomy,Architecture,Currencies,Automobiles,Currencies,,,text,80,8,true
Currencies,hard,Identify the primary category for: Currencies.,Ancient Civilization,Agriculture,Currencies,Algebra,Currencies,,,text,80,8,true
Currencies,hard,"Most precise category for ""Currencies"" is:",Agriculture,Currencies,Artificial Intelligence,Algebra,Currencies,,,text,80,8,true
Currencies,hard,"Which category is the best fit for the topic ""Currencies""?",Astronomy,Artificial Intelligence,Currencies,Agriculture,Currencies,,,text,80,8,true
Currencies,hard,Choose the most specific category for: Currencies.,Aviation,Astronomy,Algebra,Currencies,Currencies,,,text,80,8,true
Currencies,hard,Select the category that most precisely fits: Currencies.,Currencies,Automobiles,Artificial Intelligence,Algebra,Currencies,,,text,80,8,true
Currencies,hard,"Which category is the best fit for the topic ""Currencies""?",Currencies,Ancient Civilization,Astronomy,Architecture,Currencies,,,text,80,8,true
Currencies,hard,Choose the most specific category for: Currencies.,Currencies,Ancient Civilization,Artificial Intelligence,Agriculture,Currencies,,,text,80,8,true
Currencies,hard,Which subject is the correct classification for: Currencies?,Agriculture,Currencies,Architecture,Astronomy,Currencies,,,text,80,8,true
Currencies,hard,Choose the most specific category for: Currencies.,Ancient Civilization,Aviation,Astronomy,Currencies,Currencies,,,text,80,8,true
Currencies,hard,Which subject is the correct classification for: Currencies?,Aviation,Astronomy,Algebra,Currencies,Currencies,,,text,80,8,true
Awards (Nobel),easy,"The topic ""Awards (Nobel)"" best fits which category?",Deserts,Fashion,Awards (Nobel),Mythology (Greek),Awards (Nobel),,,text,20,12,true
Awards (Nobel),easy,Select the correct quiz category for: Awards (Nobel).,Modern History,Economics,Awards (Nobel),Mythology (Indian),Awards (Nobel),,,text,20,12,true
Awards (Nobel),easy,Which quiz category would include: Awards (Nobel)?,Awards (Nobel),Ancient Civilization,Automobiles,Logistics,Awards (Nobel),,,text,20,12,true
Awards (Nobel),easy,"The topic ""Awards (Nobel)"" best fits which category?",Awards (Nobel),Trigonometry,Human Anatomy,Basketball,Awards (Nobel),,,text,20,12,true
Awards (Nobel),easy,Identify the subject area: Awards (Nobel).,Awards (Nobel),Trigonometry,Indian History,Physics,Awards (Nobel),,,text,20,12,true
Awards (Nobel),easy,"Choose the category that best matches ""Awards (Nobel)"".",Robotics,Awards (Nobel),Physics,Programming (Python),Awards (Nobel),,,text,20,12,true
Awards (Nobel),easy,Identify the subject area: Awards (Nobel).,Geometry,Superheroes,Indian States,Awards (Nobel),Awards (Nobel),,,text,20,12,true
Awards (Nobel),easy,Which quiz category would include: Awards (Nobel)?,Robotics,Trigonometry,Awards (Nobel),Wildlife,Awards (Nobel),,,text,20,12,true
Awards (Nobel),easy,Pick the subject area that matches: Awards (Nobel).,Programming (Python),Awards (Nobel),Mythology (Indian),Geometry,Awards (Nobel),,,text,20,12,true
Awards (Nobel),easy,"Which category does the topic ""Awards (Nobel)"" belong to?",Political Science,Mythology (Greek),Awards (Nobel),Movies (Hollywood),Awards (Nobel),,,text,20,12,true
Awards (Nobel),easy,Which quiz category would include: Awards (Nobel)?,Mathematics,World Continents,Calculus,Awards (Nobel),Awards (Nobel),,,text,20,12,true
Awards (Nobel),easy,Select the correct quiz category for: Awards (Nobel).,Tennis,Chess,Awards (Nobel),Poetry,Awards (Nobel),,,text,20,12,true
Awards (Nobel),easy,Which quiz category would include: Awards (Nobel)?,Political Science,Mathematics,Mythology (Greek),Awards (Nobel),Awards (Nobel),,,text,20,12,true
Awards (Nobel),easy,Pick the subject area that matches: Awards (Nobel).,Currencies,Awards (Nobel),Famous Personalities,Gaming,Awards (Nobel),,,text,20,12,true
Awards (Nobel),easy,Which quiz category would include: Awards (Nobel)?,Football,Chess,Movies (Bollywood),Awards (Nobel),Awards (Nobel),,,text,20,12,true
Awards (Nobel),easy,"The topic ""Awards (Nobel)"" best fits which category?",National Flags,Mythology (Indian),Awards (Nobel),Movies (Bollywood),Awards (Nobel),,,text,20,12,true
Awards (Nobel),easy,Identify the subject area: Awards (Nobel).,Awards (Nobel),Pharmacology,Islands,Climate Change,Awards (Nobel),,,text,20,12,true
Awards (Nobel),easy,Identify the subject area: Awards (Nobel).,Awards (Nobel),Trigonometry,Gaming,Stock Market,Awards (Nobel),,,text,20,12,true
Awards (Nobel),medium,"Which subject area most closely matches the topic ""Awards (Nobel)""?",Basketball,Awards (Nobel),Astronomy,Aviation,Awards (Nobel),,,text,40,10,true
Awards (Nobel),medium,Which category would most likely include questions on Awards (Nobel)?,Artificial Intelligence,Awards (Nobel),Astronomy,Architecture,Awards (Nobel),,,text,40,10,true
Awards (Nobel),medium,Choose the most accurate category for the topic: Awards (Nobel).,Astronomy,Ancient Civilization,Awards (Nobel),Algebra,Awards (Nobel),,,text,40,10,true
Awards (Nobel),medium,Pick the best category for this quiz topic: Awards (Nobel).,Architecture,Biology,Astronomy,Awards (Nobel),Awards (Nobel),,,text,40,10,true
Awards (Nobel),medium,Which category would most likely include questions on Awards (Nobel)?,Biology,Artificial Intelligence,Awards (Oscars),Awards (Nobel),Awards (Nobel),,,text,40,10,true
Awards (Nobel),medium,"Which subject area most closely matches the topic ""Awards (Nobel)""?",Biology,Architecture,Awards (Nobel),Basketball,Awards (Nobel),,,text,40,10,true
Awards (Nobel),medium,Which category would most likely include questions on Awards (Nobel)?,Agriculture,Automobiles,Awards (Nobel),Architecture,Awards (Nobel),,,text,40,10,true
Awards (Nobel),medium,Which category would most likely include questions on Awards (Nobel)?,Awards (Nobel),Ancient Civilization,Blockchain,Agriculture,Awards (Nobel),,,text,40,10,true
Awards (Nobel),medium,Select the most appropriate category for: Awards (Nobel).,Basketball,Awards (Nobel),Blockchain,Awards (Oscars),Awards (Nobel),,,text,40,10,true
Awards (Nobel),medium,Pick the best category for this quiz topic: Awards (Nobel).,Astronomy,Awards (Nobel),Artificial Intelligence,Aviation,Awards (Nobel),,,text,40,10,true
Awards (Nobel),medium,Which category would most likely include questions on Awards (Nobel)?,Basketball,Algebra,Aviation,Awards (Nobel),Awards (Nobel),,,text,40,10,true
Awards (Nobel),medium,Which category is most closely related to: Awards (Nobel)?,Architecture,Biology,Awards (Nobel),Blockchain,Awards (Nobel),,,text,40,10,true
Awards (Nobel),medium,Pick the best category for this quiz topic: Awards (Nobel).,Basketball,Awards (Oscars),Awards (Nobel),Ancient Civilization,Awards (Nobel),,,text,40,10,true
Awards (Nobel),medium,Pick the best category for this quiz topic: Awards (Nobel).,Awards (Nobel),Biology,Automobiles,Basketball,Awards (Nobel),,,text,40,10,true
Awards (Nobel),medium,Pick the best category for this quiz topic: Awards (Nobel).,Automobiles,Architecture,Awards (Nobel),Astronomy,Awards (Nobel),,,text,40,10,true
Awards (Nobel),medium,"Which field does the topic ""Awards (Nobel)"" fall under?",Awards (Oscars),Algebra,Basketball,Awards (Nobel),Awards (Nobel),,,text,40,10,true
Awards (Nobel),medium,"Which field does the topic ""Awards (Nobel)"" fall under?",Architecture,Agriculture,Awards (Nobel),Basketball,Awards (Nobel),,,text,40,10,true
Awards (Nobel),medium,"Which field does the topic ""Awards (Nobel)"" fall under?",Algebra,Blockchain,Awards (Nobel),Aviation,Awards (Nobel),,,text,40,10,true
Awards (Nobel),hard,Which subject is the correct classification for: Awards (Nobel)?,Ancient Civilization,Awards (Oscars),Algebra,Awards (Nobel),Awards (Nobel),,,text,80,8,true
Awards (Nobel),hard,"Which category is the closest match for the topic ""Awards (Nobel)""?",Awards (Nobel),Ancient Civilization,Automobiles,Artificial Intelligence,Awards (Nobel),,,text,80,8,true
Awards (Nobel),hard,"Most precise category for ""Awards (Nobel)"" is:",Artificial Intelligence,Awards (Nobel),Algebra,Astronomy,Awards (Nobel),,,text,80,8,true
Awards (Nobel),hard,Choose the most specific category for: Awards (Nobel).,Automobiles,Awards (Nobel),Algebra,Astronomy,Awards (Nobel),,,text,80,8,true
Awards (Nobel),hard,Choose the most specific category for: Awards (Nobel).,Astronomy,Architecture,Automobiles,Awards (Nobel),Awards (Nobel),,,text,80,8,true
Awards (Nobel),hard,"Most precise category for ""Awards (Nobel)"" is:",Automobiles,Awards (Oscars),Awards (Nobel),Architecture,Awards (Nobel),,,text,80,8,true
Awards (Nobel),hard,Which subject is the correct classification for: Awards (Nobel)?,Awards (Oscars),Awards (Nobel),Algebra,Architecture,Awards (Nobel),,,text,80,8,true
Awards (Nobel),hard,Identify the primary category for: Awards (Nobel).,Architecture,Ancient Civilization,Awards (Nobel),Astronomy,Awards (Nobel),,,text,80,8,true
Awards (Nobel),hard,Which subject is the correct classification for: Awards (Nobel)?,Agriculture,Awards (Nobel),Automobiles,Ancient Civilization,Awards (Nobel),,,text,80,8,true
Awards (Nobel),hard,"Which category is the best fit for the topic ""Awards (Nobel)""?",Awards (Nobel),Artificial Intelligence,Agriculture,Architecture,Awards (Nobel),,,text,80,8,true
Awards (Nobel),hard,Choose the most specific category for: Awards (Nobel).,Astronomy,Awards (Nobel),Artificial Intelligence,Awards (Oscars),Awards (Nobel),,,text,80,8,true
Awards (Nobel),hard,Identify the primary category for: Awards (Nobel).,Awards (Nobel),Ancient Civilization,Algebra,Artificial Intelligence,Awards (Nobel),,,text,80,8,true
Awards (Nobel),hard,"Which category is the closest match for the topic ""Awards (Nobel)""?",Architecture,Awards (Nobel),Astronomy,Agriculture,Awards (Nobel),,,text,80,8,true
Awards (Nobel),hard,Select the category that most precisely fits: Awards (Nobel).,Awards (Nobel),Automobiles,Architecture,Artificial Intelligence,Awards (Nobel),,,text,80,8,true
Awards (Nobel),hard,Identify the primary category for: Awards (Nobel).,Algebra,Architecture,Artificial Intelligence,Awards (Nobel),Awards (Nobel),,,text,80,8,true
Awards (Nobel),hard,Select the category that most precisely fits: Awards (Nobel).,Ancient Civilization,Architecture,Algebra,Awards (Nobel),Awards (Nobel),,,text,80,8,true
Awards (Nobel),hard,"Most precise category for ""Awards (Nobel)"" is:",Awards (Nobel),Automobiles,Awards (Oscars),Ancient Civilization,Awards (Nobel),,,text,80,8,true
Awards (Nobel),hard,"Which category is the closest match for the topic ""Awards (Nobel)""?",Awards (Nobel),Artificial Intelligence,Astronomy,Agriculture,Awards (Nobel),,,text,80,8,true
Awards (Nobel),hard,Choose the most specific category for: Awards (Nobel).,Automobiles,Awards (Nobel),Ancient Civilization,Algebra,Awards (Nobel),,,text,80,8,true
Awards (Nobel),hard,Choose the most specific category for: Awards (Nobel).,Artificial Intelligence,Architecture,Agriculture,Awards (Nobel),Awards (Nobel),,,text,80,8,true
Awards (Nobel),hard,Identify the primary category for: Awards (Nobel).,Architecture,Artificial Intelligence,Awards (Nobel),Astronomy,Awards (Nobel),,,text,80,8,true
Awards (Nobel),hard,"Which category is the closest match for the topic ""Awards (Nobel)""?",Awards (Nobel),Awards (Oscars),Algebra,Ancient Civilization,Awards (Nobel),,,text,80,8,true
Awards (Nobel),hard,"Most precise category for ""Awards (Nobel)"" is:",Architecture,Ancient Civilization,Awards (Nobel),Automobiles,Awards (Nobel),,,text,80,8,true
Awards (Nobel),hard,"Which category is the best fit for the topic ""Awards (Nobel)""?",Algebra,Awards (Nobel),Agriculture,Artificial Intelligence,Awards (Nobel),,,text,80,8,true
Awards (Oscars),easy,"Choose the category that best matches ""Awards (Oscars)"".",Awards (Oscars),Photography,Fashion,Football,Awards (Oscars),,,text,20,12,true
Awards (Oscars),easy,"Which category does the topic ""Awards (Oscars)"" belong to?",E-commerce,World Religions,Awards (Oscars),Geometry,Awards (Oscars),,,text,20,12,true
Awards (Oscars),easy,Pick the subject area that matches: Awards (Oscars).,Awards (Oscars),Space Exploration,Rivers & Lakes,Mountains & Peaks,Awards (Oscars),,,text,20,12,true
Awards (Oscars),easy,"Which category does the topic ""Awards (Oscars)"" belong to?",National Flags,Superheroes,Awards (Oscars),Business Tycoons,Awards (Oscars),,,text,20,12,true
Awards (Oscars),easy,"The topic ""Awards (Oscars)"" best fits which category?",English Grammar,Internet History,Trigonometry,Awards (Oscars),Awards (Oscars),,,text,20,12,true
Awards (Oscars),easy,"Which category does the topic ""Awards (Oscars)"" belong to?",Awards (Oscars),Climate Change,Modern History,Mythology (Indian),Awards (Oscars),,,text,20,12,true
Awards (Oscars),easy,"Choose the category that best matches ""Awards (Oscars)"".",Climate Change,Awards (Oscars),Algebra,Pharmacology,Awards (Oscars),,,text,20,12,true
Awards (Oscars),easy,"Which category does the topic ""Awards (Oscars)"" belong to?",Mythology (Indian),Poetry,Awards (Oscars),Interior Design,Awards (Oscars),,,text,20,12,true
Awards (Oscars),easy,Select the correct quiz category for: Awards (Oscars).,Web Development,Mythology (Indian),Brands & Logos,Awards (Oscars),Awards (Oscars),,,text,20,12,true
Awards (Oscars),easy,Select the correct quiz category for: Awards (Oscars).,Awards (Oscars),Environmental Science,World Geography,World Religions,Awards (Oscars),,,text,20,12,true
Awards (Oscars),easy,Which quiz category would include: Awards (Oscars)?,Awards (Oscars),Political Science,E-commerce,Finance,Awards (Oscars),,,text,20,12,true
Awards (Oscars),easy,"Which category does the topic ""Awards (Oscars)"" belong to?",Superheroes,Awards (Oscars),E-commerce,Cricket,Awards (Oscars),,,text,20,12,true
Awards (Oscars),easy,Which quiz category would include: Awards (Oscars)?,World Continents,Awards (Oscars),Music (Pop),Current Affairs,Awards (Oscars),,,text,20,12,true
Awards (Oscars),easy,Which quiz category would include: Awards (Oscars)?,Pharmacology,Mythology (Norse),Robotics,Awards (Oscars),Awards (Oscars),,,text,20,12,true
Awards (Oscars),easy,Select the correct quiz category for: Awards (Oscars).,Awards (Oscars),Famous Personalities,Climate Change,Languages,Awards (Oscars),,,text,20,12,true
Awards (Oscars),easy,Select the correct quiz category for: Awards (Oscars).,Photography,Awards (Oscars),Social Media,Calculus,Awards (Oscars),,,text,20,12,true
Awards (Oscars),easy,Which quiz category would include: Awards (Oscars)?,Web Development,Superheroes,Awards (Oscars),Famous Personalities,Awards (Oscars),,,text,20,12,true
Awards (Oscars),easy,"The topic ""Awards (Oscars)"" best fits which category?",Awards (Oscars),Internet History,Mathematics,Programming (Java),Awards (Oscars),,,text,20,12,true
Awards (Oscars),medium,"Best-fit category for ""Awards (Oscars)"" is:",Awards (Oscars),Algebra,Artificial Intelligence,Aviation,Awards (Oscars),,,text,40,10,true
Awards (Oscars),medium,"Which field does the topic ""Awards (Oscars)"" fall under?",Architecture,Biology,Awards (Oscars),Ancient Civilization,Awards (Oscars),,,text,40,10,true
Awards (Oscars),medium,Which category is most closely related to: Awards (Oscars)?,Basketball,Awards (Oscars),Automobiles,Astronomy,Awards (Oscars),,,text,40,10,true
Awards (Oscars),medium,Pick the best category for this quiz topic: Awards (Oscars).,Algebra,Aviation,Ancient Civilization,Awards (Oscars),Awards (Oscars),,,text,40,10,true
Awards (Oscars),medium,Choose the most accurate category for the topic: Awards (Oscars).,Blockchain,Biology,Awards (Oscars),Basketball,Awards (Oscars),,,text,40,10,true
Awards (Oscars),medium,"Which field does the topic ""Awards (Oscars)"" fall under?",Automobiles,Ancient Civilization,Awards (Oscars),Blockchain,Awards (Oscars),,,text,40,10,true
Awards (Oscars),medium,Choose the most accurate category for the topic: Awards (Oscars).,Architecture,Astronomy,Artificial Intelligence,Awards (Oscars),Awards (Oscars),,,text,40,10,true
Awards (Oscars),medium,Select the most appropriate category for: Awards (Oscars).,Aviation,Astronomy,Awards (Oscars),Agriculture,Awards (Oscars),,,text,40,10,true
Awards (Oscars),medium,Which category is most closely related to: Awards (Oscars)?,Astronomy,Awards (Oscars),Basketball,Artificial Intelligence,Awards (Oscars),,,text,40,10,true
Awards (Oscars),medium,Which category would most likely include questions on Awards (Oscars)?,Basketball,Awards (Oscars),Architecture,Astronomy,Awards (Oscars),,,text,40,10,true
Awards (Oscars),medium,Which category would most likely include questions on Awards (Oscars)?,Artificial Intelligence,Aviation,Astronomy,Awards (Oscars),Awards (Oscars),,,text,40,10,true
Awards (Oscars),medium,Select the most appropriate category for: Awards (Oscars).,Blockchain,Astronomy,Ancient Civilization,Awards (Oscars),Awards (Oscars),,,text,40,10,true
Awards (Oscars),medium,Pick the best category for this quiz topic: Awards (Oscars).,Ancient Civilization,Awards (Oscars),Artificial Intelligence,Aviation,Awards (Oscars),,,text,40,10,true
Awards (Oscars),medium,Which category would most likely include questions on Awards (Oscars)?,Ancient Civilization,Awards (Oscars),Aviation,Automobiles,Awards (Oscars),,,text,40,10,true
Awards (Oscars),medium,Which category would most likely include questions on Awards (Oscars)?,Artificial Intelligence,Ancient Civilization,Agriculture,Awards (Oscars),Awards (Oscars),,,text,40,10,true
Awards (Oscars),medium,Select the most appropriate category for: Awards (Oscars).,Blockchain,Aviation,Awards (Oscars),Biology,Awards (Oscars),,,text,40,10,true
Awards (Oscars),medium,Which category is most closely related to: Awards (Oscars)?,Architecture,Awards (Oscars),Agriculture,Blockchain,Awards (Oscars),,,text,40,10,true
Awards (Oscars),medium,"Which field does the topic ""Awards (Oscars)"" fall under?",Blockchain,Aviation,Awards (Oscars),Biology,Awards (Oscars),,,text,40,10,true
Awards (Oscars),hard,Select the category that most precisely fits: Awards (Oscars).,Architecture,Awards (Nobel),Astronomy,Awards (Oscars),Awards (Oscars),,,text,80,8,true
Awards (Oscars),hard,Select the category that most precisely fits: Awards (Oscars).,Architecture,Awards (Oscars),Artificial Intelligence,Ancient Civilization,Awards (Oscars),,,text,80,8,true
Awards (Oscars),hard,Which subject is the correct classification for: Awards (Oscars)?,Awards (Oscars),Agriculture,Artificial Intelligence,Architecture,Awards (Oscars),,,text,80,8,true
Awards (Oscars),hard,Select the category that most precisely fits: Awards (Oscars).,Awards (Oscars),Agriculture,Algebra,Awards (Nobel),Awards (Oscars),,,text,80,8,true
Awards (Oscars),hard,"Which category is the best fit for the topic ""Awards (Oscars)""?",Agriculture,Awards (Oscars),Architecture,Algebra,Awards (Oscars),,,text,80,8,true
Awards (Oscars),hard,"Most precise category for ""Awards (Oscars)"" is:",Architecture,Automobiles,Astronomy,Awards (Oscars),Awards (Oscars),,,text,80,8,true
Awards (Oscars),hard,"Most precise category for ""Awards (Oscars)"" is:",Awards (Oscars),Ancient Civilization,Awards (Nobel),Astronomy,Awards (Oscars),,,text,80,8,true
Awards (Oscars),hard,Select the category that most precisely fits: Awards (Oscars).,Awards (Oscars),Algebra,Awards (Nobel),Architecture,Awards (Oscars),,,text,80,8,true
Awards (Oscars),hard,Choose the most specific category for: Awards (Oscars).,Automobiles,Architecture,Astronomy,Awards (Oscars),Awards (Oscars),,,text,80,8,true
Awards (Oscars),hard,Select the category that most precisely fits: Awards (Oscars).,Architecture,Awards (Oscars),Awards (Nobel),Artificial Intelligence,Awards (Oscars),,,text,80,8,true
Awards (Oscars),hard,Identify the primary category for: Awards (Oscars).,Astronomy,Awards (Oscars),Agriculture,Awards (Nobel),Awards (Oscars),,,text,80,8,true
Awards (Oscars),hard,Which subject is the correct classification for: Awards (Oscars)?,Algebra,Awards (Oscars),Artificial Intelligence,Ancient Civilization,Awards (Oscars),,,text,80,8,true
Awards (Oscars),hard,Select the category that most precisely fits: Awards (Oscars).,Automobiles,Artificial Intelligence,Ancient Civilization,Awards (Oscars),Awards (Oscars),,,text,80,8,true
Awards (Oscars),hard,Which subject is the correct classification for: Awards (Oscars)?,Awards (Nobel),Architecture,Artificial Intelligence,Awards (Oscars),Awards (Oscars),,,text,80,8,true
Awards (Oscars),hard,Pick the category that most accurately represents: Awards (Oscars).,Astronomy,Ancient Civilization,Awards (Oscars),Agriculture,Awards (Oscars),,,text,80,8,true
Awards (Oscars),hard,Which subject is the correct classification for: Awards (Oscars)?,Awards (Oscars),Astronomy,Agriculture,Algebra,Awards (Oscars),,,text,80,8,true
Awards (Oscars),hard,Identify the primary category for: Awards (Oscars).,Automobiles,Awards (Oscars),Awards (Nobel),Astronomy,Awards (Oscars),,,text,80,8,true
Awards (Oscars),hard,Pick the category that most accurately represents: Awards (Oscars).,Ancient Civilization,Awards (Oscars),Astronomy,Agriculture,Awards (Oscars),,,text,80,8,true
Awards (Oscars),hard,"Most precise category for ""Awards (Oscars)"" is:",Awards (Oscars),Agriculture,Astronomy,Awards (Nobel),Awards (Oscars),,,text,80,8,true
Awards (Oscars),hard,"Which category is the best fit for the topic ""Awards (Oscars)""?",Ancient Civilization,Awards (Oscars),Algebra,Agriculture,Awards (Oscars),,,text,80,8,true
Awards (Oscars),hard,Which subject is the correct classification for: Awards (Oscars)?,Awards (Oscars),Automobiles,Awards (Nobel),Architecture,Awards (Oscars),,,text,80,8,true
Awards (Oscars),hard,Select the category that most precisely fits: Awards (Oscars).,Ancient Civilization,Artificial Intelligence,Awards (Oscars),Astronomy,Awards (Oscars),,,text,80,8,true
Awards (Oscars),hard,Identify the primary category for: Awards (Oscars).,Agriculture,Ancient Civilization,Algebra,Awards (Oscars),Awards (Oscars),,,text,80,8,true
Awards (Oscars),hard,Choose the most specific category for: Awards (Oscars).,Awards (Oscars),Algebra,Awards (Nobel),Automobiles,Awards (Oscars),,,text,80,8,true
Agriculture,easy,"The topic ""Agriculture"" best fits which category?",Chemistry,Agriculture,Economics,Football,Agriculture,,,text,20,12,true
Agriculture,easy,"Which category does the topic ""Agriculture"" belong to?",Agriculture,Computer Science,Gadgets,Chemistry,Agriculture,,,text,20,12,true
Agriculture,easy,Which quiz category would include: Agriculture?,Current Affairs,Agriculture,English Grammar,World Leaders,Agriculture,,,text,20,12,true
Agriculture,easy,Pick the subject area that matches: Agriculture.,Famous Personalities,Trigonometry,Agriculture,Indian States,Agriculture,,,text,20,12,true
Agriculture,easy,"The topic ""Agriculture"" best fits which category?",Algebra,Deserts,Agriculture,Comic Books,Agriculture,,,text,20,12,true
Agriculture,easy,Which category is the best match for: Agriculture?,Human Anatomy,Gaming,Interior Design,Agriculture,Agriculture,,,text,20,12,true
Agriculture,easy,Identify the subject area: Agriculture.,Oceans & Seas,Classic Literature,Economics,Agriculture,Agriculture,,,text,20,12,true
Agriculture,easy,"Which category does the topic ""Agriculture"" belong to?",Agriculture,Currencies,Medicine,Artificial Intelligence,Agriculture,,,text,20,12,true
Agriculture,easy,"The topic ""Agriculture"" best fits which category?",Movies (Hollywood),Agriculture,Internet History,Deserts,Agriculture,,,text,20,12,true
Agriculture,easy,Pick the subject area that matches: Agriculture.,National Parks,Programming (Python),Agriculture,Physics,Agriculture,,,text,20,12,true
Agriculture,easy,Pick the subject area that matches: Agriculture.,Psychology,Agriculture,Pharmacology,Political Science,Agriculture,,,text,20,12,true
Agriculture,easy,Pick the subject area that matches: Agriculture.,Languages,Agriculture,English Grammar,Programming (Java),Agriculture,,,text,20,12,true
Agriculture,easy,Select the correct quiz category for: Agriculture.,Superheroes,Agriculture,World Continents,Programming (Python),Agriculture,,,text,20,12,true
Agriculture,easy,"The topic ""Agriculture"" best fits which category?",Food & Cuisine,Superheroes,Agriculture,Deserts,Agriculture,,,text,20,12,true
Agriculture,easy,"The topic ""Agriculture"" best fits which category?",Deserts,Biology,Pharmacology,Agriculture,Agriculture,,,text,20,12,true
Agriculture,easy,"Which category does the topic ""Agriculture"" belong to?",Agriculture,Music (Classical),Poetry,E-commerce,Agriculture,,,text,20,12,true
Agriculture,easy,Which quiz category would include: Agriculture?,Mobile Development,Computer Science,Modern History,Agriculture,Agriculture,,,text,20,12,true
Agriculture,easy,Which category is the best match for: Agriculture?,Agriculture,Environmental Science,Pharmacology,Rivers & Lakes,Agriculture,,,text,20,12,true
Agriculture,medium,Select the most appropriate category for: Agriculture.,Agriculture,Aviation,Biology,Basketball,Agriculture,,,text,40,10,true
Agriculture,medium,Which category is most closely related to: Agriculture?,Ancient Civilization,Agriculture,Algebra,Awards (Nobel),Agriculture,,,text,40,10,true
Agriculture,medium,"Best-fit category for ""Agriculture"" is:",Awards (Oscars),Basketball,Agriculture,Artificial Intelligence,Agriculture,,,text,40,10,true
Agriculture,medium,Choose the most accurate category for the topic: Agriculture.,Artificial Intelligence,Algebra,Biology,Agriculture,Agriculture,,,text,40,10,true
Agriculture,medium,Pick the best category for this quiz topic: Agriculture.,Agriculture,Blockchain,Artificial Intelligence,Aviation,Agriculture,,,text,40,10,true
Agriculture,medium,"Which field does the topic ""Agriculture"" fall under?",Agriculture,Blockchain,Ancient Civilization,Aviation,Agriculture,,,text,40,10,true
Agriculture,medium,"Best-fit category for ""Agriculture"" is:",Ancient Civilization,Aviation,Agriculture,Automobiles,Agriculture,,,text,40,10,true
Agriculture,medium,Pick the best category for this quiz topic: Agriculture.,Automobiles,Agriculture,Blockchain,Artificial Intelligence,Agriculture,,,text,40,10,true
Agriculture,medium,Which category would most likely include questions on Agriculture?,Agriculture,Awards (Nobel),Basketball,Blockchain,Agriculture,,,text,40,10,true
Agriculture,medium,"Which field does the topic ""Agriculture"" fall under?",Automobiles,Agriculture,Awards (Oscars),Awards (Nobel),Agriculture,,,text,40,10,true
Agriculture,medium,"Best-fit category for ""Agriculture"" is:",Agriculture,Blockchain,Basketball,Artificial Intelligence,Agriculture,,,text,40,10,true
Agriculture,medium,Which category is most closely related to: Agriculture?,Agriculture,Awards (Nobel),Awards (Oscars),Automobiles,Agriculture,,,text,40,10,true
Agriculture,medium,Choose the most accurate category for the topic: Agriculture.,Basketball,Algebra,Awards (Oscars),Agriculture,Agriculture,,,text,40,10,true
Agriculture,medium,Which category would most likely include questions on Agriculture?,Aviation,Astronomy,Agriculture,Algebra,Agriculture,,,text,40,10,true
Agriculture,medium,Choose the most accurate category for the topic: Agriculture.,Awards (Nobel),Agriculture,Blockchain,Basketball,Agriculture,,,text,40,10,true
Agriculture,medium,"Best-fit category for ""Agriculture"" is:",Automobiles,Astronomy,Artificial Intelligence,Agriculture,Agriculture,,,text,40,10,true
Agriculture,medium,"Which field does the topic ""Agriculture"" fall under?",Agriculture,Blockchain,Basketball,Algebra,Agriculture,,,text,40,10,true
Agriculture,medium,Which category is most closely related to: Agriculture?,Agriculture,Awards (Oscars),Aviation,Algebra,Agriculture,,,text,40,10,true
Agriculture,hard,"Most precise category for ""Agriculture"" is:",Awards (Nobel),Automobiles,Agriculture,Algebra,Agriculture,,,text,80,8,true
Agriculture,hard,Which subject is the correct classification for: Agriculture?,Awards (Nobel),Aviation,Ancient Civilization,Agriculture,Agriculture,,,text,80,8,true
Agriculture,hard,"Which category is the closest match for the topic ""Agriculture""?",Artificial Intelligence,Automobiles,Agriculture,Awards (Nobel),Agriculture,,,text,80,8,true
Agriculture,hard,"Most precise category for ""Agriculture"" is:",Agriculture,Astronomy,Automobiles,Ancient Civilization,Agriculture,,,text,80,8,true
Agriculture,hard,Pick the category that most accurately represents: Agriculture.,Ancient Civilization,Astronomy,Algebra,Agriculture,Agriculture,,,text,80,8,true
Agriculture,hard,Pick the category that most accurately represents: Agriculture.,Agriculture,Ancient Civilization,Astronomy,Architecture,Agriculture,,,text,80,8,true
Agriculture,hard,"Most precise category for ""Agriculture"" is:",Architecture,Awards (Nobel),Algebra,Agriculture,Agriculture,,,text,80,8,true
Agriculture,hard,Identify the primary category for: Agriculture.,Awards (Nobel),Algebra,Agriculture,Aviation,Agriculture,,,text,80,8,true
Agriculture,hard,Choose the most specific category for: Agriculture.,Automobiles,Algebra,Artificial Intelligence,Agriculture,Agriculture,,,text,80,8,true
Agriculture,hard,Select the category that most precisely fits: Agriculture.,Aviation,Ancient Civilization,Agriculture,Artificial Intelligence,Agriculture,,,text,80,8,true
Agriculture,hard,Choose the most specific category for: Agriculture.,Artificial Intelligence,Architecture,Ancient Civilization,Agriculture,Agriculture,,,text,80,8,true
Agriculture,hard,"Which category is the best fit for the topic ""Agriculture""?",Agriculture,Awards (Nobel),Algebra,Astronomy,Agriculture,,,text,80,8,true
Agriculture,hard,Pick the category that most accurately represents: Agriculture.,Agriculture,Algebra,Awards (Nobel),Aviation,Agriculture,,,text,80,8,true
Agriculture,hard,Which subject is the correct classification for: Agriculture?,Astronomy,Automobiles,Agriculture,Artificial Intelligence,Agriculture,,,text,80,8,true
Agriculture,hard,Identify the primary category for: Agriculture.,Ancient Civilization,Awards (Nobel),Algebra,Agriculture,Agriculture,,,text,80,8,true
Agriculture,hard,Identify the primary category for: Agriculture.,Aviation,Algebra,Artificial Intelligence,Agriculture,Agriculture,,,text,80,8,true
Agriculture,hard,Choose the most specific category for: Agriculture.,Architecture,Ancient Civilization,Agriculture,Aviation,Agriculture,,,text,80,8,true
Agriculture,hard,Identify the primary category for: Agriculture.,Automobiles,Agriculture,Astronomy,Algebra,Agriculture,,,text,80,8,true
Agriculture,hard,Pick the category that most accurately represents: Agriculture.,Aviation,Algebra,Architecture,Agriculture,Agriculture,,,text,80,8,true
Agriculture,hard,Choose the most specific category for: Agriculture.,Architecture,Agriculture,Artificial Intelligence,Aviation,Agriculture,,,text,80,8,true
Agriculture,hard,"Which category is the best fit for the topic ""Agriculture""?",Ancient Civilization,Aviation,Agriculture,Artificial Intelligence,Agriculture,,,text,80,8,true
Agriculture,hard,"Which category is the best fit for the topic ""Agriculture""?",Agriculture,Architecture,Automobiles,Artificial Intelligence,Agriculture,,,text,80,8,true
Agriculture,hard,"Which category is the closest match for the topic ""Agriculture""?",Astronomy,Architecture,Algebra,Agriculture,Agriculture,,,text,80,8,true
Agriculture,hard,Identify the primary category for: Agriculture.,Astronomy,Agriculture,Automobiles,Algebra,Agriculture,,,text,80,8,true
Food & Cuisine,easy,Which category is the best match for: Food & Cuisine?,Modern Literature,Food & Cuisine,Networking,Web Development,Food & Cuisine,,,text,20,12,true
Food & Cuisine,easy,"The topic ""Food & Cuisine"" best fits which category?",Food & Cuisine,Marketing,Gadgets,Wildlife,Food & Cuisine,,,text,20,12,true
Food & Cuisine,easy,Pick the subject area that matches: Food & Cuisine.,Brands & Logos,Social Media,Mythology (Norse),Food & Cuisine,Food & Cuisine,,,text,20,12,true
Food & Cuisine,easy,Pick the subject area that matches: Food & Cuisine.,Economics,Programming (Python),Mythology (Indian),Food & Cuisine,Food & Cuisine,,,text,20,12,true
Food & Cuisine,easy,Select the correct quiz category for: Food & Cuisine.,Human Anatomy,Food & Cuisine,Movies (Hollywood),Automobiles,Food & Cuisine,,,text,20,12,true
Food & Cuisine,easy,"The topic ""Food & Cuisine"" best fits which category?",Food & Cuisine,Pharmacology,Islands,Gadgets,Food & Cuisine,,,text,20,12,true
Food & Cuisine,easy,Pick the subject area that matches: Food & Cuisine.,Political Science,Biology,Human Anatomy,Food & Cuisine,Food & Cuisine,,,text,20,12,true
Food & Cuisine,easy,"Which category does the topic ""Food & Cuisine"" belong to?",Calculus,Climate Change,Geometry,Food & Cuisine,Food & Cuisine,,,text,20,12,true
Food & Cuisine,easy,"Choose the category that best matches ""Food & Cuisine"".",Machine Learning,Food & Cuisine,Indian History,Interior Design,Food & Cuisine,,,text,20,12,true
Food & Cuisine,easy,"The topic ""Food & Cuisine"" best fits which category?",Aviation,Food & Cuisine,Mythology (Indian),Marketing,Food & Cuisine,,,text,20,12,true
Food & Cuisine,easy,Select the correct quiz category for: Food & Cuisine.,Football,Tennis,Food & Cuisine,Blockchain,Food & Cuisine,,,text,20,12,true
Food & Cuisine,easy,Identify the subject area: Food & Cuisine.,Calculus,Current Affairs,Food & Cuisine,Interior Design,Food & Cuisine,,,text,20,12,true
Food & Cuisine,easy,Identify the subject area: Food & Cuisine.,Environmental Science,Medicine,National Parks,Food & Cuisine,Food & Cuisine,,,text,20,12,true
Food & Cuisine,easy,"The topic ""Food & Cuisine"" best fits which category?",Machine Learning,Medicine,Food & Cuisine,Programming (Python),Food & Cuisine,,,text,20,12,true
Food & Cuisine,easy,Pick the subject area that matches: Food & Cuisine.,Food & Cuisine,Fashion,Yoga & Health,Algebra,Food & Cuisine,,,text,20,12,true
Food & Cuisine,easy,"Choose the category that best matches ""Food & Cuisine"".",Interior Design,Stock Market,Food & Cuisine,Music (Pop),Food & Cuisine,,,text,20,12,true
Food & Cuisine,easy,Identify the subject area: Food & Cuisine.,Biology,Machine Learning,Trigonometry,Food & Cuisine,Food & Cuisine,,,text,20,12,true
Food & Cuisine,easy,Which quiz category would include: Food & Cuisine?,Programming (Java),Famous Personalities,Fashion,Food & Cuisine,Food & Cuisine,,,text,20,12,true
Food & Cuisine,medium,Which category would most likely include questions on Food & Cuisine?,Food & Cuisine,Basketball,Algebra,Agriculture,Food & Cuisine,,,text,40,10,true
Food & Cuisine,medium,Pick the best category for this quiz topic: Food & Cuisine.,Food & Cuisine,Agriculture,Awards (Nobel),Architecture,Food & Cuisine,,,text,40,10,true
Food & Cuisine,medium,Select the most appropriate category for: Food & Cuisine.,Awards (Oscars),Ancient Civilization,Food & Cuisine,Algebra,Food & Cuisine,,,text,40,10,true
Food & Cuisine,medium,Which category would most likely include questions on Food & Cuisine?,Awards (Nobel),Awards (Oscars),Algebra,Food & Cuisine,Food & Cuisine,,,text,40,10,true
Food & Cuisine,medium,"Which subject area most closely matches the topic ""Food & Cuisine""?",Basketball,Awards (Oscars),Architecture,Food & Cuisine,Food & Cuisine,,,text,40,10,true
Food & Cuisine,medium,"Which field does the topic ""Food & Cuisine"" fall under?",Food & Cuisine,Algebra,Ancient Civilization,Automobiles,Food & Cuisine,,,text,40,10,true
Food & Cuisine,medium,Which category would most likely include questions on Food & Cuisine?,Algebra,Artificial Intelligence,Food & Cuisine,Agriculture,Food & Cuisine,,,text,40,10,true
Food & Cuisine,medium,Which category would most likely include questions on Food & Cuisine?,Awards (Oscars),Ancient Civilization,Food & Cuisine,Artificial Intelligence,Food & Cuisine,,,text,40,10,true
Food & Cuisine,medium,Pick the best category for this quiz topic: Food & Cuisine.,Food & Cuisine,Astronomy,Awards (Nobel),Ancient Civilization,Food & Cuisine,,,text,40,10,true
Food & Cuisine,medium,"Best-fit category for ""Food & Cuisine"" is:",Food & Cuisine,Basketball,Awards (Oscars),Algebra,Food & Cuisine,,,text,40,10,true
Food & Cuisine,medium,Which category would most likely include questions on Food & Cuisine?,Architecture,Food & Cuisine,Automobiles,Biology,Food & Cuisine,,,text,40,10,true
Food & Cuisine,medium,Pick the best category for this quiz topic: Food & Cuisine.,Food & Cuisine,Ancient Civilization,Basketball,Astronomy,Food & Cuisine,,,text,40,10,true
Food & Cuisine,medium,"Which subject area most closely matches the topic ""Food & Cuisine""?",Architecture,Food & Cuisine,Astronomy,Awards (Nobel),Food & Cuisine,,,text,40,10,true
Food & Cuisine,medium,"Which field does the topic ""Food & Cuisine"" fall under?",Automobiles,Food & Cuisine,Architecture,Astronomy,Food & Cuisine,,,text,40,10,true
Food & Cuisine,medium,Choose the most accurate category for the topic: Food & Cuisine.,Automobiles,Biology,Architecture,Food & Cuisine,Food & Cuisine,,,text,40,10,true
Food & Cuisine,medium,Which category would most likely include questions on Food & Cuisine?,Agriculture,Astronomy,Awards (Oscars),Food & Cuisine,Food & Cuisine,,,text,40,10,true
Food & Cuisine,medium,Select the most appropriate category for: Food & Cuisine.,Architecture,Astronomy,Algebra,Food & Cuisine,Food & Cuisine,,,text,40,10,true
Food & Cuisine,medium,"Best-fit category for ""Food & Cuisine"" is:",Automobiles,Aviation,Algebra,Food & Cuisine,Food & Cuisine,,,text,40,10,true
Food & Cuisine,hard,"Most precise category for ""Food & Cuisine"" is:",Automobiles,Architecture,Food & Cuisine,Agriculture,Food & Cuisine,,,text,80,8,true
Food & Cuisine,hard,Which subject is the correct classification for: Food & Cuisine?,Food & Cuisine,Artificial Intelligence,Architecture,Aviation,Food & Cuisine,,,text,80,8,true
Food & Cuisine,hard,"Which category is the closest match for the topic ""Food & Cuisine""?",Aviation,Food & Cuisine,Architecture,Astronomy,Food & Cuisine,,,text,80,8,true
Food & Cuisine,hard,"Most precise category for ""Food & Cuisine"" is:",Aviation,Astronomy,Food & Cuisine,Agriculture,Food & Cuisine,,,text,80,8,true
Food & Cuisine,hard,Which subject is the correct classification for: Food & Cuisine?,Aviation,Agriculture,Architecture,Food & Cuisine,Food & Cuisine,,,text,80,8,true
Food & Cuisine,hard,Choose the most specific category for: Food & Cuisine.,Ancient Civilization,Food & Cuisine,Artificial Intelligence,Astronomy,Food & Cuisine,,,text,80,8,true
Food & Cuisine,hard,Identify the primary category for: Food & Cuisine.,Ancient Civilization,Food & Cuisine,Artificial Intelligence,Automobiles,Food & Cuisine,,,text,80,8,true
Food & Cuisine,hard,Select the category that most precisely fits: Food & Cuisine.,Automobiles,Astronomy,Food & Cuisine,Artificial Intelligence,Food & Cuisine,,,text,80,8,true
Food & Cuisine,hard,Pick the category that most accurately represents: Food & Cuisine.,Architecture,Astronomy,Food & Cuisine,Agriculture,Food & Cuisine,,,text,80,8,true
Food & Cuisine,hard,"Most precise category for ""Food & Cuisine"" is:",Ancient Civilization,Architecture,Astronomy,Food & Cuisine,Food & Cuisine,,,text,80,8,true
Food & Cuisine,hard,Select the category that most precisely fits: Food & Cuisine.,Food & Cuisine,Aviation,Artificial Intelligence,Architecture,Food & Cuisine,,,text,80,8,true
Food & Cuisine,hard,Select the category that most precisely fits: Food & Cuisine.,Architecture,Ancient Civilization,Astronomy,Food & Cuisine,Food & Cuisine,,,text,80,8,true
Food & Cuisine,hard,Which subject is the correct classification for: Food & Cuisine?,Food & Cuisine,Aviation,Artificial Intelligence,Algebra,Food & Cuisine,,,text,80,8,true
Food & Cuisine,hard,"Most precise category for ""Food & Cuisine"" is:",Food & Cuisine,Algebra,Automobiles,Astronomy,Food & Cuisine,,,text,80,8,true
Food & Cuisine,hard,Pick the category that most accurately represents: Food & Cuisine.,Ancient Civilization,Automobiles,Food & Cuisine,Artificial Intelligence,Food & Cuisine,,,text,80,8,true
Food & Cuisine,hard,Select the category that most precisely fits: Food & Cuisine.,Architecture,Food & Cuisine,Ancient Civilization,Agriculture,Food & Cuisine,,,text,80,8,true
Food & Cuisine,hard,Pick the category that most accurately represents: Food & Cuisine.,Astronomy,Food & Cuisine,Aviation,Algebra,Food & Cuisine,,,text,80,8,true
Food & Cuisine,hard,Identify the primary category for: Food & Cuisine.,Agriculture,Ancient Civilization,Food & Cuisine,Automobiles,Food & Cuisine,,,text,80,8,true
Food & Cuisine,hard,Select the category that most precisely fits: Food & Cuisine.,Astronomy,Artificial Intelligence,Food & Cuisine,Architecture,Food & Cuisine,,,text,80,8,true
Food & Cuisine,hard,"Which category is the best fit for the topic ""Food & Cuisine""?",Artificial Intelligence,Architecture,Ancient Civilization,Food & Cuisine,Food & Cuisine,,,text,80,8,true
Food & Cuisine,hard,"Which category is the closest match for the topic ""Food & Cuisine""?",Ancient Civilization,Agriculture,Artificial Intelligence,Food & Cuisine,Food & Cuisine,,,text,80,8,true
Food & Cuisine,hard,Identify the primary category for: Food & Cuisine.,Food & Cuisine,Artificial Intelligence,Automobiles,Astronomy,Food & Cuisine,,,text,80,8,true
Food & Cuisine,hard,"Most precise category for ""Food & Cuisine"" is:",Automobiles,Artificial Intelligence,Food & Cuisine,Astronomy,Food & Cuisine,,,text,80,8,true
Food & Cuisine,hard,Select the category that most precisely fits: Food & Cuisine.,Food & Cuisine,Astronomy,Agriculture,Algebra,Food & Cuisine,,,text,80,8,true
Medicine,easy,Which quiz category would include: Medicine?,Internet History,Yoga & Health,Languages,Medicine,Medicine,,,text,20,12,true
Medicine,easy,Identify the subject area: Medicine.,Programming (Python),Web Development,Blockchain,Medicine,Medicine,,,text,20,12,true
Medicine,easy,Select the correct quiz category for: Medicine.,Programming (Java),Poetry,Medicine,Agriculture,Medicine,,,text,20,12,true
Medicine,easy,Select the correct quiz category for: Medicine.,Medicine,Programming (Java),Environmental Science,Networking,Medicine,,,text,20,12,true
Medicine,easy,Pick the subject area that matches: Medicine.,Logistics,Mobile Development,Wildlife,Medicine,Medicine,,,text,20,12,true
Medicine,easy,Pick the subject area that matches: Medicine.,Programming (Java),Medicine,Gardening,Environmental Science,Medicine,,,text,20,12,true
Medicine,easy,"Which category does the topic ""Medicine"" belong to?",Tennis,Human Anatomy,Mythology (Indian),Medicine,Medicine,,,text,20,12,true
Medicine,easy,Select the correct quiz category for: Medicine.,Tennis,Medicine,Music (Pop),English Grammar,Medicine,,,text,20,12,true
Medicine,easy,"The topic ""Medicine"" best fits which category?",Medicine,Logistics,Psychology,Programming (Java),Medicine,,,text,20,12,true
Medicine,easy,Select the correct quiz category for: Medicine.,Gadgets,Football,Deserts,Medicine,Medicine,,,text,20,12,true
Medicine,easy,"Which category does the topic ""Medicine"" belong to?",Chemistry,Painting & Art,Medicine,Space Exploration,Medicine,,,text,20,12,true
Medicine,easy,Which category is the best match for: Medicine?,Current Affairs,Medicine,Music (Pop),Political Science,Medicine,,,text,20,12,true
Medicine,easy,Pick the subject area that matches: Medicine.,Medicine,Astronomy,Architecture,E-commerce,Medicine,,,text,20,12,true
Medicine,easy,Which quiz category would include: Medicine?,Agriculture,Medicine,Gardening,Indian States,Medicine,,,text,20,12,true
Medicine,easy,Which category is the best match for: Medicine?,Computer Science,Web Development,Ancient Civilization,Medicine,Medicine,,,text,20,12,true
Medicine,easy,Which category is the best match for: Medicine?,Olympic Games,Oceans & Seas,Medicine,Food & Cuisine,Medicine,,,text,20,12,true
Medicine,easy,Pick the subject area that matches: Medicine.,Web Development,Philosophy,Medicine,Famous Personalities,Medicine,,,text,20,12,true
Medicine,easy,"Which category does the topic ""Medicine"" belong to?",Medicine,Music (Classical),Logistics,Fashion,Medicine,,,text,20,12,true
Medicine,medium,"Which field does the topic ""Medicine"" fall under?",Astronomy,Automobiles,Medicine,Artificial Intelligence,Medicine,,,text,40,10,true
Medicine,medium,Choose the most accurate category for the topic: Medicine.,Biology,Medicine,Basketball,Artificial Intelligence,Medicine,,,text,40,10,true
Medicine,medium,"Best-fit category for ""Medicine"" is:",Ancient Civilization,Medicine,Astronomy,Algebra,Medicine,,,text,40,10,true
Medicine,medium,Choose the most accurate category for the topic: Medicine.,Medicine,Awards (Oscars),Architecture,Algebra,Medicine,,,text,40,10,true
Medicine,medium,"Which subject area most closely matches the topic ""Medicine""?",Astronomy,Agriculture,Medicine,Ancient Civilization,Medicine,,,text,40,10,true
Medicine,medium,"Best-fit category for ""Medicine"" is:",Architecture,Medicine,Awards (Oscars),Awards (Nobel),Medicine,,,text,40,10,true
Medicine,medium,Select the most appropriate category for: Medicine.,Agriculture,Biology,Architecture,Medicine,Medicine,,,text,40,10,true
Medicine,medium,Pick the best category for this quiz topic: Medicine.,Medicine,Biology,Aviation,Artificial Intelligence,Medicine,,,text,40,10,true
Medicine,medium,Choose the most accurate category for the topic: Medicine.,Medicine,Automobiles,Aviation,Astronomy,Medicine,,,text,40,10,true
Medicine,medium,"Which subject area most closely matches the topic ""Medicine""?",Automobiles,Algebra,Biology,Medicine,Medicine,,,text,40,10,true
Medicine,medium,Pick the best category for this quiz topic: Medicine.,Astronomy,Automobiles,Medicine,Ancient Civilization,Medicine,,,text,40,10,true
Medicine,medium,Pick the best category for this quiz topic: Medicine.,Ancient Civilization,Aviation,Medicine,Astronomy,Medicine,,,text,40,10,true
Medicine,medium,Which category would most likely include questions on Medicine?,Medicine,Basketball,Ancient Civilization,Biology,Medicine,,,text,40,10,true
Medicine,medium,Select the most appropriate category for: Medicine.,Medicine,Ancient Civilization,Architecture,Agriculture,Medicine,,,text,40,10,true
Medicine,medium,Pick the best category for this quiz topic: Medicine.,Algebra,Automobiles,Astronomy,Medicine,Medicine,,,text,40,10,true
Medicine,medium,Which category is most closely related to: Medicine?,Ancient Civilization,Architecture,Medicine,Artificial Intelligence,Medicine,,,text,40,10,true
Medicine,medium,Which category would most likely include questions on Medicine?,Architecture,Artificial Intelligence,Algebra,Medicine,Medicine,,,text,40,10,true
Medicine,medium,Select the most appropriate category for: Medicine.,Architecture,Automobiles,Medicine,Astronomy,Medicine,,,text,40,10,true
Medicine,hard,"Most precise category for ""Medicine"" is:",Agriculture,Aviation,Medicine,Astronomy,Medicine,,,text,80,8,true
Medicine,hard,"Most precise category for ""Medicine"" is:",Aviation,Artificial Intelligence,Automobiles,Medicine,Medicine,,,text,80,8,true
Medicine,hard,Select the category that most precisely fits: Medicine.,Aviation,Artificial Intelligence,Ancient Civilization,Medicine,Medicine,,,text,80,8,true
Medicine,hard,Which subject is the correct classification for: Medicine?,Astronomy,Medicine,Aviation,Ancient Civilization,Medicine,,,text,80,8,true
Medicine,hard,Choose the most specific category for: Medicine.,Medicine,Algebra,Architecture,Agriculture,Medicine,,,text,80,8,true
Medicine,hard,Choose the most specific category for: Medicine.,Agriculture,Ancient Civilization,Medicine,Algebra,Medicine,,,text,80,8,true
Medicine,hard,Choose the most specific category for: Medicine.,Medicine,Automobiles,Astronomy,Aviation,Medicine,,,text,80,8,true
Medicine,hard,Which subject is the correct classification for: Medicine?,Architecture,Algebra,Medicine,Agriculture,Medicine,,,text,80,8,true
Medicine,hard,"Most precise category for ""Medicine"" is:",Medicine,Ancient Civilization,Astronomy,Agriculture,Medicine,,,text,80,8,true
Medicine,hard,Which subject is the correct classification for: Medicine?,Architecture,Medicine,Astronomy,Aviation,Medicine,,,text,80,8,true
Medicine,hard,Identify the primary category for: Medicine.,Algebra,Architecture,Medicine,Automobiles,Medicine,,,text,80,8,true
Medicine,hard,"Which category is the best fit for the topic ""Medicine""?",Astronomy,Algebra,Agriculture,Medicine,Medicine,,,text,80,8,true
Medicine,hard,"Which category is the closest match for the topic ""Medicine""?",Medicine,Ancient Civilization,Artificial Intelligence,Aviation,Medicine,,,text,80,8,true
Medicine,hard,"Which category is the best fit for the topic ""Medicine""?",Astronomy,Algebra,Ancient Civilization,Medicine,Medicine,,,text,80,8,true
Medicine,hard,"Which category is the closest match for the topic ""Medicine""?",Astronomy,Architecture,Algebra,Medicine,Medicine,,,text,80,8,true
Medicine,hard,"Most precise category for ""Medicine"" is:",Aviation,Astronomy,Automobiles,Medicine,Medicine,,,text,80,8,true
Medicine,hard,"Which category is the best fit for the topic ""Medicine""?",Medicine,Artificial Intelligence,Agriculture,Architecture,Medicine,,,text,80,8,true
Medicine,hard,"Which category is the best fit for the topic ""Medicine""?",Architecture,Astronomy,Ancient Civilization,Medicine,Medicine,,,text,80,8,true
Medicine,hard,"Which category is the closest match for the topic ""Medicine""?",Medicine,Artificial Intelligence,Agriculture,Algebra,Medicine,,,text,80,8,true
Medicine,hard,"Most precise category for ""Medicine"" is:",Algebra,Medicine,Agriculture,Aviation,Medicine,,,text,80,8,true
Medicine,hard,Which subject is the correct classification for: Medicine?,Agriculture,Astronomy,Medicine,Automobiles,Medicine,,,text,80,8,true
Medicine,hard,"Which category is the closest match for the topic ""Medicine""?",Medicine,Artificial Intelligence,Astronomy,Agriculture,Medicine,,,text,80,8,true
Medicine,hard,Identify the primary category for: Medicine.,Medicine,Aviation,Algebra,Architecture,Medicine,,,text,80,8,true
Medicine,hard,Choose the most specific category for: Medicine.,Astronomy,Aviation,Medicine,Agriculture,Medicine,,,text,80,8,true
Pharmacology,easy,Select the correct quiz category for: Pharmacology.,Cyber Security,Calculus,Pharmacology,Olympic Games,Pharmacology,,,text,20,12,true
Pharmacology,easy,Which category is the best match for: Pharmacology?,Astronomy,Pharmacology,Tennis,Automobiles,Pharmacology,,,text,20,12,true
Pharmacology,easy,Pick the subject area that matches: Pharmacology.,Automobiles,Tennis,Yoga & Health,Pharmacology,Pharmacology,,,text,20,12,true
Pharmacology,easy,"The topic ""Pharmacology"" best fits which category?",Pharmacology,Gaming,Stock Market,Movies (Hollywood),Pharmacology,,,text,20,12,true
Pharmacology,easy,Which quiz category would include: Pharmacology?,Comic Books,Human Anatomy,Pharmacology,Yoga & Health,Pharmacology,,,text,20,12,true
Pharmacology,easy,Which category is the best match for: Pharmacology?,Logistics,National Flags,Wildlife,Pharmacology,Pharmacology,,,text,20,12,true
Pharmacology,easy,Which category is the best match for: Pharmacology?,Calculus,Sociology,Pharmacology,Current Affairs,Pharmacology,,,text,20,12,true
Pharmacology,easy,"Choose the category that best matches ""Pharmacology"".",Oceans & Seas,Ancient Civilization,English Grammar,Pharmacology,Pharmacology,,,text,20,12,true
Pharmacology,easy,"Choose the category that best matches ""Pharmacology"".",National Parks,Political Science,Environmental Science,Pharmacology,Pharmacology,,,text,20,12,true
Pharmacology,easy,Which quiz category would include: Pharmacology?,Pharmacology,Marketing,Football,Computer Science,Pharmacology,,,text,20,12,true
Pharmacology,easy,Which quiz category would include: Pharmacology?,Political Science,Pharmacology,Internet History,Cricket,Pharmacology,,,text,20,12,true
Pharmacology,easy,"The topic ""Pharmacology"" best fits which category?",Awards (Nobel),Space Exploration,Agriculture,Pharmacology,Pharmacology,,,text,20,12,true
Pharmacology,easy,Pick the subject area that matches: Pharmacology.,Pharmacology,Human Anatomy,Painting & Art,Biology,Pharmacology,,,text,20,12,true
Pharmacology,easy,"Choose the category that best matches ""Pharmacology"".",Interior Design,Pharmacology,Automobiles,Famous Personalities,Pharmacology,,,text,20,12,true
Pharmacology,easy,Which category is the best match for: Pharmacology?,Stock Market,Pharmacology,Gaming,Astronomy,Pharmacology,,,text,20,12,true
Pharmacology,easy,Which category is the best match for: Pharmacology?,Movies (Bollywood),Rivers & Lakes,Astronomy,Pharmacology,Pharmacology,,,text,20,12,true
Pharmacology,easy,Which quiz category would include: Pharmacology?,Photography,Pharmacology,Sociology,Movies (Hollywood),Pharmacology,,,text,20,12,true
Pharmacology,easy,Pick the subject area that matches: Pharmacology.,Psychology,Pharmacology,Modern History,Finance,Pharmacology,,,text,20,12,true
Pharmacology,medium,Select the most appropriate category for: Pharmacology.,Automobiles,Pharmacology,Awards (Nobel),Biology,Pharmacology,,,text,40,10,true
Pharmacology,medium,"Which subject area most closely matches the topic ""Pharmacology""?",Algebra,Pharmacology,Automobiles,Aviation,Pharmacology,,,text,40,10,true
Pharmacology,medium,"Which subject area most closely matches the topic ""Pharmacology""?",Astronomy,Architecture,Pharmacology,Awards (Nobel),Pharmacology,,,text,40,10,true
Pharmacology,medium,"Which field does the topic ""Pharmacology"" fall under?",Astronomy,Pharmacology,Agriculture,Algebra,Pharmacology,,,text,40,10,true
Pharmacology,medium,"Which field does the topic ""Pharmacology"" fall under?",Algebra,Automobiles,Pharmacology,Awards (Oscars),Pharmacology,,,text,40,10,true
Pharmacology,medium,"Which field does the topic ""Pharmacology"" fall under?",Awards (Nobel),Artificial Intelligence,Pharmacology,Biology,Pharmacology,,,text,40,10,true
Pharmacology,medium,Which category would most likely include questions on Pharmacology?,Pharmacology,Automobiles,Awards (Nobel),Aviation,Pharmacology,,,text,40,10,true
Pharmacology,medium,"Which field does the topic ""Pharmacology"" fall under?",Automobiles,Architecture,Aviation,Pharmacology,Pharmacology,,,text,40,10,true
Pharmacology,medium,Which category would most likely include questions on Pharmacology?,Astronomy,Pharmacology,Aviation,Awards (Nobel),Pharmacology,,,text,40,10,true
Pharmacology,medium,Which category is most closely related to: Pharmacology?,Ancient Civilization,Architecture,Pharmacology,Awards (Oscars),Pharmacology,,,text,40,10,true
Pharmacology,medium,Which category is most closely related to: Pharmacology?,Artificial Intelligence,Ancient Civilization,Pharmacology,Awards (Nobel),Pharmacology,,,text,40,10,true
Pharmacology,medium,"Which subject area most closely matches the topic ""Pharmacology""?",Pharmacology,Architecture,Awards (Oscars),Automobiles,Pharmacology,,,text,40,10,true
Pharmacology,medium,Pick the best category for this quiz topic: Pharmacology.,Ancient Civilization,Awards (Oscars),Pharmacology,Algebra,Pharmacology,,,text,40,10,true
Pharmacology,medium,Which category would most likely include questions on Pharmacology?,Pharmacology,Algebra,Aviation,Biology,Pharmacology,,,text,40,10,true
Pharmacology,medium,Pick the best category for this quiz topic: Pharmacology.,Pharmacology,Algebra,Ancient Civilization,Architecture,Pharmacology,,,text,40,10,true
Pharmacology,medium,Choose the most accurate category for the topic: Pharmacology.,Pharmacology,Awards (Oscars),Basketball,Algebra,Pharmacology,,,text,40,10,true
Pharmacology,medium,"Which field does the topic ""Pharmacology"" fall under?",Agriculture,Basketball,Pharmacology,Awards (Oscars),Pharmacology,,,text,40,10,true
Pharmacology,medium,"Best-fit category for ""Pharmacology"" is:",Agriculture,Pharmacology,Ancient Civilization,Artificial Intelligence,Pharmacology,,,text,40,10,true
Pharmacology,hard,Pick the category that most accurately represents: Pharmacology.,Pharmacology,Ancient Civilization,Astronomy,Agriculture,Pharmacology,,,text,80,8,true
Pharmacology,hard,Identify the primary category for: Pharmacology.,Artificial Intelligence,Ancient Civilization,Automobiles,Pharmacology,Pharmacology,,,text,80,8,true
Pharmacology,hard,Identify the primary category for: Pharmacology.,Aviation,Pharmacology,Artificial Intelligence,Astronomy,Pharmacology,,,text,80,8,true
Pharmacology,hard,Which subject is the correct classification for: Pharmacology?,Pharmacology,Agriculture,Astronomy,Architecture,Pharmacology,,,text,80,8,true
Pharmacology,hard,Which subject is the correct classification for: Pharmacology?,Agriculture,Artificial Intelligence,Algebra,Pharmacology,Pharmacology,,,text,80,8,true
Pharmacology,hard,Choose the most specific category for: Pharmacology.,Agriculture,Aviation,Pharmacology,Automobiles,Pharmacology,,,text,80,8,true
Pharmacology,hard,"Which category is the closest match for the topic ""Pharmacology""?",Automobiles,Pharmacology,Astronomy,Ancient Civilization,Pharmacology,,,text,80,8,true
Pharmacology,hard,Identify the primary category for: Pharmacology.,Aviation,Algebra,Artificial Intelligence,Pharmacology,Pharmacology,,,text,80,8,true
Pharmacology,hard,Pick the category that most accurately represents: Pharmacology.,Artificial Intelligence,Architecture,Astronomy,Pharmacology,Pharmacology,,,text,80,8,true
Pharmacology,hard,Select the category that most precisely fits: Pharmacology.,Artificial Intelligence,Automobiles,Pharmacology,Algebra,Pharmacology,,,text,80,8,true
Pharmacology,hard,"Which category is the best fit for the topic ""Pharmacology""?",Ancient Civilization,Pharmacology,Algebra,Aviation,Pharmacology,,,text,80,8,true
Pharmacology,hard,"Most precise category for ""Pharmacology"" is:",Algebra,Astronomy,Pharmacology,Artificial Intelligence,Pharmacology,,,text,80,8,true
Pharmacology,hard,Choose the most specific category for: Pharmacology.,Algebra,Pharmacology,Artificial Intelligence,Astronomy,Pharmacology,,,text,80,8,true
Pharmacology,hard,Identify the primary category for: Pharmacology.,Pharmacology,Algebra,Architecture,Astronomy,Pharmacology,,,text,80,8,true
Pharmacology,hard,"Most precise category for ""Pharmacology"" is:",Pharmacology,Automobiles,Artificial Intelligence,Algebra,Pharmacology,,,text,80,8,true
Pharmacology,hard,Select the category that most precisely fits: Pharmacology.,Ancient Civilization,Artificial Intelligence,Agriculture,Pharmacology,Pharmacology,,,text,80,8,true
Pharmacology,hard,Select the category that most precisely fits: Pharmacology.,Pharmacology,Astronomy,Algebra,Agriculture,Pharmacology,,,text,80,8,true
Pharmacology,hard,"Most precise category for ""Pharmacology"" is:",Artificial Intelligence,Pharmacology,Agriculture,Algebra,Pharmacology,,,text,80,8,true
Pharmacology,hard,Identify the primary category for: Pharmacology.,Automobiles,Astronomy,Aviation,Pharmacology,Pharmacology,,,text,80,8,true
Pharmacology,hard,"Most precise category for ""Pharmacology"" is:",Algebra,Architecture,Astronomy,Pharmacology,Pharmacology,,,text,80,8,true
Pharmacology,hard,Identify the primary category for: Pharmacology.,Pharmacology,Algebra,Ancient Civilization,Astronomy,Pharmacology,,,text,80,8,true
Pharmacology,hard,Select the category that most precisely fits: Pharmacology.,Automobiles,Algebra,Pharmacology,Architecture,Pharmacology,,,text,80,8,true
Pharmacology,hard,"Most precise category for ""Pharmacology"" is:",Artificial Intelligence,Pharmacology,Astronomy,Ancient Civilization,Pharmacology,,,text,80,8,true
Pharmacology,hard,"Which category is the closest match for the topic ""Pharmacology""?",Agriculture,Pharmacology,Algebra,Automobiles,Pharmacology,,,text,80,8,true
Robotics,easy,Pick the subject area that matches: Robotics.,Human Anatomy,Oceans & Seas,Robotics,Inventions & Discoveries,Robotics,,,text,20,12,true
Robotics,easy,"Which category does the topic ""Robotics"" belong to?",Photography,World Leaders,Business Tycoons,Robotics,Robotics,,,text,20,12,true
Robotics,easy,"Choose the category that best matches ""Robotics"".",Yoga & Health,Food & Cuisine,Ancient Civilization,Robotics,Robotics,,,text,20,12,true
Robotics,easy,Which quiz category would include: Robotics?,Biology,E-commerce,Robotics,Indian History,Robotics,,,text,20,12,true
Robotics,easy,"Which category does the topic ""Robotics"" belong to?",Ancient Civilization,Blockchain,Chess,Robotics,Robotics,,,text,20,12,true
Robotics,easy,"The topic ""Robotics"" best fits which category?",Robotics,Gardening,Gaming,Pharmacology,Robotics,,,text,20,12,true
Robotics,easy,"Which category does the topic ""Robotics"" belong to?",Interior Design,Human Anatomy,Robotics,Astronomy,Robotics,,,text,20,12,true
Robotics,easy,Identify the subject area: Robotics.,Ancient Civilization,Football,Robotics,Yoga & Health,Robotics,,,text,20,12,true
Robotics,easy,Which quiz category would include: Robotics?,Oceans & Seas,Superheroes,Space Exploration,Robotics,Robotics,,,text,20,12,true
Robotics,easy,Identify the subject area: Robotics.,Languages,World Continents,Robotics,Aviation,Robotics,,,text,20,12,true
Robotics,easy,Which category is the best match for: Robotics?,Yoga & Health,Robotics,Political Science,Food & Cuisine,Robotics,,,text,20,12,true
Robotics,easy,Which category is the best match for: Robotics?,Stock Market,Current Affairs,Robotics,Internet History,Robotics,,,text,20,12,true
Robotics,easy,Which quiz category would include: Robotics?,Robotics,Business Tycoons,Fashion,Programming (Java),Robotics,,,text,20,12,true
Robotics,easy,"The topic ""Robotics"" best fits which category?",Pharmacology,Mythology (Norse),Basketball,Robotics,Robotics,,,text,20,12,true
Robotics,easy,Which category is the best match for: Robotics?,Pharmacology,Robotics,Astronomy,World Geography,Robotics,,,text,20,12,true
Robotics,easy,"The topic ""Robotics"" best fits which category?",Trigonometry,Modern Literature,English Grammar,Robotics,Robotics,,,text,20,12,true
Robotics,easy,"The topic ""Robotics"" best fits which category?",Ancient Civilization,Internet History,Robotics,Social Media,Robotics,,,text,20,12,true
Robotics,easy,Pick the subject area that matches: Robotics.,World Continents,Business Tycoons,English Grammar,Robotics,Robotics,,,text,20,12,true
Robotics,medium,Select the most appropriate category for: Robotics.,Astronomy,Awards (Oscars),Agriculture,Robotics,Robotics,,,text,40,10,true
Robotics,medium,Pick the best category for this quiz topic: Robotics.,Robotics,Architecture,Ancient Civilization,Basketball,Robotics,,,text,40,10,true
Robotics,medium,Select the most appropriate category for: Robotics.,Aviation,Ancient Civilization,Robotics,Astronomy,Robotics,,,text,40,10,true
Robotics,medium,"Best-fit category for ""Robotics"" is:",Artificial Intelligence,Robotics,Automobiles,Architecture,Robotics,,,text,40,10,true
Robotics,medium,Which category would most likely include questions on Robotics?,Biology,Ancient Civilization,Robotics,Artificial Intelligence,Robotics,,,text,40,10,true
Robotics,medium,Which category is most closely related to: Robotics?,Robotics,Ancient Civilization,Aviation,Awards (Nobel),Robotics,,,text,40,10,true
Robotics,medium,Choose the most accurate category for the topic: Robotics.,Aviation,Basketball,Robotics,Automobiles,Robotics,,,text,40,10,true
Robotics,medium,Pick the best category for this quiz topic: Robotics.,Automobiles,Basketball,Agriculture,Robotics,Robotics,,,text,40,10,true
Robotics,medium,"Best-fit category for ""Robotics"" is:",Basketball,Astronomy,Robotics,Artificial Intelligence,Robotics,,,text,40,10,true
Robotics,medium,"Which field does the topic ""Robotics"" fall under?",Awards (Oscars),Robotics,Automobiles,Artificial Intelligence,Robotics,,,text,40,10,true
Robotics,medium,Pick the best category for this quiz topic: Robotics.,Algebra,Robotics,Architecture,Awards (Nobel),Robotics,,,text,40,10,true
Robotics,medium,Which category would most likely include questions on Robotics?,Biology,Astronomy,Basketball,Robotics,Robotics,,,text,40,10,true
Robotics,medium,"Which field does the topic ""Robotics"" fall under?",Biology,Aviation,Robotics,Ancient Civilization,Robotics,,,text,40,10,true
Robotics,medium,Choose the most accurate category for the topic: Robotics.,Awards (Oscars),Awards (Nobel),Algebra,Robotics,Robotics,,,text,40,10,true
Robotics,medium,Choose the most accurate category for the topic: Robotics.,Robotics,Agriculture,Basketball,Astronomy,Robotics,,,text,40,10,true
Robotics,medium,"Which subject area most closely matches the topic ""Robotics""?",Algebra,Awards (Oscars),Agriculture,Robotics,Robotics,,,text,40,10,true
Robotics,medium,Which category would most likely include questions on Robotics?,Robotics,Awards (Oscars),Basketball,Ancient Civilization,Robotics,,,text,40,10,true
Robotics,medium,"Best-fit category for ""Robotics"" is:",Biology,Ancient Civilization,Automobiles,Robotics,Robotics,,,text,40,10,true
Robotics,hard,"Most precise category for ""Robotics"" is:",Agriculture,Robotics,Astronomy,Automobiles,Robotics,,,text,80,8,true
Robotics,hard,"Most precise category for ""Robotics"" is:",Agriculture,Robotics,Architecture,Automobiles,Robotics,,,text,80,8,true
Robotics,hard,"Which category is the closest match for the topic ""Robotics""?",Algebra,Astronomy,Robotics,Architecture,Robotics,,,text,80,8,true
Robotics,hard,Choose the most specific category for: Robotics.,Robotics,Artificial Intelligence,Agriculture,Architecture,Robotics,,,text,80,8,true
Robotics,hard,Identify the primary category for: Robotics.,Ancient Civilization,Astronomy,Artificial Intelligence,Robotics,Robotics,,,text,80,8,true
Robotics,hard,"Which category is the best fit for the topic ""Robotics""?",Robotics,Ancient Civilization,Astronomy,Algebra,Robotics,,,text,80,8,true
Robotics,hard,"Which category is the best fit for the topic ""Robotics""?",Ancient Civilization,Architecture,Aviation,Robotics,Robotics,,,text,80,8,true
Robotics,hard,Identify the primary category for: Robotics.,Artificial Intelligence,Ancient Civilization,Robotics,Astronomy,Robotics,,,text,80,8,true
Robotics,hard,"Which category is the best fit for the topic ""Robotics""?",Ancient Civilization,Astronomy,Automobiles,Robotics,Robotics,,,text,80,8,true
Robotics,hard,Select the category that most precisely fits: Robotics.,Robotics,Algebra,Agriculture,Ancient Civilization,Robotics,,,text,80,8,true
Robotics,hard,Select the category that most precisely fits: Robotics.,Robotics,Agriculture,Ancient Civilization,Aviation,Robotics,,,text,80,8,true
Robotics,hard,Choose the most specific category for: Robotics.,Architecture,Algebra,Robotics,Astronomy,Robotics,,,text,80,8,true
Robotics,hard,Pick the category that most accurately represents: Robotics.,Artificial Intelligence,Architecture,Agriculture,Robotics,Robotics,,,text,80,8,true
Robotics,hard,"Most precise category for ""Robotics"" is:",Robotics,Ancient Civilization,Aviation,Architecture,Robotics,,,text,80,8,true
Robotics,hard,"Which category is the best fit for the topic ""Robotics""?",Agriculture,Robotics,Astronomy,Ancient Civilization,Robotics,,,text,80,8,true
Robotics,hard,Choose the most specific category for: Robotics.,Artificial Intelligence,Agriculture,Aviation,Robotics,Robotics,,,text,80,8,true
Robotics,hard,"Which category is the best fit for the topic ""Robotics""?",Ancient Civilization,Robotics,Aviation,Artificial Intelligence,Robotics,,,text,80,8,true
Robotics,hard,Identify the primary category for: Robotics.,Robotics,Aviation,Agriculture,Automobiles,Robotics,,,text,80,8,true
Robotics,hard,Pick the category that most accurately represents: Robotics.,Astronomy,Automobiles,Robotics,Ancient Civilization,Robotics,,,text,80,8,true
Robotics,hard,Pick the category that most accurately represents: Robotics.,Robotics,Automobiles,Artificial Intelligence,Architecture,Robotics,,,text,80,8,true
Robotics,hard,"Which category is the closest match for the topic ""Robotics""?",Architecture,Aviation,Robotics,Artificial Intelligence,Robotics,,,text,80,8,true
Robotics,hard,"Which category is the best fit for the topic ""Robotics""?",Robotics,Architecture,Ancient Civilization,Automobiles,Robotics,,,text,80,8,true
Robotics,hard,Choose the most specific category for: Robotics.,Artificial Intelligence,Astronomy,Automobiles,Robotics,Robotics,,,text,80,8,true
Robotics,hard,"Most precise category for ""Robotics"" is:",Aviation,Architecture,Ancient Civilization,Robotics,Robotics,,,text,80,8,true
Gadgets,easy,Which quiz category would include: Gadgets?,Awards (Nobel),Mobile Development,Gadgets,Modern Literature,Gadgets,,,text,20,12,true
Gadgets,easy,Which quiz category would include: Gadgets?,Architecture,Programming (Python),Gadgets,E-commerce,Gadgets,,,text,20,12,true
Gadgets,easy,"Which category does the topic ""Gadgets"" belong to?",Gadgets,Programming (Java),World Religions,Wildlife,Gadgets,,,text,20,12,true
Gadgets,easy,"Choose the category that best matches ""Gadgets"".",Gadgets,World Continents,Social Media,Aviation,Gadgets,,,text,20,12,true
Gadgets,easy,Identify the subject area: Gadgets.,Inventions & Discoveries,Automobiles,Food & Cuisine,Gadgets,Gadgets,,,text,20,12,true
Gadgets,easy,Pick the subject area that matches: Gadgets.,Inventions & Discoveries,Pharmacology,Algebra,Gadgets,Gadgets,,,text,20,12,true
Gadgets,easy,"The topic ""Gadgets"" best fits which category?",Artificial Intelligence,Yoga & Health,Music (Classical),Gadgets,Gadgets,,,text,20,12,true
Gadgets,easy,"The topic ""Gadgets"" best fits which category?",World Religions,Gadgets,Wildlife,Social Media,Gadgets,,,text,20,12,true
Gadgets,easy,"The topic ""Gadgets"" best fits which category?",World Continents,Computer Science,Gadgets,Economics,Gadgets,,,text,20,12,true
Gadgets,easy,Which category is the best match for: Gadgets?,Mathematics,Gadgets,Mobile Development,Automobiles,Gadgets,,,text,20,12,true
Gadgets,easy,Which quiz category would include: Gadgets?,Gadgets,National Flags,Gaming,Medicine,Gadgets,,,text,20,12,true
Gadgets,easy,"The topic ""Gadgets"" best fits which category?",Machine Learning,Gadgets,Painting & Art,Awards (Oscars),Gadgets,,,text,20,12,true
Gadgets,easy,Pick the subject area that matches: Gadgets.,Stock Market,Gadgets,Business Tycoons,Basketball,Gadgets,,,text,20,12,true
Gadgets,easy,Pick the subject area that matches: Gadgets.,Gadgets,Computer Science,Internet History,Indian States,Gadgets,,,text,20,12,true
Gadgets,easy,"Which category does the topic ""Gadgets"" belong to?",Chemistry,Cricket,Finance,Gadgets,Gadgets,,,text,20,12,true
Gadgets,easy,Which category is the best match for: Gadgets?,Awards (Oscars),Poetry,Gadgets,Fashion,Gadgets,,,text,20,12,true
Gadgets,easy,Select the correct quiz category for: Gadgets.,Superheroes,Astronomy,Wildlife,Gadgets,Gadgets,,,text,20,12,true
Gadgets,easy,Which category is the best match for: Gadgets?,Mountains & Peaks,Logistics,E-commerce,Gadgets,Gadgets,,,text,20,12,true
Gadgets,medium,Which category would most likely include questions on Gadgets?,Agriculture,Biology,Automobiles,Gadgets,Gadgets,,,text,40,10,true
Gadgets,medium,Select the most appropriate category for: Gadgets.,Ancient Civilization,Gadgets,Agriculture,Awards (Nobel),Gadgets,,,text,40,10,true
Gadgets,medium,"Which field does the topic ""Gadgets"" fall under?",Awards (Oscars),Aviation,Gadgets,Automobiles,Gadgets,,,text,40,10,true
Gadgets,medium,Choose the most accurate category for the topic: Gadgets.,Awards (Oscars),Architecture,Gadgets,Algebra,Gadgets,,,text,40,10,true
Gadgets,medium,Choose the most accurate category for the topic: Gadgets.,Gadgets,Basketball,Awards (Nobel),Architecture,Gadgets,,,text,40,10,true
Gadgets,medium,Which category would most likely include questions on Gadgets?,Architecture,Algebra,Artificial Intelligence,Gadgets,Gadgets,,,text,40,10,true
Gadgets,medium,Which category is most closely related to: Gadgets?,Architecture,Aviation,Algebra,Gadgets,Gadgets,,,text,40,10,true
Gadgets,medium,"Which field does the topic ""Gadgets"" fall under?",Gadgets,Automobiles,Awards (Nobel),Artificial Intelligence,Gadgets,,,text,40,10,true
Gadgets,medium,Choose the most accurate category for the topic: Gadgets.,Algebra,Gadgets,Automobiles,Agriculture,Gadgets,,,text,40,10,true
Gadgets,medium,Which category would most likely include questions on Gadgets?,Astronomy,Gadgets,Biology,Basketball,Gadgets,,,text,40,10,true
Gadgets,medium,"Which field does the topic ""Gadgets"" fall under?",Basketball,Artificial Intelligence,Gadgets,Agriculture,Gadgets,,,text,40,10,true
Gadgets,medium,"Which subject area most closely matches the topic ""Gadgets""?",Agriculture,Gadgets,Awards (Oscars),Biology,Gadgets,,,text,40,10,true
Gadgets,medium,"Best-fit category for ""Gadgets"" is:",Astronomy,Architecture,Ancient Civilization,Gadgets,Gadgets,,,text,40,10,true
Gadgets,medium,Choose the most accurate category for the topic: Gadgets.,Automobiles,Agriculture,Astronomy,Gadgets,Gadgets,,,text,40,10,true
Gadgets,medium,Pick the best category for this quiz topic: Gadgets.,Automobiles,Astronomy,Algebra,Gadgets,Gadgets,,,text,40,10,true
Gadgets,medium,Select the most appropriate category for: Gadgets.,Awards (Nobel),Gadgets,Basketball,Ancient Civilization,Gadgets,,,text,40,10,true
Gadgets,medium,Which category would most likely include questions on Gadgets?,Awards (Nobel),Gadgets,Agriculture,Artificial Intelligence,Gadgets,,,text,40,10,true
Gadgets,medium,"Which subject area most closely matches the topic ""Gadgets""?",Algebra,Gadgets,Ancient Civilization,Artificial Intelligence,Gadgets,,,text,40,10,true
Gadgets,hard,Identify the primary category for: Gadgets.,Gadgets,Aviation,Automobiles,Algebra,Gadgets,,,text,80,8,true
Gadgets,hard,Select the category that most precisely fits: Gadgets.,Aviation,Gadgets,Automobiles,Agriculture,Gadgets,,,text,80,8,true
Gadgets,hard,"Which category is the closest match for the topic ""Gadgets""?",Artificial Intelligence,Gadgets,Architecture,Agriculture,Gadgets,,,text,80,8,true
Gadgets,hard,Which subject is the correct classification for: Gadgets?,Automobiles,Gadgets,Algebra,Artificial Intelligence,Gadgets,,,text,80,8,true
Gadgets,hard,"Which category is the best fit for the topic ""Gadgets""?",Astronomy,Gadgets,Artificial Intelligence,Ancient Civilization,Gadgets,,,text,80,8,true
Gadgets,hard,"Which category is the best fit for the topic ""Gadgets""?",Architecture,Ancient Civilization,Aviation,Gadgets,Gadgets,,,text,80,8,true
Gadgets,hard,Which subject is the correct classification for: Gadgets?,Algebra,Aviation,Gadgets,Automobiles,Gadgets,,,text,80,8,true
Gadgets,hard,Pick the category that most accurately represents: Gadgets.,Agriculture,Architecture,Automobiles,Gadgets,Gadgets,,,text,80,8,true
Gadgets,hard,Identify the primary category for: Gadgets.,Algebra,Architecture,Gadgets,Aviation,Gadgets,,,text,80,8,true
Gadgets,hard,Which subject is the correct classification for: Gadgets?,Algebra,Artificial Intelligence,Gadgets,Ancient Civilization,Gadgets,,,text,80,8,true
Gadgets,hard,Which subject is the correct classification for: Gadgets?,Aviation,Agriculture,Gadgets,Algebra,Gadgets,,,text,80,8,true
Gadgets,hard,"Which category is the best fit for the topic ""Gadgets""?",Algebra,Architecture,Gadgets,Automobiles,Gadgets,,,text,80,8,true
Gadgets,hard,Pick the category that most accurately represents: Gadgets.,Gadgets,Automobiles,Architecture,Agriculture,Gadgets,,,text,80,8,true
Gadgets,hard,Which subject is the correct classification for: Gadgets?,Ancient Civilization,Architecture,Gadgets,Automobiles,Gadgets,,,text,80,8,true
Gadgets,hard,"Which category is the best fit for the topic ""Gadgets""?",Algebra,Gadgets,Agriculture,Artificial Intelligence,Gadgets,,,text,80,8,true
Gadgets,hard,Pick the category that most accurately represents: Gadgets.,Aviation,Gadgets,Algebra,Ancient Civilization,Gadgets,,,text,80,8,true
Gadgets,hard,Which subject is the correct classification for: Gadgets?,Architecture,Agriculture,Ancient Civilization,Gadgets,Gadgets,,,text,80,8,true
Gadgets,hard,Identify the primary category for: Gadgets.,Algebra,Agriculture,Gadgets,Astronomy,Gadgets,,,text,80,8,true
Gadgets,hard,"Which category is the closest match for the topic ""Gadgets""?",Automobiles,Aviation,Gadgets,Algebra,Gadgets,,,text,80,8,true
Gadgets,hard,Identify the primary category for: Gadgets.,Astronomy,Ancient Civilization,Automobiles,Gadgets,Gadgets,,,text,80,8,true
Gadgets,hard,"Which category is the best fit for the topic ""Gadgets""?",Algebra,Gadgets,Ancient Civilization,Automobiles,Gadgets,,,text,80,8,true
Gadgets,hard,Identify the primary category for: Gadgets.,Artificial Intelligence,Astronomy,Algebra,Gadgets,Gadgets,,,text,80,8,true
Gadgets,hard,"Which category is the closest match for the topic ""Gadgets""?",Ancient Civilization,Gadgets,Agriculture,Automobiles,Gadgets,,,text,80,8,true
Gadgets,hard,"Which category is the closest match for the topic ""Gadgets""?",Artificial Intelligence,Aviation,Gadgets,Algebra,Gadgets,,,text,80,8,true
Social Media,easy,"Choose the category that best matches ""Social Media"".",Social Media,Biology,Modern History,Aviation,Social Media,,,text,20,12,true
Social Media,easy,"Choose the category that best matches ""Social Media"".",Mountains & Peaks,Artificial Intelligence,Programming (Java),Social Media,Social Media,,,text,20,12,true
Social Media,easy,"Choose the category that best matches ""Social Media"".",Famous Personalities,Blockchain,Gaming,Social Media,Social Media,,,text,20,12,true
Social Media,easy,"The topic ""Social Media"" best fits which category?",Movies (Hollywood),Social Media,Interior Design,Fashion,Social Media,,,text,20,12,true
Social Media,easy,Select the correct quiz category for: Social Media.,Stock Market,Social Media,Automobiles,Languages,Social Media,,,text,20,12,true
Social Media,easy,Which category is the best match for: Social Media?,Poetry,Islands,Social Media,Automobiles,Social Media,,,text,20,12,true
Social Media,easy,Select the correct quiz category for: Social Media.,Music (Pop),Social Media,Astronomy,Human Anatomy,Social Media,,,text,20,12,true
Social Media,easy,"Choose the category that best matches ""Social Media"".",Aviation,Social Media,World Continents,Gaming,Social Media,,,text,20,12,true
Social Media,easy,Identify the subject area: Social Media.,Social Media,Islands,Movies (Bollywood),Wildlife,Social Media,,,text,20,12,true
Social Media,easy,Select the correct quiz category for: Social Media.,World Geography,Deserts,Yoga & Health,Social Media,Social Media,,,text,20,12,true
Social Media,easy,"Choose the category that best matches ""Social Media"".",Painting & Art,Social Media,Current Affairs,Robotics,Social Media,,,text,20,12,true
Social Media,easy,"The topic ""Social Media"" best fits which category?",Gadgets,World Religions,Social Media,Current Affairs,Social Media,,,text,20,12,true
Social Media,easy,Select the correct quiz category for: Social Media.,Social Media,Painting & Art,Computer Science,Agriculture,Social Media,,,text,20,12,true
Social Media,easy,"Choose the category that best matches ""Social Media"".",Social Media,Movies (Bollywood),Painting & Art,Architecture,Social Media,,,text,20,12,true
Social Media,easy,"Choose the category that best matches ""Social Media"".",Awards (Nobel),Robotics,Gardening,Social Media,Social Media,,,text,20,12,true
Social Media,easy,"Choose the category that best matches ""Social Media"".",Gardening,Social Media,Algebra,Architecture,Social Media,,,text,20,12,true
Social Media,easy,"Which category does the topic ""Social Media"" belong to?",Social Media,Astronomy,World Leaders,E-commerce,Social Media,,,text,20,12,true
Social Media,easy,"The topic ""Social Media"" best fits which category?",Agriculture,Environmental Science,Modern History,Social Media,Social Media,,,text,20,12,true
Social Media,medium,Which category would most likely include questions on Social Media?,Social Media,Awards (Oscars),Artificial Intelligence,Awards (Nobel),Social Media,,,text,40,10,true
Social Media,medium,Choose the most accurate category for the topic: Social Media.,Basketball,Social Media,Biology,Awards (Oscars),Social Media,,,text,40,10,true
Social Media,medium,Which category would most likely include questions on Social Media?,Social Media,Awards (Nobel),Awards (Oscars),Ancient Civilization,Social Media,,,text,40,10,true
Social Media,medium,"Which subject area most closely matches the topic ""Social Media""?",Astronomy,Ancient Civilization,Awards (Oscars),Social Media,Social Media,,,text,40,10,true
Social Media,medium,"Which field does the topic ""Social Media"" fall under?",Artificial Intelligence,Basketball,Social Media,Agriculture,Social Media,,,text,40,10,true
Social Media,medium,"Best-fit category for ""Social Media"" is:",Social Media,Awards (Nobel),Ancient Civilization,Biology,Social Media,,,text,40,10,true
Social Media,medium,"Which field does the topic ""Social Media"" fall under?",Social Media,Basketball,Ancient Civilization,Awards (Nobel),Social Media,,,text,40,10,true
Social Media,medium,Which category is most closely related to: Social Media?,Social Media,Algebra,Automobiles,Awards (Nobel),Social Media,,,text,40,10,true
Social Media,medium,Which category would most likely include questions on Social Media?,Aviation,Biology,Artificial Intelligence,Social Media,Social Media,,,text,40,10,true
Social Media,medium,"Best-fit category for ""Social Media"" is:",Architecture,Agriculture,Ancient Civilization,Social Media,Social Media,,,text,40,10,true
Social Media,medium,Select the most appropriate category for: Social Media.,Artificial Intelligence,Architecture,Basketball,Social Media,Social Media,,,text,40,10,true
Social Media,medium,Which category is most closely related to: Social Media?,Awards (Oscars),Algebra,Ancient Civilization,Social Media,Social Media,,,text,40,10,true
Social Media,medium,Which category is most closely related to: Social Media?,Social Media,Awards (Nobel),Algebra,Architecture,Social Media,,,text,40,10,true
Social Media,medium,"Which subject area most closely matches the topic ""Social Media""?",Aviation,Algebra,Social Media,Automobiles,Social Media,,,text,40,10,true
Social Media,medium,"Best-fit category for ""Social Media"" is:",Automobiles,Social Media,Ancient Civilization,Awards (Oscars),Social Media,,,text,40,10,true
Social Media,medium,Choose the most accurate category for the topic: Social Media.,Artificial Intelligence,Automobiles,Astronomy,Social Media,Social Media,,,text,40,10,true
Social Media,medium,"Which field does the topic ""Social Media"" fall under?",Artificial Intelligence,Awards (Oscars),Biology,Social Media,Social Media,,,text,40,10,true
Social Media,medium,Which category would most likely include questions on Social Media?,Social Media,Awards (Nobel),Artificial Intelligence,Astronomy,Social Media,,,text,40,10,true
Social Media,hard,"Most precise category for ""Social Media"" is:",Astronomy,Artificial Intelligence,Social Media,Architecture,Social Media,,,text,80,8,true
Social Media,hard,Which subject is the correct classification for: Social Media?,Social Media,Architecture,Artificial Intelligence,Automobiles,Social Media,,,text,80,8,true
Social Media,hard,"Most precise category for ""Social Media"" is:",Ancient Civilization,Agriculture,Social Media,Automobiles,Social Media,,,text,80,8,true
Social Media,hard,Choose the most specific category for: Social Media.,Automobiles,Aviation,Social Media,Astronomy,Social Media,,,text,80,8,true
Social Media,hard,"Most precise category for ""Social Media"" is:",Ancient Civilization,Architecture,Social Media,Agriculture,Social Media,,,text,80,8,true
Social Media,hard,Choose the most specific category for: Social Media.,Aviation,Artificial Intelligence,Social Media,Architecture,Social Media,,,text,80,8,true
Social Media,hard,"Most precise category for ""Social Media"" is:",Social Media,Automobiles,Architecture,Astronomy,Social Media,,,text,80,8,true
Social Media,hard,Choose the most specific category for: Social Media.,Social Media,Architecture,Agriculture,Algebra,Social Media,,,text,80,8,true
Social Media,hard,"Most precise category for ""Social Media"" is:",Architecture,Algebra,Social Media,Agriculture,Social Media,,,text,80,8,true
Social Media,hard,"Which category is the closest match for the topic ""Social Media""?",Astronomy,Automobiles,Social Media,Architecture,Social Media,,,text,80,8,true
Social Media,hard,Which subject is the correct classification for: Social Media?,Algebra,Astronomy,Artificial Intelligence,Social Media,Social Media,,,text,80,8,true
Social Media,hard,Choose the most specific category for: Social Media.,Aviation,Artificial Intelligence,Agriculture,Social Media,Social Media,,,text,80,8,true
Social Media,hard,Pick the category that most accurately represents: Social Media.,Ancient Civilization,Agriculture,Social Media,Architecture,Social Media,,,text,80,8,true
Social Media,hard,Pick the category that most accurately represents: Social Media.,Astronomy,Social Media,Aviation,Artificial Intelligence,Social Media,,,text,80,8,true
Social Media,hard,Choose the most specific category for: Social Media.,Agriculture,Social Media,Artificial Intelligence,Ancient Civilization,Social Media,,,text,80,8,true
Social Media,hard,Choose the most specific category for: Social Media.,Social Media,Astronomy,Artificial Intelligence,Architecture,Social Media,,,text,80,8,true
Social Media,hard,"Which category is the closest match for the topic ""Social Media""?",Algebra,Social Media,Architecture,Astronomy,Social Media,,,text,80,8,true
Social Media,hard,Identify the primary category for: Social Media.,Social Media,Aviation,Ancient Civilization,Automobiles,Social Media,,,text,80,8,true
Social Media,hard,"Which category is the best fit for the topic ""Social Media""?",Social Media,Artificial Intelligence,Automobiles,Astronomy,Social Media,,,text,80,8,true
Social Media,hard,Identify the primary category for: Social Media.,Social Media,Artificial Intelligence,Aviation,Astronomy,Social Media,,,text,80,8,true
Social Media,hard,Which subject is the correct classification for: Social Media?,Architecture,Artificial Intelligence,Ancient Civilization,Social Media,Social Media,,,text,80,8,true
Social Media,hard,Which subject is the correct classification for: Social Media?,Algebra,Agriculture,Architecture,Social Media,Social Media,,,text,80,8,true
Social Media,hard,Choose the most specific category for: Social Media.,Social Media,Algebra,Astronomy,Ancient Civilization,Social Media,,,text,80,8,true
Social Media,hard,Choose the most specific category for: Social Media.,Algebra,Architecture,Ancient Civilization,Social Media,Social Media,,,text,80,8,true
Internet History,easy,Pick the subject area that matches: Internet History.,Gaming,Internet History,Blockchain,Astronomy,Internet History,,,text,20,12,true
Internet History,easy,"Which category does the topic ""Internet History"" belong to?",Wildlife,Internet History,Philosophy,Currencies,Internet History,,,text,20,12,true
Internet History,easy,Select the correct quiz category for: Internet History.,Environmental Science,Internet History,Programming (Python),Programming (Java),Internet History,,,text,20,12,true
Internet History,easy,"Choose the category that best matches ""Internet History"".",Internet History,Tennis,Football,Chemistry,Internet History,,,text,20,12,true
Internet History,easy,Identify the subject area: Internet History.,Movies (Bollywood),National Parks,World Continents,Internet History,Internet History,,,text,20,12,true
Internet History,easy,"Which category does the topic ""Internet History"" belong to?",Pharmacology,Climate Change,Internet History,Machine Learning,Internet History,,,text,20,12,true
Internet History,easy,Which quiz category would include: Internet History?,Environmental Science,Programming (Python),Machine Learning,Internet History,Internet History,,,text,20,12,true
Internet History,easy,"Choose the category that best matches ""Internet History"".",Olympic Games,Human Anatomy,Gadgets,Internet History,Internet History,,,text,20,12,true
Internet History,easy,Which category is the best match for: Internet History?,Current Affairs,Internet History,Algebra,Oceans & Seas,Internet History,,,text,20,12,true
Internet History,easy,Identify the subject area: Internet History.,National Flags,Oceans & Seas,Awards (Oscars),Internet History,Internet History,,,text,20,12,true
Internet History,easy,Identify the subject area: Internet History.,Rivers & Lakes,Gadgets,Internet History,Poetry,Internet History,,,text,20,12,true
Internet History,easy,Select the correct quiz category for: Internet History.,Mythology (Indian),Brands & Logos,Internet History,Programming (Java),Internet History,,,text,20,12,true
Internet History,easy,"Which category does the topic ""Internet History"" belong to?",Networking,Mathematics,Internet History,Algebra,Internet History,,,text,20,12,true
Internet History,easy,Which quiz category would include: Internet History?,Ancient Civilization,Yoga & Health,Internet History,Gardening,Internet History,,,text,20,12,true
Internet History,easy,Identify the subject area: Internet History.,Internet History,Economics,Mythology (Greek),Robotics,Internet History,,,text,20,12,true
Internet History,easy,Which category is the best match for: Internet History?,Artificial Intelligence,Astronomy,Internet History,Psychology,Internet History,,,text,20,12,true
Internet History,easy,"The topic ""Internet History"" best fits which category?",Internet History,Architecture,Economics,Rivers & Lakes,Internet History,,,text,20,12,true
Internet History,easy,Identify the subject area: Internet History.,Mythology (Indian),Psychology,Gaming,Internet History,Internet History,,,text,20,12,true
Internet History,medium,"Which subject area most closely matches the topic ""Internet History""?",Indian History,Internet History,Artificial Intelligence,Aviation,Internet History,,,text,40,10,true
Internet History,medium,"Which subject area most closely matches the topic ""Internet History""?",Internet History,Artificial Intelligence,Indian History,Architecture,Internet History,,,text,40,10,true
Internet History,medium,Which category is most closely related to: Internet History?,Architecture,Indian History,Agriculture,Internet History,Internet History,,,text,40,10,true
Internet History,medium,"Which field does the topic ""Internet History"" fall under?",Awards (Oscars),Architecture,Agriculture,Internet History,Internet History,,,text,40,10,true
Internet History,medium,Choose the most accurate category for the topic: Internet History.,Awards (Nobel),Internet History,Architecture,Indian History,Internet History,,,text,40,10,true
Internet History,medium,Which category is most closely related to: Internet History?,Internet History,Agriculture,Awards (Nobel),Algebra,Internet History,,,text,40,10,true
Internet History,medium,Which category would most likely include questions on Internet History?,Architecture,Automobiles,Awards (Oscars),Internet History,Internet History,,,text,40,10,true
Internet History,medium,Choose the most accurate category for the topic: Internet History.,Architecture,Awards (Oscars),Aviation,Internet History,Internet History,,,text,40,10,true
Internet History,medium,Select the most appropriate category for: Internet History.,Algebra,Astronomy,Awards (Nobel),Internet History,Internet History,,,text,40,10,true
Internet History,medium,"Best-fit category for ""Internet History"" is:",Artificial Intelligence,Aviation,Architecture,Internet History,Internet History,,,text,40,10,true
Internet History,medium,Which category would most likely include questions on Internet History?,Algebra,Agriculture,Awards (Oscars),Internet History,Internet History,,,text,40,10,true
Internet History,medium,Which category would most likely include questions on Internet History?,Awards (Nobel),Architecture,Internet History,Automobiles,Internet History,,,text,40,10,true
Internet History,medium,"Which field does the topic ""Internet History"" fall under?",Aviation,Awards (Nobel),Awards (Oscars),Internet History,Internet History,,,text,40,10,true
Internet History,medium,Select the most appropriate category for: Internet History.,Astronomy,Internet History,Agriculture,Algebra,Internet History,,,text,40,10,true
Internet History,medium,"Best-fit category for ""Internet History"" is:",Internet History,Awards (Nobel),Ancient Civilization,Artificial Intelligence,Internet History,,,text,40,10,true
Internet History,medium,"Which subject area most closely matches the topic ""Internet History""?",Algebra,Internet History,Astronomy,Modern History,Internet History,,,text,40,10,true
Internet History,medium,Choose the most accurate category for the topic: Internet History.,Agriculture,Internet History,Architecture,Algebra,Internet History,,,text,40,10,true
Internet History,medium,Choose the most accurate category for the topic: Internet History.,Ancient Civilization,Aviation,Awards (Oscars),Internet History,Internet History,,,text,40,10,true
Internet History,hard,Identify the primary category for: Internet History.,Architecture,Internet History,Indian History,Astronomy,Internet History,,,text,80,8,true
Internet History,hard,Choose the most specific category for: Internet History.,Ancient Civilization,Internet History,Architecture,Modern History,Internet History,,,text,80,8,true
Internet History,hard,Pick the category that most accurately represents: Internet History.,Astronomy,Internet History,Architecture,Algebra,Internet History,,,text,80,8,true
Internet History,hard,Identify the primary category for: Internet History.,Indian History,Artificial Intelligence,Internet History,Modern History,Internet History,,,text,80,8,true
Internet History,hard,"Most precise category for ""Internet History"" is:",Architecture,Indian History,Ancient Civilization,Internet History,Internet History,,,text,80,8,true
Internet History,hard,Select the category that most precisely fits: Internet History.,Ancient Civilization,Architecture,Agriculture,Internet History,Internet History,,,text,80,8,true
Internet History,hard,"Most precise category for ""Internet History"" is:",Astronomy,Architecture,Internet History,Algebra,Internet History,,,text,80,8,true
Internet History,hard,Which subject is the correct classification for: Internet History?,Artificial Intelligence,Indian History,Internet History,Modern History,Internet History,,,text,80,8,true
Internet History,hard,Pick the category that most accurately represents: Internet History.,Artificial Intelligence,Internet History,Agriculture,Algebra,Internet History,,,text,80,8,true
Internet History,hard,"Most precise category for ""Internet History"" is:",Architecture,Astronomy,Internet History,Modern History,Internet History,,,text,80,8,true
Internet History,hard,Which subject is the correct classification for: Internet History?,Modern History,Agriculture,Algebra,Internet History,Internet History,,,text,80,8,true
Internet History,hard,Choose the most specific category for: Internet History.,Indian History,Agriculture,Internet History,Artificial Intelligence,Internet History,,,text,80,8,true
Internet History,hard,"Most precise category for ""Internet History"" is:",Internet History,Architecture,Astronomy,Modern History,Internet History,,,text,80,8,true
Internet History,hard,"Which category is the best fit for the topic ""Internet History""?",Internet History,Ancient Civilization,Indian History,Astronomy,Internet History,,,text,80,8,true
Internet History,hard,"Which category is the best fit for the topic ""Internet History""?",Internet History,Astronomy,Artificial Intelligence,Ancient Civilization,Internet History,,,text,80,8,true
Internet History,hard,"Most precise category for ""Internet History"" is:",Ancient Civilization,Architecture,Algebra,Internet History,Internet History,,,text,80,8,true
Internet History,hard,Which subject is the correct classification for: Internet History?,Astronomy,Indian History,Architecture,Internet History,Internet History,,,text,80,8,true
Internet History,hard,"Which category is the best fit for the topic ""Internet History""?",Internet History,Algebra,Architecture,Astronomy,Internet History,,,text,80,8,true
Internet History,hard,Pick the category that most accurately represents: Internet History.,Internet History,Architecture,Indian History,Agriculture,Internet History,,,text,80,8,true
Internet History,hard,Identify the primary category for: Internet History.,Indian History,Internet History,Modern History,Astronomy,Internet History,,,text,80,8,true
Internet History,hard,Which subject is the correct classification for: Internet History?,Architecture,Internet History,Modern History,Indian History,Internet History,,,text,80,8,true
Internet History,hard,"Most precise category for ""Internet History"" is:",Indian History,Internet History,Algebra,Astronomy,Internet History,,,text,80,8,true
Internet History,hard,Identify the primary category for: Internet History.,Artificial Intelligence,Algebra,Internet History,Modern History,Internet History,,,text,80,8,true
Internet History,hard,"Most precise category for ""Internet History"" is:",Ancient Civilization,Modern History,Algebra,Internet History,Internet History,,,text,80,8,true
Gaming,easy,Which quiz category would include: Gaming?,Logistics,Gaming,Climate Change,Cyber Security,Gaming,,,text,20,12,true
Gaming,easy,"The topic ""Gaming"" best fits which category?",Food & Cuisine,Gaming,Logistics,Current Affairs,Gaming,,,text,20,12,true
Gaming,easy,Identify the subject area: Gaming.,Inventions & Discoveries,Gaming,Business Tycoons,Chemistry,Gaming,,,text,20,12,true
Gaming,easy,"Which category does the topic ""Gaming"" belong to?",Pharmacology,Gaming,Basketball,Fashion,Gaming,,,text,20,12,true
Gaming,easy,Which category is the best match for: Gaming?,Oceans & Seas,Gaming,Mythology (Indian),Awards (Nobel),Gaming,,,text,20,12,true
Gaming,easy,"The topic ""Gaming"" best fits which category?",Painting & Art,Cricket,Gaming,Automobiles,Gaming,,,text,20,12,true
Gaming,easy,"Choose the category that best matches ""Gaming"".",E-commerce,Gaming,Psychology,Interior Design,Gaming,,,text,20,12,true
Gaming,easy,Which category is the best match for: Gaming?,Awards (Nobel),Biology,Gaming,Famous Personalities,Gaming,,,text,20,12,true
Gaming,easy,Which category is the best match for: Gaming?,Mythology (Greek),Photography,Chess,Gaming,Gaming,,,text,20,12,true
Gaming,easy,"Which category does the topic ""Gaming"" belong to?",Gaming,Stock Market,Political Science,Awards (Nobel),Gaming,,,text,20,12,true
Gaming,easy,Pick the subject area that matches: Gaming.,Modern Literature,Trigonometry,Gaming,Internet History,Gaming,,,text,20,12,true
Gaming,easy,Select the correct quiz category for: Gaming.,World Continents,Cyber Security,Gaming,Psychology,Gaming,,,text,20,12,true
Gaming,easy,"Which category does the topic ""Gaming"" belong to?",Gaming,Islands,Ancient Civilization,Aviation,Gaming,,,text,20,12,true
Gaming,easy,"Choose the category that best matches ""Gaming"".",Yoga & Health,Space Exploration,Gaming,Social Media,Gaming,,,text,20,12,true
Gaming,easy,Which quiz category would include: Gaming?,Mythology (Norse),Photography,Yoga & Health,Gaming,Gaming,,,text,20,12,true
Gaming,easy,Select the correct quiz category for: Gaming.,E-commerce,Gaming,Human Anatomy,National Flags,Gaming,,,text,20,12,true
Gaming,easy,"The topic ""Gaming"" best fits which category?",E-commerce,Geometry,Environmental Science,Gaming,Gaming,,,text,20,12,true
Gaming,easy,"The topic ""Gaming"" best fits which category?",Gaming,Modern History,Mountains & Peaks,Currencies,Gaming,,,text,20,12,true
Gaming,medium,Which category would most likely include questions on Gaming?,Agriculture,Awards (Oscars),Gaming,Astronomy,Gaming,,,text,40,10,true
Gaming,medium,Choose the most accurate category for the topic: Gaming.,Basketball,Biology,Astronomy,Gaming,Gaming,,,text,40,10,true
Gaming,medium,Choose the most accurate category for the topic: Gaming.,Aviation,Awards (Nobel),Biology,Gaming,Gaming,,,text,40,10,true
Gaming,medium,"Which field does the topic ""Gaming"" fall under?",Basketball,Aviation,Gaming,Awards (Nobel),Gaming,,,text,40,10,true
Gaming,medium,Which category is most closely related to: Gaming?,Aviation,Architecture,Gaming,Algebra,Gaming,,,text,40,10,true
Gaming,medium,Choose the most accurate category for the topic: Gaming.,Aviation,Automobiles,Biology,Gaming,Gaming,,,text,40,10,true
Gaming,medium,Choose the most accurate category for the topic: Gaming.,Gaming,Aviation,Artificial Intelligence,Awards (Nobel),Gaming,,,text,40,10,true
Gaming,medium,Select the most appropriate category for: Gaming.,Gaming,Artificial Intelligence,Awards (Oscars),Ancient Civilization,Gaming,,,text,40,10,true
Gaming,medium,Which category is most closely related to: Gaming?,Gaming,Algebra,Artificial Intelligence,Biology,Gaming,,,text,40,10,true
Gaming,medium,Which category would most likely include questions on Gaming?,Awards (Oscars),Artificial Intelligence,Architecture,Gaming,Gaming,,,text,40,10,true
Gaming,medium,"Which subject area most closely matches the topic ""Gaming""?",Awards (Nobel),Gaming,Artificial Intelligence,Awards (Oscars),Gaming,,,text,40,10,true
Gaming,medium,Choose the most accurate category for the topic: Gaming.,Gaming,Algebra,Basketball,Aviation,Gaming,,,text,40,10,true
Gaming,medium,"Which field does the topic ""Gaming"" fall under?",Algebra,Gaming,Automobiles,Astronomy,Gaming,,,text,40,10,true
Gaming,medium,Choose the most accurate category for the topic: Gaming.,Aviation,Astronomy,Architecture,Gaming,Gaming,,,text,40,10,true
Gaming,medium,"Which field does the topic ""Gaming"" fall under?",Awards (Nobel),Astronomy,Awards (Oscars),Gaming,Gaming,,,text,40,10,true
Gaming,medium,"Best-fit category for ""Gaming"" is:",Awards (Oscars),Gaming,Algebra,Agriculture,Gaming,,,text,40,10,true
Gaming,medium,Choose the most accurate category for the topic: Gaming.,Astronomy,Gaming,Awards (Oscars),Awards (Nobel),Gaming,,,text,40,10,true
Gaming,medium,Which category would most likely include questions on Gaming?,Awards (Nobel),Awards (Oscars),Gaming,Automobiles,Gaming,,,text,40,10,true
Gaming,hard,Identify the primary category for: Gaming.,Architecture,Gaming,Algebra,Astronomy,Gaming,,,text,80,8,true
Gaming,hard,Identify the primary category for: Gaming.,Architecture,Gaming,Ancient Civilization,Aviation,Gaming,,,text,80,8,true
Gaming,hard,"Most precise category for ""Gaming"" is:",Ancient Civilization,Gaming,Astronomy,Agriculture,Gaming,,,text,80,8,true
Gaming,hard,Choose the most specific category for: Gaming.,Artificial Intelligence,Gaming,Astronomy,Algebra,Gaming,,,text,80,8,true
Gaming,hard,Pick the category that most accurately represents: Gaming.,Aviation,Algebra,Gaming,Artificial Intelligence,Gaming,,,text,80,8,true
Gaming,hard,Which subject is the correct classification for: Gaming?,Astronomy,Artificial Intelligence,Aviation,Gaming,Gaming,,,text,80,8,true
Gaming,hard,Pick the category that most accurately represents: Gaming.,Gaming,Artificial Intelligence,Algebra,Architecture,Gaming,,,text,80,8,true
Gaming,hard,"Which category is the best fit for the topic ""Gaming""?",Gaming,Astronomy,Automobiles,Aviation,Gaming,,,text,80,8,true
Gaming,hard,"Which category is the best fit for the topic ""Gaming""?",Algebra,Ancient Civilization,Gaming,Architecture,Gaming,,,text,80,8,true
Gaming,hard,Choose the most specific category for: Gaming.,Astronomy,Gaming,Algebra,Aviation,Gaming,,,text,80,8,true
Gaming,hard,Identify the primary category for: Gaming.,Gaming,Artificial Intelligence,Algebra,Aviation,Gaming,,,text,80,8,true
Gaming,hard,"Which category is the best fit for the topic ""Gaming""?",Ancient Civilization,Gaming,Algebra,Agriculture,Gaming,,,text,80,8,true
Gaming,hard,"Which category is the closest match for the topic ""Gaming""?",Agriculture,Gaming,Architecture,Astronomy,Gaming,,,text,80,8,true
Gaming,hard,Choose the most specific category for: Gaming.,Agriculture,Ancient Civilization,Astronomy,Gaming,Gaming,,,text,80,8,true
Gaming,hard,Choose the most specific category for: Gaming.,Gaming,Ancient Civilization,Artificial Intelligence,Automobiles,Gaming,,,text,80,8,true
Gaming,hard,Pick the category that most accurately represents: Gaming.,Gaming,Agriculture,Architecture,Astronomy,Gaming,,,text,80,8,true
Gaming,hard,"Which category is the best fit for the topic ""Gaming""?",Automobiles,Algebra,Astronomy,Gaming,Gaming,,,text,80,8,true
Gaming,hard,Select the category that most precisely fits: Gaming.,Agriculture,Artificial Intelligence,Automobiles,Gaming,Gaming,,,text,80,8,true
Gaming,hard,Select the category that most precisely fits: Gaming.,Aviation,Agriculture,Artificial Intelligence,Gaming,Gaming,,,text,80,8,true
Gaming,hard,"Which category is the closest match for the topic ""Gaming""?",Automobiles,Agriculture,Gaming,Architecture,Gaming,,,text,80,8,true
Gaming,hard,"Which category is the closest match for the topic ""Gaming""?",Agriculture,Astronomy,Gaming,Algebra,Gaming,,,text,80,8,true
Gaming,hard,Which subject is the correct classification for: Gaming?,Ancient Civilization,Agriculture,Gaming,Architecture,Gaming,,,text,80,8,true
Gaming,hard,"Which category is the closest match for the topic ""Gaming""?",Automobiles,Architecture,Agriculture,Gaming,Gaming,,,text,80,8,true
Gaming,hard,Identify the primary category for: Gaming.,Automobiles,Ancient Civilization,Gaming,Algebra,Gaming,,,text,80,8,true
Comic Books,easy,"Which category does the topic ""Comic Books"" belong to?",Famous Personalities,Indian States,Psychology,Comic Books,Comic Books,,,text,20,12,true
Comic Books,easy,"The topic ""Comic Books"" best fits which category?",Comic Books,Algebra,Political Science,Web Development,Comic Books,,,text,20,12,true
Comic Books,easy,"Choose the category that best matches ""Comic Books"".",Music (Pop),Cricket,Comic Books,Blockchain,Comic Books,,,text,20,12,true
Comic Books,easy,Which category is the best match for: Comic Books?,Classic Literature,Environmental Science,Mythology (Greek),Comic Books,Comic Books,,,text,20,12,true
Comic Books,easy,"Which category does the topic ""Comic Books"" belong to?",Comic Books,Rivers & Lakes,Human Anatomy,Music (Pop),Comic Books,,,text,20,12,true
Comic Books,easy,"The topic ""Comic Books"" best fits which category?",Movies (Bollywood),Logistics,Comic Books,Indian States,Comic Books,,,text,20,12,true
Comic Books,easy,Identify the subject area: Comic Books.,Comic Books,Chemistry,Medicine,Inventions & Discoveries,Comic Books,,,text,20,12,true
Comic Books,easy,Select the correct quiz category for: Comic Books.,Comic Books,English Grammar,Movies (Bollywood),World Leaders,Comic Books,,,text,20,12,true
Comic Books,easy,"Which category does the topic ""Comic Books"" belong to?",Artificial Intelligence,Languages,Algebra,Comic Books,Comic Books,,,text,20,12,true
Comic Books,easy,"Which category does the topic ""Comic Books"" belong to?",Architecture,Music (Classical),Comic Books,Rivers & Lakes,Comic Books,,,text,20,12,true
Comic Books,easy,Pick the subject area that matches: Comic Books.,Architecture,Comic Books,Indian History,Human Anatomy,Comic Books,,,text,20,12,true
Comic Books,easy,Identify the subject area: Comic Books.,Social Media,Geometry,Comic Books,Poetry,Comic Books,,,text,20,12,true
Comic Books,easy,Select the correct quiz category for: Comic Books.,Food & Cuisine,Mythology (Greek),Finance,Comic Books,Comic Books,,,text,20,12,true
Comic Books,easy,"Which category does the topic ""Comic Books"" belong to?",Marketing,Chemistry,Comic Books,Trigonometry,Comic Books,,,text,20,12,true
Comic Books,easy,Which category is the best match for: Comic Books?,Mythology (Greek),Comic Books,Climate Change,Algebra,Comic Books,,,text,20,12,true
Comic Books,easy,"Choose the category that best matches ""Comic Books"".",Comic Books,Stock Market,Programming (Python),Aviation,Comic Books,,,text,20,12,true
Comic Books,easy,Which category is the best match for: Comic Books?,Gadgets,Comic Books,Inventions & Discoveries,Gardening,Comic Books,,,text,20,12,true
Comic Books,easy,"The topic ""Comic Books"" best fits which category?",National Parks,Comic Books,World Geography,Algebra,Comic Books,,,text,20,12,true
Comic Books,medium,"Which field does the topic ""Comic Books"" fall under?",Automobiles,Algebra,Basketball,Comic Books,Comic Books,,,text,40,10,true
Comic Books,medium,"Which field does the topic ""Comic Books"" fall under?",Ancient Civilization,Comic Books,Biology,Architecture,Comic Books,,,text,40,10,true
Comic Books,medium,Pick the best category for this quiz topic: Comic Books.,Agriculture,Awards (Oscars),Algebra,Comic Books,Comic Books,,,text,40,10,true
Comic Books,medium,"Which subject area most closely matches the topic ""Comic Books""?",Awards (Oscars),Architecture,Aviation,Comic Books,Comic Books,,,text,40,10,true
Comic Books,medium,Pick the best category for this quiz topic: Comic Books.,Comic Books,Aviation,Agriculture,Awards (Nobel),Comic Books,,,text,40,10,true
Comic Books,medium,Select the most appropriate category for: Comic Books.,Agriculture,Artificial Intelligence,Awards (Nobel),Comic Books,Comic Books,,,text,40,10,true
Comic Books,medium,Select the most appropriate category for: Comic Books.,Awards (Nobel),Basketball,Comic Books,Agriculture,Comic Books,,,text,40,10,true
Comic Books,medium,"Which subject area most closely matches the topic ""Comic Books""?",Artificial Intelligence,Automobiles,Comic Books,Ancient Civilization,Comic Books,,,text,40,10,true
Comic Books,medium,"Which subject area most closely matches the topic ""Comic Books""?",Comic Books,Algebra,Aviation,Architecture,Comic Books,,,text,40,10,true
Comic Books,medium,Select the most appropriate category for: Comic Books.,Aviation,Awards (Nobel),Automobiles,Comic Books,Comic Books,,,text,40,10,true
Comic Books,medium,Which category would most likely include questions on Comic Books?,Basketball,Aviation,Architecture,Comic Books,Comic Books,,,text,40,10,true
Comic Books,medium,Which category is most closely related to: Comic Books?,Comic Books,Basketball,Ancient Civilization,Agriculture,Comic Books,,,text,40,10,true
Comic Books,medium,Select the most appropriate category for: Comic Books.,Comic Books,Automobiles,Ancient Civilization,Awards (Oscars),Comic Books,,,text,40,10,true
Comic Books,medium,"Best-fit category for ""Comic Books"" is:",Automobiles,Ancient Civilization,Comic Books,Agriculture,Comic Books,,,text,40,10,true
Comic Books,medium,"Which field does the topic ""Comic Books"" fall under?",Comic Books,Basketball,Aviation,Agriculture,Comic Books,,,text,40,10,true
Comic Books,medium,"Best-fit category for ""Comic Books"" is:",Basketball,Comic Books,Agriculture,Artificial Intelligence,Comic Books,,,text,40,10,true
Comic Books,medium,Choose the most accurate category for the topic: Comic Books.,Algebra,Comic Books,Architecture,Biology,Comic Books,,,text,40,10,true
Comic Books,medium,Pick the best category for this quiz topic: Comic Books.,Comic Books,Algebra,Astronomy,Architecture,Comic Books,,,text,40,10,true
Comic Books,hard,"Most precise category for ""Comic Books"" is:",Aviation,Ancient Civilization,Comic Books,Automobiles,Comic Books,,,text,80,8,true
Comic Books,hard,"Which category is the closest match for the topic ""Comic Books""?",Architecture,Comic Books,Aviation,Agriculture,Comic Books,,,text,80,8,true
Comic Books,hard,Choose the most specific category for: Comic Books.,Ancient Civilization,Algebra,Comic Books,Artificial Intelligence,Comic Books,,,text,80,8,true
Comic Books,hard,"Which category is the closest match for the topic ""Comic Books""?",Architecture,Aviation,Astronomy,Comic Books,Comic Books,,,text,80,8,true
Comic Books,hard,Pick the category that most accurately represents: Comic Books.,Comic Books,Agriculture,Astronomy,Automobiles,Comic Books,,,text,80,8,true
Comic Books,hard,"Which category is the closest match for the topic ""Comic Books""?",Comic Books,Architecture,Aviation,Automobiles,Comic Books,,,text,80,8,true
Comic Books,hard,Select the category that most precisely fits: Comic Books.,Comic Books,Artificial Intelligence,Algebra,Automobiles,Comic Books,,,text,80,8,true
Comic Books,hard,"Most precise category for ""Comic Books"" is:",Artificial Intelligence,Aviation,Automobiles,Comic Books,Comic Books,,,text,80,8,true
Comic Books,hard,Choose the most specific category for: Comic Books.,Algebra,Artificial Intelligence,Comic Books,Automobiles,Comic Books,,,text,80,8,true
Comic Books,hard,Select the category that most precisely fits: Comic Books.,Astronomy,Algebra,Comic Books,Ancient Civilization,Comic Books,,,text,80,8,true
Comic Books,hard,"Which category is the closest match for the topic ""Comic Books""?",Ancient Civilization,Comic Books,Artificial Intelligence,Astronomy,Comic Books,,,text,80,8,true
Comic Books,hard,Identify the primary category for: Comic Books.,Artificial Intelligence,Astronomy,Aviation,Comic Books,Comic Books,,,text,80,8,true
Comic Books,hard,"Which category is the best fit for the topic ""Comic Books""?",Comic Books,Astronomy,Artificial Intelligence,Automobiles,Comic Books,,,text,80,8,true
Comic Books,hard,Choose the most specific category for: Comic Books.,Algebra,Comic Books,Automobiles,Agriculture,Comic Books,,,text,80,8,true
Comic Books,hard,"Most precise category for ""Comic Books"" is:",Artificial Intelligence,Agriculture,Comic Books,Ancient Civilization,Comic Books,,,text,80,8,true
Comic Books,hard,"Which category is the best fit for the topic ""Comic Books""?",Automobiles,Artificial Intelligence,Architecture,Comic Books,Comic Books,,,text,80,8,true
Comic Books,hard,Select the category that most precisely fits: Comic Books.,Agriculture,Architecture,Ancient Civilization,Comic Books,Comic Books,,,text,80,8,true
Comic Books,hard,Identify the primary category for: Comic Books.,Artificial Intelligence,Astronomy,Comic Books,Aviation,Comic Books,,,text,80,8,true
Comic Books,hard,"Most precise category for ""Comic Books"" is:",Comic Books,Ancient Civilization,Automobiles,Astronomy,Comic Books,,,text,80,8,true
Comic Books,hard,"Which category is the closest match for the topic ""Comic Books""?",Comic Books,Architecture,Aviation,Artificial Intelligence,Comic Books,,,text,80,8,true
Comic Books,hard,Choose the most specific category for: Comic Books.,Agriculture,Comic Books,Ancient Civilization,Algebra,Comic Books,,,text,80,8,true
Comic Books,hard,"Most precise category for ""Comic Books"" is:",Algebra,Aviation,Comic Books,Ancient Civilization,Comic Books,,,text,80,8,true
Comic Books,hard,Select the category that most precisely fits: Comic Books.,Comic Books,Agriculture,Astronomy,Artificial Intelligence,Comic Books,,,text,80,8,true
Comic Books,hard,Identify the primary category for: Comic Books.,Artificial Intelligence,Comic Books,Architecture,Agriculture,Comic Books,,,text,80,8,true
Superheroes,easy,Which quiz category would include: Superheroes?,Artificial Intelligence,Machine Learning,Philosophy,Superheroes,Superheroes,,,text,20,12,true
Superheroes,easy,"Choose the category that best matches ""Superheroes"".",Superheroes,Physics,Brands & Logos,Networking,Superheroes,,,text,20,12,true
Superheroes,easy,Pick the subject area that matches: Superheroes.,Superheroes,Gardening,Internet History,Brands & Logos,Superheroes,,,text,20,12,true
Superheroes,easy,"Which category does the topic ""Superheroes"" belong to?",Mythology (Norse),Marketing,Superheroes,Internet History,Superheroes,,,text,20,12,true
Superheroes,easy,Pick the subject area that matches: Superheroes.,Oceans & Seas,Superheroes,Fashion,Internet History,Superheroes,,,text,20,12,true
Superheroes,easy,"Choose the category that best matches ""Superheroes"".",Mythology (Greek),Programming (Python),Superheroes,Olympic Games,Superheroes,,,text,20,12,true
Superheroes,easy,Which category is the best match for: Superheroes?,Physics,Social Media,Programming (Python),Superheroes,Superheroes,,,text,20,12,true
Superheroes,easy,"The topic ""Superheroes"" best fits which category?",Economics,Computer Science,Robotics,Superheroes,Superheroes,,,text,20,12,true
Superheroes,easy,Select the correct quiz category for: Superheroes.,Classic Literature,Superheroes,Trigonometry,Algebra,Superheroes,,,text,20,12,true
Superheroes,easy,Which quiz category would include: Superheroes?,Poetry,Awards (Oscars),Classic Literature,Superheroes,Superheroes,,,text,20,12,true
Superheroes,easy,Pick the subject area that matches: Superheroes.,Environmental Science,Superheroes,Modern Literature,Mountains & Peaks,Superheroes,,,text,20,12,true
Superheroes,easy,Pick the subject area that matches: Superheroes.,Fashion,Olympic Games,Superheroes,Poetry,Superheroes,,,text,20,12,true
Superheroes,easy,"Choose the category that best matches ""Superheroes"".",Football,Robotics,Blockchain,Superheroes,Superheroes,,,text,20,12,true
Superheroes,easy,Select the correct quiz category for: Superheroes.,Human Anatomy,Tennis,Pharmacology,Superheroes,Superheroes,,,text,20,12,true
Superheroes,easy,Pick the subject area that matches: Superheroes.,World Religions,Robotics,Movies (Bollywood),Superheroes,Superheroes,,,text,20,12,true
Superheroes,easy,Which quiz category would include: Superheroes?,Rivers & Lakes,Movies (Hollywood),Superheroes,Economics,Superheroes,,,text,20,12,true
Superheroes,easy,"Which category does the topic ""Superheroes"" belong to?",Sociology,Programming (Python),Superheroes,Mythology (Indian),Superheroes,,,text,20,12,true
Superheroes,easy,Select the correct quiz category for: Superheroes.,Football,Rivers & Lakes,Superheroes,Web Development,Superheroes,,,text,20,12,true
Superheroes,medium,Which category would most likely include questions on Superheroes?,Awards (Oscars),Algebra,Architecture,Superheroes,Superheroes,,,text,40,10,true
Superheroes,medium,Choose the most accurate category for the topic: Superheroes.,Architecture,Agriculture,Superheroes,Ancient Civilization,Superheroes,,,text,40,10,true
Superheroes,medium,Pick the best category for this quiz topic: Superheroes.,Awards (Nobel),Ancient Civilization,Superheroes,Awards (Oscars),Superheroes,,,text,40,10,true
Superheroes,medium,Select the most appropriate category for: Superheroes.,Ancient Civilization,Awards (Nobel),Superheroes,Algebra,Superheroes,,,text,40,10,true
Superheroes,medium,Which category is most closely related to: Superheroes?,Astronomy,Aviation,Agriculture,Superheroes,Superheroes,,,text,40,10,true
Superheroes,medium,Which category is most closely related to: Superheroes?,Superheroes,Agriculture,Architecture,Automobiles,Superheroes,,,text,40,10,true
Superheroes,medium,Choose the most accurate category for the topic: Superheroes.,Superheroes,Biology,Ancient Civilization,Awards (Nobel),Superheroes,,,text,40,10,true
Superheroes,medium,"Which subject area most closely matches the topic ""Superheroes""?",Agriculture,Biology,Superheroes,Awards (Nobel),Superheroes,,,text,40,10,true
Superheroes,medium,"Which field does the topic ""Superheroes"" fall under?",Ancient Civilization,Artificial Intelligence,Agriculture,Superheroes,Superheroes,,,text,40,10,true
Superheroes,medium,"Which subject area most closely matches the topic ""Superheroes""?",Basketball,Superheroes,Automobiles,Artificial Intelligence,Superheroes,,,text,40,10,true
Superheroes,medium,"Which field does the topic ""Superheroes"" fall under?",Awards (Nobel),Aviation,Agriculture,Superheroes,Superheroes,,,text,40,10,true
Superheroes,medium,Which category would most likely include questions on Superheroes?,Biology,Awards (Nobel),Superheroes,Architecture,Superheroes,,,text,40,10,true
Superheroes,medium,Pick the best category for this quiz topic: Superheroes.,Algebra,Superheroes,Artificial Intelligence,Architecture,Superheroes,,,text,40,10,true
Superheroes,medium,Choose the most accurate category for the topic: Superheroes.,Superheroes,Astronomy,Agriculture,Ancient Civilization,Superheroes,,,text,40,10,true
Superheroes,medium,Which category is most closely related to: Superheroes?,Architecture,Awards (Oscars),Ancient Civilization,Superheroes,Superheroes,,,text,40,10,true
Superheroes,medium,Select the most appropriate category for: Superheroes.,Superheroes,Agriculture,Architecture,Basketball,Superheroes,,,text,40,10,true
Superheroes,medium,Pick the best category for this quiz topic: Superheroes.,Biology,Automobiles,Superheroes,Astronomy,Superheroes,,,text,40,10,true
Superheroes,medium,Which category is most closely related to: Superheroes?,Superheroes,Agriculture,Automobiles,Aviation,Superheroes,,,text,40,10,true
Superheroes,hard,"Which category is the best fit for the topic ""Superheroes""?",Astronomy,Superheroes,Aviation,Automobiles,Superheroes,,,text,80,8,true
Superheroes,hard,"Which category is the closest match for the topic ""Superheroes""?",Automobiles,Ancient Civilization,Aviation,Superheroes,Superheroes,,,text,80,8,true
Superheroes,hard,Choose the most specific category for: Superheroes.,Agriculture,Superheroes,Ancient Civilization,Artificial Intelligence,Superheroes,,,text,80,8,true
Superheroes,hard,Select the category that most precisely fits: Superheroes.,Astronomy,Superheroes,Aviation,Automobiles,Superheroes,,,text,80,8,true
Superheroes,hard,Identify the primary category for: Superheroes.,Agriculture,Aviation,Astronomy,Superheroes,Superheroes,,,text,80,8,true
Superheroes,hard,"Which category is the closest match for the topic ""Superheroes""?",Aviation,Astronomy,Automobiles,Superheroes,Superheroes,,,text,80,8,true
Superheroes,hard,Pick the category that most accurately represents: Superheroes.,Architecture,Agriculture,Astronomy,Superheroes,Superheroes,,,text,80,8,true
Superheroes,hard,Identify the primary category for: Superheroes.,Superheroes,Artificial Intelligence,Architecture,Astronomy,Superheroes,,,text,80,8,true
Superheroes,hard,Select the category that most precisely fits: Superheroes.,Algebra,Astronomy,Superheroes,Artificial Intelligence,Superheroes,,,text,80,8,true
Superheroes,hard,Select the category that most precisely fits: Superheroes.,Aviation,Superheroes,Automobiles,Astronomy,Superheroes,,,text,80,8,true
Superheroes,hard,"Most precise category for ""Superheroes"" is:",Ancient Civilization,Artificial Intelligence,Superheroes,Automobiles,Superheroes,,,text,80,8,true
Superheroes,hard,"Which category is the closest match for the topic ""Superheroes""?",Superheroes,Artificial Intelligence,Astronomy,Algebra,Superheroes,,,text,80,8,true
Superheroes,hard,Choose the most specific category for: Superheroes.,Aviation,Agriculture,Superheroes,Architecture,Superheroes,,,text,80,8,true
Superheroes,hard,Identify the primary category for: Superheroes.,Ancient Civilization,Algebra,Artificial Intelligence,Superheroes,Superheroes,,,text,80,8,true
Superheroes,hard,"Most precise category for ""Superheroes"" is:",Architecture,Superheroes,Ancient Civilization,Astronomy,Superheroes,,,text,80,8,true
Superheroes,hard,"Most precise category for ""Superheroes"" is:",Ancient Civilization,Superheroes,Astronomy,Aviation,Superheroes,,,text,80,8,true
Superheroes,hard,"Most precise category for ""Superheroes"" is:",Artificial Intelligence,Agriculture,Automobiles,Superheroes,Superheroes,,,text,80,8,true
Superheroes,hard,"Which category is the best fit for the topic ""Superheroes""?",Algebra,Ancient Civilization,Astronomy,Superheroes,Superheroes,,,text,80,8,true
Superheroes,hard,Which subject is the correct classification for: Superheroes?,Agriculture,Automobiles,Algebra,Superheroes,Superheroes,,,text,80,8,true
Superheroes,hard,"Which category is the best fit for the topic ""Superheroes""?",Algebra,Astronomy,Superheroes,Automobiles,Superheroes,,,text,80,8,true
Superheroes,hard,Choose the most specific category for: Superheroes.,Superheroes,Automobiles,Agriculture,Astronomy,Superheroes,,,text,80,8,true
Superheroes,hard,Choose the most specific category for: Superheroes.,Artificial Intelligence,Architecture,Superheroes,Ancient Civilization,Superheroes,,,text,80,8,true
Superheroes,hard,Choose the most specific category for: Superheroes.,Algebra,Aviation,Artificial Intelligence,Superheroes,Superheroes,,,text,80,8,true
Superheroes,hard,Which subject is the correct classification for: Superheroes?,Superheroes,Algebra,Automobiles,Aviation,Superheroes,,,text,80,8,true
Yoga & Health,easy,"Choose the category that best matches ""Yoga & Health"".",Gardening,Awards (Oscars),Modern History,Yoga & Health,Yoga & Health,,,text,20,12,true
Yoga & Health,easy,Pick the subject area that matches: Yoga & Health.,World Religions,Interior Design,Gardening,Yoga & Health,Yoga & Health,,,text,20,12,true
Yoga & Health,easy,"Choose the category that best matches ""Yoga & Health"".",Rivers & Lakes,Yoga & Health,Robotics,Philosophy,Yoga & Health,,,text,20,12,true
Yoga & Health,easy,"Choose the category that best matches ""Yoga & Health"".",Fashion,Poetry,Mountains & Peaks,Yoga & Health,Yoga & Health,,,text,20,12,true
Yoga & Health,easy,Which quiz category would include: Yoga & Health?,Yoga & Health,Biology,Ancient Civilization,National Parks,Yoga & Health,,,text,20,12,true
Yoga & Health,easy,"Which category does the topic ""Yoga & Health"" belong to?",Agriculture,Yoga & Health,Stock Market,Deserts,Yoga & Health,,,text,20,12,true
Yoga & Health,easy,"The topic ""Yoga & Health"" best fits which category?",Food & Cuisine,Machine Learning,Modern History,Yoga & Health,Yoga & Health,,,text,20,12,true
Yoga & Health,easy,Pick the subject area that matches: Yoga & Health.,Web Development,Islands,Biology,Yoga & Health,Yoga & Health,,,text,20,12,true
Yoga & Health,easy,Identify the subject area: Yoga & Health.,Football,Movies (Bollywood),Yoga & Health,Space Exploration,Yoga & Health,,,text,20,12,true
Yoga & Health,easy,Pick the subject area that matches: Yoga & Health.,Yoga & Health,Internet History,Gadgets,Human Anatomy,Yoga & Health,,,text,20,12,true
Yoga & Health,easy,"The topic ""Yoga & Health"" best fits which category?",Astronomy,Yoga & Health,Web Development,Psychology,Yoga & Health,,,text,20,12,true
Yoga & Health,easy,Select the correct quiz category for: Yoga & Health.,Mobile Development,Yoga & Health,World Religions,Stock Market,Yoga & Health,,,text,20,12,true
Yoga & Health,easy,Pick the subject area that matches: Yoga & Health.,Islands,Yoga & Health,Mountains & Peaks,Business Tycoons,Yoga & Health,,,text,20,12,true
Yoga & Health,easy,"The topic ""Yoga & Health"" best fits which category?",Yoga & Health,Political Science,Astronomy,Chemistry,Yoga & Health,,,text,20,12,true
Yoga & Health,easy,Which quiz category would include: Yoga & Health?,Chess,Currencies,Business Tycoons,Yoga & Health,Yoga & Health,,,text,20,12,true
Yoga & Health,easy,"Which category does the topic ""Yoga & Health"" belong to?",Cyber Security,Yoga & Health,Indian States,Gadgets,Yoga & Health,,,text,20,12,true
Yoga & Health,easy,Pick the subject area that matches: Yoga & Health.,Yoga & Health,Agriculture,Chemistry,Fashion,Yoga & Health,,,text,20,12,true
Yoga & Health,easy,Which category is the best match for: Yoga & Health?,Mythology (Norse),World Continents,Yoga & Health,Fashion,Yoga & Health,,,text,20,12,true
Yoga & Health,medium,"Best-fit category for ""Yoga & Health"" is:",Biology,Awards (Oscars),Algebra,Yoga & Health,Yoga & Health,,,text,40,10,true
Yoga & Health,medium,"Best-fit category for ""Yoga & Health"" is:",Yoga & Health,Biology,Agriculture,Awards (Oscars),Yoga & Health,,,text,40,10,true
Yoga & Health,medium,Choose the most accurate category for the topic: Yoga & Health.,Agriculture,Basketball,Awards (Oscars),Yoga & Health,Yoga & Health,,,text,40,10,true
Yoga & Health,medium,Which category is most closely related to: Yoga & Health?,Biology,Yoga & Health,Ancient Civilization,Aviation,Yoga & Health,,,text,40,10,true
Yoga & Health,medium,Pick the best category for this quiz topic: Yoga & Health.,Automobiles,Astronomy,Yoga & Health,Architecture,Yoga & Health,,,text,40,10,true
Yoga & Health,medium,Pick the best category for this quiz topic: Yoga & Health.,Yoga & Health,Ancient Civilization,Astronomy,Awards (Oscars),Yoga & Health,,,text,40,10,true
Yoga & Health,medium,Which category would most likely include questions on Yoga & Health?,Yoga & Health,Astronomy,Ancient Civilization,Agriculture,Yoga & Health,,,text,40,10,true
Yoga & Health,medium,"Which subject area most closely matches the topic ""Yoga & Health""?",Automobiles,Architecture,Aviation,Yoga & Health,Yoga & Health,,,text,40,10,true
Yoga & Health,medium,"Which field does the topic ""Yoga & Health"" fall under?",Architecture,Yoga & Health,Artificial Intelligence,Basketball,Yoga & Health,,,text,40,10,true
Yoga & Health,medium,"Which subject area most closely matches the topic ""Yoga & Health""?",Yoga & Health,Agriculture,Awards (Nobel),Algebra,Yoga & Health,,,text,40,10,true
Yoga & Health,medium,"Which subject area most closely matches the topic ""Yoga & Health""?",Basketball,Agriculture,Yoga & Health,Ancient Civilization,Yoga & Health,,,text,40,10,true
Yoga & Health,medium,Which category would most likely include questions on Yoga & Health?,Aviation,Architecture,Yoga & Health,Basketball,Yoga & Health,,,text,40,10,true
Yoga & Health,medium,Choose the most accurate category for the topic: Yoga & Health.,Agriculture,Yoga & Health,Astronomy,Ancient Civilization,Yoga & Health,,,text,40,10,true
Yoga & Health,medium,"Which field does the topic ""Yoga & Health"" fall under?",Awards (Oscars),Aviation,Yoga & Health,Algebra,Yoga & Health,,,text,40,10,true
Yoga & Health,medium,"Which subject area most closely matches the topic ""Yoga & Health""?",Architecture,Agriculture,Yoga & Health,Artificial Intelligence,Yoga & Health,,,text,40,10,true
Yoga & Health,medium,"Best-fit category for ""Yoga & Health"" is:",Aviation,Algebra,Yoga & Health,Awards (Oscars),Yoga & Health,,,text,40,10,true
Yoga & Health,medium,"Best-fit category for ""Yoga & Health"" is:",Agriculture,Awards (Oscars),Yoga & Health,Algebra,Yoga & Health,,,text,40,10,true
Yoga & Health,medium,"Best-fit category for ""Yoga & Health"" is:",Agriculture,Algebra,Yoga & Health,Awards (Oscars),Yoga & Health,,,text,40,10,true
Yoga & Health,hard,Select the category that most precisely fits: Yoga & Health.,Architecture,Aviation,Yoga & Health,Automobiles,Yoga & Health,,,text,80,8,true
Yoga & Health,hard,"Which category is the best fit for the topic ""Yoga & Health""?",Algebra,Astronomy,Yoga & Health,Agriculture,Yoga & Health,,,text,80,8,true
Yoga & Health,hard,Select the category that most precisely fits: Yoga & Health.,Aviation,Architecture,Ancient Civilization,Yoga & Health,Yoga & Health,,,text,80,8,true
Yoga & Health,hard,"Which category is the closest match for the topic ""Yoga & Health""?",Agriculture,Yoga & Health,Artificial Intelligence,Architecture,Yoga & Health,,,text,80,8,true
Yoga & Health,hard,Select the category that most precisely fits: Yoga & Health.,Yoga & Health,Astronomy,Algebra,Automobiles,Yoga & Health,,,text,80,8,true
Yoga & Health,hard,"Most precise category for ""Yoga & Health"" is:",Architecture,Aviation,Yoga & Health,Artificial Intelligence,Yoga & Health,,,text,80,8,true
Yoga & Health,hard,Choose the most specific category for: Yoga & Health.,Ancient Civilization,Yoga & Health,Algebra,Artificial Intelligence,Yoga & Health,,,text,80,8,true
Yoga & Health,hard,Which subject is the correct classification for: Yoga & Health?,Yoga & Health,Astronomy,Ancient Civilization,Agriculture,Yoga & Health,,,text,80,8,true
Yoga & Health,hard,Which subject is the correct classification for: Yoga & Health?,Aviation,Architecture,Astronomy,Yoga & Health,Yoga & Health,,,text,80,8,true
Yoga & Health,hard,"Which category is the closest match for the topic ""Yoga & Health""?",Automobiles,Astronomy,Yoga & Health,Algebra,Yoga & Health,,,text,80,8,true
Yoga & Health,hard,"Which category is the closest match for the topic ""Yoga & Health""?",Yoga & Health,Ancient Civilization,Automobiles,Algebra,Yoga & Health,,,text,80,8,true
Yoga & Health,hard,"Which category is the closest match for the topic ""Yoga & Health""?",Automobiles,Aviation,Yoga & Health,Astronomy,Yoga & Health,,,text,80,8,true
Yoga & Health,hard,"Which category is the best fit for the topic ""Yoga & Health""?",Architecture,Yoga & Health,Aviation,Automobiles,Yoga & Health,,,text,80,8,true
Yoga & Health,hard,Select the category that most precisely fits: Yoga & Health.,Artificial Intelligence,Aviation,Yoga & Health,Automobiles,Yoga & Health,,,text,80,8,true
Yoga & Health,hard,"Which category is the closest match for the topic ""Yoga & Health""?",Aviation,Automobiles,Yoga & Health,Agriculture,Yoga & Health,,,text,80,8,true
Yoga & Health,hard,"Which category is the best fit for the topic ""Yoga & Health""?",Astronomy,Yoga & Health,Automobiles,Ancient Civilization,Yoga & Health,,,text,80,8,true
Yoga & Health,hard,Choose the most specific category for: Yoga & Health.,Algebra,Agriculture,Yoga & Health,Astronomy,Yoga & Health,,,text,80,8,true
Yoga & Health,hard,"Which category is the closest match for the topic ""Yoga & Health""?",Aviation,Automobiles,Yoga & Health,Astronomy,Yoga & Health,,,text,80,8,true
Yoga & Health,hard,Pick the category that most accurately represents: Yoga & Health.,Yoga & Health,Algebra,Automobiles,Agriculture,Yoga & Health,,,text,80,8,true
Yoga & Health,hard,"Which category is the closest match for the topic ""Yoga & Health""?",Architecture,Yoga & Health,Aviation,Artificial Intelligence,Yoga & Health,,,text,80,8,true
Yoga & Health,hard,Which subject is the correct classification for: Yoga & Health?,Artificial Intelligence,Astronomy,Yoga & Health,Aviation,Yoga & Health,,,text,80,8,true
Yoga & Health,hard,Which subject is the correct classification for: Yoga & Health?,Agriculture,Algebra,Yoga & Health,Automobiles,Yoga & Health,,,text,80,8,true
Yoga & Health,hard,Choose the most specific category for: Yoga & Health.,Yoga & Health,Architecture,Artificial Intelligence,Aviation,Yoga & Health,,,text,80,8,true
Yoga & Health,hard,"Which category is the closest match for the topic ""Yoga & Health""?",Astronomy,Artificial Intelligence,Aviation,Yoga & Health,Yoga & Health,,,text,80,8,true
Photography,easy,Pick the subject area that matches: Photography.,Current Affairs,World Religions,Aviation,Photography,Photography,,,text,20,12,true
Photography,easy,Which category is the best match for: Photography?,Photography,National Parks,Physics,Chess,Photography,,,text,20,12,true
Photography,easy,Select the correct quiz category for: Photography.,Human Anatomy,World Geography,Modern History,Photography,Photography,,,text,20,12,true
Photography,easy,Which category is the best match for: Photography?,Languages,Agriculture,Medicine,Photography,Photography,,,text,20,12,true
Photography,easy,Which category is the best match for: Photography?,Photography,Comic Books,Medicine,Stock Market,Photography,,,text,20,12,true
Photography,easy,"Choose the category that best matches ""Photography"".",Logistics,Photography,Modern Literature,Sociology,Photography,,,text,20,12,true
Photography,easy,Identify the subject area: Photography.,Football,Basketball,Photography,Robotics,Photography,,,text,20,12,true
Photography,easy,Pick the subject area that matches: Photography.,Languages,Football,Photography,Marketing,Photography,,,text,20,12,true
Photography,easy,Pick the subject area that matches: Photography.,Photography,Gaming,Psychology,Basketball,Photography,,,text,20,12,true
Photography,easy,"Choose the category that best matches ""Photography"".",Islands,Architecture,Algebra,Photography,Photography,,,text,20,12,true
Photography,easy,Select the correct quiz category for: Photography.,Business Tycoons,Photography,Marketing,Superheroes,Photography,,,text,20,12,true
Photography,easy,"Which category does the topic ""Photography"" belong to?",Inventions & Discoveries,Photography,Robotics,Philosophy,Photography,,,text,20,12,true
Photography,easy,Select the correct quiz category for: Photography.,Calculus,Photography,Finance,Current Affairs,Photography,,,text,20,12,true
Photography,easy,Pick the subject area that matches: Photography.,Algebra,Finance,Photography,World Religions,Photography,,,text,20,12,true
Photography,easy,Which category is the best match for: Photography?,Basketball,Photography,E-commerce,Calculus,Photography,,,text,20,12,true
Photography,easy,Identify the subject area: Photography.,Artificial Intelligence,Photography,Mythology (Indian),English Grammar,Photography,,,text,20,12,true
Photography,easy,Which quiz category would include: Photography?,Brands & Logos,Classic Literature,Photography,Olympic Games,Photography,,,text,20,12,true
Photography,easy,"Choose the category that best matches ""Photography"".",Islands,Business Tycoons,Photography,Economics,Photography,,,text,20,12,true
Photography,medium,"Which subject area most closely matches the topic ""Photography""?",Ancient Civilization,Astronomy,Photography,Awards (Oscars),Photography,,,text,40,10,true
Photography,medium,"Which subject area most closely matches the topic ""Photography""?",Ancient Civilization,Artificial Intelligence,Agriculture,Photography,Photography,,,text,40,10,true
Photography,medium,Pick the best category for this quiz topic: Photography.,Photography,Agriculture,Biology,Aviation,Photography,,,text,40,10,true
Photography,medium,Pick the best category for this quiz topic: Photography.,Automobiles,Ancient Civilization,Photography,Astronomy,Photography,,,text,40,10,true
Photography,medium,"Which field does the topic ""Photography"" fall under?",Basketball,Artificial Intelligence,Architecture,Photography,Photography,,,text,40,10,true
Photography,medium,Select the most appropriate category for: Photography.,Algebra,Ancient Civilization,Photography,Biology,Photography,,,text,40,10,true
Photography,medium,Select the most appropriate category for: Photography.,Photography,Algebra,Artificial Intelligence,Astronomy,Photography,,,text,40,10,true
Photography,medium,Which category would most likely include questions on Photography?,Automobiles,Agriculture,Basketball,Photography,Photography,,,text,40,10,true
Photography,medium,"Best-fit category for ""Photography"" is:",Awards (Nobel),Photography,Aviation,Ancient Civilization,Photography,,,text,40,10,true
Photography,medium,"Best-fit category for ""Photography"" is:",Photography,Architecture,Basketball,Awards (Oscars),Photography,,,text,40,10,true
Photography,medium,Which category is most closely related to: Photography?,Photography,Aviation,Basketball,Awards (Oscars),Photography,,,text,40,10,true
Photography,medium,"Which subject area most closely matches the topic ""Photography""?",Awards (Nobel),Biology,Agriculture,Photography,Photography,,,text,40,10,true
Photography,medium,"Which subject area most closely matches the topic ""Photography""?",Biology,Artificial Intelligence,Astronomy,Photography,Photography,,,text,40,10,true
Photography,medium,Select the most appropriate category for: Photography.,Artificial Intelligence,Algebra,Photography,Awards (Nobel),Photography,,,text,40,10,true
Photography,medium,Which category would most likely include questions on Photography?,Aviation,Photography,Ancient Civilization,Biology,Photography,,,text,40,10,true
Photography,medium,"Which field does the topic ""Photography"" fall under?",Astronomy,Awards (Oscars),Photography,Biology,Photography,,,text,40,10,true
Photography,medium,"Which subject area most closely matches the topic ""Photography""?",Architecture,Photography,Artificial Intelligence,Awards (Oscars),Photography,,,text,40,10,true
Photography,medium,"Which subject area most closely matches the topic ""Photography""?",Agriculture,Biology,Architecture,Photography,Photography,,,text,40,10,true
Photography,hard,"Which category is the best fit for the topic ""Photography""?",Artificial Intelligence,Ancient Civilization,Algebra,Photography,Photography,,,text,80,8,true
Photography,hard,"Which category is the best fit for the topic ""Photography""?",Algebra,Photography,Agriculture,Architecture,Photography,,,text,80,8,true
Photography,hard,Which subject is the correct classification for: Photography?,Ancient Civilization,Photography,Aviation,Algebra,Photography,,,text,80,8,true
Photography,hard,"Most precise category for ""Photography"" is:",Architecture,Ancient Civilization,Agriculture,Photography,Photography,,,text,80,8,true
Photography,hard,Select the category that most precisely fits: Photography.,Photography,Astronomy,Automobiles,Architecture,Photography,,,text,80,8,true
Photography,hard,Choose the most specific category for: Photography.,Ancient Civilization,Artificial Intelligence,Astronomy,Photography,Photography,,,text,80,8,true
Photography,hard,"Which category is the best fit for the topic ""Photography""?",Agriculture,Photography,Artificial Intelligence,Astronomy,Photography,,,text,80,8,true
Photography,hard,"Which category is the best fit for the topic ""Photography""?",Photography,Aviation,Artificial Intelligence,Agriculture,Photography,,,text,80,8,true
Photography,hard,Identify the primary category for: Photography.,Ancient Civilization,Architecture,Photography,Automobiles,Photography,,,text,80,8,true
Photography,hard,Select the category that most precisely fits: Photography.,Photography,Architecture,Artificial Intelligence,Aviation,Photography,,,text,80,8,true
Photography,hard,"Which category is the best fit for the topic ""Photography""?",Automobiles,Agriculture,Astronomy,Photography,Photography,,,text,80,8,true
Photography,hard,Which subject is the correct classification for: Photography?,Artificial Intelligence,Astronomy,Algebra,Photography,Photography,,,text,80,8,true
Photography,hard,Select the category that most precisely fits: Photography.,Photography,Agriculture,Automobiles,Aviation,Photography,,,text,80,8,true
Photography,hard,Pick the category that most accurately represents: Photography.,Aviation,Artificial Intelligence,Algebra,Photography,Photography,,,text,80,8,true
Photography,hard,"Most precise category for ""Photography"" is:",Ancient Civilization,Algebra,Astronomy,Photography,Photography,,,text,80,8,true
Photography,hard,Which subject is the correct classification for: Photography?,Photography,Aviation,Agriculture,Algebra,Photography,,,text,80,8,true
Photography,hard,"Which category is the best fit for the topic ""Photography""?",Automobiles,Aviation,Artificial Intelligence,Photography,Photography,,,text,80,8,true
Photography,hard,"Which category is the best fit for the topic ""Photography""?",Automobiles,Architecture,Photography,Algebra,Photography,,,text,80,8,true
Photography,hard,"Most precise category for ""Photography"" is:",Astronomy,Photography,Ancient Civilization,Algebra,Photography,,,text,80,8,true
Photography,hard,Choose the most specific category for: Photography.,Algebra,Agriculture,Photography,Astronomy,Photography,,,text,80,8,true
Photography,hard,"Which category is the best fit for the topic ""Photography""?",Automobiles,Algebra,Photography,Ancient Civilization,Photography,,,text,80,8,true
Photography,hard,Choose the most specific category for: Photography.,Agriculture,Aviation,Ancient Civilization,Photography,Photography,,,text,80,8,true
Photography,hard,"Which category is the closest match for the topic ""Photography""?",Automobiles,Agriculture,Photography,Astronomy,Photography,,,text,80,8,true
Photography,hard,Choose the most specific category for: Photography.,Agriculture,Photography,Ancient Civilization,Automobiles,Photography,,,text,80,8,true
Gardening,easy,"Which category does the topic ""Gardening"" belong to?",Indian States,Gardening,Basketball,Biology,Gardening,,,text,20,12,true
Gardening,easy,"Which category does the topic ""Gardening"" belong to?",Gardening,Machine Learning,Programming (Python),Human Anatomy,Gardening,,,text,20,12,true
Gardening,easy,Select the correct quiz category for: Gardening.,Gardening,Basketball,Astronomy,Gaming,Gardening,,,text,20,12,true
Gardening,easy,Identify the subject area: Gardening.,World Leaders,Gardening,Gadgets,Cricket,Gardening,,,text,20,12,true
Gardening,easy,Which quiz category would include: Gardening?,Olympic Games,Political Science,Ancient Civilization,Gardening,Gardening,,,text,20,12,true
Gardening,easy,"The topic ""Gardening"" best fits which category?",Fashion,Medicine,Gardening,Mountains & Peaks,Gardening,,,text,20,12,true
Gardening,easy,Pick the subject area that matches: Gardening.,Gardening,Fashion,Movies (Hollywood),Basketball,Gardening,,,text,20,12,true
Gardening,easy,"The topic ""Gardening"" best fits which category?",Tennis,Environmental Science,Brands & Logos,Gardening,Gardening,,,text,20,12,true
Gardening,easy,"Choose the category that best matches ""Gardening"".",English Grammar,National Parks,Fashion,Gardening,Gardening,,,text,20,12,true
Gardening,easy,Pick the subject area that matches: Gardening.,Deserts,Mountains & Peaks,Gardening,Painting & Art,Gardening,,,text,20,12,true
Gardening,easy,Which category is the best match for: Gardening?,Aviation,Gardening,Languages,Environmental Science,Gardening,,,text,20,12,true
Gardening,easy,Identify the subject area: Gardening.,Trigonometry,World Leaders,Stock Market,Gardening,Gardening,,,text,20,12,true
Gardening,easy,Which quiz category would include: Gardening?,Networking,Islands,Basketball,Gardening,Gardening,,,text,20,12,true
Gardening,easy,Pick the subject area that matches: Gardening.,Blockchain,Gardening,Food & Cuisine,Photography,Gardening,,,text,20,12,true
Gardening,easy,Pick the subject area that matches: Gardening.,Interior Design,Algebra,Olympic Games,Gardening,Gardening,,,text,20,12,true
Gardening,easy,Select the correct quiz category for: Gardening.,Astronomy,Gardening,Internet History,World Continents,Gardening,,,text,20,12,true
Gardening,easy,Select the correct quiz category for: Gardening.,Gardening,Modern Literature,English Grammar,Mythology (Greek),Gardening,,,text,20,12,true
Gardening,easy,"Which category does the topic ""Gardening"" belong to?",Modern Literature,Cyber Security,Gardening,Space Exploration,Gardening,,,text,20,12,true
Gardening,medium,"Which subject area most closely matches the topic ""Gardening""?",Gardening,Ancient Civilization,Algebra,Artificial Intelligence,Gardening,,,text,40,10,true
Gardening,medium,Which category is most closely related to: Gardening?,Automobiles,Gardening,Algebra,Aviation,Gardening,,,text,40,10,true
Gardening,medium,Select the most appropriate category for: Gardening.,Automobiles,Gardening,Agriculture,Algebra,Gardening,,,text,40,10,true
Gardening,medium,Choose the most accurate category for the topic: Gardening.,Awards (Oscars),Automobiles,Gardening,Algebra,Gardening,,,text,40,10,true
Gardening,medium,"Which subject area most closely matches the topic ""Gardening""?",Gardening,Astronomy,Automobiles,Algebra,Gardening,,,text,40,10,true
Gardening,medium,Select the most appropriate category for: Gardening.,Architecture,Aviation,Gardening,Biology,Gardening,,,text,40,10,true
Gardening,medium,Pick the best category for this quiz topic: Gardening.,Gardening,Astronomy,Awards (Nobel),Architecture,Gardening,,,text,40,10,true
Gardening,medium,Pick the best category for this quiz topic: Gardening.,Algebra,Agriculture,Gardening,Aviation,Gardening,,,text,40,10,true
Gardening,medium,Which category is most closely related to: Gardening?,Gardening,Biology,Algebra,Basketball,Gardening,,,text,40,10,true
Gardening,medium,Which category is most closely related to: Gardening?,Ancient Civilization,Gardening,Architecture,Awards (Nobel),Gardening,,,text,40,10,true
Gardening,medium,Choose the most accurate category for the topic: Gardening.,Ancient Civilization,Awards (Oscars),Gardening,Basketball,Gardening,,,text,40,10,true
Gardening,medium,Choose the most accurate category for the topic: Gardening.,Biology,Awards (Nobel),Artificial Intelligence,Gardening,Gardening,,,text,40,10,true
Gardening,medium,Which category would most likely include questions on Gardening?,Gardening,Automobiles,Biology,Awards (Oscars),Gardening,,,text,40,10,true
Gardening,medium,Choose the most accurate category for the topic: Gardening.,Gardening,Basketball,Algebra,Awards (Oscars),Gardening,,,text,40,10,true
Gardening,medium,"Which field does the topic ""Gardening"" fall under?",Algebra,Gardening,Astronomy,Architecture,Gardening,,,text,40,10,true
Gardening,medium,Which category would most likely include questions on Gardening?,Astronomy,Gardening,Architecture,Artificial Intelligence,Gardening,,,text,40,10,true
Gardening,medium,"Which field does the topic ""Gardening"" fall under?",Biology,Gardening,Architecture,Algebra,Gardening,,,text,40,10,true
Gardening,medium,"Best-fit category for ""Gardening"" is:",Automobiles,Gardening,Agriculture,Awards (Nobel),Gardening,,,text,40,10,true
Gardening,hard,Which subject is the correct classification for: Gardening?,Artificial Intelligence,Automobiles,Gardening,Aviation,Gardening,,,text,80,8,true
Gardening,hard,"Which category is the closest match for the topic ""Gardening""?",Artificial Intelligence,Astronomy,Architecture,Gardening,Gardening,,,text,80,8,true
Gardening,hard,"Which category is the closest match for the topic ""Gardening""?",Aviation,Automobiles,Ancient Civilization,Gardening,Gardening,,,text,80,8,true
Gardening,hard,Which subject is the correct classification for: Gardening?,Automobiles,Aviation,Gardening,Algebra,Gardening,,,text,80,8,true
Gardening,hard,Which subject is the correct classification for: Gardening?,Aviation,Gardening,Astronomy,Automobiles,Gardening,,,text,80,8,true
Gardening,hard,Identify the primary category for: Gardening.,Architecture,Algebra,Gardening,Artificial Intelligence,Gardening,,,text,80,8,true
Gardening,hard,Identify the primary category for: Gardening.,Aviation,Gardening,Automobiles,Artificial Intelligence,Gardening,,,text,80,8,true
Gardening,hard,Choose the most specific category for: Gardening.,Algebra,Gardening,Astronomy,Agriculture,Gardening,,,text,80,8,true
Gardening,hard,Choose the most specific category for: Gardening.,Astronomy,Gardening,Ancient Civilization,Aviation,Gardening,,,text,80,8,true
Gardening,hard,"Most precise category for ""Gardening"" is:",Gardening,Aviation,Agriculture,Automobiles,Gardening,,,text,80,8,true
Gardening,hard,Select the category that most precisely fits: Gardening.,Gardening,Automobiles,Aviation,Architecture,Gardening,,,text,80,8,true
Gardening,hard,Which subject is the correct classification for: Gardening?,Automobiles,Gardening,Artificial Intelligence,Agriculture,Gardening,,,text,80,8,true
Gardening,hard,Which subject is the correct classification for: Gardening?,Gardening,Agriculture,Aviation,Architecture,Gardening,,,text,80,8,true
Gardening,hard,Select the category that most precisely fits: Gardening.,Artificial Intelligence,Automobiles,Gardening,Architecture,Gardening,,,text,80,8,true
Gardening,hard,Select the category that most precisely fits: Gardening.,Aviation,Agriculture,Gardening,Algebra,Gardening,,,text,80,8,true
Gardening,hard,Select the category that most precisely fits: Gardening.,Ancient Civilization,Agriculture,Gardening,Artificial Intelligence,Gardening,,,text,80,8,true
Gardening,hard,"Most precise category for ""Gardening"" is:",Gardening,Architecture,Artificial Intelligence,Automobiles,Gardening,,,text,80,8,true
Gardening,hard,Select the category that most precisely fits: Gardening.,Gardening,Ancient Civilization,Algebra,Architecture,Gardening,,,text,80,8,true
Gardening,hard,Identify the primary category for: Gardening.,Gardening,Algebra,Astronomy,Aviation,Gardening,,,text,80,8,true
Gardening,hard,"Most precise category for ""Gardening"" is:",Gardening,Architecture,Algebra,Agriculture,Gardening,,,text,80,8,true
Gardening,hard,"Most precise category for ""Gardening"" is:",Automobiles,Astronomy,Aviation,Gardening,Gardening,,,text,80,8,true
Gardening,hard,"Most precise category for ""Gardening"" is:",Gardening,Ancient Civilization,Architecture,Automobiles,Gardening,,,text,80,8,true
Gardening,hard,"Which category is the closest match for the topic ""Gardening""?",Architecture,Aviation,Gardening,Astronomy,Gardening,,,text,80,8,true
Gardening,hard,Select the category that most precisely fits: Gardening.,Algebra,Artificial Intelligence,Gardening,Astronomy,Gardening,,,text,80,8,true
Interior Design,easy,"Which category does the topic ""Interior Design"" belong to?",Programming (Python),Interior Design,World Leaders,Photography,Interior Design,,,text,20,12,true
Interior Design,easy,Identify the subject area: Interior Design.,Political Science,Interior Design,Movies (Hollywood),Web Development,Interior Design,,,text,20,12,true
Interior Design,easy,"Choose the category that best matches ""Interior Design"".",Interior Design,Finance,Inventions & Discoveries,Psychology,Interior Design,,,text,20,12,true
Interior Design,easy,Select the correct quiz category for: Interior Design.,Interior Design,Gardening,Cyber Security,Yoga & Health,Interior Design,,,text,20,12,true
Interior Design,easy,Which quiz category would include: Interior Design?,Logistics,Indian History,Business Tycoons,Interior Design,Interior Design,,,text,20,12,true
Interior Design,easy,"Which category does the topic ""Interior Design"" belong to?",World Geography,World Continents,Blockchain,Interior Design,Interior Design,,,text,20,12,true
Interior Design,easy,"The topic ""Interior Design"" best fits which category?",Mathematics,Basketball,Oceans & Seas,Interior Design,Interior Design,,,text,20,12,true
Interior Design,easy,"Which category does the topic ""Interior Design"" belong to?",Interior Design,Medicine,Robotics,Music (Pop),Interior Design,,,text,20,12,true
Interior Design,easy,"Choose the category that best matches ""Interior Design"".",Psychology,Football,Interior Design,Programming (Python),Interior Design,,,text,20,12,true
Interior Design,easy,Which quiz category would include: Interior Design?,Mythology (Greek),Painting & Art,Poetry,Interior Design,Interior Design,,,text,20,12,true
Interior Design,easy,Select the correct quiz category for: Interior Design.,Photography,Currencies,Interior Design,Deserts,Interior Design,,,text,20,12,true
Interior Design,easy,Identify the subject area: Interior Design.,Yoga & Health,Interior Design,Marketing,Modern History,Interior Design,,,text,20,12,true
Interior Design,easy,"Which category does the topic ""Interior Design"" belong to?",Calculus,Interior Design,Robotics,Economics,Interior Design,,,text,20,12,true
Interior Design,easy,Which category is the best match for: Interior Design?,Interior Design,Current Affairs,Modern History,Agriculture,Interior Design,,,text,20,12,true
Interior Design,easy,"Which category does the topic ""Interior Design"" belong to?",Comic Books,Interior Design,Psychology,Environmental Science,Interior Design,,,text,20,12,true
Interior Design,easy,"Which category does the topic ""Interior Design"" belong to?",Movies (Bollywood),Gaming,Interior Design,World Continents,Interior Design,,,text,20,12,true
Interior Design,easy,Pick the subject area that matches: Interior Design.,Interior Design,Machine Learning,Agriculture,Ancient Civilization,Interior Design,,,text,20,12,true
Interior Design,easy,"The topic ""Interior Design"" best fits which category?",Blockchain,Music (Classical),Marketing,Interior Design,Interior Design,,,text,20,12,true
Interior Design,medium,Select the most appropriate category for: Interior Design.,Interior Design,Ancient Civilization,Automobiles,Agriculture,Interior Design,,,text,40,10,true
Interior Design,medium,Choose the most accurate category for the topic: Interior Design.,Interior Design,Basketball,Ancient Civilization,Agriculture,Interior Design,,,text,40,10,true
Interior Design,medium,"Which subject area most closely matches the topic ""Interior Design""?",Interior Design,Architecture,Awards (Nobel),Astronomy,Interior Design,,,text,40,10,true
Interior Design,medium,Which category would most likely include questions on Interior Design?,Basketball,Awards (Nobel),Agriculture,Interior Design,Interior Design,,,text,40,10,true
Interior Design,medium,Which category is most closely related to: Interior Design?,Algebra,Interior Design,Biology,Automobiles,Interior Design,,,text,40,10,true
Interior Design,medium,"Which subject area most closely matches the topic ""Interior Design""?",Algebra,Interior Design,Awards (Oscars),Awards (Nobel),Interior Design,,,text,40,10,true
Interior Design,medium,Select the most appropriate category for: Interior Design.,Architecture,Aviation,Interior Design,Automobiles,Interior Design,,,text,40,10,true
Interior Design,medium,"Which subject area most closely matches the topic ""Interior Design""?",Biology,Astronomy,Basketball,Interior Design,Interior Design,,,text,40,10,true
Interior Design,medium,"Which subject area most closely matches the topic ""Interior Design""?",Astronomy,Interior Design,Awards (Nobel),Aviation,Interior Design,,,text,40,10,true
Interior Design,medium,Which category is most closely related to: Interior Design?,Automobiles,Basketball,Interior Design,Architecture,Interior Design,,,text,40,10,true
Interior Design,medium,"Which field does the topic ""Interior Design"" fall under?",Biology,Automobiles,Ancient Civilization,Interior Design,Interior Design,,,text,40,10,true
Interior Design,medium,"Best-fit category for ""Interior Design"" is:",Astronomy,Ancient Civilization,Interior Design,Agriculture,Interior Design,,,text,40,10,true
Interior Design,medium,Select the most appropriate category for: Interior Design.,Interior Design,Astronomy,Basketball,Ancient Civilization,Interior Design,,,text,40,10,true
Interior Design,medium,Choose the most accurate category for the topic: Interior Design.,Artificial Intelligence,Interior Design,Algebra,Automobiles,Interior Design,,,text,40,10,true
Interior Design,medium,Select the most appropriate category for: Interior Design.,Awards (Oscars),Interior Design,Artificial Intelligence,Agriculture,Interior Design,,,text,40,10,true
Interior Design,medium,"Which subject area most closely matches the topic ""Interior Design""?",Astronomy,Automobiles,Ancient Civilization,Interior Design,Interior Design,,,text,40,10,true
Interior Design,medium,Choose the most accurate category for the topic: Interior Design.,Awards (Oscars),Algebra,Interior Design,Artificial Intelligence,Interior Design,,,text,40,10,true
Interior Design,medium,Choose the most accurate category for the topic: Interior Design.,Biology,Architecture,Awards (Nobel),Interior Design,Interior Design,,,text,40,10,true
Interior Design,hard,Which subject is the correct classification for: Interior Design?,Ancient Civilization,Architecture,Agriculture,Interior Design,Interior Design,,,text,80,8,true
Interior Design,hard,Identify the primary category for: Interior Design.,Agriculture,Astronomy,Interior Design,Aviation,Interior Design,,,text,80,8,true
Interior Design,hard,Select the category that most precisely fits: Interior Design.,Astronomy,Automobiles,Aviation,Interior Design,Interior Design,,,text,80,8,true
Interior Design,hard,Identify the primary category for: Interior Design.,Agriculture,Ancient Civilization,Aviation,Interior Design,Interior Design,,,text,80,8,true
Interior Design,hard,"Most precise category for ""Interior Design"" is:",Astronomy,Automobiles,Algebra,Interior Design,Interior Design,,,text,80,8,true
Interior Design,hard,Pick the category that most accurately represents: Interior Design.,Agriculture,Architecture,Algebra,Interior Design,Interior Design,,,text,80,8,true
Interior Design,hard,"Which category is the closest match for the topic ""Interior Design""?",Ancient Civilization,Algebra,Interior Design,Astronomy,Interior Design,,,text,80,8,true
Interior Design,hard,Identify the primary category for: Interior Design.,Algebra,Interior Design,Aviation,Automobiles,Interior Design,,,text,80,8,true
Interior Design,hard,Identify the primary category for: Interior Design.,Algebra,Architecture,Agriculture,Interior Design,Interior Design,,,text,80,8,true
Interior Design,hard,Select the category that most precisely fits: Interior Design.,Interior Design,Algebra,Aviation,Architecture,Interior Design,,,text,80,8,true
Interior Design,hard,Identify the primary category for: Interior Design.,Architecture,Interior Design,Ancient Civilization,Agriculture,Interior Design,,,text,80,8,true
Interior Design,hard,Pick the category that most accurately represents: Interior Design.,Architecture,Automobiles,Aviation,Interior Design,Interior Design,,,text,80,8,true
Interior Design,hard,Which subject is the correct classification for: Interior Design?,Interior Design,Artificial Intelligence,Algebra,Aviation,Interior Design,,,text,80,8,true
Interior Design,hard,Choose the most specific category for: Interior Design.,Architecture,Interior Design,Automobiles,Astronomy,Interior Design,,,text,80,8,true
Interior Design,hard,"Most precise category for ""Interior Design"" is:",Automobiles,Algebra,Interior Design,Artificial Intelligence,Interior Design,,,text,80,8,true
Interior Design,hard,Identify the primary category for: Interior Design.,Ancient Civilization,Astronomy,Interior Design,Algebra,Interior Design,,,text,80,8,true
Interior Design,hard,Which subject is the correct classification for: Interior Design?,Astronomy,Architecture,Interior Design,Artificial Intelligence,Interior Design,,,text,80,8,true
Interior Design,hard,Identify the primary category for: Interior Design.,Astronomy,Interior Design,Agriculture,Architecture,Interior Design,,,text,80,8,true
Interior Design,hard,Which subject is the correct classification for: Interior Design?,Interior Design,Architecture,Aviation,Agriculture,Interior Design,,,text,80,8,true
Interior Design,hard,Identify the primary category for: Interior Design.,Algebra,Astronomy,Agriculture,Interior Design,Interior Design,,,text,80,8,true
Interior Design,hard,Identify the primary category for: Interior Design.,Agriculture,Artificial Intelligence,Interior Design,Ancient Civilization,Interior Design,,,text,80,8,true
Interior Design,hard,Identify the primary category for: Interior Design.,Artificial Intelligence,Aviation,Algebra,Interior Design,Interior Design,,,text,80,8,true
Interior Design,hard,Which subject is the correct classification for: Interior Design?,Architecture,Algebra,Aviation,Interior Design,Interior Design,,,text,80,8,true
Interior Design,hard,Pick the category that most accurately represents: Interior Design.,Algebra,Agriculture,Ancient Civilization,Interior Design,Interior Design,,,text,80,8,true
Logistics,easy,Pick the subject area that matches: Logistics.,Mathematics,English Grammar,Mountains & Peaks,Logistics,Logistics,,,text,20,12,true
Logistics,easy,Which quiz category would include: Logistics?,Oceans & Seas,Logistics,Mathematics,Economics,Logistics,,,text,20,12,true
Logistics,easy,"Which category does the topic ""Logistics"" belong to?",Music (Classical),Logistics,World Geography,Machine Learning,Logistics,,,text,20,12,true
Logistics,easy,"The topic ""Logistics"" best fits which category?",Gadgets,Aviation,Logistics,Superheroes,Logistics,,,text,20,12,true
Logistics,easy,"Which category does the topic ""Logistics"" belong to?",Logistics,Wildlife,Olympic Games,Islands,Logistics,,,text,20,12,true
Logistics,easy,Identify the subject area: Logistics.,Political Science,Wildlife,Logistics,Interior Design,Logistics,,,text,20,12,true
Logistics,easy,Identify the subject area: Logistics.,Aviation,Logistics,Food & Cuisine,Mythology (Indian),Logistics,,,text,20,12,true
Logistics,easy,Select the correct quiz category for: Logistics.,Interior Design,Blockchain,Social Media,Logistics,Logistics,,,text,20,12,true
Logistics,easy,"Which category does the topic ""Logistics"" belong to?",Logistics,Modern Literature,Olympic Games,Sociology,Logistics,,,text,20,12,true
Logistics,easy,"Which category does the topic ""Logistics"" belong to?",Logistics,World Leaders,Marketing,Robotics,Logistics,,,text,20,12,true
Logistics,easy,Which quiz category would include: Logistics?,Aviation,Trigonometry,Logistics,Football,Logistics,,,text,20,12,true
Logistics,easy,Pick the subject area that matches: Logistics.,Yoga & Health,Automobiles,Logistics,Sociology,Logistics,,,text,20,12,true
Logistics,easy,Pick the subject area that matches: Logistics.,Logistics,Political Science,Superheroes,Fashion,Logistics,,,text,20,12,true
Logistics,easy,"The topic ""Logistics"" best fits which category?",Stock Market,Awards (Oscars),Logistics,Human Anatomy,Logistics,,,text,20,12,true
Logistics,easy,Pick the subject area that matches: Logistics.,Awards (Oscars),Sociology,Logistics,Indian History,Logistics,,,text,20,12,true
Logistics,easy,Identify the subject area: Logistics.,Superheroes,Environmental Science,Awards (Nobel),Logistics,Logistics,,,text,20,12,true
Logistics,easy,Which category is the best match for: Logistics?,Algebra,Physics,Logistics,Mythology (Greek),Logistics,,,text,20,12,true
Logistics,easy,Select the correct quiz category for: Logistics.,Social Media,Poetry,Logistics,Gadgets,Logistics,,,text,20,12,true
Logistics,medium,"Which field does the topic ""Logistics"" fall under?",Basketball,Awards (Oscars),Logistics,Algebra,Logistics,,,text,40,10,true
Logistics,medium,Which category would most likely include questions on Logistics?,Algebra,Ancient Civilization,Logistics,Aviation,Logistics,,,text,40,10,true
Logistics,medium,"Best-fit category for ""Logistics"" is:",Astronomy,Awards (Nobel),Logistics,Algebra,Logistics,,,text,40,10,true
Logistics,medium,Select the most appropriate category for: Logistics.,Biology,Artificial Intelligence,Algebra,Logistics,Logistics,,,text,40,10,true
Logistics,medium,Select the most appropriate category for: Logistics.,Algebra,Architecture,Automobiles,Logistics,Logistics,,,text,40,10,true
Logistics,medium,Select the most appropriate category for: Logistics.,Awards (Nobel),Astronomy,Biology,Logistics,Logistics,,,text,40,10,true
Logistics,medium,Which category would most likely include questions on Logistics?,Architecture,Awards (Oscars),Ancient Civilization,Logistics,Logistics,,,text,40,10,true
Logistics,medium,Pick the best category for this quiz topic: Logistics.,Ancient Civilization,Architecture,Agriculture,Logistics,Logistics,,,text,40,10,true
Logistics,medium,Which category would most likely include questions on Logistics?,Logistics,Astronomy,Architecture,Biology,Logistics,,,text,40,10,true
Logistics,medium,Which category is most closely related to: Logistics?,Algebra,Logistics,Aviation,Astronomy,Logistics,,,text,40,10,true
Logistics,medium,Choose the most accurate category for the topic: Logistics.,Awards (Oscars),Aviation,Logistics,Ancient Civilization,Logistics,,,text,40,10,true
Logistics,medium,"Which field does the topic ""Logistics"" fall under?",Awards (Nobel),Astronomy,Logistics,Biology,Logistics,,,text,40,10,true
Logistics,medium,"Which subject area most closely matches the topic ""Logistics""?",Logistics,Basketball,Awards (Nobel),Ancient Civilization,Logistics,,,text,40,10,true
Logistics,medium,"Best-fit category for ""Logistics"" is:",Logistics,Automobiles,Basketball,Artificial Intelligence,Logistics,,,text,40,10,true
Logistics,medium,Choose the most accurate category for the topic: Logistics.,Basketball,Artificial Intelligence,Logistics,Agriculture,Logistics,,,text,40,10,true
Logistics,medium,Which category is most closely related to: Logistics?,Automobiles,Logistics,Ancient Civilization,Awards (Nobel),Logistics,,,text,40,10,true
Logistics,medium,Pick the best category for this quiz topic: Logistics.,Logistics,Architecture,Awards (Oscars),Automobiles,Logistics,,,text,40,10,true
Logistics,medium,Which category would most likely include questions on Logistics?,Basketball,Logistics,Awards (Oscars),Aviation,Logistics,,,text,40,10,true
Logistics,hard,Select the category that most precisely fits: Logistics.,Logistics,Astronomy,Automobiles,Artificial Intelligence,Logistics,,,text,80,8,true
Logistics,hard,Choose the most specific category for: Logistics.,Astronomy,Automobiles,Architecture,Logistics,Logistics,,,text,80,8,true
Logistics,hard,"Which category is the closest match for the topic ""Logistics""?",Agriculture,Algebra,Logistics,Aviation,Logistics,,,text,80,8,true
Logistics,hard,Select the category that most precisely fits: Logistics.,Logistics,Automobiles,Algebra,Agriculture,Logistics,,,text,80,8,true
Logistics,hard,Choose the most specific category for: Logistics.,Algebra,Artificial Intelligence,Automobiles,Logistics,Logistics,,,text,80,8,true
Logistics,hard,Choose the most specific category for: Logistics.,Logistics,Algebra,Aviation,Automobiles,Logistics,,,text,80,8,true
Logistics,hard,Identify the primary category for: Logistics.,Automobiles,Aviation,Logistics,Ancient Civilization,Logistics,,,text,80,8,true
Logistics,hard,Choose the most specific category for: Logistics.,Logistics,Ancient Civilization,Artificial Intelligence,Agriculture,Logistics,,,text,80,8,true
Logistics,hard,Pick the category that most accurately represents: Logistics.,Logistics,Aviation,Algebra,Automobiles,Logistics,,,text,80,8,true
Logistics,hard,"Most precise category for ""Logistics"" is:",Architecture,Astronomy,Artificial Intelligence,Logistics,Logistics,,,text,80,8,true
Logistics,hard,Choose the most specific category for: Logistics.,Artificial Intelligence,Astronomy,Architecture,Logistics,Logistics,,,text,80,8,true
Logistics,hard,"Most precise category for ""Logistics"" is:",Ancient Civilization,Algebra,Logistics,Agriculture,Logistics,,,text,80,8,true
Logistics,hard,"Which category is the closest match for the topic ""Logistics""?",Logistics,Ancient Civilization,Automobiles,Agriculture,Logistics,,,text,80,8,true
Logistics,hard,"Which category is the closest match for the topic ""Logistics""?",Logistics,Astronomy,Aviation,Agriculture,Logistics,,,text,80,8,true
Logistics,hard,Choose the most specific category for: Logistics.,Astronomy,Architecture,Logistics,Artificial Intelligence,Logistics,,,text,80,8,true
Logistics,hard,Choose the most specific category for: Logistics.,Logistics,Automobiles,Artificial Intelligence,Astronomy,Logistics,,,text,80,8,true
Logistics,hard,Select the category that most precisely fits: Logistics.,Architecture,Artificial Intelligence,Logistics,Aviation,Logistics,,,text,80,8,true
Logistics,hard,Pick the category that most accurately represents: Logistics.,Logistics,Aviation,Agriculture,Architecture,Logistics,,,text,80,8,true
Logistics,hard,Select the category that most precisely fits: Logistics.,Astronomy,Architecture,Logistics,Ancient Civilization,Logistics,,,text,80,8,true
Logistics,hard,Pick the category that most accurately represents: Logistics.,Logistics,Artificial Intelligence,Architecture,Agriculture,Logistics,,,text,80,8,true
Logistics,hard,Select the category that most precisely fits: Logistics.,Architecture,Algebra,Logistics,Ancient Civilization,Logistics,,,text,80,8,true
Logistics,hard,Choose the most specific category for: Logistics.,Astronomy,Logistics,Ancient Civilization,Algebra,Logistics,,,text,80,8,true
Logistics,hard,Identify the primary category for: Logistics.,Algebra,Aviation,Logistics,Ancient Civilization,Logistics,,,text,80,8,true
Logistics,hard,Pick the category that most accurately represents: Logistics.,Logistics,Agriculture,Astronomy,Ancient Civilization,Logistics,,,text,80,8,true
Marketing,easy,"Choose the category that best matches ""Marketing"".",Environmental Science,Marketing,Tennis,Psychology,Marketing,,,text,20,12,true
Marketing,easy,Which category is the best match for: Marketing?,Interior Design,Awards (Oscars),Marketing,Blockchain,Marketing,,,text,20,12,true
Marketing,easy,Which quiz category would include: Marketing?,Basketball,Physics,Marketing,Web Development,Marketing,,,text,20,12,true
Marketing,easy,"The topic ""Marketing"" best fits which category?",Environmental Science,Web Development,Philosophy,Marketing,Marketing,,,text,20,12,true
Marketing,easy,"Which category does the topic ""Marketing"" belong to?",World Religions,Marketing,Architecture,Sociology,Marketing,,,text,20,12,true
Marketing,easy,Which quiz category would include: Marketing?,World Geography,Agriculture,Marketing,Chemistry,Marketing,,,text,20,12,true
Marketing,easy,"Choose the category that best matches ""Marketing"".",Mythology (Greek),Indian History,Networking,Marketing,Marketing,,,text,20,12,true
Marketing,easy,Which category is the best match for: Marketing?,Marketing,Classic Literature,Algebra,Mobile Development,Marketing,,,text,20,12,true
Marketing,easy,Select the correct quiz category for: Marketing.,Marketing,Pharmacology,Interior Design,Mathematics,Marketing,,,text,20,12,true
Marketing,easy,"Choose the category that best matches ""Marketing"".",Mythology (Indian),Machine Learning,Marketing,World Religions,Marketing,,,text,20,12,true
Marketing,easy,"The topic ""Marketing"" best fits which category?",Mountains & Peaks,Oceans & Seas,Programming (Java),Marketing,Marketing,,,text,20,12,true
Marketing,easy,"Which category does the topic ""Marketing"" belong to?",Marketing,Sociology,Human Anatomy,Currencies,Marketing,,,text,20,12,true
Marketing,easy,Select the correct quiz category for: Marketing.,Geometry,Marketing,Psychology,World Continents,Marketing,,,text,20,12,true
Marketing,easy,Identify the subject area: Marketing.,Finance,Marketing,Networking,Gaming,Marketing,,,text,20,12,true
Marketing,easy,"Choose the category that best matches ""Marketing"".",Music (Classical),Movies (Hollywood),Comic Books,Marketing,Marketing,,,text,20,12,true
Marketing,easy,Select the correct quiz category for: Marketing.,Awards (Nobel),Painting & Art,Agriculture,Marketing,Marketing,,,text,20,12,true
Marketing,easy,"Which category does the topic ""Marketing"" belong to?",Medicine,Deserts,Computer Science,Marketing,Marketing,,,text,20,12,true
Marketing,easy,Select the correct quiz category for: Marketing.,Geometry,Finance,Marketing,Pharmacology,Marketing,,,text,20,12,true
Marketing,medium,Which category would most likely include questions on Marketing?,Marketing,Biology,Agriculture,Awards (Nobel),Marketing,,,text,40,10,true
Marketing,medium,Choose the most accurate category for the topic: Marketing.,Ancient Civilization,Agriculture,Automobiles,Marketing,Marketing,,,text,40,10,true
Marketing,medium,Which category would most likely include questions on Marketing?,Marketing,Biology,Awards (Nobel),Artificial Intelligence,Marketing,,,text,40,10,true
Marketing,medium,Pick the best category for this quiz topic: Marketing.,Astronomy,Aviation,Marketing,Artificial Intelligence,Marketing,,,text,40,10,true
Marketing,medium,Which category would most likely include questions on Marketing?,Ancient Civilization,Astronomy,Artificial Intelligence,Marketing,Marketing,,,text,40,10,true
Marketing,medium,Which category would most likely include questions on Marketing?,Marketing,Awards (Oscars),Biology,Ancient Civilization,Marketing,,,text,40,10,true
Marketing,medium,Pick the best category for this quiz topic: Marketing.,Marketing,Basketball,Aviation,Automobiles,Marketing,,,text,40,10,true
Marketing,medium,Select the most appropriate category for: Marketing.,Marketing,Astronomy,Biology,Algebra,Marketing,,,text,40,10,true
Marketing,medium,Pick the best category for this quiz topic: Marketing.,Awards (Oscars),Astronomy,Ancient Civilization,Marketing,Marketing,,,text,40,10,true
Marketing,medium,"Best-fit category for ""Marketing"" is:",Automobiles,Astronomy,Ancient Civilization,Marketing,Marketing,,,text,40,10,true
Marketing,medium,Pick the best category for this quiz topic: Marketing.,Artificial Intelligence,Ancient Civilization,Astronomy,Marketing,Marketing,,,text,40,10,true
Marketing,medium,"Best-fit category for ""Marketing"" is:",Biology,Marketing,Awards (Nobel),Astronomy,Marketing,,,text,40,10,true
Marketing,medium,Pick the best category for this quiz topic: Marketing.,Marketing,Agriculture,Awards (Nobel),Automobiles,Marketing,,,text,40,10,true
Marketing,medium,"Best-fit category for ""Marketing"" is:",Basketball,Architecture,Marketing,Astronomy,Marketing,,,text,40,10,true
Marketing,medium,"Which field does the topic ""Marketing"" fall under?",Architecture,Marketing,Biology,Automobiles,Marketing,,,text,40,10,true
Marketing,medium,Which category is most closely related to: Marketing?,Biology,Automobiles,Artificial Intelligence,Marketing,Marketing,,,text,40,10,true
Marketing,medium,Which category would most likely include questions on Marketing?,Marketing,Ancient Civilization,Aviation,Basketball,Marketing,,,text,40,10,true
Marketing,medium,Pick the best category for this quiz topic: Marketing.,Marketing,Astronomy,Agriculture,Artificial Intelligence,Marketing,,,text,40,10,true
Marketing,hard,Choose the most specific category for: Marketing.,Automobiles,Aviation,Marketing,Architecture,Marketing,,,text,80,8,true
Marketing,hard,Which subject is the correct classification for: Marketing?,Algebra,Ancient Civilization,Automobiles,Marketing,Marketing,,,text,80,8,true
Marketing,hard,Identify the primary category for: Marketing.,Ancient Civilization,Artificial Intelligence,Marketing,Automobiles,Marketing,,,text,80,8,true
Marketing,hard,Pick the category that most accurately represents: Marketing.,Ancient Civilization,Artificial Intelligence,Algebra,Marketing,Marketing,,,text,80,8,true
Marketing,hard,Which subject is the correct classification for: Marketing?,Astronomy,Architecture,Aviation,Marketing,Marketing,,,text,80,8,true
Marketing,hard,"Which category is the closest match for the topic ""Marketing""?",Marketing,Algebra,Automobiles,Ancient Civilization,Marketing,,,text,80,8,true
Marketing,hard,Which subject is the correct classification for: Marketing?,Aviation,Astronomy,Marketing,Architecture,Marketing,,,text,80,8,true
Marketing,hard,Which subject is the correct classification for: Marketing?,Aviation,Astronomy,Algebra,Marketing,Marketing,,,text,80,8,true
Marketing,hard,"Which category is the best fit for the topic ""Marketing""?",Agriculture,Artificial Intelligence,Astronomy,Marketing,Marketing,,,text,80,8,true
Marketing,hard,Which subject is the correct classification for: Marketing?,Algebra,Astronomy,Marketing,Automobiles,Marketing,,,text,80,8,true
Marketing,hard,"Which category is the closest match for the topic ""Marketing""?",Automobiles,Architecture,Marketing,Astronomy,Marketing,,,text,80,8,true
Marketing,hard,"Which category is the best fit for the topic ""Marketing""?",Ancient Civilization,Aviation,Astronomy,Marketing,Marketing,,,text,80,8,true
Marketing,hard,Choose the most specific category for: Marketing.,Algebra,Aviation,Astronomy,Marketing,Marketing,,,text,80,8,true
Marketing,hard,"Most precise category for ""Marketing"" is:",Marketing,Aviation,Artificial Intelligence,Architecture,Marketing,,,text,80,8,true
Marketing,hard,Select the category that most precisely fits: Marketing.,Marketing,Automobiles,Astronomy,Ancient Civilization,Marketing,,,text,80,8,true
Marketing,hard,Choose the most specific category for: Marketing.,Automobiles,Artificial Intelligence,Agriculture,Marketing,Marketing,,,text,80,8,true
Marketing,hard,"Which category is the closest match for the topic ""Marketing""?",Marketing,Artificial Intelligence,Architecture,Agriculture,Marketing,,,text,80,8,true
Marketing,hard,"Most precise category for ""Marketing"" is:",Marketing,Aviation,Agriculture,Algebra,Marketing,,,text,80,8,true
Marketing,hard,Which subject is the correct classification for: Marketing?,Marketing,Algebra,Agriculture,Aviation,Marketing,,,text,80,8,true
Marketing,hard,Choose the most specific category for: Marketing.,Marketing,Ancient Civilization,Aviation,Agriculture,Marketing,,,text,80,8,true
Marketing,hard,Choose the most specific category for: Marketing.,Artificial Intelligence,Ancient Civilization,Automobiles,Marketing,Marketing,,,text,80,8,true
Marketing,hard,Which subject is the correct classification for: Marketing?,Artificial Intelligence,Astronomy,Agriculture,Marketing,Marketing,,,text,80,8,true
Marketing,hard,Select the category that most precisely fits: Marketing.,Ancient Civilization,Architecture,Marketing,Automobiles,Marketing,,,text,80,8,true
Marketing,hard,"Most precise category for ""Marketing"" is:",Astronomy,Architecture,Automobiles,Marketing,Marketing,,,text,80,8,true
E-commerce,easy,"Which category does the topic ""E-commerce"" belong to?",Space Exploration,Inventions & Discoveries,Music (Pop),E-commerce,E-commerce,,,text,20,12,true
E-commerce,easy,Select the correct quiz category for: E-commerce.,Cricket,Awards (Nobel),Currencies,E-commerce,E-commerce,,,text,20,12,true
E-commerce,easy,Identify the subject area: E-commerce.,World Religions,Music (Classical),Oceans & Seas,E-commerce,E-commerce,,,text,20,12,true
E-commerce,easy,"Which category does the topic ""E-commerce"" belong to?",E-commerce,Calculus,Modern Literature,Architecture,E-commerce,,,text,20,12,true
E-commerce,easy,"The topic ""E-commerce"" best fits which category?",Climate Change,World Leaders,Networking,E-commerce,E-commerce,,,text,20,12,true
E-commerce,easy,Which quiz category would include: E-commerce?,Robotics,Sociology,Algebra,E-commerce,E-commerce,,,text,20,12,true
E-commerce,easy,Identify the subject area: E-commerce.,Mythology (Indian),E-commerce,National Flags,Astronomy,E-commerce,,,text,20,12,true
E-commerce,easy,"The topic ""E-commerce"" best fits which category?",E-commerce,Famous Personalities,World Geography,Music (Pop),E-commerce,,,text,20,12,true
E-commerce,easy,"The topic ""E-commerce"" best fits which category?",Biology,Trigonometry,Modern History,E-commerce,E-commerce,,,text,20,12,true
E-commerce,easy,Identify the subject area: E-commerce.,E-commerce,Chess,Trigonometry,Currencies,E-commerce,,,text,20,12,true
E-commerce,easy,Select the correct quiz category for: E-commerce.,Inventions & Discoveries,World Leaders,Music (Classical),E-commerce,E-commerce,,,text,20,12,true
E-commerce,easy,Which quiz category would include: E-commerce?,Biology,Space Exploration,Rivers & Lakes,E-commerce,E-commerce,,,text,20,12,true
E-commerce,easy,Identify the subject area: E-commerce.,E-commerce,Web Development,Islands,Mathematics,E-commerce,,,text,20,12,true
E-commerce,easy,Which quiz category would include: E-commerce?,Physics,Gadgets,E-commerce,Calculus,E-commerce,,,text,20,12,true
E-commerce,easy,Which quiz category would include: E-commerce?,Cyber Security,Stock Market,E-commerce,Awards (Nobel),E-commerce,,,text,20,12,true
E-commerce,easy,Select the correct quiz category for: E-commerce.,Gadgets,Computer Science,E-commerce,Islands,E-commerce,,,text,20,12,true
E-commerce,easy,Pick the subject area that matches: E-commerce.,E-commerce,Languages,Pharmacology,Superheroes,E-commerce,,,text,20,12,true
E-commerce,easy,Identify the subject area: E-commerce.,Brands & Logos,Ancient Civilization,Stock Market,E-commerce,E-commerce,,,text,20,12,true
E-commerce,medium,"Which field does the topic ""E-commerce"" fall under?",E-commerce,Ancient Civilization,Artificial Intelligence,Aviation,E-commerce,,,text,40,10,true
E-commerce,medium,Which category would most likely include questions on E-commerce?,E-commerce,Ancient Civilization,Astronomy,Awards (Nobel),E-commerce,,,text,40,10,true
E-commerce,medium,"Best-fit category for ""E-commerce"" is:",E-commerce,Awards (Nobel),Biology,Ancient Civilization,E-commerce,,,text,40,10,true
E-commerce,medium,"Which subject area most closely matches the topic ""E-commerce""?",Biology,Agriculture,E-commerce,Awards (Nobel),E-commerce,,,text,40,10,true
E-commerce,medium,Pick the best category for this quiz topic: E-commerce.,E-commerce,Automobiles,Agriculture,Algebra,E-commerce,,,text,40,10,true
E-commerce,medium,Select the most appropriate category for: E-commerce.,E-commerce,Automobiles,Architecture,Agriculture,E-commerce,,,text,40,10,true
E-commerce,medium,"Which subject area most closely matches the topic ""E-commerce""?",Basketball,E-commerce,Agriculture,Artificial Intelligence,E-commerce,,,text,40,10,true
E-commerce,medium,Which category would most likely include questions on E-commerce?,E-commerce,Awards (Oscars),Basketball,Automobiles,E-commerce,,,text,40,10,true
E-commerce,medium,"Best-fit category for ""E-commerce"" is:",Artificial Intelligence,E-commerce,Algebra,Aviation,E-commerce,,,text,40,10,true
E-commerce,medium,Select the most appropriate category for: E-commerce.,E-commerce,Awards (Nobel),Algebra,Astronomy,E-commerce,,,text,40,10,true
E-commerce,medium,"Which subject area most closely matches the topic ""E-commerce""?",E-commerce,Basketball,Awards (Nobel),Automobiles,E-commerce,,,text,40,10,true
E-commerce,medium,Which category would most likely include questions on E-commerce?,Biology,E-commerce,Algebra,Awards (Oscars),E-commerce,,,text,40,10,true
E-commerce,medium,"Which subject area most closely matches the topic ""E-commerce""?",E-commerce,Basketball,Artificial Intelligence,Automobiles,E-commerce,,,text,40,10,true
E-commerce,medium,Which category is most closely related to: E-commerce?,E-commerce,Architecture,Algebra,Awards (Oscars),E-commerce,,,text,40,10,true
E-commerce,medium,"Which subject area most closely matches the topic ""E-commerce""?",E-commerce,Architecture,Ancient Civilization,Awards (Oscars),E-commerce,,,text,40,10,true
E-commerce,medium,Which category would most likely include questions on E-commerce?,Astronomy,Ancient Civilization,Agriculture,E-commerce,E-commerce,,,text,40,10,true
E-commerce,medium,"Which field does the topic ""E-commerce"" fall under?",Artificial Intelligence,Agriculture,Basketball,E-commerce,E-commerce,,,text,40,10,true
E-commerce,medium,Select the most appropriate category for: E-commerce.,Biology,E-commerce,Basketball,Automobiles,E-commerce,,,text,40,10,true
E-commerce,hard,"Which category is the closest match for the topic ""E-commerce""?",Ancient Civilization,Aviation,Automobiles,E-commerce,E-commerce,,,text,80,8,true
E-commerce,hard,Choose the most specific category for: E-commerce.,E-commerce,Algebra,Astronomy,Aviation,E-commerce,,,text,80,8,true
E-commerce,hard,Select the category that most precisely fits: E-commerce.,Aviation,E-commerce,Astronomy,Artificial Intelligence,E-commerce,,,text,80,8,true
E-commerce,hard,Select the category that most precisely fits: E-commerce.,E-commerce,Architecture,Artificial Intelligence,Ancient Civilization,E-commerce,,,text,80,8,true
E-commerce,hard,Select the category that most precisely fits: E-commerce.,Algebra,E-commerce,Automobiles,Aviation,E-commerce,,,text,80,8,true
E-commerce,hard,"Which category is the best fit for the topic ""E-commerce""?",E-commerce,Agriculture,Ancient Civilization,Automobiles,E-commerce,,,text,80,8,true
E-commerce,hard,Select the category that most precisely fits: E-commerce.,E-commerce,Architecture,Aviation,Agriculture,E-commerce,,,text,80,8,true
E-commerce,hard,"Which category is the closest match for the topic ""E-commerce""?",Ancient Civilization,Automobiles,E-commerce,Architecture,E-commerce,,,text,80,8,true
E-commerce,hard,"Which category is the closest match for the topic ""E-commerce""?",Ancient Civilization,Architecture,Algebra,E-commerce,E-commerce,,,text,80,8,true
E-commerce,hard,Pick the category that most accurately represents: E-commerce.,E-commerce,Ancient Civilization,Architecture,Agriculture,E-commerce,,,text,80,8,true
E-commerce,hard,"Which category is the closest match for the topic ""E-commerce""?",E-commerce,Algebra,Ancient Civilization,Astronomy,E-commerce,,,text,80,8,true
E-commerce,hard,Which subject is the correct classification for: E-commerce?,Algebra,Artificial Intelligence,Astronomy,E-commerce,E-commerce,,,text,80,8,true
E-commerce,hard,"Which category is the best fit for the topic ""E-commerce""?",Ancient Civilization,Astronomy,E-commerce,Agriculture,E-commerce,,,text,80,8,true
E-commerce,hard,"Which category is the best fit for the topic ""E-commerce""?",Artificial Intelligence,Algebra,E-commerce,Astronomy,E-commerce,,,text,80,8,true
E-commerce,hard,Identify the primary category for: E-commerce.,Aviation,Architecture,E-commerce,Agriculture,E-commerce,,,text,80,8,true
E-commerce,hard,Pick the category that most accurately represents: E-commerce.,Astronomy,E-commerce,Agriculture,Aviation,E-commerce,,,text,80,8,true
E-commerce,hard,Which subject is the correct classification for: E-commerce?,Aviation,Ancient Civilization,E-commerce,Automobiles,E-commerce,,,text,80,8,true
E-commerce,hard,"Which category is the closest match for the topic ""E-commerce""?",Astronomy,Artificial Intelligence,Agriculture,E-commerce,E-commerce,,,text,80,8,true
E-commerce,hard,Identify the primary category for: E-commerce.,Agriculture,Aviation,E-commerce,Ancient Civilization,E-commerce,,,text,80,8,true
E-commerce,hard,"Which category is the best fit for the topic ""E-commerce""?",Artificial Intelligence,E-commerce,Automobiles,Agriculture,E-commerce,,,text,80,8,true
E-commerce,hard,Which subject is the correct classification for: E-commerce?,Aviation,Algebra,Ancient Civilization,E-commerce,E-commerce,,,text,80,8,true
E-commerce,hard,Select the category that most precisely fits: E-commerce.,E-commerce,Architecture,Algebra,Ancient Civilization,E-commerce,,,text,80,8,true
E-commerce,hard,Choose the most specific category for: E-commerce.,Architecture,Ancient Civilization,Agriculture,E-commerce,E-commerce,,,text,80,8,true
E-commerce,hard,"Most precise category for ""E-commerce"" is:",Algebra,E-commerce,Artificial Intelligence,Ancient Civilization,E-commerce,,,text,80,8,true
