category,level,question,option1,option2,option3,option4,correctAnswer,trivia,mediaUrl,mediaType,xpReward,timeLimit,isActive
World Geography,easy,Which of these is related to World Geography?,gold medal,lungs,blue chip,continent,continent,,,text,20,12,true
World Geography,easy,Which of these is related to World Geography?,topography,illustration,inventor,Beowulf,topography,,,text,20,12,true
World Geography,easy,Which of these is related to World Geography?,couture,continent,Kerala,Hindi cinema,continent,,,text,20,12,true
World Geography,easy,Which option belongs to World Geography?,network,Rockies,hemisphere,servo,hemisphere,,,text,20,12,true
World Geography,easy,Select a term associated with World Geography.,hypotenuse,globe,Kalahari,Yggdrasil,globe,,,text,20,12,true
World Geography,easy,Pick the correct term for World Geography.,fraction,time zone,PEP 8,leadership,time zone,,,text,20,12,true
World Geography,easy,Pick the correct term for World Geography.,funnel,Gobi,time zone,fulfillment,time zone,,,text,20,12,true
World Geography,easy,Select a term associated with World Geography.,model,longitude,Gulf,box office,longitude,,,text,20,12,true
World Geography,easy,Pick the correct term for World Geography.,leader,canvas,biodiversity,map scale,map scale,,,text,20,12,true
World Geography,easy,Pick the correct term for World Geography.,time zone,meditation,batsman,platform,time zone,,,text,20,12,true
World Geography,easy,Select a term associated with World Geography.,altitude,patent,longitude,horsepower,longitude,,,text,20,12,true
World Geography,easy,Select a term associated with World Geography.,castling,theme,force,altitude,altitude,,,text,20,12,true
World Geography,easy,Select a term associated with World Geography.,map scale,dividend yield,Asgard,multiple,map scale,,,text,20,12,true
World Geography,easy,Which option belongs to World Geography?,Mediterranean Sea,recognition,algorithm,equator,equator,,,text,20,12,true
World Geography,easy,Pick the correct term for World Geography.,latitude,wilderness,fossil fuels,nominee,latitude,,,text,20,12,true
World Geography,easy,Which option belongs to World Geography?,floor plan,equator,logo,complexity,equator,,,text,20,12,true
World Geography,easy,Select a term associated with World Geography.,time zone,Harappa,ionic bond,cinematography,time zone,,,text,20,12,true
World Geography,easy,Pick the correct term for World Geography.,share,existence,session,longitude,longitude,,,text,20,12,true
World Geography,medium,Pick the concept that best matches World Geography.,origin,verse,map scale,level,map scale,,,text,40,10,true
World Geography,medium,Select the most relevant term for World Geography.,latitude,level,gearbox,interest,latitude,,,text,40,10,true
World Geography,medium,Select the most relevant term for World Geography.,knowledge base,longitude,vault,autonomy,longitude,,,text,40,10,true
World Geography,medium,Which option is a key concept in World Geography?,Asgard,topography,evolution,predicate,topography,,,text,40,10,true
World Geography,medium,Pick the concept that best matches World Geography.,continent,diameter,printing press,billionaire,continent,,,text,40,10,true
World Geography,medium,Which term is most commonly used in World Geography?,focus,ecosystem,Europe,latitude,latitude,,,text,40,10,true
World Geography,medium,Which option is a key concept in World Geography?,balance,hemisphere,circle,cinematography,hemisphere,,,text,40,10,true
World Geography,medium,Which term is most commonly used in World Geography?,equator,sine,flavor,brush,equator,,,text,40,10,true
World Geography,medium,Select the most relevant term for World Geography.,Thor,ethics,topography,Antarctica,topography,,,text,40,10,true
World Geography,medium,Which option is a key concept in World Geography?,Peace,textile,topography,public health,topography,,,text,40,10,true
World Geography,medium,Which term is most commonly used in World Geography?,latitude,seed,Atacama,island chain,latitude,,,text,40,10,true
World Geography,medium,Which term is most commonly used in World Geography?,function,movement,topography,inventory,topography,,,text,40,10,true
World Geography,medium,Select the most relevant term for World Geography.,Valhalla,topography,vault,structural,topography,,,text,40,10,true
World Geography,medium,Which term is most commonly used in World Geography?,funnel,hero,demand,time zone,time zone,,,text,40,10,true
World Geography,medium,Which term is most commonly used in World Geography?,atoll,altitude,circulatory system,climate model,altitude,,,text,40,10,true
World Geography,medium,Select the most relevant term for World Geography.,topography,reaction,sequel,torch,topography,,,text,40,10,true
World Geography,medium,Which option is a key concept in World Geography?,longitude,conservation,Tamil Nadu,publisher,longitude,,,text,40,10,true
World Geography,medium,Which term is most commonly used in World Geography?,policy debate,pilgrimage,recycling,continent,continent,,,text,40,10,true
World Geography,hard,Which option best characterizes World Geography?,decor,director,radian,globe,globe,,,text,80,8,true
World Geography,hard,Which option best characterizes World Geography?,box office,Indian Ocean,map scale,laureate,map scale,,,text,80,8,true
World Geography,hard,Which option best characterizes World Geography?,continent,Hollywood,ISP,ceremony,continent,,,text,80,8,true
World Geography,hard,Which term is most specifically associated with World Geography?,modernism,packaging,continent,Andes,continent,,,text,80,8,true
World Geography,hard,Which option best characterizes World Geography?,continent,inflection,gene,parliament,continent,,,text,80,8,true
World Geography,hard,Select the most precise term for World Geography.,data structure,Android,accuracy,latitude,latitude,,,text,80,8,true
World Geography,hard,Select the most precise term for World Geography.,Danube,longitude,leadership,legislature,longitude,,,text,80,8,true
World Geography,hard,Select the most precise term for World Geography.,Kerala,bull market,latitude,nervous system,latitude,,,text,80,8,true
World Geography,hard,Pick the most specific concept tied to World Geography.,REST,globe,mission control,watercolor,globe,,,text,80,8,true
World Geography,hard,Pick the most specific concept tied to World Geography.,globe,parliament,Mojave,toxicity,globe,,,text,80,8,true
World Geography,hard,Which option best characterizes World Geography?,bake,globe,demand,bishop,globe,,,text,80,8,true
World Geography,hard,Which option best characterizes World Geography?,symptom,REST,map scale,light-year,map scale,,,text,80,8,true
World Geography,hard,Which term is most specifically associated with World Geography?,latitude,Maurya Empire,liability,K2,latitude,,,text,80,8,true
World Geography,hard,Select the most precise term for World Geography.,parallel,watercolor,altitude,tributary,altitude,,,text,80,8,true
World Geography,hard,Which option best characterizes World Geography?,hemisphere,perspective,Yggdrasil,formation,hemisphere,,,text,80,8,true
World Geography,hard,Pick the most specific concept tied to World Geography.,continent,session,canvas,Kerala,continent,,,text,80,8,true
World Geography,hard,Which option best characterizes World Geography?,head of state,triangle,education reform,globe,globe,,,text,80,8,true
World Geography,hard,Pick the most specific concept tied to World Geography.,Harappa,screenplay,map scale,momentum,map scale,,,text,80,8,true
World Geography,hard,Which term is most specifically associated with World Geography?,society,Loki,latitude,responsive layout,latitude,,,text,80,8,true
World Geography,hard,Which option best characterizes World Geography?,equator,cuisine,public health,habitat,equator,,,text,80,8,true
World Geography,hard,Which term is most specifically associated with World Geography?,merger,ecosystem,latitude,opera,latitude,,,text,80,8,true
World Geography,hard,Pick the most specific concept tied to World Geography.,seed,firewall,latitude,conductor,latitude,,,text,80,8,true
World Geography,hard,Which option best characterizes World Geography?,inheritance,continent,habitat,composer,continent,,,text,80,8,true
World Geography,hard,Which option best characterizes World Geography?,entrepreneur,prime number,goal,altitude,altitude,,,text,80,8,true
Indian History,easy,Pick the correct term for Indian History.,fertilizer,responsive design,tricolor,Plassey,Plassey,,,text,20,12,true
Indian History,easy,Which option belongs to Indian History?,screen,multiple,Champaran,asset,Champaran,,,text,20,12,true
Indian History,easy,Pick the correct term for Indian History.,Plassey,trail,policy debate,myth,Plassey,,,text,20,12,true
Indian History,easy,Which of these is related to Indian History?,adaptation,Kerala,Ashoka,accessory,Ashoka,,,text,20,12,true
Indian History,easy,Which of these is related to Indian History?,Brahma,federalism,Indus Valley,conversion,Indus Valley,,,text,20,12,true
Indian History,easy,Pick the correct term for Indian History.,arid,run rate,Mughal Empire,predicate,Mughal Empire,,,text,20,12,true
Indian History,easy,Which option belongs to Indian History?,function,warehouse,Stockholm,Gupta Empire,Gupta Empire,,,text,20,12,true
Indian History,easy,Select a term associated with Indian History.,DOM,dish,Maurya Empire,angle,Maurya Empire,,,text,20,12,true
Indian History,easy,Which option belongs to Indian History?,Indus Valley,argument,translation,banknote,Indus Valley,,,text,20,12,true
Indian History,easy,Which of these is related to Indian History?,spice,emulator,Maurya Empire,heuristic,Maurya Empire,,,text,20,12,true
Indian History,easy,Pick the correct term for Indian History.,level,Everest,protocol,Mughal Empire,Mughal Empire,,,text,20,12,true
Indian History,easy,Which option belongs to Indian History?,cash flow,façade,Mughal Empire,exoplanet,Mughal Empire,,,text,20,12,true
Indian History,easy,Pick the correct term for Indian History.,epic,satellite,Rebellion of 1857,Mississippi,Rebellion of 1857,,,text,20,12,true
Indian History,easy,Which option belongs to Indian History?,deuce,Divine Comedy,cockpit,Indus Valley,Indus Valley,,,text,20,12,true
Indian History,easy,Pick the correct term for Indian History.,concert,Ashoka,Vishnu,Hera,Ashoka,,,text,20,12,true
Indian History,easy,Pick the correct term for Indian History.,genre,dividend,Mughal Empire,rally,Mughal Empire,,,text,20,12,true
Indian History,easy,Which of these is related to Indian History?,Plassey,polymorphism,garbage collection,ink,Plassey,,,text,20,12,true
Indian History,easy,Which option belongs to Indian History?,Ashoka,drug,receptor,App Store,Ashoka,,,text,20,12,true
Indian History,medium,Which term is most commonly used in Indian History?,billboard,character,Rebellion of 1857,Sumatra,Rebellion of 1857,,,text,40,10,true
Indian History,medium,Select the most relevant term for Indian History.,robot,Champaran,entrepreneur,ethics,Champaran,,,text,40,10,true
Indian History,medium,Select the most relevant term for Indian History.,ARPANET,radian,watering,Plassey,Plassey,,,text,40,10,true
Indian History,medium,Pick the concept that best matches Indian History.,Maurya Empire,aerodynamics,delta,Hindi cinema,Maurya Empire,,,text,40,10,true
Indian History,medium,Select the most relevant term for Indian History.,CSS,camera,perspective,Plassey,Plassey,,,text,40,10,true
Indian History,medium,Which term is most commonly used in Indian History?,Mughal Empire,achievement,slope,sequence,Mughal Empire,,,text,40,10,true
Indian History,medium,Which term is most commonly used in Indian History?,Rebellion of 1857,Mars rover,seed,garbage collection,Rebellion of 1857,,,text,40,10,true
Indian History,medium,Select the most relevant term for Indian History.,conductor,exoplanet,Maurya Empire,stump,Maurya Empire,,,text,40,10,true
Indian History,medium,Which term is most commonly used in Indian History?,screenplay,Harappa,Champaran,continent,Champaran,,,text,40,10,true
Indian History,medium,Pick the concept that best matches Indian History.,Indus Valley,oxidation,Rajasthan,processor,Indus Valley,,,text,40,10,true
Indian History,medium,Which option is a key concept in Indian History?,planting,level,logic,Rebellion of 1857,Rebellion of 1857,,,text,40,10,true
Indian History,medium,Select the most relevant term for Indian History.,gene,Arctic Ocean,Don Quixote,Mughal Empire,Mughal Empire,,,text,40,10,true
Indian History,medium,Select the most relevant term for Indian History.,Gupta Empire,Lake Superior,Australia,soil,Gupta Empire,,,text,40,10,true
Indian History,medium,Which option is a key concept in Indian History?,encryption,opera,K2,Delhi Sultanate,Delhi Sultanate,,,text,40,10,true
Indian History,medium,Which option is a key concept in Indian History?,mining,circle,Rebellion of 1857,global warming,Rebellion of 1857,,,text,40,10,true
Indian History,medium,Select the most relevant term for Indian History.,sonata,Rebellion of 1857,theme,patent,Rebellion of 1857,,,text,40,10,true
Indian History,medium,Select the most relevant term for Indian History.,radian,turbulence,Delhi Sultanate,World Wide Web,Delhi Sultanate,,,text,40,10,true
Indian History,medium,Select the most relevant term for Indian History.,Rebellion of 1857,legislature,email,Sumatra,Rebellion of 1857,,,text,40,10,true
Indian History,hard,Which term is most specifically associated with Indian History?,Champaran,exception,pip,atom,Champaran,,,text,80,8,true
Indian History,hard,Pick the most specific concept tied to Indian History.,couture,dance,torch,Delhi Sultanate,Delhi Sultanate,,,text,80,8,true
Indian History,hard,Select the most precise term for Indian History.,author,Gupta Empire,recipe,ecology,Gupta Empire,,,text,80,8,true
Indian History,hard,Select the most precise term for Indian History.,stock exchange,Maurya Empire,Kerala,warehouse,Maurya Empire,,,text,80,8,true
Indian History,hard,Pick the most specific concept tied to Indian History.,visitor center,Gupta Empire,stratification,trade agreement,Gupta Empire,,,text,80,8,true
Indian History,hard,Pick the most specific concept tied to Indian History.,returns,Alps,evolution,Rebellion of 1857,Rebellion of 1857,,,text,80,8,true
Indian History,hard,Select the most precise term for Indian History.,Akbar,tributary,polytheism,decorator,Akbar,,,text,80,8,true
Indian History,hard,Select the most precise term for Indian History.,Treaty of Versailles,Vishnu,Plassey,studio,Plassey,,,text,80,8,true
Indian History,hard,Which term is most specifically associated with Indian History?,floor plan,compound,Plassey,tragedy,Plassey,,,text,80,8,true
Indian History,hard,Which term is most specifically associated with Indian History?,Atacama,Ashoka,target audience,conversion,Ashoka,,,text,80,8,true
Indian History,hard,Which term is most specifically associated with Indian History?,mind,run rate,Delhi Sultanate,period,Delhi Sultanate,,,text,80,8,true
Indian History,hard,Select the most precise term for Indian History.,arid,carbon dioxide,model,Ashoka,Ashoka,,,text,80,8,true
Indian History,hard,Which option best characterizes Indian History?,Plassey,continuity,scripture,exoplanet,Plassey,,,text,80,8,true
Indian History,hard,Pick the most specific concept tied to Indian History.,Danube,striker,Hindi cinema,Rebellion of 1857,Rebellion of 1857,,,text,80,8,true
Indian History,hard,Pick the most specific concept tied to Indian History.,prime minister,star,altitude,Indus Valley,Indus Valley,,,text,80,8,true
Indian History,hard,Which option best characterizes Indian History?,Delhi Sultanate,Amazon,altitude,tributary,Delhi Sultanate,,,text,80,8,true
Indian History,hard,Which option best characterizes Indian History?,altitude,Mediterranean Sea,chancellor,Delhi Sultanate,Delhi Sultanate,,,text,80,8,true
Indian History,hard,Pick the most specific concept tied to Indian History.,gallery,optimization,Gupta Empire,share,Gupta Empire,,,text,80,8,true
Indian History,hard,Which option best characterizes Indian History?,translation,Gupta Empire,Sahara,migration,Gupta Empire,,,text,80,8,true
Indian History,hard,Pick the most specific concept tied to Indian History.,subject,charger,Ashoka,optimization,Ashoka,,,text,80,8,true
Indian History,hard,Which option best characterizes Indian History?,hashtag,Akbar,hero,Greenland,Akbar,,,text,80,8,true
Indian History,hard,Which option best characterizes Indian History?,sustainability,index,frame,Plassey,Plassey,,,text,80,8,true
Indian History,hard,Which option best characterizes Indian History?,statuette,tangent line,adaptation,Rebellion of 1857,Rebellion of 1857,,,text,80,8,true
Indian History,hard,Which option best characterizes Indian History?,Plassey,identity,symphony,Yangtze,Plassey,,,text,80,8,true
Ancient Civilization,easy,Pick the correct term for Ancient Civilization.,Mesopotamia,mind,star,steam engine,Mesopotamia,,,text,20,12,true
Ancient Civilization,easy,Select a term associated with Ancient Civilization.,Berlin Wall,policy debate,Sumer,altitude,Sumer,,,text,20,12,true
Ancient Civilization,easy,Which of these is related to Ancient Civilization?,habitat,app,cognition,Mesopotamia,Mesopotamia,,,text,20,12,true
Ancient Civilization,easy,Which option belongs to Ancient Civilization?,dance,wave,Karnataka,Mesopotamia,Mesopotamia,,,text,20,12,true
Ancient Civilization,easy,Pick the correct term for Ancient Civilization.,sonata,director,Babylon,spacewalk,Babylon,,,text,20,12,true
Ancient Civilization,easy,Which option belongs to Ancient Civilization?,neural network,rhyme,Indus Valley,liability,Indus Valley,,,text,20,12,true
Ancient Civilization,easy,Select a term associated with Ancient Civilization.,cockpit,map scale,dance,Hittites,Hittites,,,text,20,12,true
Ancient Civilization,easy,Select a term associated with Ancient Civilization.,Egyptians,promotion,hash,SEO,Egyptians,,,text,20,12,true
Ancient Civilization,easy,Which option belongs to Ancient Civilization?,suspension,clause,Mohenjo-daro,recursion,Mohenjo-daro,,,text,20,12,true
Ancient Civilization,easy,Which of these is related to Ancient Civilization?,authorization,taste,Egyptians,dialect,Egyptians,,,text,20,12,true
Ancient Civilization,easy,Select a term associated with Ancient Civilization.,striker,market cap,class,Mohenjo-daro,Mohenjo-daro,,,text,20,12,true
Ancient Civilization,easy,Pick the correct term for Ancient Civilization.,lungs,stanza,Egyptians,fertilizer,Egyptians,,,text,20,12,true
Ancient Civilization,easy,Which of these is related to Ancient Civilization?,Industrial Revolution,Mediterranean Sea,Babylon,Indian Ocean,Babylon,,,text,20,12,true
Ancient Civilization,easy,Pick the correct term for Ancient Civilization.,Treaty of Versailles,memory,clergy,Indus Valley,Indus Valley,,,text,20,12,true
Ancient Civilization,easy,Which of these is related to Ancient Civilization?,theme,net,knight,Mesopotamia,Mesopotamia,,,text,20,12,true
Ancient Civilization,easy,Which option belongs to Ancient Civilization?,training data,Mesopotamia,democracy,prize,Mesopotamia,,,text,20,12,true
Ancient Civilization,easy,Pick the correct term for Ancient Civilization.,election,striker,Egyptians,posture,Egyptians,,,text,20,12,true
Ancient Civilization,easy,Which option belongs to Ancient Civilization?,bake,host city,Assyrians,fraction,Assyrians,,,text,20,12,true
Ancient Civilization,medium,Which option is a key concept in Ancient Civilization?,endgame,innings,skyscraper,Phoenicians,Phoenicians,,,text,40,10,true
Ancient Civilization,medium,Which option is a key concept in Ancient Civilization?,Egyptians,semi-arid,arch,protected area,Egyptians,,,text,40,10,true
Ancient Civilization,medium,Which option is a key concept in Ancient Civilization?,formation,AI,explorer,Harappa,Harappa,,,text,40,10,true
Ancient Civilization,medium,Select the most relevant term for Ancient Civilization.,hypotenuse,Phoenicians,conversion,globe,Phoenicians,,,text,40,10,true
Ancient Civilization,medium,Pick the concept that best matches Ancient Civilization.,gallery,Indus Valley,inflation,triangle,Indus Valley,,,text,40,10,true
Ancient Civilization,medium,Select the most relevant term for Ancient Civilization.,return,entrepreneur,Mohenjo-daro,red carpet,Mohenjo-daro,,,text,40,10,true
Ancient Civilization,medium,Pick the concept that best matches Ancient Civilization.,serve,inventory,Hittites,opening ceremony,Hittites,,,text,40,10,true
Ancient Civilization,medium,Which term is most commonly used in Ancient Civilization?,deuce,virtualenv,Mohenjo-daro,operating system,Mohenjo-daro,,,text,40,10,true
Ancient Civilization,medium,Pick the concept that best matches Ancient Civilization.,balance,over,Assyrians,epistemology,Assyrians,,,text,40,10,true
Ancient Civilization,medium,Select the most relevant term for Ancient Civilization.,Harappa,heart,rebound,costume,Harappa,,,text,40,10,true
Ancient Civilization,medium,Pick the concept that best matches Ancient Civilization.,alphabet,volatility,Lake Victoria,Babylon,Babylon,,,text,40,10,true
Ancient Civilization,medium,Pick the concept that best matches Ancient Civilization.,Mohenjo-daro,legislature,internet,infrastructure,Mohenjo-daro,,,text,40,10,true
Ancient Civilization,medium,Which term is most commonly used in Ancient Civilization?,re-entry,nervous system,Sri Lanka,Sumer,Sumer,,,text,40,10,true
Ancient Civilization,medium,Which term is most commonly used in Ancient Civilization?,Harappa,Android,philanthropist,Odyssey,Harappa,,,text,40,10,true
Ancient Civilization,medium,Which term is most commonly used in Ancient Civilization?,continuity,pronoun,Harappa,patient,Harappa,,,text,40,10,true
Ancient Civilization,medium,Select the most relevant term for Ancient Civilization.,Babylon,servo,myth,portfolio,Babylon,,,text,40,10,true
Ancient Civilization,medium,Select the most relevant term for Ancient Civilization.,Australia,canvas,Plassey,Egyptians,Egyptians,,,text,40,10,true
Ancient Civilization,medium,Pick the concept that best matches Ancient Civilization.,noun,peak,Mohenjo-daro,concert,Mohenjo-daro,,,text,40,10,true
Ancient Civilization,hard,Which option best characterizes Ancient Civilization?,Egyptians,strings,arid,noun,Egyptians,,,text,80,8,true
Ancient Civilization,hard,Select the most precise term for Ancient Civilization.,Gujarat,Mesopotamia,ace,relay,Mesopotamia,,,text,80,8,true
Ancient Civilization,hard,Which term is most specifically associated with Ancient Civilization?,focus,RPG,Mesopotamia,Arctic Ocean,Mesopotamia,,,text,80,8,true
Ancient Civilization,hard,Which term is most specifically associated with Ancient Civilization?,overfitting,coefficient,Divine Comedy,Egyptians,Egyptians,,,text,80,8,true
Ancient Civilization,hard,Pick the most specific concept tied to Ancient Civilization.,sonata,Indian Ocean,Sumer,justice,Sumer,,,text,80,8,true
Ancient Civilization,hard,Which option best characterizes Ancient Civilization?,infrastructure,crop,Mesopotamia,hero,Mesopotamia,,,text,80,8,true
Ancient Civilization,hard,Pick the most specific concept tied to Ancient Civilization.,patient,Assyrians,internet,trade agreement,Assyrians,,,text,80,8,true
Ancient Civilization,hard,Which option best characterizes Ancient Civilization?,striker,Athena,Sumer,Ganga,Sumer,,,text,80,8,true
Ancient Civilization,hard,Which option best characterizes Ancient Civilization?,relay,Physics,router,Babylon,Babylon,,,text,80,8,true
Ancient Civilization,hard,Pick the most specific concept tied to Ancient Civilization.,Babylon,robot,recycling,supply chain,Babylon,,,text,80,8,true
Ancient Civilization,hard,Which term is most specifically associated with Ancient Civilization?,Assyrians,Delhi Sultanate,engagement,climate policy,Assyrians,,,text,80,8,true
Ancient Civilization,hard,Which option best characterizes Ancient Civilization?,Egyptians,exception,Industrial Revolution,genre,Egyptians,,,text,80,8,true
Ancient Civilization,hard,Which term is most specifically associated with Ancient Civilization?,stripe,Mesopotamia,virtue,Nobel Prize,Mesopotamia,,,text,80,8,true
Ancient Civilization,hard,Which option best characterizes Ancient Civilization?,Indus Valley,hemisphere,parliament,Bollywood,Indus Valley,,,text,80,8,true
Ancient Civilization,hard,Select the most precise term for Ancient Civilization.,Mesopotamia,perspective,unit circle,global warming,Mesopotamia,,,text,80,8,true
Ancient Civilization,hard,Pick the most specific concept tied to Ancient Civilization.,unit circle,dot-com,therapy,Mesopotamia,Mesopotamia,,,text,80,8,true
Ancient Civilization,hard,Which option best characterizes Ancient Civilization?,periodic table,Indus Valley,franchise,statuette,Indus Valley,,,text,80,8,true
Ancient Civilization,hard,Which option best characterizes Ancient Civilization?,Sumer,smart contract,homeostasis,intrusion,Sumer,,,text,80,8,true
Ancient Civilization,hard,Which option best characterizes Ancient Civilization?,migration,Sumer,venture capital,playlist,Sumer,,,text,80,8,true
Ancient Civilization,hard,Which term is most specifically associated with Ancient Civilization?,Iliad,prescription,greenhouse,Sumer,Sumer,,,text,80,8,true
Ancient Civilization,hard,Which option best characterizes Ancient Civilization?,stock exchange,oxidation,alphabet,Indus Valley,Indus Valley,,,text,80,8,true
Ancient Civilization,hard,Select the most precise term for Ancient Civilization.,Harappa,compound,democracy,automation,Harappa,,,text,80,8,true
Ancient Civilization,hard,Which option best characterizes Ancient Civilization?,carbon footprint,pivot,Mohenjo-daro,polygon,Mohenjo-daro,,,text,80,8,true
Ancient Civilization,hard,Which term is most specifically associated with Ancient Civilization?,DOM,design,protein,Phoenicians,Phoenicians,,,text,80,8,true
Modern History,easy,Select a term associated with Modern History.,society,globalization,mining,star,globalization,,,text,20,12,true
Modern History,easy,Which of these is related to Modern History?,globalization,postmodern,gravity,floor plan,globalization,,,text,20,12,true
Modern History,easy,Pick the correct term for Modern History.,longitude,constellation,decolonization,diplomacy,decolonization,,,text,20,12,true
Modern History,easy,Which of these is related to Modern History?,Berlin Wall,carbon footprint,narrator,planning,Berlin Wall,,,text,20,12,true
Modern History,easy,Pick the correct term for Modern History.,oil paint,irrigation,Industrial Revolution,net,Industrial Revolution,,,text,20,12,true
Modern History,easy,Which option belongs to Modern History?,Indus Valley,cognition,circle,Industrial Revolution,Industrial Revolution,,,text,20,12,true
Modern History,easy,Which of these is related to Modern History?,Berlin Wall,over,festivals,phonetics,Berlin Wall,,,text,20,12,true
Modern History,easy,Which option belongs to Modern History?,United Nations,share,graphic novel,planting,United Nations,,,text,20,12,true
Modern History,easy,Pick the correct term for Modern History.,Berlin Wall,diagnosis,box office,single,Berlin Wall,,,text,20,12,true
Modern History,easy,Select a term associated with Modern History.,Industrial Revolution,autonomy,optimization,haiku,Industrial Revolution,,,text,20,12,true
Modern History,easy,Pick the correct term for Modern History.,color,feed,Treaty of Versailles,ISO,Treaty of Versailles,,,text,20,12,true
Modern History,easy,Which of these is related to Modern History?,United Nations,K2,Mississippi,equation,United Nations,,,text,20,12,true
Modern History,easy,Which of these is related to Modern History?,costume,soil,Treaty of Versailles,supply chain,Treaty of Versailles,,,text,20,12,true
Modern History,easy,Select a term associated with Modern History.,Industrial Revolution,exposure,pruning,innings,Industrial Revolution,,,text,20,12,true
Modern History,easy,Select a term associated with Modern History.,router,automation,globalization,superhero,globalization,,,text,20,12,true
Modern History,easy,Which option belongs to Modern History?,torch,World War I,franchise,ink,World War I,,,text,20,12,true
Modern History,easy,Which of these is related to Modern History?,conservation,globalization,comic,wildlife reserve,globalization,,,text,20,12,true
Modern History,easy,Which of these is related to Modern History?,optimization,Berlin Wall,JavaScript,volcanic island,Berlin Wall,,,text,20,12,true
Modern History,medium,Pick the concept that best matches Modern History.,prayer,level,Cold War,Nobel Prize,Cold War,,,text,40,10,true
Modern History,medium,Which term is most commonly used in Modern History?,expression,Treaty of Versailles,side effect,innings,Treaty of Versailles,,,text,40,10,true
Modern History,medium,Pick the concept that best matches Modern History.,League of Nations,Sumer,guild,Gulf,League of Nations,,,text,40,10,true
Modern History,medium,Which term is most commonly used in Modern History?,decolonization,issue,drug,fraction,decolonization,,,text,40,10,true
Modern History,medium,Pick the concept that best matches Modern History.,World War I,foundation,habitat,side effect,World War I,,,text,40,10,true
Modern History,medium,Which term is most commonly used in Modern History?,Cold War,theme,photosynthesis,arid,Cold War,,,text,40,10,true
Modern History,medium,Which option is a key concept in Modern History?,planning,ink,emotion,United Nations,United Nations,,,text,40,10,true
Modern History,medium,Which term is most commonly used in Modern History?,Harappa,strings,area under curve,League of Nations,League of Nations,,,text,40,10,true
Modern History,medium,Which term is most commonly used in Modern History?,dollar,regression,decolonization,ace,decolonization,,,text,40,10,true
Modern History,medium,Select the most relevant term for Modern History.,dish,Berlin Wall,Literature,mulch,Berlin Wall,,,text,40,10,true
Modern History,medium,Select the most relevant term for Modern History.,playback,United Nations,identity,coefficient,United Nations,,,text,40,10,true
Modern History,medium,Which option is a key concept in Modern History?,telescope,blockbuster,camera,decolonization,decolonization,,,text,40,10,true
Modern History,medium,Which term is most commonly used in Modern History?,ISP,vaccine,continent,League of Nations,League of Nations,,,text,40,10,true
Modern History,medium,Which option is a key concept in Modern History?,League of Nations,foundation,index,angle,League of Nations,,,text,40,10,true
Modern History,medium,Which option is a key concept in Modern History?,Berlin Wall,match point,elasticity,ice melt,Berlin Wall,,,text,40,10,true
Modern History,medium,Pick the concept that best matches Modern History.,election cycle,run rate,decolonization,autonomy,decolonization,,,text,40,10,true
Modern History,medium,Pick the concept that best matches Modern History.,merger,mind,emotion,League of Nations,League of Nations,,,text,40,10,true
Modern History,medium,Pick the concept that best matches Modern History.,fertilizer,World War I,hashtag,deviance,World War I,,,text,40,10,true
Modern History,hard,Pick the most specific concept tied to Modern History.,packaging,World War I,flexibility,ISO,World War I,,,text,80,8,true
Modern History,hard,Which term is most specifically associated with Modern History?,pattern,aircraft,Treaty of Versailles,single,Treaty of Versailles,,,text,80,8,true
Modern History,hard,Select the most precise term for Modern History.,rhyme,constitution,Oscar,decolonization,decolonization,,,text,80,8,true
Modern History,hard,Select the most precise term for Modern History.,posture,short story,virtualenv,United Nations,United Nations,,,text,80,8,true
Modern History,hard,Which option best characterizes Modern History?,Treaty of Versailles,app,boundary,shipping,Treaty of Versailles,,,text,80,8,true
Modern History,hard,Which term is most specifically associated with Modern History?,United Nations,entrepreneur,actuator,interest,United Nations,,,text,80,8,true
Modern History,hard,Which term is most specifically associated with Modern History?,filmfare,Literature,Industrial Revolution,bowler,Industrial Revolution,,,text,80,8,true
Modern History,hard,Select the most precise term for Modern History.,World War I,protein,microscope,metabolism,World War I,,,text,80,8,true
Modern History,hard,Select the most precise term for Modern History.,space planning,cape,League of Nations,achievement,League of Nations,,,text,80,8,true
Modern History,hard,Which term is most specifically associated with Modern History?,United Nations,sea level,follower,concerto,United Nations,,,text,80,8,true
Modern History,hard,Pick the most specific concept tied to Modern History.,scientist,battery,tense,Cold War,Cold War,,,text,80,8,true
Modern History,hard,Which term is most specifically associated with Modern History?,United Nations,screenplay,identity,taste,United Nations,,,text,80,8,true
Modern History,hard,Which option best characterizes Modern History?,diplomacy,Industrial Revolution,penalty,flavor,Industrial Revolution,,,text,80,8,true
Modern History,hard,Which option best characterizes Modern History?,Industrial Revolution,silhouette,Amazon,radius,Industrial Revolution,,,text,80,8,true
Modern History,hard,Which term is most specifically associated with Modern History?,dance,hook,session,decolonization,decolonization,,,text,80,8,true
Modern History,hard,Pick the most specific concept tied to Modern History.,queen,achievement,Treaty of Versailles,North America,Treaty of Versailles,,,text,80,8,true
Modern History,hard,Which option best characterizes Modern History?,modem,compost,emotion,Cold War,Cold War,,,text,80,8,true
Modern History,hard,Select the most precise term for Modern History.,iterator,guild,cookie,globalization,globalization,,,text,80,8,true
Modern History,hard,Which term is most specifically associated with Modern History?,World War I,magnetism,star,patch,World War I,,,text,80,8,true
Modern History,hard,Select the most precise term for Modern History.,mulch,protein,prime number,globalization,globalization,,,text,80,8,true
Modern History,hard,Which option best characterizes Modern History?,climate model,constellation,United Nations,conversion,United Nations,,,text,80,8,true
Modern History,hard,Select the most precise term for Modern History.,sine,exoplanet,landscape,Cold War,Cold War,,,text,80,8,true
Modern History,hard,Select the most precise term for Modern History.,composer,decolonization,K2,abstract,decolonization,,,text,80,8,true
Modern History,hard,Pick the most specific concept tied to Modern History.,Berlin Wall,global warming,Odyssey,composition,Berlin Wall,,,text,80,8,true
Physics,easy,Pick the correct term for Physics.,inventor,electricity,records,rook,electricity,,,text,20,12,true
Physics,easy,Select a term associated with Physics.,issue,energy,esports,rocket,energy,,,text,20,12,true
Physics,easy,Select a term associated with Physics.,garbage collection,startup,index,wave,wave,,,text,20,12,true
Physics,easy,Which of these is related to Physics?,velocity,proof of work,Gujarat,nebula,velocity,,,text,20,12,true
Physics,easy,Select a term associated with Physics.,alphabet,electricity,UI thread,metabolism,electricity,,,text,20,12,true
Physics,easy,Pick the correct term for Physics.,Kalahari,short story,energy,Rebellion of 1857,energy,,,text,20,12,true
Physics,easy,Which of these is related to Physics?,vocabulary,ecosystem,gravity,cape,gravity,,,text,20,12,true
Physics,easy,Select a term associated with Physics.,continuity,magnetism,malware,chassis,magnetism,,,text,20,12,true
Physics,easy,Which of these is related to Physics?,brand identity,force,funnel,period,force,,,text,20,12,true
Physics,easy,Which of these is related to Physics?,vocabulary,force,box office,match point,force,,,text,20,12,true
Physics,easy,Pick the correct term for Physics.,electricity,nominee,World Wide Web,Krishna,electricity,,,text,20,12,true
Physics,easy,Which option belongs to Physics?,wave,perception,banknote,cape,wave,,,text,20,12,true
Physics,easy,Which of these is related to Physics?,area under curve,diplomacy,toxicity,electricity,electricity,,,text,20,12,true
Physics,easy,Which option belongs to Physics?,memory,startup,pharmacokinetics,magnetism,magnetism,,,text,20,12,true
Physics,easy,Pick the correct term for Physics.,satellite,Indus Valley,sine,electricity,electricity,,,text,20,12,true
Physics,easy,Select a term associated with Physics.,REST,recognition,velocity,symbol,velocity,,,text,20,12,true
Physics,easy,Which option belongs to Physics?,personality,crest,force,fertilizer,force,,,text,20,12,true
Physics,easy,Pick the correct term for Physics.,argument,acceleration,star,feature,acceleration,,,text,20,12,true
Physics,medium,Select the most relevant term for Physics.,deity,comic,electricity,preposition,electricity,,,text,40,10,true
Physics,medium,Which term is most commonly used in Physics?,culture,momentum,prime minister,atom,momentum,,,text,40,10,true
Physics,medium,Select the most relevant term for Physics.,screenplay,electricity,pitch,penalty,electricity,,,text,40,10,true
Physics,medium,Which term is most commonly used in Physics?,printing press,metaphysics,wallet,gravity,gravity,,,text,40,10,true
Physics,medium,Pick the concept that best matches Physics.,banknote,mission control,polynomial,wave,wave,,,text,40,10,true
Physics,medium,Which option is a key concept in Physics?,thermodynamics,orbit,Ashoka,grill,thermodynamics,,,text,40,10,true
Physics,medium,Which option is a key concept in Physics?,masala,bioavailability,velocity,checkmate,velocity,,,text,40,10,true
Physics,medium,Which option is a key concept in Physics?,tributary,wave,Asgard,executive,wave,,,text,40,10,true
Physics,medium,Which option is a key concept in Physics?,furniture,goal,trademark,thermodynamics,thermodynamics,,,text,40,10,true
Physics,medium,Which option is a key concept in Physics?,radio,international summit,topography,magnetism,magnetism,,,text,40,10,true
Physics,medium,Select the most relevant term for Physics.,dish,magnetism,short story,nominee,magnetism,,,text,40,10,true
Physics,medium,Which option is a key concept in Physics?,brake,wave,feature,perception,wave,,,text,40,10,true
Physics,medium,Pick the concept that best matches Physics.,gravity,realism,firewall,election,gravity,,,text,40,10,true
Physics,medium,Which option is a key concept in Physics?,magnetism,plate,latency,athlete,magnetism,,,text,40,10,true
Physics,medium,Select the most relevant term for Physics.,velocity,enzyme,Sahara,goal,velocity,,,text,40,10,true
Physics,medium,Which option is a key concept in Physics?,Lake Victoria,recycling,energy,records,energy,,,text,40,10,true
Physics,medium,Which term is most commonly used in Physics?,session,magnetism,AI,equation,magnetism,,,text,40,10,true
Physics,medium,Pick the concept that best matches Physics.,billionaire,supply chain,gravity,returns,gravity,,,text,40,10,true
Physics,hard,Pick the most specific concept tied to Physics.,trail,minimalism,planting,magnetism,magnetism,,,text,80,8,true
Physics,hard,Pick the most specific concept tied to Physics.,Australia,Sri Lanka,gravity,tragedy,gravity,,,text,80,8,true
Physics,hard,Which term is most specifically associated with Physics?,velocity,balance,oasis,Asgard,velocity,,,text,80,8,true
Physics,hard,Which option best characterizes Physics?,acceleration,Aeneid,brand identity,theme,acceleration,,,text,80,8,true
Physics,hard,Select the most precise term for Physics.,momentum,multiplayer,Krishna,villain,momentum,,,text,80,8,true
Physics,hard,Select the most precise term for Physics.,momentum,nervous system,bond,monotheism,momentum,,,text,80,8,true
Physics,hard,Select the most precise term for Physics.,GDP,wave,banner,backboard,wave,,,text,80,8,true
Physics,hard,Select the most precise term for Physics.,volcanic island,volatility,philanthropist,force,force,,,text,80,8,true
Physics,hard,Which option best characterizes Physics?,aperture,acceleration,bias,trademark,acceleration,,,text,80,8,true
Physics,hard,Pick the most specific concept tied to Physics.,velocity,gallery,hemisphere,training data,velocity,,,text,80,8,true
Physics,hard,Which option best characterizes Physics?,oil paint,cell,modernism,force,force,,,text,80,8,true
Physics,hard,Pick the most specific concept tied to Physics.,index,philanthropist,verse,momentum,momentum,,,text,80,8,true
Physics,hard,Select the most precise term for Physics.,momentum,Apollo,sequel,ethics,momentum,,,text,80,8,true
Physics,hard,Which term is most specifically associated with Physics?,alliteration,electricity,circle,Mars rover,electricity,,,text,80,8,true
Physics,hard,Which option best characterizes Physics?,encryption,South America,force,epic,force,,,text,80,8,true
Physics,hard,Which option best characterizes Physics?,emissions,velocity,routing,angle,velocity,,,text,80,8,true
Physics,hard,Which option best characterizes Physics?,election cycle,Asgard,acceleration,masala,acceleration,,,text,80,8,true
Physics,hard,Which option best characterizes Physics?,force,Android,responsive layout,ingredient,force,,,text,80,8,true
Physics,hard,Which term is most specifically associated with Physics?,farm,gravity,conversion,Mississippi,gravity,,,text,80,8,true
Physics,hard,Select the most precise term for Physics.,electricity,Olympiad,logic,periodic table,electricity,,,text,80,8,true
Physics,hard,Which term is most specifically associated with Physics?,serve,tangent line,globalization,electricity,electricity,,,text,80,8,true
Physics,hard,Which term is most specifically associated with Physics?,prescription,ISP,force,expression,force,,,text,80,8,true
Physics,hard,Which term is most specifically associated with Physics?,magnetism,wallet,crest,acquisition,magnetism,,,text,80,8,true
Physics,hard,Pick the most specific concept tied to Physics.,acquisition,force,spacewalk,altitude,force,,,text,80,8,true
Chemistry,easy,Select a term associated with Chemistry.,treatment,Gulf,list comprehension,periodic table,periodic table,,,text,20,12,true
Chemistry,easy,Pick the correct term for Chemistry.,molecule,verb,pip,predator,molecule,,,text,20,12,true
Chemistry,easy,Which option belongs to Chemistry?,goal,oxidation,wildlife reserve,side effect,oxidation,,,text,20,12,true
Chemistry,easy,Select a term associated with Chemistry.,sauce,atom,short story,orchestra,atom,,,text,20,12,true
Chemistry,easy,Which of these is related to Chemistry?,engagement,operating system,rebound,covalent bond,covalent bond,,,text,20,12,true
Chemistry,easy,Select a term associated with Chemistry.,periodic table,acceleration,Iliad,three-pointer,periodic table,,,text,20,12,true
Chemistry,easy,Pick the correct term for Chemistry.,Borneo,Red Sea,lighting,atom,atom,,,text,20,12,true
Chemistry,easy,Pick the correct term for Chemistry.,molecule,Maurya Empire,sustainability,Mohenjo-daro,molecule,,,text,20,12,true
Chemistry,easy,Which of these is related to Chemistry?,prime minister,Academy Awards,catalyst,altitude,catalyst,,,text,20,12,true
Chemistry,easy,Pick the correct term for Chemistry.,LBW,comic,session,periodic table,periodic table,,,text,20,12,true
Chemistry,easy,Pick the correct term for Chemistry.,Iliad,bowler,reaction,concert,reaction,,,text,20,12,true
Chemistry,easy,Pick the correct term for Chemistry.,compound,vaccine,texture,IP address,compound,,,text,20,12,true
Chemistry,easy,Which of these is related to Chemistry?,respiratory system,stream of consciousness,periodic table,ratio,periodic table,,,text,20,12,true
Chemistry,easy,Which of these is related to Chemistry?,lungs,producer,TCP,compound,compound,,,text,20,12,true
Chemistry,easy,Which of these is related to Chemistry?,Rebellion of 1857,floor plan,risk,covalent bond,covalent bond,,,text,20,12,true
Chemistry,easy,Select a term associated with Chemistry.,dot-com,designer,ionic bond,galaxy,ionic bond,,,text,20,12,true
Chemistry,easy,Which option belongs to Chemistry?,gearbox,mitigation,compound,runway,compound,,,text,20,12,true
Chemistry,easy,Select a term associated with Chemistry.,Karnataka,classification,space planning,molecule,molecule,,,text,20,12,true
Chemistry,medium,Which option is a key concept in Chemistry?,recycling,education reform,masala,covalent bond,covalent bond,,,text,40,10,true
Chemistry,medium,Which term is most commonly used in Chemistry?,force,periodic table,tablet,greenhouse gases,periodic table,,,text,40,10,true
Chemistry,medium,Which term is most commonly used in Chemistry?,delta,pH,follower,Olympus,pH,,,text,40,10,true
Chemistry,medium,Which option is a key concept in Chemistry?,Literature,area,compound,perception,compound,,,text,40,10,true
Chemistry,medium,Which term is most commonly used in Chemistry?,compound,star,predator,online store,compound,,,text,40,10,true
Chemistry,medium,Which option is a key concept in Chemistry?,pH,prayer,shutter speed,formation,pH,,,text,40,10,true
Chemistry,medium,Select the most relevant term for Chemistry.,billionaire,diplomacy,compound,cell,compound,,,text,40,10,true
Chemistry,medium,Which option is a key concept in Chemistry?,silhouette,decorator,pH,internet,pH,,,text,40,10,true
Chemistry,medium,Which term is most commonly used in Chemistry?,compound,remix,area,multiple,compound,,,text,40,10,true
Chemistry,medium,Which term is most commonly used in Chemistry?,authentication,patient,compound,side effect,compound,,,text,40,10,true
Chemistry,medium,Which option is a key concept in Chemistry?,investor,shipping,reaction,force,reaction,,,text,40,10,true
Chemistry,medium,Which term is most commonly used in Chemistry?,polymorphism,compound,feature,block,compound,,,text,40,10,true
Chemistry,medium,Pick the concept that best matches Chemistry.,novel,World Wide Web,pH,symbol,pH,,,text,40,10,true
Chemistry,medium,Which term is most commonly used in Chemistry?,greenhouse,baseline,ionic bond,quest,ionic bond,,,text,40,10,true
Chemistry,medium,Which option is a key concept in Chemistry?,hemisphere,dance,pH,lens,pH,,,text,40,10,true
Chemistry,medium,Select the most relevant term for Chemistry.,covalent bond,order,cuisine,podium,covalent bond,,,text,40,10,true
Chemistry,medium,Which term is most commonly used in Chemistry?,lighting,Literature,Hera,pH,pH,,,text,40,10,true
Chemistry,medium,Select the most relevant term for Chemistry.,pH,prescription,iterator,theme,pH,,,text,40,10,true
Chemistry,hard,Pick the most specific concept tied to Chemistry.,catalyst,identity,crop,toxicity,catalyst,,,text,80,8,true
Chemistry,hard,Select the most precise term for Chemistry.,billionaire,compound,blueprint,president,compound,,,text,80,8,true
Chemistry,hard,Which option best characterizes Chemistry?,myth,air traffic,covalent bond,prayer,covalent bond,,,text,80,8,true
Chemistry,hard,Which option best characterizes Chemistry?,variable,limit,covalent bond,printing press,covalent bond,,,text,80,8,true
Chemistry,hard,Select the most precise term for Chemistry.,policy debate,push notification,Shiva,covalent bond,covalent bond,,,text,80,8,true
Chemistry,hard,Select the most precise term for Chemistry.,homeostasis,president,iOS,molecule,molecule,,,text,80,8,true
Chemistry,hard,Which option best characterizes Chemistry?,Lake Superior,pH,Bluetooth,offside,pH,,,text,80,8,true
Chemistry,hard,Which term is most specifically associated with Chemistry?,Bluetooth,compound,dividend yield,society,compound,,,text,80,8,true
Chemistry,hard,Which term is most specifically associated with Chemistry?,pH,mitochondria,abstract,Maharashtra,pH,,,text,80,8,true
Chemistry,hard,Select the most precise term for Chemistry.,protocol,URL,catalyst,Physics,catalyst,,,text,80,8,true
Chemistry,hard,Which term is most specifically associated with Chemistry?,World War II,inventory,North America,molecule,molecule,,,text,80,8,true
Chemistry,hard,Pick the most specific concept tied to Chemistry.,Hindi cinema,athlete,molecule,justice,molecule,,,text,80,8,true
Chemistry,hard,Which term is most specifically associated with Chemistry?,multiplayer,motivation,Olympus,catalyst,catalyst,,,text,80,8,true
Chemistry,hard,Which option best characterizes Chemistry?,fulfillment,programming,campground,compound,compound,,,text,80,8,true
Chemistry,hard,Pick the most specific concept tied to Chemistry.,dosage,transaction,molecule,textile,molecule,,,text,80,8,true
Chemistry,hard,Select the most precise term for Chemistry.,harvest,sequence,atom,diplomacy,atom,,,text,80,8,true
Chemistry,hard,Select the most precise term for Chemistry.,molecule,harvest,legislature,grammar,molecule,,,text,80,8,true
Chemistry,hard,Select the most precise term for Chemistry.,ionic bond,demography,operating system,ledger,ionic bond,,,text,80,8,true
Chemistry,hard,Select the most precise term for Chemistry.,DOM,pH,role,receptor,pH,,,text,80,8,true
Chemistry,hard,Pick the most specific concept tied to Chemistry.,character,reaction,panel,checkmate,reaction,,,text,80,8,true
Chemistry,hard,Pick the most specific concept tied to Chemistry.,oxidation,emotion,shutter speed,public health,oxidation,,,text,80,8,true
Chemistry,hard,Which term is most specifically associated with Chemistry?,Delhi Sultanate,catalyst,watercolor,browser,catalyst,,,text,80,8,true
Chemistry,hard,Which term is most specifically associated with Chemistry?,pattern,movement,chain rule,molecule,molecule,,,text,80,8,true
Chemistry,hard,Select the most precise term for Chemistry.,generator,radius,periodic table,inference,periodic table,,,text,80,8,true
Biology,easy,Select a term associated with Biology.,console,flexibility,mitochondria,intrusion,mitochondria,,,text,20,12,true
Biology,easy,Select a term associated with Biology.,Champaran,summit,photosynthesis,horsepower,photosynthesis,,,text,20,12,true
Biology,easy,Which option belongs to Biology?,deity,free kick,ecosystem,tragedy,ecosystem,,,text,20,12,true
Biology,easy,Pick the correct term for Biology.,bishop,socialization,evolution,recipe,evolution,,,text,20,12,true
Biology,easy,Pick the correct term for Biology.,homeostasis,Durga,conversion,servo,homeostasis,,,text,20,12,true
Biology,easy,Select a term associated with Biology.,latency,strings,protein,records,protein,,,text,20,12,true
Biology,easy,Select a term associated with Biology.,like,homeostasis,globe,Mahabharata,homeostasis,,,text,20,12,true
Biology,easy,Which of these is related to Biology?,character,podium,Brahma,evolution,evolution,,,text,20,12,true
Biology,easy,Pick the correct term for Biology.,Madagascar,circulatory system,expression,enzyme,enzyme,,,text,20,12,true
Biology,easy,Pick the correct term for Biology.,pH,gene,molecule,canvas,gene,,,text,20,12,true
Biology,easy,Which option belongs to Biology?,cell,blue chip,crest,rocket,cell,,,text,20,12,true
Biology,easy,Which of these is related to Biology?,orchestra,photosynthesis,wearable,treatment,photosynthesis,,,text,20,12,true
Biology,easy,Which of these is related to Biology?,interest,charger,ecosystem,athletics,ecosystem,,,text,20,12,true
Biology,easy,Pick the correct term for Biology.,responsive design,decorator,disease,cell,cell,,,text,20,12,true
Biology,easy,Pick the correct term for Biology.,satellite,habitat,homeostasis,marketing,homeostasis,,,text,20,12,true
Biology,easy,Which option belongs to Biology?,inventory,Atacama,diameter,DNA,DNA,,,text,20,12,true
Biology,easy,Which of these is related to Biology?,parliament,mitochondria,zero trust,virtualenv,mitochondria,,,text,20,12,true
Biology,easy,Which of these is related to Biology?,investor,DOM,pivot,mitochondria,mitochondria,,,text,20,12,true
Biology,medium,Pick the concept that best matches Biology.,Aeneid,ionic bond,protein,intrusion,protein,,,text,40,10,true
Biology,medium,Pick the concept that best matches Biology.,evolution,Nobel Prize,phonetics,Mississippi,evolution,,,text,40,10,true
Biology,medium,Which term is most commonly used in Biology?,focus,mitochondria,disease,map scale,mitochondria,,,text,40,10,true
Biology,medium,Which term is most commonly used in Biology?,block,routing,photosynthesis,lifecycle,photosynthesis,,,text,40,10,true
Biology,medium,Select the most relevant term for Biology.,altitude,League of Nations,achievement,protein,protein,,,text,40,10,true
Biology,medium,Which term is most commonly used in Biology?,pilgrimage,conditioning,carbon footprint,gene,gene,,,text,40,10,true
Biology,medium,Select the most relevant term for Biology.,comment,Everest,exposure,evolution,evolution,,,text,40,10,true
Biology,medium,Which term is most commonly used in Biology?,mitochondria,free throw,Pacific Ocean,smart contract,mitochondria,,,text,40,10,true
Biology,medium,Which term is most commonly used in Biology?,mining,supply chain,proof of work,evolution,evolution,,,text,40,10,true
Biology,medium,Which option is a key concept in Biology?,myth,Rockies,mitochondria,gradient descent,mitochondria,,,text,40,10,true
Biology,medium,Pick the concept that best matches Biology.,protein,planet,screenplay,planting,protein,,,text,40,10,true
Biology,medium,Which term is most commonly used in Biology?,photosynthesis,search,recursion,alphabet,photosynthesis,,,text,40,10,true
Biology,medium,Pick the concept that best matches Biology.,wardrobe,evolution,programming,steam engine,evolution,,,text,40,10,true
Biology,medium,Pick the concept that best matches Biology.,Danube,enzyme,validation,conservation,enzyme,,,text,40,10,true
Biology,medium,Select the most relevant term for Biology.,Treaty of Versailles,education reform,electricity,mitochondria,mitochondria,,,text,40,10,true
Biology,medium,Which option is a key concept in Biology?,institution,concerto,myth,evolution,evolution,,,text,40,10,true
Biology,medium,Pick the concept that best matches Biology.,homeostasis,skeletal system,pip,novel,homeostasis,,,text,40,10,true
Biology,medium,Which term is most commonly used in Biology?,DNA,currency symbol,script,rocket,DNA,,,text,40,10,true
Biology,hard,Pick the most specific concept tied to Biology.,routing,protein,cart,respiratory system,protein,,,text,80,8,true
Biology,hard,Which term is most specifically associated with Biology?,posture,League of Nations,crop,mitochondria,mitochondria,,,text,80,8,true
Biology,hard,Which term is most specifically associated with Biology?,focus,president,Aeneid,ecosystem,ecosystem,,,text,80,8,true
Biology,hard,Which term is most specifically associated with Biology?,marketing,spice,enzyme,simile,enzyme,,,text,80,8,true
Biology,hard,Pick the most specific concept tied to Biology.,Karnataka,conservation,photosynthesis,greenhouse,photosynthesis,,,text,80,8,true
Biology,hard,Which term is most specifically associated with Biology?,DNA,blockbuster,topography,Andes,DNA,,,text,80,8,true
Biology,hard,Which term is most specifically associated with Biology?,atoll,album,ecology,protein,protein,,,text,80,8,true
Biology,hard,Which option best characterizes Biology?,backboard,mitochondria,Odin,judiciary,mitochondria,,,text,80,8,true
Biology,hard,Select the most precise term for Biology.,routing,ISO,mitochondria,theme,mitochondria,,,text,80,8,true
Biology,hard,Which option best characterizes Biology?,Mojave,match point,mitochondria,phonetics,mitochondria,,,text,80,8,true
Biology,hard,Which option best characterizes Biology?,homeostasis,air traffic,abstract,Red Sea,homeostasis,,,text,80,8,true
Biology,hard,Which term is most specifically associated with Biology?,mitochondria,exoplanet,ink,rebound,mitochondria,,,text,80,8,true
Biology,hard,Which option best characterizes Biology?,soil,column,tablet,photosynthesis,photosynthesis,,,text,80,8,true
Biology,hard,Which term is most specifically associated with Biology?,protein,aerodynamics,Southern Ocean,myth,protein,,,text,80,8,true
Biology,hard,Which term is most specifically associated with Biology?,diplomacy,enzyme,leadership,Treaty of Versailles,enzyme,,,text,80,8,true
Biology,hard,Pick the most specific concept tied to Biology.,periodic table,TCP,habitat,homeostasis,homeostasis,,,text,80,8,true
Biology,hard,Which option best characterizes Biology?,campaign,DNA,decolonization,icon,DNA,,,text,80,8,true
Biology,hard,Select the most precise term for Biology.,opening ceremony,goal,platform,evolution,evolution,,,text,80,8,true
Biology,hard,Pick the most specific concept tied to Biology.,energy,operating system,enzyme,firewall,enzyme,,,text,80,8,true
Biology,hard,Which option best characterizes Biology?,pip,album,homeostasis,franchise,homeostasis,,,text,80,8,true
Biology,hard,Which term is most specifically associated with Biology?,exoplanet,Akbar,photosynthesis,marketing,photosynthesis,,,text,80,8,true
Biology,hard,Which term is most specifically associated with Biology?,polymorphism,pesticide,diagnosis,protein,protein,,,text,80,8,true
Biology,hard,Which term is most specifically associated with Biology?,enzyme,mission control,training data,Lakshmi,enzyme,,,text,80,8,true
Biology,hard,Which option best characterizes Biology?,cell,education reform,monotheism,epistemology,cell,,,text,80,8,true
Human Anatomy,easy,Which of these is related to Human Anatomy?,servo,galaxy,circulatory system,cabinet,circulatory system,,,text,20,12,true
Human Anatomy,easy,Which option belongs to Human Anatomy?,lungs,hero,Divine Comedy,Academy Awards,lungs,,,text,20,12,true
Human Anatomy,easy,Pick the correct term for Human Anatomy.,lungs,actuator,author,Academy Awards,lungs,,,text,20,12,true
Human Anatomy,easy,Which option belongs to Human Anatomy?,brain,habitat,Bollywood,athlete,brain,,,text,20,12,true
Human Anatomy,easy,Pick the correct term for Human Anatomy.,director,nervous system,scarcity,slogan,nervous system,,,text,20,12,true
Human Anatomy,easy,Pick the correct term for Human Anatomy.,recipe,heuristic,email,skeletal system,skeletal system,,,text,20,12,true
Human Anatomy,easy,Select a term associated with Human Anatomy.,structural,circulatory system,CSS,mitochondria,circulatory system,,,text,20,12,true
Human Anatomy,easy,Pick the correct term for Human Anatomy.,Kerala,kidney,inference,scientist,kidney,,,text,20,12,true
Human Anatomy,easy,Select a term associated with Human Anatomy.,sedan,motivation,muscular system,Iliad,muscular system,,,text,20,12,true
Human Anatomy,easy,Select a term associated with Human Anatomy.,digestive system,malware,soil,assist,digestive system,,,text,20,12,true
Human Anatomy,easy,Select a term associated with Human Anatomy.,exposure,responsive layout,wellness,respiratory system,respiratory system,,,text,20,12,true
Human Anatomy,easy,Pick the correct term for Human Anatomy.,scarcity,electricity,acceleration,digestive system,digestive system,,,text,20,12,true
Human Anatomy,easy,Which of these is related to Human Anatomy?,inequality,Lake Victoria,election cycle,heart,heart,,,text,20,12,true
Human Anatomy,easy,Which of these is related to Human Anatomy?,cosine,brain,ISO,over,brain,,,text,20,12,true
Human Anatomy,easy,Select a term associated with Human Anatomy.,transaction,wicket,lungs,posture,lungs,,,text,20,12,true
Human Anatomy,easy,Pick the correct term for Human Anatomy.,entrepreneur,vault,dribble,lungs,lungs,,,text,20,12,true
Human Anatomy,easy,Which of these is related to Human Anatomy?,database,kidney,training data,laureate,kidney,,,text,20,12,true
Human Anatomy,easy,Select a term associated with Human Anatomy.,post,semantics,novel,kidney,kidney,,,text,20,12,true
Human Anatomy,medium,Which option is a key concept in Human Anatomy?,grill,exposure,rook,circulatory system,circulatory system,,,text,40,10,true
Human Anatomy,medium,Select the most relevant term for Human Anatomy.,HTTP,radian,skeletal system,telescope,skeletal system,,,text,40,10,true
Human Anatomy,medium,Select the most relevant term for Human Anatomy.,nervous system,inventory,prey,volatility,nervous system,,,text,40,10,true
Human Anatomy,medium,Which term is most commonly used in Human Anatomy?,brain,shipping,brake,society,brain,,,text,40,10,true
Human Anatomy,medium,Which option is a key concept in Human Anatomy?,velocity,electricity,nebula,brain,brain,,,text,40,10,true
Human Anatomy,medium,Pick the concept that best matches Human Anatomy.,foul,narrator,mind,digestive system,digestive system,,,text,40,10,true
Human Anatomy,medium,Which option is a key concept in Human Anatomy?,Danube,flooring,respiratory system,box office,respiratory system,,,text,40,10,true
Human Anatomy,medium,Pick the concept that best matches Human Anatomy.,semi-arid,habitat,equation,heart,heart,,,text,40,10,true
Human Anatomy,medium,Which term is most commonly used in Human Anatomy?,gene,heart,Everest,Aeneid,heart,,,text,40,10,true
Human Anatomy,medium,Select the most relevant term for Human Anatomy.,wilderness,skeletal system,meditation,comment,skeletal system,,,text,40,10,true
Human Anatomy,medium,Pick the concept that best matches Human Anatomy.,neural network,Maurya Empire,kidney,CEO,kidney,,,text,40,10,true
Human Anatomy,medium,Which option is a key concept in Human Anatomy?,GDP,IP address,muscular system,online store,muscular system,,,text,40,10,true
Human Anatomy,medium,Which term is most commonly used in Human Anatomy?,Greenland,iterator,respiratory system,predicate,respiratory system,,,text,40,10,true
Human Anatomy,medium,Which term is most commonly used in Human Anatomy?,tangent line,short story,platform,digestive system,digestive system,,,text,40,10,true
Human Anatomy,medium,Pick the concept that best matches Human Anatomy.,agent,volume,nominee,digestive system,digestive system,,,text,40,10,true
Human Anatomy,medium,Which term is most commonly used in Human Anatomy?,digestive system,wilderness,scripture,emissions,digestive system,,,text,40,10,true
Human Anatomy,medium,Pick the concept that best matches Human Anatomy.,meditation,data structure,periodic table,nervous system,nervous system,,,text,40,10,true
Human Anatomy,medium,Which option is a key concept in Human Anatomy?,intrusion,red carpet,Yggdrasil,muscular system,muscular system,,,text,40,10,true
Human Anatomy,hard,Which option best characterizes Human Anatomy?,modernism,playlist,continent,brain,brain,,,text,80,8,true
Human Anatomy,hard,Which term is most specifically associated with Human Anatomy?,skyscraper,platform,Krishna,circulatory system,circulatory system,,,text,80,8,true
Human Anatomy,hard,Pick the most specific concept tied to Human Anatomy.,index,nervous system,semantics,stump,nervous system,,,text,80,8,true
Human Anatomy,hard,Which option best characterizes Human Anatomy?,scripture,Cold War,jet engine,digestive system,digestive system,,,text,80,8,true
Human Anatomy,hard,Which option best characterizes Human Anatomy?,genre,galaxy,ecosystem,nervous system,nervous system,,,text,80,8,true
Human Anatomy,hard,Which term is most specifically associated with Human Anatomy?,seed,flowerbed,nervous system,dot-com,nervous system,,,text,80,8,true
Human Anatomy,hard,Which term is most specifically associated with Human Anatomy?,theme,color,URL,skeletal system,skeletal system,,,text,80,8,true
Human Anatomy,hard,Which term is most specifically associated with Human Anatomy?,nervous system,phishing,director,altitude,nervous system,,,text,80,8,true
Human Anatomy,hard,Pick the most specific concept tied to Human Anatomy.,gravity,portrait,conductor,kidney,kidney,,,text,80,8,true
Human Anatomy,hard,Which option best characterizes Human Anatomy?,CSS,map scale,muscular system,like,muscular system,,,text,80,8,true
Human Anatomy,hard,Select the most precise term for Human Anatomy.,kidney,campaign,queen,follower,kidney,,,text,80,8,true
Human Anatomy,hard,Which term is most specifically associated with Human Anatomy?,Lakshmi,respiratory system,producer,consensus,respiratory system,,,text,80,8,true
Human Anatomy,hard,Pick the most specific concept tied to Human Anatomy.,Asia,lungs,dunk,Bluetooth,lungs,,,text,80,8,true
Human Anatomy,hard,Select the most precise term for Human Anatomy.,nervous system,topography,icon,globalization,nervous system,,,text,80,8,true
Human Anatomy,hard,Which term is most specifically associated with Human Anatomy?,hero,harvest,brain,pharmacokinetics,brain,,,text,80,8,true
Human Anatomy,hard,Which term is most specifically associated with Human Anatomy?,biodiversity,muscular system,foul,translation,muscular system,,,text,80,8,true
Human Anatomy,hard,Select the most precise term for Human Anatomy.,accessory,Asia,muscular system,robot arm,muscular system,,,text,80,8,true
Human Anatomy,hard,Select the most precise term for Human Anatomy.,Yangtze,seed,chorus,skeletal system,skeletal system,,,text,80,8,true
Human Anatomy,hard,Select the most precise term for Human Anatomy.,wallet,ace,circulatory system,phishing,circulatory system,,,text,80,8,true
Human Anatomy,hard,Which option best characterizes Human Anatomy?,stanza,perimeter,heart,platform,heart,,,text,80,8,true
Human Anatomy,hard,Select the most precise term for Human Anatomy.,operating system,heart,fertilizer,tributary,heart,,,text,80,8,true
Human Anatomy,hard,Which option best characterizes Human Anatomy?,interface,circulatory system,executive,behavior,circulatory system,,,text,80,8,true
Human Anatomy,hard,Which term is most specifically associated with Human Anatomy?,biodiversity,wallet,esports,lungs,lungs,,,text,80,8,true
Human Anatomy,hard,Pick the most specific concept tied to Human Anatomy.,Brahma,iterator,limit,muscular system,muscular system,,,text,80,8,true
Space Exploration,easy,Select a term associated with Space Exploration.,mission control,checkout,icon,skeletal system,mission control,,,text,20,12,true
Space Exploration,easy,Which of these is related to Space Exploration?,backboard,Harappa,block,rocket,rocket,,,text,20,12,true
Space Exploration,easy,Pick the correct term for Space Exploration.,Australia,rocket,startup,Ragnarok,rocket,,,text,20,12,true
Space Exploration,easy,Which option belongs to Space Exploration?,cart,re-entry,feature,recipe,re-entry,,,text,20,12,true
Space Exploration,easy,Which option belongs to Space Exploration?,Indus Valley,Aeneid,ace,launch vehicle,launch vehicle,,,text,20,12,true
Space Exploration,easy,Select a term associated with Space Exploration.,baseline,funnel,mission control,Harappa,mission control,,,text,20,12,true
Space Exploration,easy,Which of these is related to Space Exploration?,package,Mars rover,Phoenicians,volatility,Mars rover,,,text,20,12,true
Space Exploration,easy,Pick the correct term for Space Exploration.,orbit,accessory,Berlin Wall,package,orbit,,,text,20,12,true
Space Exploration,easy,Pick the correct term for Space Exploration.,Southern Ocean,election,endangered,spacewalk,spacewalk,,,text,20,12,true
Space Exploration,easy,Pick the correct term for Space Exploration.,space station,sonata,post,proof of work,space station,,,text,20,12,true
Space Exploration,easy,Which of these is related to Space Exploration?,mission control,pranayama,planet,homeostasis,mission control,,,text,20,12,true
Space Exploration,easy,Pick the correct term for Space Exploration.,motivation,haiku,protected area,spacecraft,spacecraft,,,text,20,12,true
Space Exploration,easy,Which of these is related to Space Exploration?,re-entry,Apollo,router,euro,re-entry,,,text,20,12,true
Space Exploration,easy,Which of these is related to Space Exploration?,returns,orbit,story arc,orchestra,orbit,,,text,20,12,true
Space Exploration,easy,Which option belongs to Space Exploration?,air traffic,dunk,re-entry,class,re-entry,,,text,20,12,true
Space Exploration,easy,Select a term associated with Space Exploration.,orbit,function,Europe,ecosystem,orbit,,,text,20,12,true
Space Exploration,easy,Select a term associated with Space Exploration.,stock exchange,launch vehicle,deity,gene,launch vehicle,,,text,20,12,true
Space Exploration,easy,Select a term associated with Space Exploration.,hospital,Mars rover,Maharashtra,plate,Mars rover,,,text,20,12,true
Space Exploration,medium,Which option is a key concept in Space Exploration?,spacecraft,fraction,volcanic island,emblem,spacecraft,,,text,40,10,true
Space Exploration,medium,Select the most relevant term for Space Exploration.,decolonization,launch vehicle,preposition,Gulf,launch vehicle,,,text,40,10,true
Space Exploration,medium,Which option is a key concept in Space Exploration?,climate model,publisher,Mars rover,billboard,Mars rover,,,text,40,10,true
Space Exploration,medium,Which option is a key concept in Space Exploration?,semi-arid,Mars rover,return,athletics,Mars rover,,,text,40,10,true
Space Exploration,medium,Pick the concept that best matches Space Exploration.,lifecycle,dribble,cuisine,re-entry,re-entry,,,text,40,10,true
Space Exploration,medium,Select the most relevant term for Space Exploration.,Peace,arch,semantics,rocket,rocket,,,text,40,10,true
Space Exploration,medium,Pick the concept that best matches Space Exploration.,Valhalla,returns,institution,Mars rover,Mars rover,,,text,40,10,true
Space Exploration,medium,Which term is most commonly used in Space Exploration?,climate policy,Nile,spacecraft,pattern,spacecraft,,,text,40,10,true
Space Exploration,medium,Which term is most commonly used in Space Exploration?,reaction,class,DNA,mission control,mission control,,,text,40,10,true
Space Exploration,medium,Which term is most commonly used in Space Exploration?,derivative,algorithm,ledger,orbit,orbit,,,text,40,10,true
Space Exploration,medium,Select the most relevant term for Space Exploration.,exposure,conservation,chassis,rocket,rocket,,,text,40,10,true
Space Exploration,medium,Which option is a key concept in Space Exploration?,deuce,rocket,responsive layout,merger,rocket,,,text,40,10,true
Space Exploration,medium,Pick the concept that best matches Space Exploration.,spacewalk,sea,boundary,Southern Ocean,spacewalk,,,text,40,10,true
Space Exploration,medium,Select the most relevant term for Space Exploration.,prescription,Aeneid,muscular system,re-entry,re-entry,,,text,40,10,true
Space Exploration,medium,Select the most relevant term for Space Exploration.,Europe,Indus Valley,spacecraft,derivative,spacecraft,,,text,40,10,true
Space Exploration,medium,Which term is most commonly used in Space Exploration?,spacecraft,adverb,email,Brahma,spacecraft,,,text,40,10,true
Space Exploration,medium,Which option is a key concept in Space Exploration?,peak,package,re-entry,horsepower,re-entry,,,text,40,10,true
Space Exploration,medium,Select the most relevant term for Space Exploration.,foul,spacecraft,model,Ganga,spacecraft,,,text,40,10,true
Space Exploration,hard,Pick the most specific concept tied to Space Exploration.,charger,carbon dioxide,coefficient,mission control,mission control,,,text,80,8,true
Space Exploration,hard,Which option best characterizes Space Exploration?,controller,binary,online store,space station,space station,,,text,80,8,true
Space Exploration,hard,Select the most precise term for Space Exploration.,spacewalk,mindfulness,group,Mohenjo-daro,spacewalk,,,text,80,8,true
Space Exploration,hard,Pick the most specific concept tied to Space Exploration.,REST,torque,re-entry,longitude,re-entry,,,text,80,8,true
Space Exploration,hard,Which term is most specifically associated with Space Exploration?,sovereignty,mission control,rebound,baroque,mission control,,,text,80,8,true
Space Exploration,hard,Which term is most specifically associated with Space Exploration?,RPG,funnel,launch vehicle,match point,launch vehicle,,,text,80,8,true
Space Exploration,hard,Pick the most specific concept tied to Space Exploration.,policy debate,spacewalk,perception,order,spacewalk,,,text,80,8,true
Space Exploration,hard,Select the most precise term for Space Exploration.,mission control,treatment,wicket,metaphysics,mission control,,,text,80,8,true
Space Exploration,hard,Select the most precise term for Space Exploration.,re-entry,post,class,session,re-entry,,,text,80,8,true
Space Exploration,hard,Which option best characterizes Space Exploration?,zero trust,rocket,PEP 8,Asia,rocket,,,text,80,8,true
Space Exploration,hard,Select the most precise term for Space Exploration.,kidney,pharmacokinetics,satellite,control system,satellite,,,text,80,8,true
Space Exploration,hard,Which option best characterizes Space Exploration?,orbit,costume,Hollywood,interest,orbit,,,text,80,8,true
Space Exploration,hard,Which option best characterizes Space Exploration?,achievement,clinical,climate model,space station,space station,,,text,80,8,true
Space Exploration,hard,Pick the most specific concept tied to Space Exploration.,watercolor,democracy,launch vehicle,myth,launch vehicle,,,text,80,8,true
Space Exploration,hard,Select the most precise term for Space Exploration.,spacewalk,policy,iterator,Sahara,spacewalk,,,text,80,8,true
Space Exploration,hard,Pick the most specific concept tied to Space Exploration.,globe,orbit,inflation,demography,orbit,,,text,80,8,true
Space Exploration,hard,Select the most precise term for Space Exploration.,society,orbit,comment,innings,orbit,,,text,80,8,true
Space Exploration,hard,Pick the most specific concept tied to Space Exploration.,concerto,orbit,verse,bull market,orbit,,,text,80,8,true
Space Exploration,hard,Which term is most specifically associated with Space Exploration?,Indus Valley,tangent line,authentication,orbit,orbit,,,text,80,8,true
Space Exploration,hard,Which option best characterizes Space Exploration?,cabinet,mission control,composer,playback,mission control,,,text,80,8,true
Space Exploration,hard,Pick the most specific concept tied to Space Exploration.,orbit,billboard,pH,meditation,orbit,,,text,80,8,true
Space Exploration,hard,Select the most precise term for Space Exploration.,volatility,summit,lungs,spacecraft,spacecraft,,,text,80,8,true
Space Exploration,hard,Pick the most specific concept tied to Space Exploration.,launch vehicle,Indus Valley,design,renewable,launch vehicle,,,text,80,8,true
Space Exploration,hard,Which option best characterizes Space Exploration?,lens,rocket,Bihar,epistemology,rocket,,,text,80,8,true
Astronomy,easy,Pick the correct term for Astronomy.,diameter,backhand,constellation,dialect,constellation,,,text,20,12,true
Astronomy,easy,Select a term associated with Astronomy.,story arc,slogan,galaxy,validation,galaxy,,,text,20,12,true
Astronomy,easy,Which of these is related to Astronomy?,planet,penalty,vaccine,proof of work,planet,,,text,20,12,true
Astronomy,easy,Pick the correct term for Astronomy.,perception,star,venture capital,trail,star,,,text,20,12,true
Astronomy,easy,Which option belongs to Astronomy?,protein,cognition,Yangtze,exoplanet,exoplanet,,,text,20,12,true
Astronomy,easy,Which of these is related to Astronomy?,vocabulary,supernova,supply,package,supernova,,,text,20,12,true
Astronomy,easy,Pick the correct term for Astronomy.,foul,symphony,portrait,light-year,light-year,,,text,20,12,true
Astronomy,easy,Select a term associated with Astronomy.,star,biodiversity,watercolor,coin,star,,,text,20,12,true
Astronomy,easy,Select a term associated with Astronomy.,planet,pivot,torque,patient,planet,,,text,20,12,true
Astronomy,easy,Select a term associated with Astronomy.,column,black hole,knowledge base,tangent line,black hole,,,text,20,12,true
Astronomy,easy,Select a term associated with Astronomy.,species,equation,exoplanet,wildlife reserve,exoplanet,,,text,20,12,true
Astronomy,easy,Which of these is related to Astronomy?,exoplanet,rebrand,statuette,pesticide,exoplanet,,,text,20,12,true
Astronomy,easy,Which option belongs to Astronomy?,Android,ARPANET,exoplanet,endangered,exoplanet,,,text,20,12,true
Astronomy,easy,Which option belongs to Astronomy?,qualifier,triangle,covalent bond,black hole,black hole,,,text,20,12,true
Astronomy,easy,Select a term associated with Astronomy.,galaxy,automation,façade,graphic novel,galaxy,,,text,20,12,true
Astronomy,easy,Pick the correct term for Astronomy.,Africa,nebula,REST,institution,nebula,,,text,20,12,true
Astronomy,easy,Which of these is related to Astronomy?,Treaty of Versailles,UDP,entrepreneur,exoplanet,exoplanet,,,text,20,12,true
Astronomy,easy,Pick the correct term for Astronomy.,interest,black hole,hero,slope,black hole,,,text,20,12,true
Astronomy,medium,Select the most relevant term for Astronomy.,supernova,pranayama,character,elasticity,supernova,,,text,40,10,true
Astronomy,medium,Which term is most commonly used in Astronomy?,credit,carbon dioxide,planet,therapy,planet,,,text,40,10,true
Astronomy,medium,Which term is most commonly used in Astronomy?,cabinet,constellation,router,striker,constellation,,,text,40,10,true
Astronomy,medium,Select the most relevant term for Astronomy.,blueprint,telescope,fuel,air traffic,telescope,,,text,40,10,true
Astronomy,medium,Which term is most commonly used in Astronomy?,skyscraper,federalism,star,class,star,,,text,40,10,true
Astronomy,medium,Which term is most commonly used in Astronomy?,design,black hole,Ganga,postmodern,black hole,,,text,40,10,true
Astronomy,medium,Which option is a key concept in Astronomy?,pranayama,planet,arch,Best Picture,planet,,,text,40,10,true
Astronomy,medium,Which term is most commonly used in Astronomy?,villain,trend,robot arm,black hole,black hole,,,text,40,10,true
Astronomy,medium,Which option is a key concept in Astronomy?,Industrial Revolution,planet,JavaScript,North America,planet,,,text,40,10,true
Astronomy,medium,Which option is a key concept in Astronomy?,DNS,Europe,Ramayana,galaxy,galaxy,,,text,40,10,true
Astronomy,medium,Pick the concept that best matches Astronomy.,star,spacewalk,model,market,star,,,text,40,10,true
Astronomy,medium,Select the most relevant term for Astronomy.,summit,JavaScript,metaphysics,supernova,supernova,,,text,40,10,true
Astronomy,medium,Select the most relevant term for Astronomy.,rupee,exoplanet,corner kick,inflection,exoplanet,,,text,40,10,true
Astronomy,medium,Which option is a key concept in Astronomy?,session,continent,light-year,function,light-year,,,text,40,10,true
Astronomy,medium,Pick the concept that best matches Astronomy.,factor,campaign,compiler,telescope,telescope,,,text,40,10,true
Astronomy,medium,Which option is a key concept in Astronomy?,exoplanet,socialization,Economics,training data,exoplanet,,,text,40,10,true
Astronomy,medium,Which option is a key concept in Astronomy?,institution,free throw,director,galaxy,galaxy,,,text,40,10,true
Astronomy,medium,Pick the concept that best matches Astronomy.,spacecraft,area under curve,set,galaxy,galaxy,,,text,40,10,true
Astronomy,hard,Pick the most specific concept tied to Astronomy.,campaign,esports,galaxy,lifecycle,galaxy,,,text,80,8,true
Astronomy,hard,Pick the most specific concept tied to Astronomy.,relay,stalemate,comment,black hole,black hole,,,text,80,8,true
Astronomy,hard,Pick the most specific concept tied to Astronomy.,therapy,supernova,cash flow,LBW,supernova,,,text,80,8,true
Astronomy,hard,Which term is most specifically associated with Astronomy?,black hole,ledger,checkmate,carbon footprint,black hole,,,text,80,8,true
Astronomy,hard,Which option best characterizes Astronomy?,society,oil paint,telescope,Hindi cinema,telescope,,,text,80,8,true
Astronomy,hard,Pick the most specific concept tied to Astronomy.,star,batsman,Rajasthan,adverb,star,,,text,80,8,true
Astronomy,hard,Select the most precise term for Astronomy.,vaccine,epistemology,supernova,inflection,supernova,,,text,80,8,true
Astronomy,hard,Select the most precise term for Astronomy.,altitude,supernova,inequality,cinematography,supernova,,,text,80,8,true
Astronomy,hard,Which option best characterizes Astronomy?,dish,diplomacy,galaxy,conservation,galaxy,,,text,80,8,true
Astronomy,hard,Which term is most specifically associated with Astronomy?,protein,DNA,CEO,exoplanet,exoplanet,,,text,80,8,true
Astronomy,hard,Which option best characterizes Astronomy?,Athena,Apollo,president,light-year,light-year,,,text,80,8,true
Astronomy,hard,Which term is most specifically associated with Astronomy?,prescription,molecule,nebula,exception,nebula,,,text,80,8,true
Astronomy,hard,Which term is most specifically associated with Astronomy?,galaxy,firewall,election cycle,goalkeeper,galaxy,,,text,80,8,true
Astronomy,hard,Select the most precise term for Astronomy.,polygon,exoplanet,United Nations,latency,exoplanet,,,text,80,8,true
Astronomy,hard,Pick the most specific concept tied to Astronomy.,smartphone,yield,exoplanet,label,exoplanet,,,text,80,8,true
Astronomy,hard,Which term is most specifically associated with Astronomy?,prime minister,telescope,color palette,list comprehension,telescope,,,text,80,8,true
Astronomy,hard,Which term is most specifically associated with Astronomy?,DNS,root,nebula,volume,nebula,,,text,80,8,true
Astronomy,hard,Which term is most specifically associated with Astronomy?,Champaran,single,foundation,light-year,light-year,,,text,80,8,true
Astronomy,hard,Select the most precise term for Astronomy.,Olympiad,satellite,Midgard,exoplanet,exoplanet,,,text,80,8,true
Astronomy,hard,Which term is most specifically associated with Astronomy?,percentage,black hole,myth,president,black hole,,,text,80,8,true
Astronomy,hard,Which option best characterizes Astronomy?,innovation,Indus Valley,vault,nebula,nebula,,,text,80,8,true
Astronomy,hard,Pick the most specific concept tied to Astronomy.,galaxy,perception,superpower,wellness,galaxy,,,text,80,8,true
Astronomy,hard,Which term is most specifically associated with Astronomy?,planet,search,habitat,comment,planet,,,text,80,8,true
Astronomy,hard,Select the most precise term for Astronomy.,breathing,reaction,nebula,Treaty of Versailles,nebula,,,text,80,8,true
Mathematics,easy,Select a term associated with Mathematics.,director,GDP,cosine,function,function,,,text,20,12,true
Mathematics,easy,Which option belongs to Mathematics?,Ashoka,percentage,biodiversity,mulch,percentage,,,text,20,12,true
Mathematics,easy,Select a term associated with Mathematics.,space station,agent,fraction,wilderness,fraction,,,text,20,12,true
Mathematics,easy,Pick the correct term for Mathematics.,trade agreement,fraction,feed,illustration,fraction,,,text,20,12,true
Mathematics,easy,Which of these is related to Mathematics?,level,function,camera,portrait,function,,,text,20,12,true
Mathematics,easy,Select a term associated with Mathematics.,prime number,muscular system,dividend yield,quadratic,prime number,,,text,20,12,true
Mathematics,easy,Which of these is related to Mathematics?,rook,multiple,shot clock,spacewalk,multiple,,,text,20,12,true
Mathematics,easy,Which of these is related to Mathematics?,multiple,sequel,viral,switch,multiple,,,text,20,12,true
Mathematics,easy,Which option belongs to Mathematics?,prime minister,asset,overfitting,ratio,ratio,,,text,20,12,true
Mathematics,easy,Pick the correct term for Mathematics.,façade,authentication,function,paradox,function,,,text,20,12,true
Mathematics,easy,Select a term associated with Mathematics.,Maurya Empire,publisher,proof of work,factor,factor,,,text,20,12,true
Mathematics,easy,Which of these is related to Mathematics?,multiple,vault,Rajasthan,risk,multiple,,,text,20,12,true
Mathematics,easy,Which of these is related to Mathematics?,Academy Awards,index,prime number,sustainability,prime number,,,text,20,12,true
Mathematics,easy,Select a term associated with Mathematics.,brand equity,multiple,volume,farm,multiple,,,text,20,12,true
Mathematics,easy,Which of these is related to Mathematics?,rocket,procurement,function,decorator,function,,,text,20,12,true
Mathematics,easy,Pick the correct term for Mathematics.,factor,costume,forehand,logo,factor,,,text,20,12,true
Mathematics,easy,Which of these is related to Mathematics?,dune,multiple,aperture,proof of work,multiple,,,text,20,12,true
Mathematics,easy,Select a term associated with Mathematics.,volcanic island,skeletal system,prime number,bake,prime number,,,text,20,12,true
Mathematics,medium,Select the most relevant term for Mathematics.,wellness,trademark,indentation,ratio,ratio,,,text,40,10,true
Mathematics,medium,Which term is most commonly used in Mathematics?,cart,sequence,autonomy,prescription,sequence,,,text,40,10,true
Mathematics,medium,Select the most relevant term for Mathematics.,percentage,Iliad,Best Picture,linguistics,percentage,,,text,40,10,true
Mathematics,medium,Which option is a key concept in Mathematics?,function,authentication,Indus Valley,screenplay,function,,,text,40,10,true
Mathematics,medium,Select the most relevant term for Mathematics.,prime number,Hera,prescription,spacecraft,prime number,,,text,40,10,true
Mathematics,medium,Which term is most commonly used in Mathematics?,socialization,function,star,executive,function,,,text,40,10,true
Mathematics,medium,Which term is most commonly used in Mathematics?,factor,exposure,president,billionaire,factor,,,text,40,10,true
Mathematics,medium,Which option is a key concept in Mathematics?,vault,Punjab,side effect,multiple,multiple,,,text,40,10,true
Mathematics,medium,Select the most relevant term for Mathematics.,Hittites,silhouette,percentage,Danube,percentage,,,text,40,10,true
Mathematics,medium,Select the most relevant term for Mathematics.,Zeus,Maharashtra,iOS,sequence,sequence,,,text,40,10,true
Mathematics,medium,Select the most relevant term for Mathematics.,protocol,Amazon,prey,sequence,sequence,,,text,40,10,true
Mathematics,medium,Select the most relevant term for Mathematics.,rebrand,LBW,cart,ratio,ratio,,,text,40,10,true
Mathematics,medium,Select the most relevant term for Mathematics.,prime number,latitude,processor,seed,prime number,,,text,40,10,true
Mathematics,medium,Pick the concept that best matches Mathematics.,UI thread,shot clock,Valkyrie,sequence,sequence,,,text,40,10,true
Mathematics,medium,Which term is most commonly used in Mathematics?,like,printing press,adaptation,multiple,multiple,,,text,40,10,true
Mathematics,medium,Which term is most commonly used in Mathematics?,DNA,factor,genre,pH,factor,,,text,40,10,true
Mathematics,medium,Pick the concept that best matches Mathematics.,equation,cuisine,sea level,authentication,equation,,,text,40,10,true
Mathematics,medium,Which term is most commonly used in Mathematics?,verse,ratio,layout,formation,ratio,,,text,40,10,true
Mathematics,hard,Pick the most specific concept tied to Mathematics.,integer,electricity,pip,stock exchange,integer,,,text,80,8,true
Mathematics,hard,Pick the most specific concept tied to Mathematics.,Asia,Uttar Pradesh,thermodynamics,integer,integer,,,text,80,8,true
Mathematics,hard,Which term is most specifically associated with Mathematics?,fraction,set,DNS,nervous system,fraction,,,text,80,8,true
Mathematics,hard,Pick the most specific concept tied to Mathematics.,currency symbol,percentage,soil,marketing,percentage,,,text,80,8,true
Mathematics,hard,Select the most precise term for Mathematics.,arid,stripe,pronoun,ratio,ratio,,,text,80,8,true
Mathematics,hard,Pick the most specific concept tied to Mathematics.,inventor,integer,encryption,list comprehension,integer,,,text,80,8,true
Mathematics,hard,Pick the most specific concept tied to Mathematics.,function,lens,façade,adverb,function,,,text,80,8,true
Mathematics,hard,Select the most precise term for Mathematics.,floor plan,ratio,red carpet,identity,ratio,,,text,80,8,true
Mathematics,hard,Select the most precise term for Mathematics.,muscular system,metabolism,prime minister,prime number,prime number,,,text,80,8,true
Mathematics,hard,Pick the most specific concept tied to Mathematics.,Gulf,pesticide,percentage,Mahabharata,percentage,,,text,80,8,true
Mathematics,hard,Select the most precise term for Mathematics.,perception,sovereignty,free throw,function,function,,,text,80,8,true
Mathematics,hard,Which option best characterizes Mathematics?,Mughal Empire,mining,percentage,backboard,percentage,,,text,80,8,true
Mathematics,hard,Which option best characterizes Mathematics?,function,Apollo,temple,conservation,function,,,text,80,8,true
Mathematics,hard,Select the most precise term for Mathematics.,postmodern,integer,return,serve,integer,,,text,80,8,true
Mathematics,hard,Select the most precise term for Mathematics.,philanthropist,ratio,promotion,director,ratio,,,text,80,8,true
Mathematics,hard,Select the most precise term for Mathematics.,function,constellation,Olympus,filmfare,function,,,text,80,8,true
Mathematics,hard,Which term is most specifically associated with Mathematics?,villain,flooring,equation,steam engine,equation,,,text,80,8,true
Mathematics,hard,Which option best characterizes Mathematics?,ratio,perimeter,merger,Nile,ratio,,,text,80,8,true
Mathematics,hard,Pick the most specific concept tied to Mathematics.,verse,ratio,modem,processor,ratio,,,text,80,8,true
Mathematics,hard,Which term is most specifically associated with Mathematics?,fraction,planet,rebrand,funnel,fraction,,,text,80,8,true
Mathematics,hard,Which option best characterizes Mathematics?,Ares,factor,sonnet,alter ego,factor,,,text,80,8,true
Mathematics,hard,Which term is most specifically associated with Mathematics?,prime number,model,syntax,vault,prime number,,,text,80,8,true
Mathematics,hard,Select the most precise term for Mathematics.,app,factor,South America,Bluetooth,factor,,,text,80,8,true
Mathematics,hard,Pick the most specific concept tied to Mathematics.,Gobi,online store,iOS,prime number,prime number,,,text,80,8,true
Geometry,easy,Select a term associated with Geometry.,polygon,venture capital,brush,guild,polygon,,,text,20,12,true
Geometry,easy,Pick the correct term for Geometry.,actuator,panel,authentication,angle,angle,,,text,20,12,true
Geometry,easy,Which option belongs to Geometry?,taste,institution,volume,Gujarat,volume,,,text,20,12,true
Geometry,easy,Which option belongs to Geometry?,App Store,symphony,transaction,circle,circle,,,text,20,12,true
Geometry,easy,Which option belongs to Geometry?,alliteration,diameter,dollar,gold medal,diameter,,,text,20,12,true
Geometry,easy,Which option belongs to Geometry?,playback,Africa,perimeter,Madagascar,perimeter,,,text,20,12,true
Geometry,easy,Select a term associated with Geometry.,translation,cookie,angle,nominee,angle,,,text,20,12,true
Geometry,easy,Select a term associated with Geometry.,coin,diameter,constellation,villain,diameter,,,text,20,12,true
Geometry,easy,Which of these is related to Geometry?,arid,diameter,fuselage,recognition,diameter,,,text,20,12,true
Geometry,easy,Which of these is related to Geometry?,spacewalk,free throw,diameter,angle,diameter,,,text,20,12,true
Geometry,easy,Which of these is related to Geometry?,harvest,triangle,smart contract,global economy,triangle,,,text,20,12,true
Geometry,easy,Which option belongs to Geometry?,switch,circle,prescription,decor,circle,,,text,20,12,true
Geometry,easy,Which of these is related to Geometry?,role,automation,angle,existence,angle,,,text,20,12,true
Geometry,easy,Pick the correct term for Geometry.,sonnet,comment,parallel,exception,parallel,,,text,20,12,true
Geometry,easy,Pick the correct term for Geometry.,endangered,volume,GDP,records,volume,,,text,20,12,true
Geometry,easy,Which option belongs to Geometry?,layout,triangle,marketing,semantics,triangle,,,text,20,12,true
Geometry,easy,Which option belongs to Geometry?,Sumatra,spice,equator,triangle,triangle,,,text,20,12,true
Geometry,easy,Select a term associated with Geometry.,Bihar,Gupta Empire,perimeter,dunk,perimeter,,,text,20,12,true
Geometry,medium,Select the most relevant term for Geometry.,prescription,nominee,circle,authentication,circle,,,text,40,10,true
Geometry,medium,Which option is a key concept in Geometry?,circle,podium,conditioning,autonomy,circle,,,text,40,10,true
Geometry,medium,Which option is a key concept in Geometry?,trend,payment gateway,angle,area,area,,,text,40,10,true
Geometry,medium,Pick the concept that best matches Geometry.,constellation,diameter,floor plan,match point,diameter,,,text,40,10,true
Geometry,medium,Select the most relevant term for Geometry.,façade,brain,society,polygon,polygon,,,text,40,10,true
Geometry,medium,Pick the concept that best matches Geometry.,Apollo,diplomacy,level,perimeter,perimeter,,,text,40,10,true
Geometry,medium,Which option is a key concept in Geometry?,follower,diameter,perception,Indus Valley,diameter,,,text,40,10,true
Geometry,medium,Pick the concept that best matches Geometry.,stream of consciousness,demography,volume,global economy,volume,,,text,40,10,true
Geometry,medium,Which option is a key concept in Geometry?,asana,radius,trademark,adverb,radius,,,text,40,10,true
Geometry,medium,Pick the concept that best matches Geometry.,flooring,clause,playlist,parallel,parallel,,,text,40,10,true
Geometry,medium,Select the most relevant term for Geometry.,abstract,preposition,area,Physics,area,,,text,40,10,true
Geometry,medium,Which term is most commonly used in Geometry?,parallel,trail,robot,judiciary,parallel,,,text,40,10,true
Geometry,medium,Select the most relevant term for Geometry.,regression,ecosystem,polygon,boundary,polygon,,,text,40,10,true
Geometry,medium,Select the most relevant term for Geometry.,Antarctica,circle,robot arm,subject,circle,,,text,40,10,true
Geometry,medium,Select the most relevant term for Geometry.,sovereignty,light-year,producer,triangle,triangle,,,text,40,10,true
Geometry,medium,Select the most relevant term for Geometry.,ink,posture,radius,garbage collection,radius,,,text,40,10,true
Geometry,medium,Pick the concept that best matches Geometry.,opening ceremony,parallel,Sumer,coin,parallel,,,text,40,10,true
Geometry,medium,Which term is most commonly used in Geometry?,programming,United Nations,vocabulary,volume,volume,,,text,40,10,true
Geometry,hard,Select the most precise term for Geometry.,funnel,adjective,volume,programming,volume,,,text,80,8,true
Geometry,hard,Pick the most specific concept tied to Geometry.,enzyme,triangle,landscape,wardrobe,triangle,,,text,80,8,true
Geometry,hard,Pick the most specific concept tied to Geometry.,balance,migration,triangle,dune,triangle,,,text,80,8,true
Geometry,hard,Which option best characterizes Geometry?,orchestra,angle,hook,dot-com,angle,,,text,80,8,true
Geometry,hard,Select the most precise term for Geometry.,goalkeeper,angle,monotheism,deuce,angle,,,text,80,8,true
Geometry,hard,Pick the most specific concept tied to Geometry.,processor,triangle,subnet,UI thread,triangle,,,text,80,8,true
Geometry,hard,Pick the most specific concept tied to Geometry.,dance,DOM,radius,ace,radius,,,text,80,8,true
Geometry,hard,Which option best characterizes Geometry?,Android,campground,Alps,diameter,diameter,,,text,80,8,true
Geometry,hard,Which option best characterizes Geometry?,area,phishing,policy debate,atoll,area,,,text,80,8,true
Geometry,hard,Which option best characterizes Geometry?,comic,inflation,triangle,Southern Ocean,triangle,,,text,80,8,true
Geometry,hard,Which term is most specifically associated with Geometry?,farm,elasticity,diameter,playlist,diameter,,,text,80,8,true
Geometry,hard,Which option best characterizes Geometry?,sanctuary,Android,sedan,diameter,diameter,,,text,80,8,true
Geometry,hard,Pick the most specific concept tied to Geometry.,explorer,demography,noun,polygon,polygon,,,text,80,8,true
Geometry,hard,Which term is most specifically associated with Geometry?,programming,ISP,area,Midgard,area,,,text,80,8,true
Geometry,hard,Which option best characterizes Geometry?,perimeter,symptom,sine,biodiversity,perimeter,,,text,80,8,true
Geometry,hard,Which option best characterizes Geometry?,blockbuster,prime number,area,API,area,,,text,80,8,true
Geometry,hard,Select the most precise term for Geometry.,preposition,metaphysics,angle,baseline,angle,,,text,80,8,true
Geometry,hard,Select the most precise term for Geometry.,Hades,area,molecule,yen,area,,,text,80,8,true
Geometry,hard,Which option best characterizes Geometry?,triangle,mind,internet,returns,triangle,,,text,80,8,true
Geometry,hard,Which term is most specifically associated with Geometry?,supply,radius,crop,short story,radius,,,text,80,8,true
Geometry,hard,Pick the most specific concept tied to Geometry.,radius,bull market,Hittites,checkmate,radius,,,text,80,8,true
Geometry,hard,Select the most precise term for Geometry.,column,polygon,yen,sedan,polygon,,,text,80,8,true
Geometry,hard,Select the most precise term for Geometry.,planet,wallet,policy debate,angle,angle,,,text,80,8,true
Geometry,hard,Pick the most specific concept tied to Geometry.,Antarctica,area,cell,rebound,area,,,text,80,8,true
Trigonometry,easy,Which of these is related to Trigonometry?,tangent,sedan,democracy,map scale,tangent,,,text,20,12,true
Trigonometry,easy,Select a term associated with Trigonometry.,expert system,rally,depth of field,angle,angle,,,text,20,12,true
Trigonometry,easy,Which option belongs to Trigonometry?,director,gearbox,push notification,angle,angle,,,text,20,12,true
Trigonometry,easy,Which of these is related to Trigonometry?,supply,decolonization,greenhouse gases,cosine,cosine,,,text,20,12,true
Trigonometry,easy,Select a term associated with Trigonometry.,CSS,actuator,hypotenuse,composer,hypotenuse,,,text,20,12,true
Trigonometry,easy,Which option belongs to Trigonometry?,treatment,infrastructure,bull market,cosine,cosine,,,text,20,12,true
Trigonometry,easy,Which option belongs to Trigonometry?,Bluetooth,star,campaign,angle,angle,,,text,20,12,true
Trigonometry,easy,Pick the correct term for Trigonometry.,endgame,Olympiad,Australia,unit circle,unit circle,,,text,20,12,true
Trigonometry,easy,Which option belongs to Trigonometry?,flexibility,Atacama,tangent,smart contract,tangent,,,text,20,12,true
Trigonometry,easy,Which of these is related to Trigonometry?,cosine,circle,credit,momentum,cosine,,,text,20,12,true
Trigonometry,easy,Pick the correct term for Trigonometry.,angle,esports,asset,biodiversity,angle,,,text,20,12,true
Trigonometry,easy,Pick the correct term for Trigonometry.,linguistics,telescope,period,Nile,period,,,text,20,12,true
Trigonometry,easy,Select a term associated with Trigonometry.,arch,flexibility,identity,cockpit,identity,,,text,20,12,true
Trigonometry,easy,Pick the correct term for Trigonometry.,therapy,panel,Gujarat,tangent,tangent,,,text,20,12,true
Trigonometry,easy,Which of these is related to Trigonometry?,palette,cosine,firewall,yield,cosine,,,text,20,12,true
Trigonometry,easy,Pick the correct term for Trigonometry.,robot arm,tricolor,radian,HTTP,radian,,,text,20,12,true
Trigonometry,easy,Pick the correct term for Trigonometry.,period,democracy,Rockies,postmodern,period,,,text,20,12,true
Trigonometry,easy,Pick the correct term for Trigonometry.,exposure,protocol,infrastructure,hypotenuse,hypotenuse,,,text,20,12,true
Trigonometry,medium,Which term is most commonly used in Trigonometry?,batsman,period,responsive design,index,period,,,text,40,10,true
Trigonometry,medium,Select the most relevant term for Trigonometry.,director,oxidation,hypotenuse,crest,hypotenuse,,,text,40,10,true
Trigonometry,medium,Pick the concept that best matches Trigonometry.,recursion,clergy,ethics,period,period,,,text,40,10,true
Trigonometry,medium,Which option is a key concept in Trigonometry?,checkmate,decorator,sine,Academy Awards,sine,,,text,40,10,true
Trigonometry,medium,Which option is a key concept in Trigonometry?,unit circle,mitigation,blockbuster,short story,unit circle,,,text,40,10,true
Trigonometry,medium,Which option is a key concept in Trigonometry?,net,triangle,mulch,character,triangle,,,text,40,10,true
Trigonometry,medium,Which option is a key concept in Trigonometry?,Academy Awards,compound,icon,period,period,,,text,40,10,true
Trigonometry,medium,Pick the concept that best matches Trigonometry.,multiple,haiku,unit circle,group,unit circle,,,text,40,10,true
Trigonometry,medium,Which term is most commonly used in Trigonometry?,author,K2,printing press,tangent,tangent,,,text,40,10,true
Trigonometry,medium,Which option is a key concept in Trigonometry?,United Nations,Himalayas,period,dystopia,period,,,text,40,10,true
Trigonometry,medium,Pick the concept that best matches Trigonometry.,cosine,Pacific Ocean,director,robot,cosine,,,text,40,10,true
Trigonometry,medium,Pick the concept that best matches Trigonometry.,hook,perimeter,promotion,angle,angle,,,text,40,10,true
Trigonometry,medium,Select the most relevant term for Trigonometry.,remix,unit circle,Assam,market research,unit circle,,,text,40,10,true
Trigonometry,medium,Which term is most commonly used in Trigonometry?,gesture,angle,archipelago,stream of consciousness,angle,,,text,40,10,true
Trigonometry,medium,Select the most relevant term for Trigonometry.,narrator,angle,expert system,neural network,angle,,,text,40,10,true
Trigonometry,medium,Which term is most commonly used in Trigonometry?,hypotenuse,Babylon,Academy Awards,skeletal system,hypotenuse,,,text,40,10,true
Trigonometry,medium,Which option is a key concept in Trigonometry?,liability,sustainability,conditioning,hypotenuse,hypotenuse,,,text,40,10,true
Trigonometry,medium,Which option is a key concept in Trigonometry?,prize,graphic novel,tangent,Nile,tangent,,,text,40,10,true
Trigonometry,hard,Pick the most specific concept tied to Trigonometry.,decor,triangle,Gujarat,prime minister,triangle,,,text,80,8,true
Trigonometry,hard,Which option best characterizes Trigonometry?,iterator,returns,infrastructure,angle,angle,,,text,80,8,true
Trigonometry,hard,Which option best characterizes Trigonometry?,triangle,chorus,Best Picture,engagement,triangle,,,text,80,8,true
Trigonometry,hard,Which term is most specifically associated with Trigonometry?,campground,conservation,continent,cosine,cosine,,,text,80,8,true
Trigonometry,hard,Select the most precise term for Trigonometry.,symphony,unit circle,post,monotheism,unit circle,,,text,80,8,true
Trigonometry,hard,Which option best characterizes Trigonometry?,Europe,unit circle,Tamil Nadu,rocket,unit circle,,,text,80,8,true
Trigonometry,hard,Pick the most specific concept tied to Trigonometry.,unit circle,remix,global economy,Indus Valley,unit circle,,,text,80,8,true
Trigonometry,hard,Pick the most specific concept tied to Trigonometry.,DOM,campaign,hypotenuse,pesticide,hypotenuse,,,text,80,8,true
Trigonometry,hard,Select the most precise term for Trigonometry.,watercolor,cognition,triangle,wardrobe,triangle,,,text,80,8,true
Trigonometry,hard,Which option best characterizes Trigonometry?,pronoun,identity,Punjab,biodiversity,identity,,,text,80,8,true
Trigonometry,hard,Select the most precise term for Trigonometry.,triangle,payment gateway,conglomerate,radian,radian,,,text,80,8,true
Trigonometry,hard,Which term is most specifically associated with Trigonometry?,polytheism,period,movement,designer,period,,,text,80,8,true
Trigonometry,hard,Select the most precise term for Trigonometry.,tablet,mining,spice,unit circle,unit circle,,,text,80,8,true
Trigonometry,hard,Select the most precise term for Trigonometry.,role,satellite,angle,acquisition,angle,,,text,80,8,true
Trigonometry,hard,Select the most precise term for Trigonometry.,Hades,conservation,radian,APK,radian,,,text,80,8,true
Trigonometry,hard,Which term is most specifically associated with Trigonometry?,concerto,cash flow,unit circle,ritual,unit circle,,,text,80,8,true
Trigonometry,hard,Pick the most specific concept tied to Trigonometry.,triangle,data structure,re-entry,public health,triangle,,,text,80,8,true
Trigonometry,hard,Pick the most specific concept tied to Trigonometry.,polynomial,reaction,hypotenuse,proof of work,hypotenuse,,,text,80,8,true
Trigonometry,hard,Pick the most specific concept tied to Trigonometry.,greenhouse,Babylon,triangle,sedan,triangle,,,text,80,8,true
Trigonometry,hard,Select the most precise term for Trigonometry.,public health,summit,identity,prescription,identity,,,text,80,8,true
Trigonometry,hard,Pick the most specific concept tied to Trigonometry.,clinical,palette,baroque,tangent,tangent,,,text,80,8,true
Trigonometry,hard,Which term is most specifically associated with Trigonometry?,Physics,Cold War,tangent,League of Nations,tangent,,,text,80,8,true
Trigonometry,hard,Pick the most specific concept tied to Trigonometry.,dosage,Himalayas,sine,delta,sine,,,text,80,8,true
Trigonometry,hard,Which term is most specifically associated with Trigonometry?,hypotenuse,quest,hero,boundary,hypotenuse,,,text,80,8,true
Algebra,easy,Pick the correct term for Algebra.,comic,algorithm,Plassey,quadratic,quadratic,,,text,20,12,true
Algebra,easy,Pick the correct term for Algebra.,factorization,vulnerability,Danube,goalkeeper,factorization,,,text,20,12,true
Algebra,easy,Which of these is related to Algebra?,composition,patient,coefficient,legislature,coefficient,,,text,20,12,true
Algebra,easy,Which option belongs to Algebra?,greenhouse,factorization,ARPANET,World Wide Web,factorization,,,text,20,12,true
Algebra,easy,Pick the correct term for Algebra.,sequel,pip,inequality,emulator,inequality,,,text,20,12,true
Algebra,easy,Select a term associated with Algebra.,global economy,quadratic,star,visitor center,quadratic,,,text,20,12,true
Algebra,easy,Select a term associated with Algebra.,continuity,quadratic,acquisition,Peace,quadratic,,,text,20,12,true
Algebra,easy,Which of these is related to Algebra?,red carpet,camera,feed,quadratic,quadratic,,,text,20,12,true
Algebra,easy,Which option belongs to Algebra?,Aeneid,root,index,Poseidon,root,,,text,20,12,true
Algebra,easy,Pick the correct term for Algebra.,comment,coefficient,serve,horsepower,coefficient,,,text,20,12,true
Algebra,easy,Pick the correct term for Algebra.,lungs,epistemology,linear,supply chain,linear,,,text,20,12,true
Algebra,easy,Pick the correct term for Algebra.,Bihar,coefficient,procurement,ISO,coefficient,,,text,20,12,true
Algebra,easy,Which of these is related to Algebra?,symptom,Stockholm,polynomial,Mughal Empire,polynomial,,,text,20,12,true
Algebra,easy,Which of these is related to Algebra?,visitor center,polynomial,role,lighting,polynomial,,,text,20,12,true
Algebra,easy,Which of these is related to Algebra?,clinical,Kalahari,root,alliteration,root,,,text,20,12,true
Algebra,easy,Pick the correct term for Algebra.,magnetism,watercolor,variable,dunk,variable,,,text,20,12,true
Algebra,easy,Select a term associated with Algebra.,spacewalk,compost,logo,factorization,factorization,,,text,20,12,true
Algebra,easy,Which option belongs to Algebra?,vulnerability,quadratic,dish,prize,quadratic,,,text,20,12,true
Algebra,medium,Which term is most commonly used in Algebra?,esports,Economics,quadratic,ranger,quadratic,,,text,40,10,true
Algebra,medium,Pick the concept that best matches Algebra.,factorization,bytecode,castling,satellite,factorization,,,text,40,10,true
Algebra,medium,Select the most relevant term for Algebra.,Olympiad,angle,variable,share,variable,,,text,40,10,true
Algebra,medium,Select the most relevant term for Algebra.,supply chain,soil,equation,returns,equation,,,text,40,10,true
Algebra,medium,Which term is most commonly used in Algebra?,equation,crop,transaction,penalty,equation,,,text,40,10,true
Algebra,medium,Which term is most commonly used in Algebra?,continent,posture,linear,brain,linear,,,text,40,10,true
Algebra,medium,Which term is most commonly used in Algebra?,package,venture capital,inequality,radio,inequality,,,text,40,10,true
Algebra,medium,Which option is a key concept in Algebra?,processor,fabric,director,factorization,factorization,,,text,40,10,true
Algebra,medium,Which option is a key concept in Algebra?,endgame,telescope,push notification,equation,equation,,,text,40,10,true
Algebra,medium,Which term is most commonly used in Algebra?,App Store,hashtag,goalkeeper,linear,linear,,,text,40,10,true
Algebra,medium,Select the most relevant term for Algebra.,stream of consciousness,society,factorization,IP address,factorization,,,text,40,10,true
Algebra,medium,Which option is a key concept in Algebra?,Karnataka,demand,root,target audience,root,,,text,40,10,true
Algebra,medium,Which term is most commonly used in Algebra?,algorithm,World War I,parallel,linear,linear,,,text,40,10,true
Algebra,medium,Which option is a key concept in Algebra?,yen,Odin,Gulf,factorization,factorization,,,text,40,10,true
Algebra,medium,Which option is a key concept in Algebra?,linear,metaphysics,Ragnarok,Shiva,linear,,,text,40,10,true
Algebra,medium,Select the most relevant term for Algebra.,product page,viral,proof of work,variable,variable,,,text,40,10,true
Algebra,medium,Which term is most commonly used in Algebra?,Indian Ocean,root,Southern Ocean,integer,root,,,text,40,10,true
Algebra,medium,Which option is a key concept in Algebra?,composition,modernism,actuator,factorization,factorization,,,text,40,10,true
Algebra,hard,Which term is most specifically associated with Algebra?,polymorphism,foul,inequality,gallery,inequality,,,text,80,8,true
Algebra,hard,Which option best characterizes Algebra?,tricolor,identity,engagement,linear,linear,,,text,80,8,true
Algebra,hard,Which option best characterizes Algebra?,optimization,quadratic,monotheism,diagnosis,quadratic,,,text,80,8,true
Algebra,hard,Which option best characterizes Algebra?,watercolor,mindfulness,polynomial,classification,polynomial,,,text,80,8,true
Algebra,hard,Which term is most specifically associated with Algebra?,inventory,campaign,Brahma,linear,linear,,,text,80,8,true
Algebra,hard,Which term is most specifically associated with Algebra?,factorization,Mahabharata,biodiversity,derivative,factorization,,,text,80,8,true
Algebra,hard,Which term is most specifically associated with Algebra?,perception,origin story,Ramayana,coefficient,coefficient,,,text,80,8,true
Algebra,hard,Which option best characterizes Algebra?,banner,sidekick,factorization,accessory,factorization,,,text,80,8,true
Algebra,hard,Which term is most specifically associated with Algebra?,list comprehension,monotheism,factorization,volcanic island,factorization,,,text,80,8,true
Algebra,hard,Which option best characterizes Algebra?,Rockies,HTTP,dance,equation,equation,,,text,80,8,true
Algebra,hard,Pick the most specific concept tied to Algebra.,equation,runway,Amazon,accuracy,equation,,,text,80,8,true
Algebra,hard,Pick the most specific concept tied to Algebra.,inflection,variable,Mississippi,pH,variable,,,text,80,8,true
Algebra,hard,Pick the most specific concept tied to Algebra.,preposition,expression,paradox,rebound,expression,,,text,80,8,true
Algebra,hard,Which term is most specifically associated with Algebra?,heuristic,biodiversity,Oscar,variable,variable,,,text,80,8,true
Algebra,hard,Pick the most specific concept tied to Algebra.,volume,order,variable,HTML,variable,,,text,80,8,true
Algebra,hard,Pick the most specific concept tied to Algebra.,semi-arid,wearable,DNS,inequality,inequality,,,text,80,8,true
Algebra,hard,Select the most precise term for Algebra.,depth of field,strings,masala,polynomial,polynomial,,,text,80,8,true
Algebra,hard,Pick the most specific concept tied to Algebra.,pivot,coefficient,column,diplomacy,coefficient,,,text,80,8,true
Algebra,hard,Which term is most specifically associated with Algebra?,mitochondria,fulfillment,factorization,Gujarat,factorization,,,text,80,8,true
Algebra,hard,Pick the most specific concept tied to Algebra.,over,linear,post,movement,linear,,,text,80,8,true
Algebra,hard,Select the most precise term for Algebra.,IP address,Delhi Sultanate,transmission,equation,equation,,,text,80,8,true
Algebra,hard,Which option best characterizes Algebra?,habitat,latitude,angle,linear,linear,,,text,80,8,true
Algebra,hard,Which option best characterizes Algebra?,rebrand,device,globalization,linear,linear,,,text,80,8,true
Algebra,hard,Select the most precise term for Algebra.,protocol,linear,ranger,evolution,linear,,,text,80,8,true
Calculus,easy,Pick the correct term for Calculus.,continuity,Pacific Ocean,radian,volume,continuity,,,text,20,12,true
Calculus,easy,Which option belongs to Calculus?,philanthropist,market,optimization,dialect,optimization,,,text,20,12,true
Calculus,easy,Pick the correct term for Calculus.,justice,expression,App Store,tangent line,tangent line,,,text,20,12,true
Calculus,easy,Which of these is related to Calculus?,spice,Olympiad,tangent line,star,tangent line,,,text,20,12,true
Calculus,easy,Select a term associated with Calculus.,velocity,integral,monarch,exception,integral,,,text,20,12,true
Calculus,easy,Pick the correct term for Calculus.,area under curve,grill,Stockholm,cookie,area under curve,,,text,20,12,true
Calculus,easy,Which of these is related to Calculus?,class,volume,perception,inflection,inflection,,,text,20,12,true
Calculus,easy,Select a term associated with Calculus.,trail,studio,supply chain,slope,slope,,,text,20,12,true
Calculus,easy,Select a term associated with Calculus.,meditation,tangent line,supply,myth,tangent line,,,text,20,12,true
Calculus,easy,Select a term associated with Calculus.,limit,UDP,climate model,fabric,limit,,,text,20,12,true
Calculus,easy,Which of these is related to Calculus?,battery,period,limit,post,limit,,,text,20,12,true
Calculus,easy,Which of these is related to Calculus?,tangent line,Mohenjo-daro,epic,acquisition,tangent line,,,text,20,12,true
Calculus,easy,Which option belongs to Calculus?,volcanic island,derivative,electricity,sensor,derivative,,,text,20,12,true
Calculus,easy,Select a term associated with Calculus.,Madagascar,limit,pattern,equator,limit,,,text,20,12,true
Calculus,easy,Pick the correct term for Calculus.,slope,radius,session,factor,slope,,,text,20,12,true
Calculus,easy,Select a term associated with Calculus.,disease,nervous system,limit,respiratory system,limit,,,text,20,12,true
Calculus,easy,Pick the correct term for Calculus.,striker,institution,slope,Asia,slope,,,text,20,12,true
Calculus,easy,Select a term associated with Calculus.,integral,globe,silhouette,Greenland,integral,,,text,20,12,true
Calculus,medium,Select the most relevant term for Calculus.,tributary,slope,brand equity,DNA,slope,,,text,40,10,true
Calculus,medium,Pick the concept that best matches Calculus.,operating system,continuity,automation,deity,continuity,,,text,40,10,true
Calculus,medium,Which option is a key concept in Calculus?,online store,subject,continuity,dance,continuity,,,text,40,10,true
Calculus,medium,Which option is a key concept in Calculus?,accessory,chain rule,steam engine,algorithm,chain rule,,,text,40,10,true
Calculus,medium,Pick the concept that best matches Calculus.,area under curve,coefficient,supply chain,skeletal system,area under curve,,,text,40,10,true
Calculus,medium,Which term is most commonly used in Calculus?,cell,continuity,delta,modem,continuity,,,text,40,10,true
Calculus,medium,Select the most relevant term for Calculus.,integral,Gobi,conservation,abstract,integral,,,text,40,10,true
Calculus,medium,Which term is most commonly used in Calculus?,blockbuster,landing gear,integral,polymorphism,integral,,,text,40,10,true
Calculus,medium,Which option is a key concept in Calculus?,perspective,dish,level,chain rule,chain rule,,,text,40,10,true
Calculus,medium,Pick the concept that best matches Calculus.,leader,slope,flooring,shipping,slope,,,text,40,10,true
Calculus,medium,Which option is a key concept in Calculus?,harvest,air traffic,campaign,area under curve,area under curve,,,text,40,10,true
Calculus,medium,Pick the concept that best matches Calculus.,function,servo,run rate,tangent line,tangent line,,,text,40,10,true
Calculus,medium,Select the most relevant term for Calculus.,rebrand,villain,slope,theme,slope,,,text,40,10,true
Calculus,medium,Which option is a key concept in Calculus?,Poseidon,force,inflection,origin,inflection,,,text,40,10,true
Calculus,medium,Which term is most commonly used in Calculus?,endgame,optimization,aperture,portrait,optimization,,,text,40,10,true
Calculus,medium,Select the most relevant term for Calculus.,story arc,aerodynamics,meditation,chain rule,chain rule,,,text,40,10,true
Calculus,medium,Select the most relevant term for Calculus.,tangent line,diplomacy,Karnataka,linear,tangent line,,,text,40,10,true
Calculus,medium,Pick the concept that best matches Calculus.,tangent line,Oscar,treatment,star,tangent line,,,text,40,10,true
Calculus,hard,Select the most precise term for Calculus.,asana,host city,limit,socialization,limit,,,text,80,8,true
Calculus,hard,Pick the most specific concept tied to Calculus.,electricity,cape,inflection,billboard,inflection,,,text,80,8,true
Calculus,hard,Pick the most specific concept tied to Calculus.,skeletal system,RPG,inflection,recycling,inflection,,,text,80,8,true
Calculus,hard,Select the most precise term for Calculus.,compost,genre,garbage collection,tangent line,tangent line,,,text,80,8,true
Calculus,hard,Which option best characterizes Calculus?,email,continuity,light-year,protocol,continuity,,,text,80,8,true
Calculus,hard,Which option best characterizes Calculus?,director,tangent,receptor,chain rule,chain rule,,,text,80,8,true
Calculus,hard,Select the most precise term for Calculus.,textile,chain rule,quadratic,stock exchange,chain rule,,,text,80,8,true
Calculus,hard,Which term is most specifically associated with Calculus?,ecosystem,hero,chain rule,Academy Awards,chain rule,,,text,80,8,true
Calculus,hard,Which term is most specifically associated with Calculus?,Mars rover,vocabulary,hero,limit,limit,,,text,80,8,true
Calculus,hard,Which term is most specifically associated with Calculus?,integral,market,advertising,index,integral,,,text,80,8,true
Calculus,hard,Pick the most specific concept tied to Calculus.,inflection,expert system,norms,grammar,inflection,,,text,80,8,true
Calculus,hard,Which term is most specifically associated with Calculus?,theme,optimization,composer,overfitting,optimization,,,text,80,8,true
Calculus,hard,Which term is most specifically associated with Calculus?,therapy,tangent,Hindi cinema,slope,slope,,,text,80,8,true
Calculus,hard,Which option best characterizes Calculus?,monarch,chain rule,cosine,Gobi,chain rule,,,text,80,8,true
Calculus,hard,Which term is most specifically associated with Calculus?,chain rule,personality,director,trademark,chain rule,,,text,80,8,true
Calculus,hard,Which option best characterizes Calculus?,monarch,server,continuity,polynomial,continuity,,,text,80,8,true
Calculus,hard,Which option best characterizes Calculus?,fiscal policy,Valkyrie,GDP,tangent line,tangent line,,,text,80,8,true
Calculus,hard,Pick the most specific concept tied to Calculus.,playback,slope,emotion,trail,slope,,,text,80,8,true
Calculus,hard,Select the most precise term for Calculus.,ecosystem,limit,radius,dialect,limit,,,text,80,8,true
Calculus,hard,Which term is most specifically associated with Calculus?,Hamlet,operating system,inflection,Kalahari,inflection,,,text,80,8,true
Calculus,hard,Pick the most specific concept tied to Calculus.,election cycle,atom,festivals,limit,limit,,,text,80,8,true
Calculus,hard,Pick the most specific concept tied to Calculus.,responsive layout,generator,derivative,telescope,derivative,,,text,80,8,true
Calculus,hard,Select the most precise term for Calculus.,Medicine,area under curve,seed,ecology,area under curve,,,text,80,8,true
Calculus,hard,Pick the most specific concept tied to Calculus.,limit,processor,dunk,society,limit,,,text,80,8,true
Computer Science,easy,Which of these is related to Computer Science?,batsman,binary,summit,re-entry,binary,,,text,20,12,true
Computer Science,easy,Which of these is related to Computer Science?,factor,protected area,share,algorithm,algorithm,,,text,20,12,true
Computer Science,easy,Which of these is related to Computer Science?,festivals,database,syntax,portrait,database,,,text,20,12,true
Computer Science,easy,Which of these is related to Computer Science?,bandwidth,network,athletics,brush,network,,,text,20,12,true
Computer Science,easy,Which option belongs to Computer Science?,algorithm,orbit,landing gear,festivals,algorithm,,,text,20,12,true
Computer Science,easy,Which option belongs to Computer Science?,coefficient,operating system,publisher,Caribbean Sea,operating system,,,text,20,12,true
Computer Science,easy,Which of these is related to Computer Science?,indentation,data structure,gesture,machine,data structure,,,text,20,12,true
Computer Science,easy,Which option belongs to Computer Science?,quest,compiler,cinematography,Aeneid,compiler,,,text,20,12,true
Computer Science,easy,Select a term associated with Computer Science.,ionic bond,overfitting,operating system,taste,operating system,,,text,20,12,true
Computer Science,easy,Which of these is related to Computer Science?,stripe,landing gear,emblem,recursion,recursion,,,text,20,12,true
Computer Science,easy,Select a term associated with Computer Science.,recursion,mindfulness,ecology,layout,recursion,,,text,20,12,true
Computer Science,easy,Which option belongs to Computer Science?,algorithm,heart,education reform,Best Picture,algorithm,,,text,20,12,true
Computer Science,easy,Pick the correct term for Computer Science.,Odyssey,compiler,Treaty of Versailles,CSS,compiler,,,text,20,12,true
Computer Science,easy,Which of these is related to Computer Science?,dish,market research,Medicine,database,database,,,text,20,12,true
Computer Science,easy,Pick the correct term for Computer Science.,re-entry,database,relay,photosynthesis,database,,,text,20,12,true
Computer Science,easy,Pick the correct term for Computer Science.,conservation,Mesopotamia,star,compiler,compiler,,,text,20,12,true
Computer Science,easy,Select a term associated with Computer Science.,endangered,president,League of Nations,data structure,data structure,,,text,20,12,true
Computer Science,easy,Pick the correct term for Computer Science.,procurement,realism,foundation,binary,binary,,,text,20,12,true
Computer Science,medium,Which term is most commonly used in Computer Science?,inventor,binary,education reform,semi-arid,binary,,,text,40,10,true
Computer Science,medium,Which term is most commonly used in Computer Science?,flavor,data structure,biodiversity,flagpole,data structure,,,text,40,10,true
Computer Science,medium,Which term is most commonly used in Computer Science?,complexity,deviance,fiscal policy,metaphor,complexity,,,text,40,10,true
Computer Science,medium,Which option is a key concept in Computer Science?,scarcity,villain,operating system,entrepreneur,operating system,,,text,40,10,true
Computer Science,medium,Which option is a key concept in Computer Science?,net,exposure,binary,console,binary,,,text,40,10,true
Computer Science,medium,Which option is a key concept in Computer Science?,compiler,shot clock,gene,bioavailability,compiler,,,text,40,10,true
Computer Science,medium,Which term is most commonly used in Computer Science?,network,Hera,tragedy,strings,network,,,text,40,10,true
Computer Science,medium,Which term is most commonly used in Computer Science?,complexity,castling,ritual,fertilizer,complexity,,,text,40,10,true
Computer Science,medium,Pick the concept that best matches Computer Science.,fuselage,flag ratio,data structure,oil paint,data structure,,,text,40,10,true
Computer Science,medium,Which option is a key concept in Computer Science?,network,color palette,Athena,Kalahari,network,,,text,40,10,true
Computer Science,medium,Pick the concept that best matches Computer Science.,autonomy,orbit,data structure,corner kick,data structure,,,text,40,10,true
Computer Science,medium,Pick the concept that best matches Computer Science.,director,charger,pesticide,recursion,recursion,,,text,40,10,true
Computer Science,medium,Which term is most commonly used in Computer Science?,realism,stanza,operating system,president,operating system,,,text,40,10,true
Computer Science,medium,Select the most relevant term for Computer Science.,scientist,compiler,red carpet,director,compiler,,,text,40,10,true
Computer Science,medium,Which option is a key concept in Computer Science?,binary,Antarctica,optimization,platform,binary,,,text,40,10,true
Computer Science,medium,Which term is most commonly used in Computer Science?,playlist,livestock,infrastructure,data structure,data structure,,,text,40,10,true
Computer Science,medium,Select the most relevant term for Computer Science.,Treaty of Versailles,programming,subject,semantics,programming,,,text,40,10,true
Computer Science,medium,Pick the concept that best matches Computer Science.,brand identity,air traffic,habitat,database,database,,,text,40,10,true
Computer Science,hard,Pick the most specific concept tied to Computer Science.,inequality,exchange rate,network,bowler,network,,,text,80,8,true
Computer Science,hard,Which option best characterizes Computer Science?,recursion,engagement,aerodynamics,ecosystem,recursion,,,text,80,8,true
Computer Science,hard,Select the most precise term for Computer Science.,rupee,gravity,programming,public health,programming,,,text,80,8,true
Computer Science,hard,Select the most precise term for Computer Science.,algorithm,lead time,feature,shipping,algorithm,,,text,80,8,true
Computer Science,hard,Pick the most specific concept tied to Computer Science.,group,dollar,compiler,Mediterranean Sea,compiler,,,text,80,8,true
Computer Science,hard,Which term is most specifically associated with Computer Science?,recursion,toxicity,momentum,continent,recursion,,,text,80,8,true
Computer Science,hard,Which term is most specifically associated with Computer Science?,ISO,cinematography,color palette,operating system,operating system,,,text,80,8,true
Computer Science,hard,Which term is most specifically associated with Computer Science?,entrepreneur,personality,recursion,toxicity,recursion,,,text,80,8,true
Computer Science,hard,Which option best characterizes Computer Science?,programming,stalemate,risk,clause,programming,,,text,80,8,true
Computer Science,hard,Which option best characterizes Computer Science?,warehouse,posture,semantics,network,network,,,text,80,8,true
Computer Science,hard,Pick the most specific concept tied to Computer Science.,perspective,recursion,ISO,Best Picture,recursion,,,text,80,8,true
Computer Science,hard,Pick the most specific concept tied to Computer Science.,receptor,operating system,yield,clergy,operating system,,,text,80,8,true
Computer Science,hard,Pick the most specific concept tied to Computer Science.,theme,block,programming,carbon dioxide,programming,,,text,80,8,true
Computer Science,hard,Which term is most specifically associated with Computer Science?,operating system,ratio,semantics,cinematography,operating system,,,text,80,8,true
Computer Science,hard,Select the most precise term for Computer Science.,net,metaphysics,fossil fuels,binary,binary,,,text,80,8,true
Computer Science,hard,Which option best characterizes Computer Science?,frame,operating system,GDP,villain,operating system,,,text,80,8,true
Computer Science,hard,Select the most precise term for Computer Science.,credit,bioavailability,recursion,atom,recursion,,,text,80,8,true
Computer Science,hard,Pick the most specific concept tied to Computer Science.,euro,database,Caribbean Sea,concert,database,,,text,80,8,true
Computer Science,hard,Which option best characterizes Computer Science?,sequence,camera,compiler,CSS,compiler,,,text,80,8,true
Computer Science,hard,Select the most precise term for Computer Science.,euro,network,polynomial,packaging,network,,,text,80,8,true
Computer Science,hard,Which term is most specifically associated with Computer Science?,Indus Valley,push notification,operating system,conductor,operating system,,,text,80,8,true
Computer Science,hard,Pick the most specific concept tied to Computer Science.,Borneo,complexity,REST,air traffic,complexity,,,text,80,8,true
Computer Science,hard,Which term is most specifically associated with Computer Science?,triangle,responsive layout,host city,binary,binary,,,text,80,8,true
Computer Science,hard,Pick the most specific concept tied to Computer Science.,algorithm,bull market,globalization,vaccination,algorithm,,,text,80,8,true
Artificial Intelligence,easy,Which option belongs to Artificial Intelligence?,soil,color palette,knowledge base,ledger,knowledge base,,,text,20,12,true
Artificial Intelligence,easy,Pick the correct term for Artificial Intelligence.,wellness,billionaire,expert system,browser,expert system,,,text,20,12,true
Artificial Intelligence,easy,Which of these is related to Artificial Intelligence?,perception,proof of work,Arctic Ocean,myth,perception,,,text,20,12,true
Artificial Intelligence,easy,Select a term associated with Artificial Intelligence.,conversion,Nile,planning,irrigation,planning,,,text,20,12,true
Artificial Intelligence,easy,Which of these is related to Artificial Intelligence?,match point,tangent line,group,heuristic,heuristic,,,text,20,12,true
Artificial Intelligence,easy,Which option belongs to Artificial Intelligence?,migration,derivative,watercolor,search,search,,,text,20,12,true
Artificial Intelligence,easy,Pick the correct term for Artificial Intelligence.,biodiversity,greenhouse,planning,myth,planning,,,text,20,12,true
Artificial Intelligence,easy,Pick the correct term for Artificial Intelligence.,verb,heuristic,strings,inflection,heuristic,,,text,20,12,true
Artificial Intelligence,easy,Which of these is related to Artificial Intelligence?,dish,flag ratio,furniture,expert system,expert system,,,text,20,12,true
Artificial Intelligence,easy,Which option belongs to Artificial Intelligence?,bond,automation,South America,return,automation,,,text,20,12,true
Artificial Intelligence,easy,Which option belongs to Artificial Intelligence?,planning,scripture,fulfillment,renewable,planning,,,text,20,12,true
Artificial Intelligence,easy,Which of these is related to Artificial Intelligence?,mind,list comprehension,neural network,endangered,neural network,,,text,20,12,true
Artificial Intelligence,easy,Which of these is related to Artificial Intelligence?,recursion,session,expert system,head of state,expert system,,,text,20,12,true
Artificial Intelligence,easy,Pick the correct term for Artificial Intelligence.,startup,planning,energy,alphabet,planning,,,text,20,12,true
Artificial Intelligence,easy,Which option belongs to Artificial Intelligence?,sonata,shipping,exchange rate,perception,perception,,,text,20,12,true
Artificial Intelligence,easy,Which option belongs to Artificial Intelligence?,photosynthesis,Ares,balance,heuristic,heuristic,,,text,20,12,true
Artificial Intelligence,easy,Which option belongs to Artificial Intelligence?,automation,phonetics,statuette,accessory,automation,,,text,20,12,true
Artificial Intelligence,easy,Which of these is related to Artificial Intelligence?,canvas,planning,circulatory system,interest,planning,,,text,20,12,true
Artificial Intelligence,medium,Which option is a key concept in Artificial Intelligence?,heuristic,socialization,alphabet,Ganga,heuristic,,,text,40,10,true
Artificial Intelligence,medium,Which option is a key concept in Artificial Intelligence?,genre,backboard,author,perception,perception,,,text,40,10,true
Artificial Intelligence,medium,Which term is most commonly used in Artificial Intelligence?,syntax,inventor,Sri Lanka,automation,automation,,,text,40,10,true
Artificial Intelligence,medium,Which term is most commonly used in Artificial Intelligence?,ink,greenhouse,agent,globalization,agent,,,text,40,10,true
Artificial Intelligence,medium,Which option is a key concept in Artificial Intelligence?,Odyssey,asana,knowledge base,pilgrimage,knowledge base,,,text,40,10,true
Artificial Intelligence,medium,Pick the concept that best matches Artificial Intelligence.,asana,Yangtze,planet,inference,inference,,,text,40,10,true
Artificial Intelligence,medium,Which option is a key concept in Artificial Intelligence?,director,star,online store,knowledge base,knowledge base,,,text,40,10,true
Artificial Intelligence,medium,Pick the concept that best matches Artificial Intelligence.,heuristic,subject,processor,database,heuristic,,,text,40,10,true
Artificial Intelligence,medium,Which option is a key concept in Artificial Intelligence?,AI,trail,heart,search,search,,,text,40,10,true
Artificial Intelligence,medium,Pick the concept that best matches Artificial Intelligence.,hook,bowler,transaction,knowledge base,knowledge base,,,text,40,10,true
Artificial Intelligence,medium,Which option is a key concept in Artificial Intelligence?,emissions,expert system,DNS,formation,expert system,,,text,40,10,true
Artificial Intelligence,medium,Select the most relevant term for Artificial Intelligence.,Hamlet,expert system,costume,metabolism,expert system,,,text,40,10,true
Artificial Intelligence,medium,Which term is most commonly used in Artificial Intelligence?,concerto,Sumatra,backboard,neural network,neural network,,,text,40,10,true
Artificial Intelligence,medium,Pick the concept that best matches Artificial Intelligence.,patient,lens,search,composer,search,,,text,40,10,true
Artificial Intelligence,medium,Which term is most commonly used in Artificial Intelligence?,balance,expert system,advertising,Hindi cinema,expert system,,,text,40,10,true
Artificial Intelligence,medium,Pick the concept that best matches Artificial Intelligence.,fuselage,set,World War II,neural network,neural network,,,text,40,10,true
Artificial Intelligence,medium,Select the most relevant term for Artificial Intelligence.,Maurya Empire,sensor,planning,election,planning,,,text,40,10,true
Artificial Intelligence,medium,Which option is a key concept in Artificial Intelligence?,podium,premiere,knowledge base,Berlin Wall,knowledge base,,,text,40,10,true
Artificial Intelligence,hard,Which option best characterizes Artificial Intelligence?,Vishnu,explorer,heuristic,layout,heuristic,,,text,80,8,true
Artificial Intelligence,hard,Pick the most specific concept tied to Artificial Intelligence.,routing,diplomacy,Egyptians,expert system,expert system,,,text,80,8,true
Artificial Intelligence,hard,Which term is most specifically associated with Artificial Intelligence?,enzyme,expert system,polytheism,trade agreement,expert system,,,text,80,8,true
Artificial Intelligence,hard,Which option best characterizes Artificial Intelligence?,automation,GDP,Valhalla,block,automation,,,text,80,8,true
Artificial Intelligence,hard,Which term is most specifically associated with Artificial Intelligence?,renewable,cinematography,vaccine,planning,planning,,,text,80,8,true
Artificial Intelligence,hard,Which option best characterizes Artificial Intelligence?,knowledge base,modem,metabolism,advertising,knowledge base,,,text,80,8,true
Artificial Intelligence,hard,Pick the most specific concept tied to Artificial Intelligence.,perception,credit,flexibility,ledger,perception,,,text,80,8,true
Artificial Intelligence,hard,Pick the most specific concept tied to Artificial Intelligence.,operating system,sea level,neural network,playlist,neural network,,,text,80,8,true
Artificial Intelligence,hard,Pick the most specific concept tied to Artificial Intelligence.,opera,index,ARPANET,agent,agent,,,text,80,8,true
Artificial Intelligence,hard,Which option best characterizes Artificial Intelligence?,neural network,billionaire,black hole,compiler,neural network,,,text,80,8,true
Artificial Intelligence,hard,Select the most precise term for Artificial Intelligence.,wellness,planning,Iceland,feed,planning,,,text,80,8,true
Artificial Intelligence,hard,Which option best characterizes Artificial Intelligence?,Lake Victoria,perception,corner kick,Pacific Ocean,perception,,,text,80,8,true
Artificial Intelligence,hard,Which option best characterizes Artificial Intelligence?,deity,heuristic,trail,peak,heuristic,,,text,80,8,true
Artificial Intelligence,hard,Select the most precise term for Artificial Intelligence.,bowler,endgame,judiciary,perception,perception,,,text,80,8,true
Artificial Intelligence,hard,Which option best characterizes Artificial Intelligence?,logo,latency,IP address,planning,planning,,,text,80,8,true
Artificial Intelligence,hard,Which term is most specifically associated with Artificial Intelligence?,adjective,planet,search,continuity,search,,,text,80,8,true
Artificial Intelligence,hard,Select the most precise term for Artificial Intelligence.,fulfillment,limit,search,campaign,search,,,text,80,8,true
Artificial Intelligence,hard,Which option best characterizes Artificial Intelligence?,hero,altitude,exception,automation,automation,,,text,80,8,true
Artificial Intelligence,hard,Select the most precise term for Artificial Intelligence.,watercolor,heuristic,Karnataka,seed,heuristic,,,text,80,8,true
Artificial Intelligence,hard,Which term is most specifically associated with Artificial Intelligence?,perception,euro,baroque,K2,perception,,,text,80,8,true
Artificial Intelligence,hard,Pick the most specific concept tied to Artificial Intelligence.,Odyssey,inference,Kerala,runway,inference,,,text,80,8,true
Artificial Intelligence,hard,Which term is most specifically associated with Artificial Intelligence?,funnel,area under curve,hashtag,automation,automation,,,text,80,8,true
Artificial Intelligence,hard,Which option best characterizes Artificial Intelligence?,pitch,Southern Ocean,semantics,planning,planning,,,text,80,8,true
Artificial Intelligence,hard,Select the most precise term for Artificial Intelligence.,Plassey,furniture,heuristic,tributary,heuristic,,,text,80,8,true
Machine Learning,easy,Which of these is related to Machine Learning?,brand equity,subject,classification,reason,classification,,,text,20,12,true
Machine Learning,easy,Select a term associated with Machine Learning.,therapy,telescope,URL,accuracy,accuracy,,,text,20,12,true
Machine Learning,easy,Which option belongs to Machine Learning?,script,director,label,inheritance,label,,,text,20,12,true
Machine Learning,easy,Which of these is related to Machine Learning?,interest,training data,endgame,Red Sea,training data,,,text,20,12,true
Machine Learning,easy,Select a term associated with Machine Learning.,nebula,playback,feature,promotion,feature,,,text,20,12,true
Machine Learning,easy,Which option belongs to Machine Learning?,label,gesture,society,nervous system,label,,,text,20,12,true
Machine Learning,easy,Which of these is related to Machine Learning?,accuracy,predator,optimization,compound,accuracy,,,text,20,12,true
Machine Learning,easy,Which of these is related to Machine Learning?,training data,Best Actress,scientist,breathing,training data,,,text,20,12,true
Machine Learning,easy,Which option belongs to Machine Learning?,inflation,compost,accuracy,flag ratio,accuracy,,,text,20,12,true
Machine Learning,easy,Pick the correct term for Machine Learning.,democracy,adaptation,seed,feature,feature,,,text,20,12,true
Machine Learning,easy,Pick the correct term for Machine Learning.,Olympiad,wellness,model,United Nations,model,,,text,20,12,true
Machine Learning,easy,Pick the correct term for Machine Learning.,label,concert,portrait,pranayama,label,,,text,20,12,true
Machine Learning,easy,Which of these is related to Machine Learning?,Krishna,abstract,Ganga,accuracy,accuracy,,,text,20,12,true
Machine Learning,easy,Pick the correct term for Machine Learning.,goal,cookie,Lakshmi,training data,training data,,,text,20,12,true
Machine Learning,easy,Pick the correct term for Machine Learning.,classification,multiple,product page,longitude,classification,,,text,20,12,true
Machine Learning,easy,Pick the correct term for Machine Learning.,acceleration,foundation,training data,stretch,training data,,,text,20,12,true
Machine Learning,easy,Pick the correct term for Machine Learning.,yen,validation,wicket,color palette,validation,,,text,20,12,true
Machine Learning,easy,Select a term associated with Machine Learning.,unit circle,Zeus,validation,textile,validation,,,text,20,12,true
Machine Learning,medium,Which option is a key concept in Machine Learning?,slogan,black hole,training data,origin,training data,,,text,40,10,true
Machine Learning,medium,Which term is most commonly used in Machine Learning?,yen,model,farm,monotheism,model,,,text,40,10,true
Machine Learning,medium,Pick the concept that best matches Machine Learning.,label,Atacama,billionaire,prey,label,,,text,40,10,true
Machine Learning,medium,Which term is most commonly used in Machine Learning?,Android,democracy,camera,overfitting,overfitting,,,text,40,10,true
Machine Learning,medium,Which option is a key concept in Machine Learning?,pronoun,classification,toxicity,cookie,classification,,,text,40,10,true
Machine Learning,medium,Pick the concept that best matches Machine Learning.,superhero,binary,Nobel Prize,validation,validation,,,text,40,10,true
Machine Learning,medium,Select the most relevant term for Machine Learning.,myth,like,tributary,feature,feature,,,text,40,10,true
Machine Learning,medium,Which term is most commonly used in Machine Learning?,platform,Hamlet,democracy,label,label,,,text,40,10,true
Machine Learning,medium,Which option is a key concept in Machine Learning?,regression,limit,soil,deviance,regression,,,text,40,10,true
Machine Learning,medium,Which term is most commonly used in Machine Learning?,recognition,gradient descent,triangle,Europe,gradient descent,,,text,40,10,true
Machine Learning,medium,Which term is most commonly used in Machine Learning?,leadership,epic,blueprint,classification,classification,,,text,40,10,true
Machine Learning,medium,Select the most relevant term for Machine Learning.,actuator,classification,server,serve,classification,,,text,40,10,true
Machine Learning,medium,Which term is most commonly used in Machine Learning?,Asia,Andes,classification,ecosystem,classification,,,text,40,10,true
Machine Learning,medium,Select the most relevant term for Machine Learning.,classification,conductor,sidekick,circle,classification,,,text,40,10,true
Machine Learning,medium,Select the most relevant term for Machine Learning.,bandwidth,smart contract,feature,interface,feature,,,text,40,10,true
Machine Learning,medium,Select the most relevant term for Machine Learning.,label,Karnataka,expression,defender,label,,,text,40,10,true
Machine Learning,medium,Select the most relevant term for Machine Learning.,ingredient,tangent line,online store,label,label,,,text,40,10,true
Machine Learning,medium,Pick the concept that best matches Machine Learning.,regression,villain,icon,philanthropist,regression,,,text,40,10,true
Machine Learning,hard,Which option best characterizes Machine Learning?,training data,stratification,role,conservation,training data,,,text,80,8,true
Machine Learning,hard,Which option best characterizes Machine Learning?,stripe,proof of work,accuracy,vaccine,accuracy,,,text,80,8,true
Machine Learning,hard,Pick the most specific concept tied to Machine Learning.,feature,therapy,decorator,compiler,feature,,,text,80,8,true
Machine Learning,hard,Select the most precise term for Machine Learning.,model,enzyme,cuisine,Valkyrie,model,,,text,80,8,true
Machine Learning,hard,Which option best characterizes Machine Learning?,carbon dioxide,engagement,Thor,feature,feature,,,text,80,8,true
Machine Learning,hard,Pick the most specific concept tied to Machine Learning.,lens,mitigation,entrepreneur,gradient descent,gradient descent,,,text,80,8,true
Machine Learning,hard,Select the most precise term for Machine Learning.,classification,consensus,black hole,photosynthesis,classification,,,text,80,8,true
Machine Learning,hard,Pick the most specific concept tied to Machine Learning.,prescription,model,liability,bandwidth,model,,,text,80,8,true
Machine Learning,hard,Which term is most specifically associated with Machine Learning?,slogan,App Store,gradient descent,patch,gradient descent,,,text,80,8,true
Machine Learning,hard,Which term is most specifically associated with Machine Learning?,pivot,accuracy,dish,investor,accuracy,,,text,80,8,true
Machine Learning,hard,Select the most precise term for Machine Learning.,habitat,training data,records,innovation,training data,,,text,80,8,true
Machine Learning,hard,Which term is most specifically associated with Machine Learning?,costume,monopoly,postmodern,validation,validation,,,text,80,8,true
Machine Learning,hard,Which option best characterizes Machine Learning?,polynomial,model,venture capital,volatility,model,,,text,80,8,true
Machine Learning,hard,Which option best characterizes Machine Learning?,billionaire,training data,like,parliament,training data,,,text,80,8,true
Machine Learning,hard,Which term is most specifically associated with Machine Learning?,norms,patch,regression,short story,regression,,,text,80,8,true
Machine Learning,hard,Which term is most specifically associated with Machine Learning?,Europe,climate model,filmfare,regression,regression,,,text,80,8,true
Machine Learning,hard,Which option best characterizes Machine Learning?,ranger,training data,volume,Mohenjo-daro,training data,,,text,80,8,true
Machine Learning,hard,Select the most precise term for Machine Learning.,model,rook,transmission,fabric,model,,,text,80,8,true
Machine Learning,hard,Select the most precise term for Machine Learning.,label,chassis,engagement,LBW,label,,,text,80,8,true
Machine Learning,hard,Select the most precise term for Machine Learning.,market research,validation,Gujarat,arid,validation,,,text,80,8,true
Machine Learning,hard,Which option best characterizes Machine Learning?,shipping,training data,logic,globe,training data,,,text,80,8,true
Machine Learning,hard,Pick the most specific concept tied to Machine Learning.,regression,microscope,set,laureate,regression,,,text,80,8,true
Machine Learning,hard,Select the most precise term for Machine Learning.,gradient descent,meter,spice,evolution,gradient descent,,,text,80,8,true
Machine Learning,hard,Select the most precise term for Machine Learning.,accuracy,Ragnarok,diplomacy,textile,accuracy,,,text,80,8,true
Blockchain,easy,Which option belongs to Blockchain?,mining,radian,planning,automation,mining,,,text,20,12,true
Blockchain,easy,Which of these is related to Blockchain?,factorization,mining,JVM,postmodern,mining,,,text,20,12,true
Blockchain,easy,Which option belongs to Blockchain?,movement,symbol,Karnataka,consensus,consensus,,,text,20,12,true
Blockchain,easy,Which of these is related to Blockchain?,modem,balance,validation,consensus,consensus,,,text,20,12,true
Blockchain,easy,Which of these is related to Blockchain?,expression,virtue,consensus,bioavailability,consensus,,,text,20,12,true
Blockchain,easy,Select a term associated with Blockchain.,variable,remix,transaction,brake,transaction,,,text,20,12,true
Blockchain,easy,Which option belongs to Blockchain?,symptom,wallet,conservation,merger,wallet,,,text,20,12,true
Blockchain,easy,Which of these is related to Blockchain?,conversion,carbon dioxide,smart contract,like,smart contract,,,text,20,12,true
Blockchain,easy,Which of these is related to Blockchain?,planning,aperture,harvest,wallet,wallet,,,text,20,12,true
Blockchain,easy,Which option belongs to Blockchain?,Gupta Empire,mining,conditioning,trail,mining,,,text,20,12,true
Blockchain,easy,Which option belongs to Blockchain?,climate model,block,cabinet,toxicity,block,,,text,20,12,true
Blockchain,easy,Which option belongs to Blockchain?,consensus,demography,franchise,REST,consensus,,,text,20,12,true
Blockchain,easy,Select a term associated with Blockchain.,mining,Gobi,wicket,sovereignty,mining,,,text,20,12,true
Blockchain,easy,Select a term associated with Blockchain.,ingredient,payment gateway,wallet,protocol,wallet,,,text,20,12,true
Blockchain,easy,Pick the correct term for Blockchain.,proof of work,Kalahari,haiku,producer,proof of work,,,text,20,12,true
Blockchain,easy,Pick the correct term for Blockchain.,portrait,aerodynamics,wallet,Arctic Ocean,wallet,,,text,20,12,true
Blockchain,easy,Pick the correct term for Blockchain.,triangle,oxidation,script,hash,hash,,,text,20,12,true
Blockchain,easy,Which of these is related to Blockchain?,Sahara,smart contract,comic,euro,smart contract,,,text,20,12,true
Blockchain,medium,Which option is a key concept in Blockchain?,torque,electricity,block,class,block,,,text,40,10,true
Blockchain,medium,Pick the concept that best matches Blockchain.,toxicity,respiratory system,block,Sumatra,block,,,text,40,10,true
Blockchain,medium,Pick the concept that best matches Blockchain.,node,ice melt,aerodynamics,publisher,node,,,text,40,10,true
Blockchain,medium,Pick the concept that best matches Blockchain.,map scale,ISP,transaction,spacecraft,transaction,,,text,40,10,true
Blockchain,medium,Which option is a key concept in Blockchain?,distribution,ledger,Assyrians,pruning,ledger,,,text,40,10,true
Blockchain,medium,Which option is a key concept in Blockchain?,diameter,lighting,preposition,transaction,transaction,,,text,40,10,true
Blockchain,medium,Pick the concept that best matches Blockchain.,gene,node,tributary,castling,node,,,text,40,10,true
Blockchain,medium,Which term is most commonly used in Blockchain?,target audience,optimization,smart contract,K2,smart contract,,,text,40,10,true
Blockchain,medium,Which option is a key concept in Blockchain?,lifecycle,ledger,flowerbed,intrusion,ledger,,,text,40,10,true
Blockchain,medium,Select the most relevant term for Blockchain.,consensus,Plassey,supernova,euro,consensus,,,text,40,10,true
Blockchain,medium,Pick the concept that best matches Blockchain.,stump,shot clock,hash,exception,hash,,,text,40,10,true
Blockchain,medium,Which option is a key concept in Blockchain?,free kick,CEO,transaction,façade,transaction,,,text,40,10,true
Blockchain,medium,Which option is a key concept in Blockchain?,ledger,album,recursion,Sumatra,ledger,,,text,40,10,true
Blockchain,medium,Which term is most commonly used in Blockchain?,Hades,ledger,distribution,spice,ledger,,,text,40,10,true
Blockchain,medium,Which option is a key concept in Blockchain?,Akbar,Africa,proof of work,Krishna,proof of work,,,text,40,10,true
Blockchain,medium,Select the most relevant term for Blockchain.,Akbar,Babylon,virtualenv,node,node,,,text,40,10,true
Blockchain,medium,Which option is a key concept in Blockchain?,currency symbol,smart contract,recursion,masala,smart contract,,,text,40,10,true
Blockchain,medium,Pick the concept that best matches Blockchain.,drug,transaction,optimization,harvest,transaction,,,text,40,10,true
Blockchain,hard,Select the most precise term for Blockchain.,topography,agent,prescription,wallet,wallet,,,text,80,8,true
Blockchain,hard,Which option best characterizes Blockchain?,endangered,hash,quest,conversion,hash,,,text,80,8,true
Blockchain,hard,Which term is most specifically associated with Blockchain?,factorization,symbol,proof of work,playlist,proof of work,,,text,80,8,true
Blockchain,hard,Which option best characterizes Blockchain?,HTML,block,norms,decolonization,block,,,text,80,8,true
Blockchain,hard,Which term is most specifically associated with Blockchain?,artist,cockpit,hash,advertising,hash,,,text,80,8,true
Blockchain,hard,Pick the most specific concept tied to Blockchain.,hash,steam engine,genre,logic,hash,,,text,80,8,true
Blockchain,hard,Pick the most specific concept tied to Blockchain.,runway,opening ceremony,hash,Iceland,hash,,,text,80,8,true
Blockchain,hard,Which term is most specifically associated with Blockchain?,ecosystem,depth of field,forehand,hash,hash,,,text,80,8,true
Blockchain,hard,Which term is most specifically associated with Blockchain?,innings,character,Physics,mining,mining,,,text,80,8,true
Blockchain,hard,Which term is most specifically associated with Blockchain?,respiratory system,reason,ledger,Valkyrie,ledger,,,text,80,8,true
Blockchain,hard,Which term is most specifically associated with Blockchain?,oasis,wallet,ecosystem,protocol,wallet,,,text,80,8,true
Blockchain,hard,Pick the most specific concept tied to Blockchain.,consensus,label,TCP,brand identity,consensus,,,text,80,8,true
Blockchain,hard,Which option best characterizes Blockchain?,myth,concert,smart contract,automation,smart contract,,,text,80,8,true
Blockchain,hard,Pick the most specific concept tied to Blockchain.,hash,sauce,memory,class,hash,,,text,80,8,true
Blockchain,hard,Pick the most specific concept tied to Blockchain.,consensus,time zone,breathing,behavior,consensus,,,text,80,8,true
Blockchain,hard,Which option best characterizes Blockchain?,silhouette,frame,Shiva,consensus,consensus,,,text,80,8,true
Blockchain,hard,Pick the most specific concept tied to Blockchain.,node,branding,Aeneid,catalyst,node,,,text,80,8,true
Blockchain,hard,Which term is most specifically associated with Blockchain?,DNS,mining,stanza,conservation,mining,,,text,80,8,true
Blockchain,hard,Which option best characterizes Blockchain?,semantics,feature,exception,transaction,transaction,,,text,80,8,true
Blockchain,hard,Pick the most specific concept tied to Blockchain.,cognition,orbit,election,node,node,,,text,80,8,true
Blockchain,hard,Which option best characterizes Blockchain?,mining,vaccination,ecology,runway,mining,,,text,80,8,true
Blockchain,hard,Which term is most specifically associated with Blockchain?,pip,Economics,wallet,patient,wallet,,,text,80,8,true
Blockchain,hard,Which option best characterizes Blockchain?,Ramayana,bear market,three-pointer,hash,hash,,,text,80,8,true
Blockchain,hard,Select the most precise term for Blockchain.,processor,pruning,global economy,wallet,wallet,,,text,80,8,true
Cyber Security,easy,Which of these is related to Cyber Security?,renewable,authentication,Atacama,air traffic,authentication,,,text,20,12,true
Cyber Security,easy,Select a term associated with Cyber Security.,song sequence,Mediterranean Sea,authentication,Mahabharata,authentication,,,text,20,12,true
Cyber Security,easy,Select a term associated with Cyber Security.,patch,complexity,blockbuster,Lake Victoria,patch,,,text,20,12,true
Cyber Security,easy,Which of these is related to Cyber Security?,polytheism,vulnerability,global warming,composer,vulnerability,,,text,20,12,true
Cyber Security,easy,Pick the correct term for Cyber Security.,malware,stanza,radius,seed,malware,,,text,20,12,true
Cyber Security,easy,Pick the correct term for Cyber Security.,authentication,protein,Madagascar,pawn,authentication,,,text,20,12,true
Cyber Security,easy,Which option belongs to Cyber Security?,slogan,encryption,pound,limit,encryption,,,text,20,12,true
Cyber Security,easy,Pick the correct term for Cyber Security.,phishing,ecology,air traffic,existence,phishing,,,text,20,12,true
Cyber Security,easy,Which of these is related to Cyber Security?,patch,watering,banknote,exchange rate,patch,,,text,20,12,true
Cyber Security,easy,Pick the correct term for Cyber Security.,virtue,trade agreement,package,authorization,authorization,,,text,20,12,true
Cyber Security,easy,Pick the correct term for Cyber Security.,lead time,zero trust,habitat,symphony,zero trust,,,text,20,12,true
Cyber Security,easy,Which of these is related to Cyber Security?,masala,Best Actress,gravity,phishing,phishing,,,text,20,12,true
Cyber Security,easy,Select a term associated with Cyber Security.,sea,firewall,elasticity,match point,firewall,,,text,20,12,true
Cyber Security,easy,Pick the correct term for Cyber Security.,Sumatra,grill,encryption,pharmacokinetics,encryption,,,text,20,12,true
Cyber Security,easy,Select a term associated with Cyber Security.,dish,Krishna,Kerala,patch,patch,,,text,20,12,true
Cyber Security,easy,Which option belongs to Cyber Security?,malware,minimalism,dish,cape,malware,,,text,20,12,true
Cyber Security,easy,Pick the correct term for Cyber Security.,perspective,alter ego,energy,zero trust,zero trust,,,text,20,12,true
Cyber Security,easy,Pick the correct term for Cyber Security.,sequence,sustainability,API,intrusion,intrusion,,,text,20,12,true
Cyber Security,medium,Which term is most commonly used in Cyber Security?,post,innings,role,zero trust,zero trust,,,text,40,10,true
Cyber Security,medium,Select the most relevant term for Cyber Security.,cinematography,Economics,conversion,intrusion,intrusion,,,text,40,10,true
Cyber Security,medium,Which term is most commonly used in Cyber Security?,authorization,dystopia,Babylon,marketing,authorization,,,text,40,10,true
Cyber Security,medium,Which term is most commonly used in Cyber Security?,device,sovereignty,responsive layout,phishing,phishing,,,text,40,10,true
Cyber Security,medium,Which term is most commonly used in Cyber Security?,zero trust,crest,mitigation,search,zero trust,,,text,40,10,true
Cyber Security,medium,Select the most relevant term for Cyber Security.,authorization,concerto,share,Asia,authorization,,,text,40,10,true
Cyber Security,medium,Pick the concept that best matches Cyber Security.,tangent,perception,authentication,Everest,authentication,,,text,40,10,true
Cyber Security,medium,Pick the concept that best matches Cyber Security.,inflection,authentication,garbage collection,ratio,authentication,,,text,40,10,true
Cyber Security,medium,Which option is a key concept in Cyber Security?,brake,encryption,RPG,phonetics,encryption,,,text,40,10,true
Cyber Security,medium,Pick the concept that best matches Cyber Security.,intrusion,inventory,endgame,clinical,intrusion,,,text,40,10,true
Cyber Security,medium,Select the most relevant term for Cyber Security.,chancellor,intrusion,World War II,pip,intrusion,,,text,40,10,true
Cyber Security,medium,Select the most relevant term for Cyber Security.,flexibility,encryption,Ramayana,accuracy,encryption,,,text,40,10,true
Cyber Security,medium,Which term is most commonly used in Cyber Security?,engagement,Nobel Prize,firewall,hash,firewall,,,text,40,10,true
Cyber Security,medium,Pick the concept that best matches Cyber Security.,conservation,alliteration,zero trust,over,zero trust,,,text,40,10,true
Cyber Security,medium,Pick the concept that best matches Cyber Security.,syntax,patch,diplomacy,myth,patch,,,text,40,10,true
Cyber Security,medium,Which term is most commonly used in Cyber Security?,flexibility,patch,pH,compost,patch,,,text,40,10,true
Cyber Security,medium,Which option is a key concept in Cyber Security?,phishing,modernism,Everest,indentation,phishing,,,text,40,10,true
Cyber Security,medium,Which term is most commonly used in Cyber Security?,Odin,monotheism,nebula,patch,patch,,,text,40,10,true
Cyber Security,hard,Which term is most specifically associated with Cyber Security?,derivative,variable,malware,mitochondria,malware,,,text,80,8,true
Cyber Security,hard,Which option best characterizes Cyber Security?,firewall,inventory,free throw,diplomacy,firewall,,,text,80,8,true
Cyber Security,hard,Which option best characterizes Cyber Security?,brand identity,stripe,interface,zero trust,zero trust,,,text,80,8,true
Cyber Security,hard,Pick the most specific concept tied to Cyber Security.,algorithm,vulnerability,Mediterranean Sea,catalyst,vulnerability,,,text,80,8,true
Cyber Security,hard,Which option best characterizes Cyber Security?,ethics,pip,campground,malware,malware,,,text,80,8,true
Cyber Security,hard,Which option best characterizes Cyber Security?,startup,mindfulness,Ares,zero trust,zero trust,,,text,80,8,true
Cyber Security,hard,Which option best characterizes Cyber Security?,habitat,chain rule,patch,exception,patch,,,text,80,8,true
Cyber Security,hard,Pick the most specific concept tied to Cyber Security.,migration,explorer,Berlin Wall,encryption,encryption,,,text,80,8,true
Cyber Security,hard,Select the most precise term for Cyber Security.,post,judiciary,authorization,premiere,authorization,,,text,80,8,true
Cyber Security,hard,Which option best characterizes Cyber Security?,ecosystem,portrait,temple,phishing,phishing,,,text,80,8,true
Cyber Security,hard,Which option best characterizes Cyber Security?,derivative,motivation,malware,villain,malware,,,text,80,8,true
Cyber Security,hard,Pick the most specific concept tied to Cyber Security.,phishing,wallet,Maharashtra,summit,phishing,,,text,80,8,true
Cyber Security,hard,Which option best characterizes Cyber Security?,malware,Arctic Ocean,Sumer,re-entry,malware,,,text,80,8,true
Cyber Security,hard,Select the most precise term for Cyber Security.,conservation,species,sea,authorization,authorization,,,text,80,8,true
Cyber Security,hard,Select the most precise term for Cyber Security.,sensor,Thar,tangent,malware,malware,,,text,80,8,true
Cyber Security,hard,Pick the most specific concept tied to Cyber Security.,encryption,education reform,Peace,equation,encryption,,,text,80,8,true
Cyber Security,hard,Select the most precise term for Cyber Security.,façade,encryption,Don Quixote,innovation,encryption,,,text,80,8,true
Cyber Security,hard,Pick the most specific concept tied to Cyber Security.,homeostasis,marketing,author,encryption,encryption,,,text,80,8,true
Cyber Security,hard,Which term is most specifically associated with Cyber Security?,stripe,patch,monotheism,landscape,patch,,,text,80,8,true
Cyber Security,hard,Pick the most specific concept tied to Cyber Security.,printing press,director,authentication,dystopia,authentication,,,text,80,8,true
Cyber Security,hard,Which term is most specifically associated with Cyber Security?,Hamlet,forehand,phishing,advertising,phishing,,,text,80,8,true
Cyber Security,hard,Which term is most specifically associated with Cyber Security?,authorization,character,factor,trail,authorization,,,text,80,8,true
Cyber Security,hard,Which term is most specifically associated with Cyber Security?,rally,expert system,authentication,taste,authentication,,,text,80,8,true
Cyber Security,hard,Which term is most specifically associated with Cyber Security?,feature,couture,director,malware,malware,,,text,80,8,true
Networking,easy,Select a term associated with Networking.,grammar,protocol,blockbuster,host city,protocol,,,text,20,12,true
Networking,easy,Which of these is related to Networking?,virtue,Odin,queen,UDP,UDP,,,text,20,12,true
Networking,easy,Pick the correct term for Networking.,Brahma,TCP,tangent,photosynthesis,TCP,,,text,20,12,true
Networking,easy,Which of these is related to Networking?,crest,ISP,router,vocabulary,router,,,text,20,12,true
Networking,easy,Which option belongs to Networking?,branding,Ramayana,switch,photosynthesis,switch,,,text,20,12,true
Networking,easy,Which of these is related to Networking?,Ganga,JavaScript,Sumer,protocol,protocol,,,text,20,12,true
Networking,easy,Pick the correct term for Networking.,garbage collection,market research,protocol,comment,protocol,,,text,20,12,true
Networking,easy,Select a term associated with Networking.,tense,Ashoka,aircraft,subnet,subnet,,,text,20,12,true
Networking,easy,Select a term associated with Networking.,bond,ingredient,IP address,symptom,IP address,,,text,20,12,true
Networking,easy,Select a term associated with Networking.,character,switch,payment gateway,advertising,switch,,,text,20,12,true
Networking,easy,Which of these is related to Networking?,TCP,director,Sumer,transaction,TCP,,,text,20,12,true
Networking,easy,Select a term associated with Networking.,SEO,playback,Indian Ocean,TCP,TCP,,,text,20,12,true
Networking,easy,Which option belongs to Networking?,run rate,toxicity,UDP,parliament,UDP,,,text,20,12,true
Networking,easy,Select a term associated with Networking.,net,policy debate,switch,plate,switch,,,text,20,12,true
Networking,easy,Which option belongs to Networking?,Durga,altitude,bandwidth,narrator,bandwidth,,,text,20,12,true
Networking,easy,Select a term associated with Networking.,leadership,column,TCP,mind,TCP,,,text,20,12,true
Networking,easy,Which option belongs to Networking?,latency,brake,adjective,epistemology,latency,,,text,20,12,true
Networking,easy,Which option belongs to Networking?,illustration,Gujarat,Sri Lanka,router,router,,,text,20,12,true
Networking,medium,Which option is a key concept in Networking?,Iceland,charger,globalization,DNS,DNS,,,text,40,10,true
Networking,medium,Select the most relevant term for Networking.,DNS,sequel,covalent bond,programming,DNS,,,text,40,10,true
Networking,medium,Select the most relevant term for Networking.,database,malware,transmission,router,router,,,text,40,10,true
Networking,medium,Pick the concept that best matches Networking.,integer,continent,Durga,IP address,IP address,,,text,40,10,true
Networking,medium,Pick the concept that best matches Networking.,greenhouse,protocol,UI thread,vulnerability,protocol,,,text,40,10,true
Networking,medium,Pick the concept that best matches Networking.,goal,lambda,router,habitat,router,,,text,40,10,true
Networking,medium,Select the most relevant term for Networking.,constitution,Hollywood,UDP,ecology,UDP,,,text,40,10,true
Networking,medium,Which term is most commonly used in Networking?,skeletal system,polytheism,IP address,Rebellion of 1857,IP address,,,text,40,10,true
Networking,medium,Which option is a key concept in Networking?,clinical,router,share,qualifier,router,,,text,40,10,true
Networking,medium,Select the most relevant term for Networking.,exception,postmodern,monarch,router,router,,,text,40,10,true
Networking,medium,Which option is a key concept in Networking?,TCP,malware,grill,shipping,TCP,,,text,40,10,true
Networking,medium,Select the most relevant term for Networking.,farm,habitat,session,TCP,TCP,,,text,40,10,true
Networking,medium,Which option is a key concept in Networking?,director,subnet,Don Quixote,furniture,subnet,,,text,40,10,true
Networking,medium,Which option is a key concept in Networking?,climate policy,topography,enzyme,DNS,DNS,,,text,40,10,true
Networking,medium,Select the most relevant term for Networking.,IP address,semantics,Everest,queen,IP address,,,text,40,10,true
Networking,medium,Select the most relevant term for Networking.,Ares,ace,protocol,coefficient,protocol,,,text,40,10,true
Networking,medium,Select the most relevant term for Networking.,designer,hemisphere,recognition,subnet,subnet,,,text,40,10,true
Networking,medium,Select the most relevant term for Networking.,interest,UDP,validation,LBW,UDP,,,text,40,10,true
Networking,hard,Which term is most specifically associated with Networking?,switch,landscape,hypotenuse,fuselage,switch,,,text,80,8,true
Networking,hard,Select the most precise term for Networking.,strings,cash flow,TCP,ice melt,TCP,,,text,80,8,true
Networking,hard,Which term is most specifically associated with Networking?,TCP,simile,Lake Victoria,Divine Comedy,TCP,,,text,80,8,true
Networking,hard,Select the most precise term for Networking.,flooring,producer,switch,backboard,switch,,,text,80,8,true
Networking,hard,Select the most precise term for Networking.,arch,TCP,ecology,inflation,TCP,,,text,80,8,true
Networking,hard,Pick the most specific concept tied to Networking.,ecology,subnet,polygon,furniture,subnet,,,text,80,8,true
Networking,hard,Which term is most specifically associated with Networking?,optimization,archipelago,latency,dividend yield,latency,,,text,80,8,true
Networking,hard,Which option best characterizes Networking?,TCP,ratio,lead time,rebrand,TCP,,,text,80,8,true
Networking,hard,Which option best characterizes Networking?,assist,UDP,product page,baseline,UDP,,,text,80,8,true
Networking,hard,Select the most precise term for Networking.,switch,semantics,viral,ethics,switch,,,text,80,8,true
Networking,hard,Pick the most specific concept tied to Networking.,globalization,TCP,photosynthesis,fertilizer,TCP,,,text,80,8,true
Networking,hard,Select the most precise term for Networking.,Lakshmi,quadratic,subnet,Kerala,subnet,,,text,80,8,true
Networking,hard,Pick the most specific concept tied to Networking.,Egyptians,innings,Medicine,UDP,UDP,,,text,80,8,true
Networking,hard,Pick the most specific concept tied to Networking.,triangle,magnetism,protocol,robot arm,protocol,,,text,80,8,true
Networking,hard,Select the most precise term for Networking.,patch,viral,Economics,protocol,protocol,,,text,80,8,true
Networking,hard,Which term is most specifically associated with Networking?,label,Indian Ocean,TCP,actuator,TCP,,,text,80,8,true
Networking,hard,Pick the most specific concept tied to Networking.,verse,meter,imagery,router,router,,,text,80,8,true
Networking,hard,Which option best characterizes Networking?,authentication,Akbar,IP address,hemisphere,IP address,,,text,80,8,true
Networking,hard,Which term is most specifically associated with Networking?,villain,IP address,volume,World Wide Web,IP address,,,text,80,8,true
Networking,hard,Which option best characterizes Networking?,policy debate,composition,origin story,DNS,DNS,,,text,80,8,true
Networking,hard,Pick the most specific concept tied to Networking.,society,quest,subnet,studio,subnet,,,text,80,8,true
Networking,hard,Which option best characterizes Networking?,market,Academy Awards,climate policy,subnet,subnet,,,text,80,8,true
Networking,hard,Which term is most specifically associated with Networking?,Yangtze,automation,rupee,bandwidth,bandwidth,,,text,80,8,true
Networking,hard,Pick the most specific concept tied to Networking.,TCP,altitude,prime number,inventory,TCP,,,text,80,8,true
Programming (Python),easy,Which option belongs to Programming (Python)?,list comprehension,DOM,Yangtze,cash flow,list comprehension,,,text,20,12,true
Programming (Python),easy,Which of these is related to Programming (Python)?,mitochondria,inventory,fabric,pip,pip,,,text,20,12,true
Programming (Python),easy,Which of these is related to Programming (Python)?,lambda,follower,composer,Indus Valley,lambda,,,text,20,12,true
Programming (Python),easy,Which of these is related to Programming (Python)?,decorator,bishop,habitat,mission control,decorator,,,text,20,12,true
Programming (Python),easy,Which of these is related to Programming (Python)?,responsive design,virtualenv,electricity,theme,virtualenv,,,text,20,12,true
Programming (Python),easy,Pick the correct term for Programming (Python).,evolution,virtualenv,disease,side effect,virtualenv,,,text,20,12,true
Programming (Python),easy,Which of these is related to Programming (Python)?,venture capital,dictionary,Yangtze,currency symbol,dictionary,,,text,20,12,true
Programming (Python),easy,Pick the correct term for Programming (Python).,Ashoka,list comprehension,executive,semantics,list comprehension,,,text,20,12,true
Programming (Python),easy,Which option belongs to Programming (Python)?,recursion,modernism,malware,generator,generator,,,text,20,12,true
Programming (Python),easy,Which option belongs to Programming (Python)?,turbulence,Danube,motivation,indentation,indentation,,,text,20,12,true
Programming (Python),easy,Pick the correct term for Programming (Python).,adjective,side effect,generator,exception,generator,,,text,20,12,true
Programming (Python),easy,Select a term associated with Programming (Python).,evolution,pip,epistemology,crest,pip,,,text,20,12,true
Programming (Python),easy,Select a term associated with Programming (Python).,hypotenuse,consensus,spacewalk,iterator,iterator,,,text,20,12,true
Programming (Python),easy,Pick the correct term for Programming (Python).,linear,concert,Aeneid,generator,generator,,,text,20,12,true
Programming (Python),easy,Select a term associated with Programming (Python).,banner,flowerbed,theme,dictionary,dictionary,,,text,20,12,true
Programming (Python),easy,Select a term associated with Programming (Python).,pip,Kerala,email,engine,pip,,,text,20,12,true
Programming (Python),easy,Which option belongs to Programming (Python)?,couture,indentation,summit,perimeter,indentation,,,text,20,12,true
Programming (Python),easy,Which option belongs to Programming (Python)?,dictionary,nervous system,baseline,warehouse,dictionary,,,text,20,12,true
Programming (Python),medium,Which term is most commonly used in Programming (Python)?,indentation,symphony,return,memory,indentation,,,text,40,10,true
Programming (Python),medium,Which term is most commonly used in Programming (Python)?,virtualenv,polymorphism,Nobel Prize,Andes,virtualenv,,,text,40,10,true
Programming (Python),medium,Pick the concept that best matches Programming (Python).,iterator,constitution,ethics,epistemology,iterator,,,text,40,10,true
Programming (Python),medium,Pick the concept that best matches Programming (Python).,pip,polytheism,infrastructure,Poseidon,pip,,,text,40,10,true
Programming (Python),medium,Which term is most commonly used in Programming (Python)?,knight,pip,continent,climate policy,pip,,,text,40,10,true
Programming (Python),medium,Which term is most commonly used in Programming (Python)?,campaign,inequality,sea,decorator,decorator,,,text,40,10,true
Programming (Python),medium,Pick the concept that best matches Programming (Python).,polygon,franchise,formation,virtualenv,virtualenv,,,text,40,10,true
Programming (Python),medium,Select the most relevant term for Programming (Python).,pip,breathing,funnel,match point,pip,,,text,40,10,true
Programming (Python),medium,Which term is most commonly used in Programming (Python)?,lambda,training data,red carpet,cockpit,lambda,,,text,40,10,true
Programming (Python),medium,Which option is a key concept in Programming (Python)?,circulatory system,election,light-year,decorator,decorator,,,text,40,10,true
Programming (Python),medium,Select the most relevant term for Programming (Python).,conductor,indentation,machine,summit,indentation,,,text,40,10,true
Programming (Python),medium,Which term is most commonly used in Programming (Python)?,opera,wilderness,list comprehension,Rajasthan,list comprehension,,,text,40,10,true
Programming (Python),medium,Which option is a key concept in Programming (Python)?,venture capital,Apollo,continent,PEP 8,PEP 8,,,text,40,10,true
Programming (Python),medium,Which option is a key concept in Programming (Python)?,decorator,RPG,Assyrians,Iliad,decorator,,,text,40,10,true
Programming (Python),medium,Select the most relevant term for Programming (Python).,iterator,startup,Atlantic Ocean,session,iterator,,,text,40,10,true
Programming (Python),medium,Select the most relevant term for Programming (Python).,subject,screen,flag ratio,lambda,lambda,,,text,40,10,true
Programming (Python),medium,Which term is most commonly used in Programming (Python)?,PEP 8,stream of consciousness,logic,logo,PEP 8,,,text,40,10,true
Programming (Python),medium,Pick the concept that best matches Programming (Python).,epistemology,stretch,virtualenv,suspension,virtualenv,,,text,40,10,true
Programming (Python),hard,Which option best characterizes Programming (Python)?,fabric,opportunity cost,search,PEP 8,PEP 8,,,text,80,8,true
Programming (Python),hard,Select the most precise term for Programming (Python).,decorator,opportunity cost,landscape,Mohenjo-daro,decorator,,,text,80,8,true
Programming (Python),hard,Pick the most specific concept tied to Programming (Python).,dictionary,realism,procurement,story arc,dictionary,,,text,80,8,true
Programming (Python),hard,Pick the most specific concept tied to Programming (Python).,routing,list comprehension,fraction,area,list comprehension,,,text,80,8,true
Programming (Python),hard,Select the most precise term for Programming (Python).,generator,serve,pitch,disease,generator,,,text,80,8,true
Programming (Python),hard,Which option best characterizes Programming (Python)?,abstract,thermodynamics,accuracy,list comprehension,list comprehension,,,text,80,8,true
Programming (Python),hard,Select the most precise term for Programming (Python).,lambda,identity,spice,hash,lambda,,,text,80,8,true
Programming (Python),hard,Which term is most specifically associated with Programming (Python)?,dune,liability,decorator,mining,decorator,,,text,80,8,true
Programming (Python),hard,Which option best characterizes Programming (Python)?,Odyssey,generator,pesticide,sanctuary,generator,,,text,80,8,true
Programming (Python),hard,Select the most precise term for Programming (Python).,billboard,yen,vaccination,generator,generator,,,text,80,8,true
Programming (Python),hard,Which option best characterizes Programming (Python)?,superhero,decorator,supply,genre,decorator,,,text,80,8,true
Programming (Python),hard,Which term is most specifically associated with Programming (Python)?,ace,lambda,Indian Ocean,wellness,lambda,,,text,80,8,true
Programming (Python),hard,Which option best characterizes Programming (Python)?,Odyssey,supernova,indentation,sonnet,indentation,,,text,80,8,true
Programming (Python),hard,Select the most precise term for Programming (Python).,Southern Ocean,PEP 8,innings,billboard,PEP 8,,,text,80,8,true
Programming (Python),hard,Which term is most specifically associated with Programming (Python)?,preposition,Europe,generator,reason,generator,,,text,80,8,true
Programming (Python),hard,Which term is most specifically associated with Programming (Python)?,fabric,iterator,Mahabharata,quest,iterator,,,text,80,8,true
Programming (Python),hard,Which term is most specifically associated with Programming (Python)?,supply chain,goalkeeper,comic,pip,pip,,,text,80,8,true
Programming (Python),hard,Which option best characterizes Programming (Python)?,tablet,lens,virtualenv,brain,virtualenv,,,text,80,8,true
Programming (Python),hard,Which option best characterizes Programming (Python)?,routing,PEP 8,air traffic,order,PEP 8,,,text,80,8,true
Programming (Python),hard,Which option best characterizes Programming (Python)?,pip,sovereignty,acquisition,atoll,pip,,,text,80,8,true
Programming (Python),hard,Select the most precise term for Programming (Python).,generator,global warming,monarch,myth,generator,,,text,80,8,true
Programming (Python),hard,Pick the most specific concept tied to Programming (Python).,Olympiad,list comprehension,panel,verb,list comprehension,,,text,80,8,true
Programming (Python),hard,Which option best characterizes Programming (Python)?,translation,lambda,heuristic,Assam,lambda,,,text,80,8,true
Programming (Python),hard,Which option best characterizes Programming (Python)?,iterator,machine,tablet,oasis,iterator,,,text,80,8,true
Programming (Java),easy,Select a term associated with Programming (Java).,Brahma,bytecode,conductor,actuator,bytecode,,,text,20,12,true
Programming (Java),easy,Which of these is related to Programming (Java)?,star,range,thread,platform,thread,,,text,20,12,true
Programming (Java),easy,Which option belongs to Programming (Java)?,president,dunk,class,public health,class,,,text,20,12,true
Programming (Java),easy,Pick the correct term for Programming (Java).,inheritance,block,producer,equator,inheritance,,,text,20,12,true
Programming (Java),easy,Which of these is related to Programming (Java)?,phonetics,oil paint,inheritance,paradox,inheritance,,,text,20,12,true
Programming (Java),easy,Which of these is related to Programming (Java)?,binary,JVM,ISP,over,JVM,,,text,20,12,true
Programming (Java),easy,Which option belongs to Programming (Java)?,bytecode,paradox,malware,syntax,bytecode,,,text,20,12,true
Programming (Java),easy,Which of these is related to Programming (Java)?,garbage collection,email,dish,diplomacy,garbage collection,,,text,20,12,true
Programming (Java),easy,Select a term associated with Programming (Java).,Andes,thread,hemisphere,machine,thread,,,text,20,12,true
Programming (Java),easy,Select a term associated with Programming (Java).,cell,Gulf,global economy,exception,exception,,,text,20,12,true
Programming (Java),easy,Which of these is related to Programming (Java)?,freight,package,K2,router,package,,,text,20,12,true
Programming (Java),easy,Which option belongs to Programming (Java)?,polymorphism,polynomial,publisher,servo,polymorphism,,,text,20,12,true
Programming (Java),easy,Which option belongs to Programming (Java)?,plate,dictionary,narrator,inheritance,inheritance,,,text,20,12,true
Programming (Java),easy,Which option belongs to Programming (Java)?,database,thread,dystopia,Lake Victoria,thread,,,text,20,12,true
Programming (Java),easy,Which option belongs to Programming (Java)?,class,story arc,emblem,hero,class,,,text,20,12,true
Programming (Java),easy,Which option belongs to Programming (Java)?,patient,translation,knight,JVM,JVM,,,text,20,12,true
Programming (Java),easy,Which option belongs to Programming (Java)?,comment,goalkeeper,culture,interface,interface,,,text,20,12,true
Programming (Java),easy,Pick the correct term for Programming (Java).,Valhalla,dune,parallel,JVM,JVM,,,text,20,12,true
Programming (Java),medium,Pick the concept that best matches Programming (Java).,package,socialization,battery,explorer,package,,,text,40,10,true
Programming (Java),medium,Which option is a key concept in Programming (Java)?,funnel,World Wide Web,subject,polymorphism,polymorphism,,,text,40,10,true
Programming (Java),medium,Which option is a key concept in Programming (Java)?,rupee,monopoly,Lake Superior,polymorphism,polymorphism,,,text,40,10,true
Programming (Java),medium,Select the most relevant term for Programming (Java).,exception,freight,Android,programming,exception,,,text,40,10,true
Programming (Java),medium,Select the most relevant term for Programming (Java).,interface,visitor center,Apollo,column,interface,,,text,40,10,true
Programming (Java),medium,Pick the concept that best matches Programming (Java).,battery,flooring,polymorphism,judiciary,polymorphism,,,text,40,10,true
Programming (Java),medium,Which option is a key concept in Programming (Java)?,ice melt,class,viral,World Wide Web,class,,,text,40,10,true
Programming (Java),medium,Select the most relevant term for Programming (Java).,post,polymorphism,playback,shutter speed,polymorphism,,,text,40,10,true
Programming (Java),medium,Select the most relevant term for Programming (Java).,dystopia,polymorphism,data structure,Harappa,polymorphism,,,text,40,10,true
Programming (Java),medium,Which option is a key concept in Programming (Java)?,thread,classification,imagery,institution,thread,,,text,40,10,true
Programming (Java),medium,Which term is most commonly used in Programming (Java)?,regression,qualifier,HTML,thread,thread,,,text,40,10,true
Programming (Java),medium,Select the most relevant term for Programming (Java).,interface,endangered,Hamlet,microscope,interface,,,text,40,10,true
Programming (Java),medium,Which option is a key concept in Programming (Java)?,lifecycle,net,heuristic,polymorphism,polymorphism,,,text,40,10,true
Programming (Java),medium,Select the most relevant term for Programming (Java).,package,prime number,wilderness,linguistics,package,,,text,40,10,true
Programming (Java),medium,Which option is a key concept in Programming (Java)?,designer,class,feature,rocket,class,,,text,40,10,true
Programming (Java),medium,Pick the concept that best matches Programming (Java).,Kerala,interface,Madagascar,push notification,interface,,,text,40,10,true
Programming (Java),medium,Pick the concept that best matches Programming (Java).,semantics,soil,Asia,bytecode,bytecode,,,text,40,10,true
Programming (Java),medium,Which option is a key concept in Programming (Java)?,portrait,Hittites,Asia,class,class,,,text,40,10,true
Programming (Java),hard,Pick the most specific concept tied to Programming (Java).,class,emissions,comic,modem,class,,,text,80,8,true
Programming (Java),hard,Which term is most specifically associated with Programming (Java)?,garbage collection,topography,color,realism,garbage collection,,,text,80,8,true
Programming (Java),hard,Select the most precise term for Programming (Java).,society,billboard,dish,inheritance,inheritance,,,text,80,8,true
Programming (Java),hard,Select the most precise term for Programming (Java).,exception,blueprint,summit,myth,exception,,,text,80,8,true
Programming (Java),hard,Pick the most specific concept tied to Programming (Java).,posture,inheritance,statuette,prize,inheritance,,,text,80,8,true
Programming (Java),hard,Which option best characterizes Programming (Java)?,automation,Babylon,inheritance,gearbox,inheritance,,,text,80,8,true
Programming (Java),hard,Pick the most specific concept tied to Programming (Java).,preposition,Australia,exception,memory,exception,,,text,80,8,true
Programming (Java),hard,Which term is most specifically associated with Programming (Java)?,diplomacy,innovation,JVM,sedan,JVM,,,text,80,8,true
Programming (Java),hard,Select the most precise term for Programming (Java).,campaign,screen,battery,inheritance,inheritance,,,text,80,8,true
Programming (Java),hard,Which option best characterizes Programming (Java)?,triangle,stock exchange,interface,modernism,interface,,,text,80,8,true
Programming (Java),hard,Select the most precise term for Programming (Java).,franchise,engagement,package,designer,package,,,text,80,8,true
Programming (Java),hard,Which term is most specifically associated with Programming (Java)?,nebula,biodiversity,exception,Android,exception,,,text,80,8,true
Programming (Java),hard,Which term is most specifically associated with Programming (Java)?,subject,inheritance,range,brush,inheritance,,,text,80,8,true
Programming (Java),hard,Which term is most specifically associated with Programming (Java)?,freight,institution,Mohenjo-daro,inheritance,inheritance,,,text,80,8,true
Programming (Java),hard,Pick the most specific concept tied to Programming (Java).,script,Southern Ocean,garbage collection,sequel,garbage collection,,,text,80,8,true
Programming (Java),hard,Select the most precise term for Programming (Java).,Mars rover,interface,arid,Bihar,interface,,,text,80,8,true
Programming (Java),hard,Which term is most specifically associated with Programming (Java)?,symptom,athletics,interface,lifecycle,interface,,,text,80,8,true
Programming (Java),hard,Select the most precise term for Programming (Java).,multiple,inheritance,returns,recycling,inheritance,,,text,80,8,true
Programming (Java),hard,Select the most precise term for Programming (Java).,flowerbed,interface,electricity,aperture,interface,,,text,80,8,true
Programming (Java),hard,Select the most precise term for Programming (Java).,summit,bull market,ace,thread,thread,,,text,80,8,true
Programming (Java),hard,Select the most precise term for Programming (Java).,Asia,transmission,responsive layout,package,package,,,text,80,8,true
Programming (Java),hard,Which term is most specifically associated with Programming (Java)?,electricity,bytecode,ritual,chassis,bytecode,,,text,80,8,true
Programming (Java),hard,Select the most precise term for Programming (Java).,product page,interface,star,symphony,interface,,,text,80,8,true
Programming (Java),hard,Pick the most specific concept tied to Programming (Java).,inheritance,scripture,harvest,bowler,inheritance,,,text,80,8,true
Web Development,easy,Which of these is related to Web Development?,robot,hero,conservation,HTTP,HTTP,,,text,20,12,true
Web Development,easy,Select a term associated with Web Development.,watercolor,CSS,monopoly,epic,CSS,,,text,20,12,true
Web Development,easy,Pick the correct term for Web Development.,viral,kidney,API,yen,API,,,text,20,12,true
Web Development,easy,Pick the correct term for Web Development.,landing gear,bandwidth,dialect,session,session,,,text,20,12,true
Web Development,easy,Which of these is related to Web Development?,routing,treatment,session,livestock,session,,,text,20,12,true
Web Development,easy,Pick the correct term for Web Development.,responsive design,Sumer,turbulence,regression,responsive design,,,text,20,12,true
Web Development,easy,Pick the correct term for Web Development.,endgame,DNA,interface,CSS,CSS,,,text,20,12,true
Web Development,easy,Which option belongs to Web Development?,circle,API,like,catalyst,API,,,text,20,12,true
Web Development,easy,Which of these is related to Web Development?,concert,receptor,DOM,grammar,DOM,,,text,20,12,true
Web Development,easy,Pick the correct term for Web Development.,diplomacy,Lake Victoria,periodic table,HTML,HTML,,,text,20,12,true
Web Development,easy,Which option belongs to Web Development?,trend,CSS,classification,follower,CSS,,,text,20,12,true
Web Development,easy,Which of these is related to Web Development?,linear,IPO,HTTP,IP address,HTTP,,,text,20,12,true
Web Development,easy,Select a term associated with Web Development.,console,hospital,Rockies,session,session,,,text,20,12,true
Web Development,easy,Pick the correct term for Web Development.,innovation,API,suspension,lighting,API,,,text,20,12,true
Web Development,easy,Which of these is related to Web Development?,JavaScript,origin,share,posture,JavaScript,,,text,20,12,true
Web Development,easy,Which of these is related to Web Development?,API,flavor,limit,like,API,,,text,20,12,true
Web Development,easy,Pick the correct term for Web Development.,compound,Divine Comedy,Rajasthan,DOM,DOM,,,text,20,12,true
Web Development,easy,Select a term associated with Web Development.,frame,Shiva,wilderness,DOM,DOM,,,text,20,12,true
Web Development,medium,Which term is most commonly used in Web Development?,diagnosis,verb,HTML,binary,HTML,,,text,40,10,true
Web Development,medium,Pick the concept that best matches Web Development.,CSS,mitigation,free kick,existence,CSS,,,text,40,10,true
Web Development,medium,Which term is most commonly used in Web Development?,session,archipelago,Antarctica,World Wide Web,session,,,text,40,10,true
Web Development,medium,Pick the concept that best matches Web Development.,prime minister,push notification,JavaScript,globalization,JavaScript,,,text,40,10,true
Web Development,medium,Pick the concept that best matches Web Development.,irrigation,perception,session,hemisphere,session,,,text,40,10,true
Web Development,medium,Pick the concept that best matches Web Development.,Andes,cookie,altitude,pattern,cookie,,,text,40,10,true
Web Development,medium,Select the most relevant term for Web Development.,studio,covalent bond,HTML,assist,HTML,,,text,40,10,true
Web Development,medium,Pick the concept that best matches Web Development.,Red Sea,heart,session,Greenland,session,,,text,40,10,true
Web Development,medium,Select the most relevant term for Web Development.,shot clock,symphony,session,network,session,,,text,40,10,true
Web Development,medium,Which term is most commonly used in Web Development?,globe,Gujarat,character,DOM,DOM,,,text,40,10,true
Web Development,medium,Which term is most commonly used in Web Development?,exoplanet,mind,theme,cookie,cookie,,,text,40,10,true
Web Development,medium,Which term is most commonly used in Web Development?,identity,prime minister,DNA,DOM,DOM,,,text,40,10,true
Web Development,medium,Pick the concept that best matches Web Development.,Nile,hero,HTTP,currency symbol,HTTP,,,text,40,10,true
Web Development,medium,Pick the concept that best matches Web Development.,light-year,API,dunk,Aeneid,API,,,text,40,10,true
Web Development,medium,Pick the concept that best matches Web Development.,HTML,adaptation,symptom,star,HTML,,,text,40,10,true
Web Development,medium,Which option is a key concept in Web Development?,equation,origin story,Gobi,cookie,cookie,,,text,40,10,true
Web Development,medium,Which option is a key concept in Web Development?,conditioning,billboard,festivals,JavaScript,JavaScript,,,text,40,10,true
Web Development,medium,Which option is a key concept in Web Development?,breathing,Caribbean Sea,list comprehension,HTTP,HTTP,,,text,40,10,true
Web Development,hard,Which option best characterizes Web Development?,Champaran,Olympus,exoplanet,HTML,HTML,,,text,80,8,true
Web Development,hard,Which option best characterizes Web Development?,planet,training data,REST,inventor,REST,,,text,80,8,true
Web Development,hard,Select the most precise term for Web Development.,API,simile,graphic novel,vulnerability,API,,,text,80,8,true
Web Development,hard,Which option best characterizes Web Development?,market,greenhouse gases,cookie,label,cookie,,,text,80,8,true
Web Development,hard,Select the most precise term for Web Development.,responsive design,battery,watering,skeletal system,responsive design,,,text,80,8,true
Web Development,hard,Which option best characterizes Web Development?,acquisition,crop,REST,drug,REST,,,text,80,8,true
Web Development,hard,Select the most precise term for Web Development.,biodiversity,Mohenjo-daro,CSS,song sequence,CSS,,,text,80,8,true
Web Development,hard,Pick the most specific concept tied to Web Development.,distribution,responsive design,lighting,TCP,responsive design,,,text,80,8,true
Web Development,hard,Pick the most specific concept tied to Web Development.,gallery,yield,DOM,explorer,DOM,,,text,80,8,true
Web Development,hard,Which option best characterizes Web Development?,neural network,flag ratio,judiciary,HTML,HTML,,,text,80,8,true
Web Development,hard,Pick the most specific concept tied to Web Development.,SEO,shutter speed,dialect,CSS,CSS,,,text,80,8,true
Web Development,hard,Which option best characterizes Web Development?,period,sedan,responsive design,island chain,responsive design,,,text,80,8,true
Web Development,hard,Which term is most specifically associated with Web Development?,REST,side effect,planning,Rama,REST,,,text,80,8,true
Web Development,hard,Select the most precise term for Web Development.,chancellor,session,clause,inequality,session,,,text,80,8,true
Web Development,hard,Select the most precise term for Web Development.,JavaScript,Mughal Empire,Bluetooth,integer,JavaScript,,,text,80,8,true
Web Development,hard,Which term is most specifically associated with Web Development?,polymorphism,Krishna,evolution,CSS,CSS,,,text,80,8,true
Web Development,hard,Pick the most specific concept tied to Web Development.,stalemate,theme,freight,API,API,,,text,80,8,true
Web Development,hard,Which term is most specifically associated with Web Development?,accessory,JavaScript,clause,AI,JavaScript,,,text,80,8,true
Web Development,hard,Which option best characterizes Web Development?,shutter speed,institution,cookie,entrepreneur,cookie,,,text,80,8,true
Web Development,hard,Pick the most specific concept tied to Web Development.,market,star,story arc,responsive design,responsive design,,,text,80,8,true
Web Development,hard,Which option best characterizes Web Development?,CSS,pollution,overfitting,Tamil Nadu,CSS,,,text,80,8,true
Web Development,hard,Which option best characterizes Web Development?,range,HTTP,radio,exoplanet,HTTP,,,text,80,8,true
Web Development,hard,Pick the most specific concept tied to Web Development.,semantics,conversion,education reform,HTTP,HTTP,,,text,80,8,true
Web Development,hard,Which term is most specifically associated with Web Development?,API,Bihar,conservation,harvest,API,,,text,80,8,true
Mobile Development,easy,Pick the correct term for Mobile Development.,gradient descent,APK,slogan,prayer,APK,,,text,20,12,true
Mobile Development,easy,Pick the correct term for Mobile Development.,gesture,meter,bias,longitude,gesture,,,text,20,12,true
Mobile Development,easy,Which of these is related to Mobile Development?,APK,Gupta Empire,product page,dividend,APK,,,text,20,12,true
Mobile Development,easy,Which option belongs to Mobile Development?,masala,Hollywood,emulator,Shiva,emulator,,,text,20,12,true
Mobile Development,easy,Pick the correct term for Mobile Development.,legislature,director,push notification,trail,push notification,,,text,20,12,true
Mobile Development,easy,Which of these is related to Mobile Development?,entrepreneur,gesture,telescope,expert system,gesture,,,text,20,12,true
Mobile Development,easy,Select a term associated with Mobile Development.,norms,multiplayer,push notification,pawn,push notification,,,text,20,12,true
Mobile Development,easy,Select a term associated with Mobile Development.,island chain,enzyme,UI thread,sequel,UI thread,,,text,20,12,true
Mobile Development,easy,Which of these is related to Mobile Development?,photosynthesis,Zeus,scripture,APK,APK,,,text,20,12,true
Mobile Development,easy,Pick the correct term for Mobile Development.,Best Picture,opening ceremony,App Store,globalization,App Store,,,text,20,12,true
Mobile Development,easy,Pick the correct term for Mobile Development.,euro,emulator,behavior,quest,emulator,,,text,20,12,true
Mobile Development,easy,Select a term associated with Mobile Development.,alliteration,responsive layout,like,platform,responsive layout,,,text,20,12,true
Mobile Development,easy,Which of these is related to Mobile Development?,automation,Rockies,UI thread,ionic bond,UI thread,,,text,20,12,true
Mobile Development,easy,Select a term associated with Mobile Development.,Peace,APK,fertilizer,philanthropist,APK,,,text,20,12,true
Mobile Development,easy,Pick the correct term for Mobile Development.,APK,logo,like,campaign,APK,,,text,20,12,true
Mobile Development,easy,Which option belongs to Mobile Development?,thread,Kalahari,periodic table,gesture,gesture,,,text,20,12,true
Mobile Development,easy,Which option belongs to Mobile Development?,metabolism,pawn,App Store,records,App Store,,,text,20,12,true
Mobile Development,easy,Pick the correct term for Mobile Development.,stream of consciousness,habitat,emulator,Everest,emulator,,,text,20,12,true
Mobile Development,medium,Which term is most commonly used in Mobile Development?,compound,APK,toxicity,patient,APK,,,text,40,10,true
Mobile Development,medium,Pick the concept that best matches Mobile Development.,diplomacy,complexity,genre,emulator,emulator,,,text,40,10,true
Mobile Development,medium,Select the most relevant term for Mobile Development.,composition,lifecycle,bias,dividend,lifecycle,,,text,40,10,true
Mobile Development,medium,Select the most relevant term for Mobile Development.,UI thread,rhyme,Mesopotamia,filmfare,UI thread,,,text,40,10,true
Mobile Development,medium,Select the most relevant term for Mobile Development.,lifecycle,HTML,order,predator,lifecycle,,,text,40,10,true
Mobile Development,medium,Which term is most commonly used in Mobile Development?,CEO,hypotenuse,responsive layout,topography,responsive layout,,,text,40,10,true
Mobile Development,medium,Pick the concept that best matches Mobile Development.,Danube,stretch,knowledge base,UI thread,UI thread,,,text,40,10,true
Mobile Development,medium,Pick the concept that best matches Mobile Development.,billionaire,composer,emulator,protocol,emulator,,,text,40,10,true
Mobile Development,medium,Select the most relevant term for Mobile Development.,castling,stalemate,gesture,recycling,gesture,,,text,40,10,true
Mobile Development,medium,Which term is most commonly used in Mobile Development?,App Store,nebula,neural network,hospital,App Store,,,text,40,10,true
Mobile Development,medium,Which term is most commonly used in Mobile Development?,UI thread,infrastructure,biodiversity,Sumer,UI thread,,,text,40,10,true
Mobile Development,medium,Which option is a key concept in Mobile Development?,Hindi cinema,penalty,skeletal system,responsive layout,responsive layout,,,text,40,10,true
Mobile Development,medium,Which option is a key concept in Mobile Development?,inflection,push notification,Madagascar,battery,push notification,,,text,40,10,true
Mobile Development,medium,Pick the concept that best matches Mobile Development.,URL,Android,ARPANET,landscape,Android,,,text,40,10,true
Mobile Development,medium,Which option is a key concept in Mobile Development?,lifecycle,database,habitat,parliament,lifecycle,,,text,40,10,true
Mobile Development,medium,Which option is a key concept in Mobile Development?,Hamlet,checkmate,Champaran,UI thread,UI thread,,,text,40,10,true
Mobile Development,medium,Select the most relevant term for Mobile Development.,United Nations,responsive layout,ace,boundary,responsive layout,,,text,40,10,true
Mobile Development,medium,Select the most relevant term for Mobile Development.,realism,control system,App Store,camera,App Store,,,text,40,10,true
Mobile Development,hard,Which option best characterizes Mobile Development?,SEO,UI thread,backboard,Egyptians,UI thread,,,text,80,8,true
Mobile Development,hard,Which term is most specifically associated with Mobile Development?,emulator,farm,Red Sea,translation,emulator,,,text,80,8,true
Mobile Development,hard,Which term is most specifically associated with Mobile Development?,sustainability,linear,Android,ceremony,Android,,,text,80,8,true
Mobile Development,hard,Which option best characterizes Mobile Development?,Android,sauce,symphony,share,Android,,,text,80,8,true
Mobile Development,hard,Select the most precise term for Mobile Development.,trademark,hemisphere,push notification,Ramayana,push notification,,,text,80,8,true
Mobile Development,hard,Select the most precise term for Mobile Development.,boundary,adverb,Android,color,Android,,,text,80,8,true
Mobile Development,hard,Pick the most specific concept tied to Mobile Development.,diameter,World War II,integral,lifecycle,lifecycle,,,text,80,8,true
Mobile Development,hard,Select the most precise term for Mobile Development.,ARPANET,responsive layout,root,trail,responsive layout,,,text,80,8,true
Mobile Development,hard,Pick the most specific concept tied to Mobile Development.,Shiva,character,server,Android,Android,,,text,80,8,true
Mobile Development,hard,Pick the most specific concept tied to Mobile Development.,cell,ecology,iOS,knowledge base,iOS,,,text,80,8,true
Mobile Development,hard,Select the most precise term for Mobile Development.,gesture,integral,electricity,list comprehension,gesture,,,text,80,8,true
Mobile Development,hard,Which term is most specifically associated with Mobile Development?,World War I,responsive layout,species,society,responsive layout,,,text,80,8,true
Mobile Development,hard,Pick the most specific concept tied to Mobile Development.,horsepower,APK,meter,Gupta Empire,APK,,,text,80,8,true
Mobile Development,hard,Pick the most specific concept tied to Mobile Development.,responsive layout,Assam,ethics,procurement,responsive layout,,,text,80,8,true
Mobile Development,hard,Which option best characterizes Mobile Development?,Assyrians,browser,justice,APK,APK,,,text,80,8,true
Mobile Development,hard,Which option best characterizes Mobile Development?,APK,Economics,Sahara,metaphysics,APK,,,text,80,8,true
Mobile Development,hard,Which term is most specifically associated with Mobile Development?,warehouse,federalism,responsive layout,meter,responsive layout,,,text,80,8,true
Mobile Development,hard,Which option best characterizes Mobile Development?,App Store,cabinet,balance,continuity,App Store,,,text,80,8,true
Mobile Development,hard,Which option best characterizes Mobile Development?,compiler,breathing,responsive layout,perception,responsive layout,,,text,80,8,true
Mobile Development,hard,Which option best characterizes Mobile Development?,match point,novel,emulator,root,emulator,,,text,80,8,true
Mobile Development,hard,Select the most precise term for Mobile Development.,emulator,feature,alliteration,list comprehension,emulator,,,text,80,8,true
Mobile Development,hard,Which term is most specifically associated with Mobile Development?,Thor,gesture,simile,meter,gesture,,,text,80,8,true
Mobile Development,hard,Which term is most specifically associated with Mobile Development?,metabolism,alphabet,postmodern,APK,APK,,,text,80,8,true
Mobile Development,hard,Which term is most specifically associated with Mobile Development?,push notification,Babylon,carbon dioxide,intrusion,push notification,,,text,80,8,true
Economics,easy,Which of these is related to Economics?,supply,altitude,perspective,wildlife reserve,supply,,,text,20,12,true
Economics,easy,Select a term associated with Economics.,polygon,multiplayer,supply,conversion,supply,,,text,20,12,true
Economics,easy,Pick the correct term for Economics.,judiciary,inflation,genre,Valkyrie,inflation,,,text,20,12,true
Economics,easy,Select a term associated with Economics.,Thar,aperture,virtualenv,monopoly,monopoly,,,text,20,12,true
Economics,easy,Pick the correct term for Economics.,gradient descent,GDP,advertising,wave,GDP,,,text,20,12,true
Economics,easy,Select a term associated with Economics.,opportunity cost,graphics,patch,globalization,opportunity cost,,,text,20,12,true
Economics,easy,Select a term associated with Economics.,assist,rupee,market,APK,market,,,text,20,12,true
Economics,easy,Which option belongs to Economics?,tangent line,depth of field,demand,phishing,demand,,,text,20,12,true
Economics,easy,Pick the correct term for Economics.,Mesopotamia,bull market,elasticity,microscope,elasticity,,,text,20,12,true
Economics,easy,Select a term associated with Economics.,clause,fiscal policy,encryption,Best Actress,fiscal policy,,,text,20,12,true
Economics,easy,Select a term associated with Economics.,legislature,cognition,inflation,Brahma,inflation,,,text,20,12,true
Economics,easy,Select a term associated with Economics.,opportunity cost,bowler,factor,share,opportunity cost,,,text,20,12,true
Economics,easy,Select a term associated with Economics.,consensus,market,limit,prescription,market,,,text,20,12,true
Economics,easy,Select a term associated with Economics.,greenhouse,follower,satellite,fiscal policy,fiscal policy,,,text,20,12,true
Economics,easy,Select a term associated with Economics.,opportunity cost,gesture,compiler,gravity,opportunity cost,,,text,20,12,true
Economics,easy,Which option belongs to Economics?,GDP,three-pointer,continent,Plassey,GDP,,,text,20,12,true
Economics,easy,Which of these is related to Economics?,space station,hero,flexibility,market,market,,,text,20,12,true
Economics,easy,Which of these is related to Economics?,router,short story,opportunity cost,range,opportunity cost,,,text,20,12,true
Economics,medium,Select the most relevant term for Economics.,GDP,fabric,expression,TCP,GDP,,,text,40,10,true
Economics,medium,Which term is most commonly used in Economics?,smartphone,arid,market cap,fiscal policy,fiscal policy,,,text,40,10,true
Economics,medium,Which term is most commonly used in Economics?,delta,biodiversity,monopoly,façade,monopoly,,,text,40,10,true
Economics,medium,Pick the concept that best matches Economics.,monopoly,gold medal,legislature,euro,monopoly,,,text,40,10,true
Economics,medium,Pick the concept that best matches Economics.,automation,infrastructure,GDP,Thor,GDP,,,text,40,10,true
Economics,medium,Which term is most commonly used in Economics?,floor plan,market,runway,processor,market,,,text,40,10,true
Economics,medium,Which option is a key concept in Economics?,column,multiple,elasticity,stock exchange,elasticity,,,text,40,10,true
Economics,medium,Pick the concept that best matches Economics.,emissions,rook,monopoly,circulatory system,monopoly,,,text,40,10,true
Economics,medium,Which option is a key concept in Economics?,equation,inflation,sauce,Madagascar,inflation,,,text,40,10,true
Economics,medium,Pick the concept that best matches Economics.,equator,dosage,Yggdrasil,demand,demand,,,text,40,10,true
Economics,medium,Select the most relevant term for Economics.,Mediterranean Sea,Uttar Pradesh,supply,servo,supply,,,text,40,10,true
Economics,medium,Pick the concept that best matches Economics.,elasticity,space planning,viral,function,elasticity,,,text,40,10,true
Economics,medium,Which option is a key concept in Economics?,supply,yield,habitat,Lakshmi,supply,,,text,40,10,true
Economics,medium,Which option is a key concept in Economics?,imagery,Ganga,fiscal policy,Africa,fiscal policy,,,text,40,10,true
Economics,medium,Which option is a key concept in Economics?,opportunity cost,meter,Mughal Empire,Pacific Ocean,opportunity cost,,,text,40,10,true
Economics,medium,Select the most relevant term for Economics.,encryption,expert system,bowler,monopoly,monopoly,,,text,40,10,true
Economics,medium,Which option is a key concept in Economics?,memory,catalyst,inflation,innings,inflation,,,text,40,10,true
Economics,medium,Select the most relevant term for Economics.,smart contract,fiscal policy,spice,foul,fiscal policy,,,text,40,10,true
Economics,hard,Which option best characterizes Economics?,Red Sea,demand,robot,forehand,demand,,,text,80,8,true
Economics,hard,Which term is most specifically associated with Economics?,opportunity cost,perception,argument,greenhouse gases,opportunity cost,,,text,80,8,true
Economics,hard,Select the most precise term for Economics.,Gupta Empire,Midgard,opportunity cost,international summit,opportunity cost,,,text,80,8,true
Economics,hard,Which option best characterizes Economics?,infrastructure,inequality,scarcity,chassis,scarcity,,,text,80,8,true
Economics,hard,Select the most precise term for Economics.,fuselage,scarcity,patient,trend,scarcity,,,text,80,8,true
Economics,hard,Which option best characterizes Economics?,wildlife reserve,inflation,modem,boundary,inflation,,,text,80,8,true
Economics,hard,Which option best characterizes Economics?,force,conservation,supply,asana,supply,,,text,80,8,true
Economics,hard,Select the most precise term for Economics.,ionic bond,skyscraper,elasticity,oil paint,elasticity,,,text,80,8,true
Economics,hard,Which term is most specifically associated with Economics?,conservation,CEO,innovation,opportunity cost,opportunity cost,,,text,80,8,true
Economics,hard,Which option best characterizes Economics?,short story,livestock,couture,GDP,GDP,,,text,80,8,true
Economics,hard,Which option best characterizes Economics?,emblem,slope,monopoly,argument,monopoly,,,text,80,8,true
Economics,hard,Which option best characterizes Economics?,masala,opportunity cost,publisher,bear market,opportunity cost,,,text,80,8,true
Economics,hard,Which term is most specifically associated with Economics?,inventor,inference,monopoly,perception,monopoly,,,text,80,8,true
Economics,hard,Select the most precise term for Economics.,composer,Karnataka,stanza,elasticity,elasticity,,,text,80,8,true
Economics,hard,Which term is most specifically associated with Economics?,Vishnu,Odin,market,society,market,,,text,80,8,true
Economics,hard,Which option best characterizes Economics?,goalkeeper,Karnataka,market,public health,market,,,text,80,8,true
Economics,hard,Which term is most specifically associated with Economics?,director,franchise,fiscal policy,tangent line,fiscal policy,,,text,80,8,true
Economics,hard,Pick the most specific concept tied to Economics.,supply,watering,therapy,period,supply,,,text,80,8,true
Economics,hard,Select the most precise term for Economics.,DOM,fiscal policy,hook,Sumatra,fiscal policy,,,text,80,8,true
Economics,hard,Select the most precise term for Economics.,fiscal policy,stanza,engine,package,fiscal policy,,,text,80,8,true
Economics,hard,Select the most precise term for Economics.,director,tributary,scarcity,block,scarcity,,,text,80,8,true
Economics,hard,Which option best characterizes Economics?,fiscal policy,wardrobe,backhand,market cap,fiscal policy,,,text,80,8,true
Economics,hard,Select the most precise term for Economics.,order,pruning,monopoly,HTML,monopoly,,,text,80,8,true
Economics,hard,Which term is most specifically associated with Economics?,layout,fiscal policy,multiplayer,advertising,fiscal policy,,,text,80,8,true
Finance,easy,Pick the correct term for Finance.,machine,dividend,intrusion,integer,dividend,,,text,20,12,true
Finance,easy,Which option belongs to Finance?,Ares,bias,camera,portfolio,portfolio,,,text,20,12,true
Finance,easy,Pick the correct term for Finance.,shutter speed,aerodynamics,portfolio,biodiversity,portfolio,,,text,20,12,true
Finance,easy,Pick the correct term for Finance.,list comprehension,emotion,cash flow,bull market,cash flow,,,text,20,12,true
Finance,easy,Which option belongs to Finance?,bond,Don Quixote,backhand,firewall,bond,,,text,20,12,true
Finance,easy,Which option belongs to Finance?,returns,temple,cash flow,pawn,cash flow,,,text,20,12,true
Finance,easy,Select a term associated with Finance.,return,fertilizer,intrusion,radian,return,,,text,20,12,true
Finance,easy,Select a term associated with Finance.,Medicine,stripe,opening ceremony,interest,interest,,,text,20,12,true
Finance,easy,Select a term associated with Finance.,planet,chassis,dividend,Athena,dividend,,,text,20,12,true
Finance,easy,Select a term associated with Finance.,device,opening,triangle,return,return,,,text,20,12,true
Finance,easy,Which of these is related to Finance?,portfolio,JVM,RPG,disease,portfolio,,,text,20,12,true
Finance,easy,Which of these is related to Finance?,warehouse,election,minimalism,risk,risk,,,text,20,12,true
Finance,easy,Pick the correct term for Finance.,dictionary,couture,ecosystem,asset,asset,,,text,20,12,true
Finance,easy,Which option belongs to Finance?,cash flow,fuel,international summit,thermodynamics,cash flow,,,text,20,12,true
Finance,easy,Which of these is related to Finance?,interest,watercolor,Ragnarok,Rockies,interest,,,text,20,12,true
Finance,easy,Which option belongs to Finance?,sonnet,conversion,constellation,liability,liability,,,text,20,12,true
Finance,easy,Pick the correct term for Finance.,controller,Karnataka,interest,prescription,interest,,,text,20,12,true
Finance,easy,Which of these is related to Finance?,Beowulf,Lakshmi,breathing,risk,risk,,,text,20,12,true
Finance,medium,Which option is a key concept in Finance?,realism,prime minister,bond,gene,bond,,,text,40,10,true
Finance,medium,Which term is most commonly used in Finance?,Rajasthan,quest,unit circle,liability,liability,,,text,40,10,true
Finance,medium,Select the most relevant term for Finance.,Everest,liability,slope,haiku,liability,,,text,40,10,true
Finance,medium,Which option is a key concept in Finance?,asset,sine,currency symbol,authentication,asset,,,text,40,10,true
Finance,medium,Which term is most commonly used in Finance?,global economy,risk,plate,behavior,risk,,,text,40,10,true
Finance,medium,Which option is a key concept in Finance?,binary,microscope,risk,Europe,risk,,,text,40,10,true
Finance,medium,Which term is most commonly used in Finance?,checkout,orchestra,cash flow,pip,cash flow,,,text,40,10,true
Finance,medium,Which option is a key concept in Finance?,neural network,continuity,dystopia,interest,interest,,,text,40,10,true
Finance,medium,Which term is most commonly used in Finance?,search,statuette,deity,portfolio,portfolio,,,text,40,10,true
Finance,medium,Pick the concept that best matches Finance.,seed,translation,App Store,cash flow,cash flow,,,text,40,10,true
Finance,medium,Which term is most commonly used in Finance?,enzyme,verse,vaccination,return,return,,,text,40,10,true
Finance,medium,Which term is most commonly used in Finance?,carbon footprint,credit,regression,biodiversity,credit,,,text,40,10,true
Finance,medium,Which option is a key concept in Finance?,indentation,interest,Bollywood,covalent bond,interest,,,text,40,10,true
Finance,medium,Which term is most commonly used in Finance?,Greenland,Thar,pronoun,liability,liability,,,text,40,10,true
Finance,medium,Select the most relevant term for Finance.,atom,liability,festivals,Gulf,liability,,,text,40,10,true
Finance,medium,Pick the concept that best matches Finance.,Stockholm,return,integral,recognition,return,,,text,40,10,true
Finance,medium,Select the most relevant term for Finance.,subject,muscular system,dividend,dot-com,dividend,,,text,40,10,true
Finance,medium,Which option is a key concept in Finance?,protein,dividend,Aeneid,costume,dividend,,,text,40,10,true
Finance,hard,Which option best characterizes Finance?,marketing,automation,Apollo,asset,asset,,,text,80,8,true
Finance,hard,Select the most precise term for Finance.,identity,Odyssey,tricolor,dividend,dividend,,,text,80,8,true
Finance,hard,Which option best characterizes Finance?,checkout,cash flow,stock exchange,Zeus,cash flow,,,text,80,8,true
Finance,hard,Pick the most specific concept tied to Finance.,asset,robot arm,deviance,comment,asset,,,text,80,8,true
Finance,hard,Which option best characterizes Finance?,theme,executive,lifecycle,cash flow,cash flow,,,text,80,8,true
Finance,hard,Select the most precise term for Finance.,symbol,disease,asset,Yangtze,asset,,,text,80,8,true
Finance,hard,Which option best characterizes Finance?,TCP,asset,star,comic,asset,,,text,80,8,true
Finance,hard,Which option best characterizes Finance?,dividend,qualifier,verse,ice melt,dividend,,,text,80,8,true
Finance,hard,Pick the most specific concept tied to Finance.,gene,interest,stripe,Kalahari,interest,,,text,80,8,true
Finance,hard,Which option best characterizes Finance?,norms,Mesopotamia,dictionary,portfolio,portfolio,,,text,80,8,true
Finance,hard,Which term is most specifically associated with Finance?,ethics,smart contract,credit,circle,credit,,,text,80,8,true
Finance,hard,Pick the most specific concept tied to Finance.,virtualenv,payment gateway,portfolio,conservation,portfolio,,,text,80,8,true
Finance,hard,Which term is most specifically associated with Finance?,Borneo,root,interest,island chain,interest,,,text,80,8,true
Finance,hard,Which option best characterizes Finance?,engagement,landing gear,credit,dish,credit,,,text,80,8,true
Finance,hard,Select the most precise term for Finance.,bond,charger,host city,generator,bond,,,text,80,8,true
Finance,hard,Which option best characterizes Finance?,origin,liability,foundation,volume,liability,,,text,80,8,true
Finance,hard,Pick the most specific concept tied to Finance.,integer,bond,Rockies,translation,bond,,,text,80,8,true
Finance,hard,Which term is most specifically associated with Finance?,portfolio,Hera,group,stump,portfolio,,,text,80,8,true
Finance,hard,Pick the most specific concept tied to Finance.,credit,like,trademark,agent,credit,,,text,80,8,true
Finance,hard,Pick the most specific concept tied to Finance.,inflation,box office,proof of work,bond,bond,,,text,80,8,true
Finance,hard,Which term is most specifically associated with Finance?,Thar,period,design,cash flow,cash flow,,,text,80,8,true
Finance,hard,Pick the most specific concept tied to Finance.,Valhalla,credit,song sequence,floor plan,credit,,,text,80,8,true
Finance,hard,Which term is most specifically associated with Finance?,recycling,interest,premiere,realism,interest,,,text,80,8,true
Finance,hard,Which option best characterizes Finance?,return,argument,continent,motivation,return,,,text,80,8,true
Stock Market,easy,Select a term associated with Stock Market.,deuce,behavior,aperture,blue chip,blue chip,,,text,20,12,true
Stock Market,easy,Which option belongs to Stock Market?,disease,stock exchange,symbol,designer,stock exchange,,,text,20,12,true
Stock Market,easy,Which of these is related to Stock Market?,market cap,election,icon,light-year,market cap,,,text,20,12,true
Stock Market,easy,Pick the correct term for Stock Market.,Midgard,IPO,screen,Peace,IPO,,,text,20,12,true
Stock Market,easy,Which option belongs to Stock Market?,share,summit,limit,feed,share,,,text,20,12,true
Stock Market,easy,Which of these is related to Stock Market?,blue chip,delta,multiplayer,magnetism,blue chip,,,text,20,12,true
Stock Market,easy,Which of these is related to Stock Market?,hook,dividend yield,castling,brain,dividend yield,,,text,20,12,true
Stock Market,easy,Select a term associated with Stock Market.,IPO,landscape,entrepreneur,superhero,IPO,,,text,20,12,true
Stock Market,easy,Which option belongs to Stock Market?,index,postmodern,decorator,velocity,index,,,text,20,12,true
Stock Market,easy,Which of these is related to Stock Market?,Lake Superior,dictionary,bull market,feature,bull market,,,text,20,12,true
Stock Market,easy,Pick the correct term for Stock Market.,constellation,IPO,forehand,Cold War,IPO,,,text,20,12,true
Stock Market,easy,Select a term associated with Stock Market.,robot arm,prime minister,leadership,IPO,IPO,,,text,20,12,true
Stock Market,easy,Pick the correct term for Stock Market.,Iceland,share,leadership,flowerbed,share,,,text,20,12,true
Stock Market,easy,Pick the correct term for Stock Market.,feature,IP address,bull market,JVM,bull market,,,text,20,12,true
Stock Market,easy,Select a term associated with Stock Market.,market cap,Best Actor,Pacific Ocean,Midgard,market cap,,,text,20,12,true
Stock Market,easy,Which of these is related to Stock Market?,boundary,market,institution,volatility,volatility,,,text,20,12,true
Stock Market,easy,Select a term associated with Stock Market.,Akbar,IPO,covalent bond,sauce,IPO,,,text,20,12,true
Stock Market,easy,Pick the correct term for Stock Market.,mindfulness,comic,telescope,share,share,,,text,20,12,true
Stock Market,medium,Which option is a key concept in Stock Market?,Madagascar,South America,rebrand,volatility,volatility,,,text,40,10,true
Stock Market,medium,Pick the concept that best matches Stock Market.,biodiversity,Karnataka,dividend yield,asset,dividend yield,,,text,40,10,true
Stock Market,medium,Which term is most commonly used in Stock Market?,range,root,dividend yield,investor,dividend yield,,,text,40,10,true
Stock Market,medium,Which term is most commonly used in Stock Market?,nebula,backboard,volatility,Athena,volatility,,,text,40,10,true
Stock Market,medium,Which term is most commonly used in Stock Market?,Egyptians,authentication,perception,index,index,,,text,40,10,true
Stock Market,medium,Pick the concept that best matches Stock Market.,democracy,metabolism,short story,blue chip,blue chip,,,text,40,10,true
Stock Market,medium,Select the most relevant term for Stock Market.,index,brand identity,migration,time zone,index,,,text,40,10,true
Stock Market,medium,Which option is a key concept in Stock Market?,motivation,oxidation,blue chip,conservation,blue chip,,,text,40,10,true
Stock Market,medium,Which option is a key concept in Stock Market?,volatility,assist,respiratory system,realism,volatility,,,text,40,10,true
Stock Market,medium,Select the most relevant term for Stock Market.,foundation,balance,bear market,achievement,bear market,,,text,40,10,true
Stock Market,medium,Select the most relevant term for Stock Market.,composition,share,inequality,cookie,share,,,text,40,10,true
Stock Market,medium,Which option is a key concept in Stock Market?,index,queen,Sumatra,trade agreement,index,,,text,40,10,true
Stock Market,medium,Select the most relevant term for Stock Market.,election,polygon,blue chip,furniture,blue chip,,,text,40,10,true
Stock Market,medium,Which option is a key concept in Stock Market?,trail,backboard,planning,bull market,bull market,,,text,40,10,true
Stock Market,medium,Select the most relevant term for Stock Market.,Beowulf,ranger,dividend yield,masala,dividend yield,,,text,40,10,true
Stock Market,medium,Select the most relevant term for Stock Market.,regression,modernism,share,aerodynamics,share,,,text,40,10,true
Stock Market,medium,Pick the concept that best matches Stock Market.,alliteration,predicate,space station,blue chip,blue chip,,,text,40,10,true
Stock Market,medium,Which term is most commonly used in Stock Market?,lens,bull market,altitude,data structure,bull market,,,text,40,10,true
Stock Market,hard,Which option best characterizes Stock Market?,dollar,index,ecosystem,producer,index,,,text,80,8,true
Stock Market,hard,Select the most precise term for Stock Market.,rebrand,orchestra,dividend yield,training data,dividend yield,,,text,80,8,true
Stock Market,hard,Select the most precise term for Stock Market.,dividend yield,coefficient,Iliad,SEO,dividend yield,,,text,80,8,true
Stock Market,hard,Which option best characterizes Stock Market?,trademark,Divine Comedy,dividend yield,vaccination,dividend yield,,,text,80,8,true
Stock Market,hard,Select the most precise term for Stock Market.,prescription,Mesopotamia,market cap,blueprint,market cap,,,text,80,8,true
Stock Market,hard,Which term is most specifically associated with Stock Market?,APK,index,Sahara,shot clock,index,,,text,80,8,true
Stock Market,hard,Pick the most specific concept tied to Stock Market.,stock exchange,Mars rover,adverb,Berlin Wall,stock exchange,,,text,80,8,true
Stock Market,hard,Which term is most specifically associated with Stock Market?,scarcity,generator,Krishna,bear market,bear market,,,text,80,8,true
Stock Market,hard,Which option best characterizes Stock Market?,share,costume,laureate,novel,share,,,text,80,8,true
Stock Market,hard,Pick the most specific concept tied to Stock Market.,narrator,market cap,agent,inheritance,market cap,,,text,80,8,true
Stock Market,hard,Which option best characterizes Stock Market?,Rockies,dividend yield,group,superpower,dividend yield,,,text,80,8,true
Stock Market,hard,Which option best characterizes Stock Market?,brand identity,supply chain,box office,blue chip,blue chip,,,text,80,8,true
Stock Market,hard,Select the most precise term for Stock Market.,peak,blue chip,risk,responsive design,blue chip,,,text,80,8,true
Stock Market,hard,Which option best characterizes Stock Market?,song sequence,sedan,bull market,jet engine,bull market,,,text,80,8,true
Stock Market,hard,Pick the most specific concept tied to Stock Market.,blue chip,North America,habitat,prime minister,blue chip,,,text,80,8,true
Stock Market,hard,Which term is most specifically associated with Stock Market?,respiratory system,column,stock exchange,side effect,stock exchange,,,text,80,8,true
Stock Market,hard,Pick the most specific concept tied to Stock Market.,rook,market cap,Odyssey,level,market cap,,,text,80,8,true
Stock Market,hard,Which term is most specifically associated with Stock Market?,compiler,Zeus,blue chip,responsive design,blue chip,,,text,80,8,true
Stock Market,hard,Which term is most specifically associated with Stock Market?,dividend yield,oxidation,protected area,ecosystem,dividend yield,,,text,80,8,true
Stock Market,hard,Pick the most specific concept tied to Stock Market.,assist,supernova,infrastructure,bull market,bull market,,,text,80,8,true
Stock Market,hard,Which option best characterizes Stock Market?,symptom,Delhi Sultanate,share,concerto,share,,,text,80,8,true
Stock Market,hard,Pick the most specific concept tied to Stock Market.,perception,muscular system,market cap,atom,market cap,,,text,80,8,true
Stock Market,hard,Select the most precise term for Stock Market.,Mojave,wellness,internet,share,share,,,text,80,8,true
Stock Market,hard,Pick the most specific concept tied to Stock Market.,alphabet,index,campaign,Mughal Empire,index,,,text,80,8,true
Psychology,easy,Pick the correct term for Psychology.,Aeneid,range,Industrial Revolution,motivation,motivation,,,text,20,12,true
Psychology,easy,Which of these is related to Psychology?,digestive system,bias,photosynthesis,blue chip,bias,,,text,20,12,true
Psychology,easy,Which of these is related to Psychology?,screen,Mohenjo-daro,ceremony,conditioning,conditioning,,,text,20,12,true
Psychology,easy,Pick the correct term for Psychology.,concerto,perception,packaging,liability,perception,,,text,20,12,true
Psychology,easy,Which option belongs to Psychology?,circle,federalism,cognition,seed,cognition,,,text,20,12,true
Psychology,easy,Which of these is related to Psychology?,continent,therapy,cockpit,telescope,therapy,,,text,20,12,true
Psychology,easy,Select a term associated with Psychology.,Mohenjo-daro,plate,behavior,aircraft,behavior,,,text,20,12,true
Psychology,easy,Select a term associated with Psychology.,patent,robot arm,motivation,energy,motivation,,,text,20,12,true
Psychology,easy,Select a term associated with Psychology.,banknote,motivation,K2,trend,motivation,,,text,20,12,true
Psychology,easy,Pick the correct term for Psychology.,behavior,planet,warehouse,gearbox,behavior,,,text,20,12,true
Psychology,easy,Pick the correct term for Psychology.,cognition,story arc,supply chain,summit,cognition,,,text,20,12,true
Psychology,easy,Select a term associated with Psychology.,exoplanet,bias,launch vehicle,feed,bias,,,text,20,12,true
Psychology,easy,Pick the correct term for Psychology.,personality,story arc,ink,bandwidth,personality,,,text,20,12,true
Psychology,easy,Which of these is related to Psychology?,three-pointer,cognition,origin story,heart,cognition,,,text,20,12,true
Psychology,easy,Select a term associated with Psychology.,bias,festivals,Pacific Ocean,prescription,bias,,,text,20,12,true
Psychology,easy,Which of these is related to Psychology?,API,deity,volume,behavior,behavior,,,text,20,12,true
Psychology,easy,Pick the correct term for Psychology.,bias,cape,session,engagement,bias,,,text,20,12,true
Psychology,easy,Pick the correct term for Psychology.,renewable,memory,circulatory system,textile,memory,,,text,20,12,true
Psychology,medium,Select the most relevant term for Psychology.,shot clock,Hades,cognition,billboard,cognition,,,text,40,10,true
Psychology,medium,Which option is a key concept in Psychology?,wicket,election,memory,blockbuster,memory,,,text,40,10,true
Psychology,medium,Select the most relevant term for Psychology.,behavior,corner kick,regression,complexity,behavior,,,text,40,10,true
Psychology,medium,Which term is most commonly used in Psychology?,protein,lighting,yield,therapy,therapy,,,text,40,10,true
Psychology,medium,Select the most relevant term for Psychology.,pattern,perception,Literature,spacecraft,perception,,,text,40,10,true
Psychology,medium,Which option is a key concept in Psychology?,oxidation,personality,layout,myth,personality,,,text,40,10,true
Psychology,medium,Which term is most commonly used in Psychology?,formation,myth,dribble,conditioning,conditioning,,,text,40,10,true
Psychology,medium,Which term is most commonly used in Psychology?,sidekick,artist,evolution,bias,bias,,,text,40,10,true
Psychology,medium,Select the most relevant term for Psychology.,emotion,Hittites,investor,range,emotion,,,text,40,10,true
Psychology,medium,Select the most relevant term for Psychology.,symbol,ranger,bowler,conditioning,conditioning,,,text,40,10,true
Psychology,medium,Which option is a key concept in Psychology?,Iceland,feed,force,personality,personality,,,text,40,10,true
Psychology,medium,Select the most relevant term for Psychology.,firewall,longitude,search,perception,perception,,,text,40,10,true
Psychology,medium,Which option is a key concept in Psychology?,patch,policy debate,culture,perception,perception,,,text,40,10,true
Psychology,medium,Which term is most commonly used in Psychology?,CEO,balance,tangent,cognition,cognition,,,text,40,10,true
Psychology,medium,Pick the concept that best matches Psychology.,Yangtze,campground,supply,motivation,motivation,,,text,40,10,true
Psychology,medium,Which term is most commonly used in Psychology?,Olympiad,emotion,tragedy,sidekick,emotion,,,text,40,10,true
Psychology,medium,Pick the concept that best matches Psychology.,election cycle,vault,behavior,actuator,behavior,,,text,40,10,true
Psychology,medium,Which term is most commonly used in Psychology?,variable,cognition,relay,IP address,cognition,,,text,40,10,true
Psychology,hard,Which term is most specifically associated with Psychology?,fuselage,net,stump,emotion,emotion,,,text,80,8,true
Psychology,hard,Which term is most specifically associated with Psychology?,grammar,subnet,Iliad,behavior,behavior,,,text,80,8,true
Psychology,hard,Which option best characterizes Psychology?,cognition,cell,smartphone,Hades,cognition,,,text,80,8,true
Psychology,hard,Which term is most specifically associated with Psychology?,perception,Rockies,velocity,society,perception,,,text,80,8,true
Psychology,hard,Which term is most specifically associated with Psychology?,diameter,Ganga,cognition,banknote,cognition,,,text,80,8,true
Psychology,hard,Which term is most specifically associated with Psychology?,distribution,North America,behavior,over,behavior,,,text,80,8,true
Psychology,hard,Which option best characterizes Psychology?,bias,warehouse,product page,landscape,bias,,,text,80,8,true
Psychology,hard,Which term is most specifically associated with Psychology?,ledger,conditioning,logo,records,conditioning,,,text,80,8,true
Psychology,hard,Which option best characterizes Psychology?,promotion,range,emotion,programming,emotion,,,text,80,8,true
Psychology,hard,Select the most precise term for Psychology.,net,culture,society,memory,memory,,,text,80,8,true
Psychology,hard,Which option best characterizes Psychology?,Indus Valley,therapy,smart contract,posture,therapy,,,text,80,8,true
Psychology,hard,Which term is most specifically associated with Psychology?,Hades,cognition,dialect,share,cognition,,,text,80,8,true
Psychology,hard,Which option best characterizes Psychology?,evolution,striker,emotion,endgame,emotion,,,text,80,8,true
Psychology,hard,Which term is most specifically associated with Psychology?,perception,product page,lifecycle,inventory,perception,,,text,80,8,true
Psychology,hard,Which term is most specifically associated with Psychology?,defender,therapy,SEO,policy,therapy,,,text,80,8,true
Psychology,hard,Select the most precise term for Psychology.,slogan,exception,motivation,Sahara,motivation,,,text,80,8,true
Psychology,hard,Which option best characterizes Psychology?,therapy,Sumer,Asia,statuette,therapy,,,text,80,8,true
Psychology,hard,Pick the most specific concept tied to Psychology.,horsepower,personality,concerto,validation,personality,,,text,80,8,true
Psychology,hard,Which option best characterizes Psychology?,vulnerability,DNA,memory,compost,memory,,,text,80,8,true
Psychology,hard,Which option best characterizes Psychology?,cognition,Ganga,Lake Victoria,exposure,cognition,,,text,80,8,true
Psychology,hard,Pick the most specific concept tied to Psychology.,international summit,stock exchange,memory,education reform,memory,,,text,80,8,true
Psychology,hard,Which option best characterizes Psychology?,pranayama,composition,URL,motivation,motivation,,,text,80,8,true
Psychology,hard,Which term is most specifically associated with Psychology?,emotion,Rajasthan,class,Thar,emotion,,,text,80,8,true
Psychology,hard,Select the most precise term for Psychology.,zero trust,platform,perception,perimeter,perception,,,text,80,8,true
Sociology,easy,Which option belongs to Sociology?,realism,Don Quixote,pivot,culture,culture,,,text,20,12,true
Sociology,easy,Pick the correct term for Sociology.,Odyssey,bear market,socialization,campaign,socialization,,,text,20,12,true
Sociology,easy,Which of these is related to Sociology?,parallel,zero trust,Tamil Nadu,deviance,deviance,,,text,20,12,true
Sociology,easy,Select a term associated with Sociology.,institution,garbage collection,greenhouse,Harappa,institution,,,text,20,12,true
Sociology,easy,Pick the correct term for Sociology.,Assam,group,Bihar,rook,group,,,text,20,12,true
Sociology,easy,Select a term associated with Sociology.,respiratory system,orchestra,alter ego,institution,institution,,,text,20,12,true
Sociology,easy,Which option belongs to Sociology?,star,deity,gravity,group,group,,,text,20,12,true
Sociology,easy,Pick the correct term for Sociology.,role,logic,CEO,black hole,role,,,text,20,12,true
Sociology,easy,Which of these is related to Sociology?,list comprehension,volatility,director,socialization,socialization,,,text,20,12,true
Sociology,easy,Select a term associated with Sociology.,socialization,brand equity,virtue,Hindi cinema,socialization,,,text,20,12,true
Sociology,easy,Which of these is related to Sociology?,AI,explorer,deviance,quadratic,deviance,,,text,20,12,true
Sociology,easy,Which of these is related to Sociology?,evolution,institution,Ashoka,stock exchange,institution,,,text,20,12,true
Sociology,easy,Pick the correct term for Sociology.,leadership,decor,virtualenv,norms,norms,,,text,20,12,true
Sociology,easy,Select a term associated with Sociology.,deity,serve,HTML,demography,demography,,,text,20,12,true
Sociology,easy,Which of these is related to Sociology?,area,evolution,rupee,society,society,,,text,20,12,true
Sociology,easy,Which of these is related to Sociology?,culture,electricity,atom,cell,culture,,,text,20,12,true
Sociology,easy,Pick the correct term for Sociology.,group,song sequence,postmodern,protein,group,,,text,20,12,true
Sociology,easy,Select a term associated with Sociology.,supernova,Android,stratification,vaccination,stratification,,,text,20,12,true
Sociology,medium,Which term is most commonly used in Sociology?,fulfillment,cell,culture,magnetism,culture,,,text,40,10,true
Sociology,medium,Pick the concept that best matches Sociology.,society,Best Picture,myth,longitude,society,,,text,40,10,true
Sociology,medium,Which option is a key concept in Sociology?,illustration,group,façade,semi-arid,group,,,text,40,10,true
Sociology,medium,Which term is most commonly used in Sociology?,asana,narrator,demography,horsepower,demography,,,text,40,10,true
Sociology,medium,Which option is a key concept in Sociology?,Academy Awards,role,prime number,side effect,role,,,text,40,10,true
Sociology,medium,Which term is most commonly used in Sociology?,Hindi cinema,accuracy,formation,norms,norms,,,text,40,10,true
Sociology,medium,Pick the concept that best matches Sociology.,Mughal Empire,patch,delta,role,role,,,text,40,10,true
Sociology,medium,Select the most relevant term for Sociology.,enzyme,campground,homeostasis,socialization,socialization,,,text,40,10,true
Sociology,medium,Pick the concept that best matches Sociology.,area,temple,landing gear,role,role,,,text,40,10,true
Sociology,medium,Which option is a key concept in Sociology?,Indus Valley,icon,socialization,Sri Lanka,socialization,,,text,40,10,true
Sociology,medium,Which option is a key concept in Sociology?,deviance,area,public health,director,deviance,,,text,40,10,true
Sociology,medium,Select the most relevant term for Sociology.,society,algorithm,esports,Babylon,society,,,text,40,10,true
Sociology,medium,Pick the concept that best matches Sociology.,culture,Chemistry,prescription,tributary,culture,,,text,40,10,true
Sociology,medium,Which term is most commonly used in Sociology?,radio,culture,fraction,premiere,culture,,,text,40,10,true
Sociology,medium,Pick the concept that best matches Sociology.,Red Sea,deviance,World Wide Web,ace,deviance,,,text,40,10,true
Sociology,medium,Which term is most commonly used in Sociology?,society,continuity,server,UDP,society,,,text,40,10,true
Sociology,medium,Pick the concept that best matches Sociology.,cockpit,model,norms,bond,norms,,,text,40,10,true
Sociology,medium,Which term is most commonly used in Sociology?,Indus Valley,emotion,Stockholm,culture,culture,,,text,40,10,true
Sociology,hard,Pick the most specific concept tied to Sociology.,optimization,Egyptians,socialization,verb,socialization,,,text,80,8,true
Sociology,hard,Which option best characterizes Sociology?,mining,re-entry,stratification,realism,stratification,,,text,80,8,true
Sociology,hard,Select the most precise term for Sociology.,Zeus,space station,culture,trend,culture,,,text,80,8,true
Sociology,hard,Pick the most specific concept tied to Sociology.,syntax,demography,share,Nobel Prize,demography,,,text,80,8,true
Sociology,hard,Which term is most specifically associated with Sociology?,startup,runway,opening ceremony,group,group,,,text,80,8,true
Sociology,hard,Which term is most specifically associated with Sociology?,chain rule,pesticide,printing press,demography,demography,,,text,80,8,true
Sociology,hard,Select the most precise term for Sociology.,server,arch,enzyme,norms,norms,,,text,80,8,true
Sociology,hard,Select the most precise term for Sociology.,root,reason,Industrial Revolution,role,role,,,text,80,8,true
Sociology,hard,Which term is most specifically associated with Sociology?,dialect,institution,flowerbed,justice,institution,,,text,80,8,true
Sociology,hard,Pick the most specific concept tied to Sociology.,pound,socialization,exoplanet,email,socialization,,,text,80,8,true
Sociology,hard,Pick the most specific concept tied to Sociology.,pH,database,topography,socialization,socialization,,,text,80,8,true
Sociology,hard,Pick the most specific concept tied to Sociology.,battery,reason,culture,Rajasthan,culture,,,text,80,8,true
Sociology,hard,Select the most precise term for Sociology.,chancellor,stratification,conservation,Beowulf,stratification,,,text,80,8,true
Sociology,hard,Which term is most specifically associated with Sociology?,monotheism,demography,orchestra,exception,demography,,,text,80,8,true
Sociology,hard,Which option best characterizes Sociology?,society,arch,explorer,altitude,society,,,text,80,8,true
Sociology,hard,Select the most precise term for Sociology.,parliament,stratification,personality,URL,stratification,,,text,80,8,true
Sociology,hard,Pick the most specific concept tied to Sociology.,epistemology,Indus Valley,dunk,role,role,,,text,80,8,true
Sociology,hard,Which option best characterizes Sociology?,culture,credit,flooring,thermodynamics,culture,,,text,80,8,true
Sociology,hard,Which option best characterizes Sociology?,flag ratio,villain,rupee,stratification,stratification,,,text,80,8,true
Sociology,hard,Which option best characterizes Sociology?,origin story,AI,stratification,watercolor,stratification,,,text,80,8,true
Sociology,hard,Which option best characterizes Sociology?,delta,Stockholm,stratification,baroque,stratification,,,text,80,8,true
Sociology,hard,Pick the most specific concept tied to Sociology.,Hollywood,society,ecology,horsepower,society,,,text,80,8,true
Sociology,hard,Which option best characterizes Sociology?,institution,ecology,scarcity,router,institution,,,text,80,8,true
Sociology,hard,Which term is most specifically associated with Sociology?,norms,credit,endgame,Amazon,norms,,,text,80,8,true
Political Science,easy,Which of these is related to Political Science?,prize,Indus Valley,policy,jet engine,policy,,,text,20,12,true
Political Science,easy,Which of these is related to Political Science?,mining,polynomial,constitution,boundary,constitution,,,text,20,12,true
Political Science,easy,Pick the correct term for Political Science.,sovereignty,habitat,asset,character,sovereignty,,,text,20,12,true
Political Science,easy,Which of these is related to Political Science?,predicate,Stockholm,icon,constitution,constitution,,,text,20,12,true
Political Science,easy,Which of these is related to Political Science?,list comprehension,training data,federalism,enzyme,federalism,,,text,20,12,true
Political Science,easy,Select a term associated with Political Science.,stanza,election,logo,bond,election,,,text,20,12,true
Political Science,easy,Select a term associated with Political Science.,Medicine,zero trust,federalism,Alps,federalism,,,text,20,12,true
Political Science,easy,Select a term associated with Political Science.,wardrobe,executive,gearbox,watercolor,executive,,,text,20,12,true
Political Science,easy,Select a term associated with Political Science.,nervous system,federalism,CSS,Academy Awards,federalism,,,text,20,12,true
Political Science,easy,Which of these is related to Political Science?,opening,semi-arid,reason,constitution,constitution,,,text,20,12,true
Political Science,easy,Pick the correct term for Political Science.,ARPANET,firewall,legislature,conservation,legislature,,,text,20,12,true
Political Science,easy,Select a term associated with Political Science.,diplomacy,textile,UI thread,patient,diplomacy,,,text,20,12,true
Political Science,easy,Which of these is related to Political Science?,Tamil Nadu,magnetism,metabolism,diplomacy,diplomacy,,,text,20,12,true
Political Science,easy,Which of these is related to Political Science?,executive,pound,farm,diplomacy,executive,,,text,20,12,true
Political Science,easy,Select a term associated with Political Science.,policy,free throw,recursion,hashtag,policy,,,text,20,12,true
Political Science,easy,Which of these is related to Political Science?,democracy,Peace,portrait,livestock,democracy,,,text,20,12,true
Political Science,easy,Select a term associated with Political Science.,temple,diplomacy,sonnet,script,diplomacy,,,text,20,12,true
Political Science,easy,Which of these is related to Political Science?,map scale,constitution,chorus,premiere,constitution,,,text,20,12,true
Political Science,medium,Pick the concept that best matches Political Science.,browser,portrait,volume,judiciary,judiciary,,,text,40,10,true
Political Science,medium,Pick the concept that best matches Political Science.,tragedy,telescope,constitution,visitor center,constitution,,,text,40,10,true
Political Science,medium,Select the most relevant term for Political Science.,Sri Lanka,meter,Indus Valley,federalism,federalism,,,text,40,10,true
Political Science,medium,Pick the concept that best matches Political Science.,market cap,diplomacy,habitat,conditioning,diplomacy,,,text,40,10,true
Political Science,medium,Which option is a key concept in Political Science?,origin story,diplomacy,steam engine,palette,diplomacy,,,text,40,10,true
Political Science,medium,Pick the concept that best matches Political Science.,democracy,gradient descent,pruning,composition,democracy,,,text,40,10,true
Political Science,medium,Which term is most commonly used in Political Science?,democracy,demography,planning,altitude,democracy,,,text,40,10,true
Political Science,medium,Which term is most commonly used in Political Science?,aircraft,modem,Rama,election,election,,,text,40,10,true
Political Science,medium,Which term is most commonly used in Political Science?,Akbar,RPG,legislature,Mesopotamia,legislature,,,text,40,10,true
Political Science,medium,Which term is most commonly used in Political Science?,prime number,election,vocabulary,tense,election,,,text,40,10,true
Political Science,medium,Which option is a key concept in Political Science?,disease,Mughal Empire,policy,castling,policy,,,text,40,10,true
Political Science,medium,Pick the concept that best matches Political Science.,judiciary,deity,bytecode,script,judiciary,,,text,40,10,true
Political Science,medium,Which term is most commonly used in Political Science?,Karnataka,biodiversity,federalism,malware,federalism,,,text,40,10,true
Political Science,medium,Select the most relevant term for Political Science.,superpower,executive,personality,deity,executive,,,text,40,10,true
Political Science,medium,Which option is a key concept in Political Science?,decorator,hero,Loki,legislature,legislature,,,text,40,10,true
Political Science,medium,Select the most relevant term for Political Science.,investor,habitat,sovereignty,paradox,sovereignty,,,text,40,10,true
Political Science,medium,Select the most relevant term for Political Science.,brain,heuristic,Assam,constitution,constitution,,,text,40,10,true
Political Science,medium,Which term is most commonly used in Political Science?,perception,federalism,hemisphere,transmission,federalism,,,text,40,10,true
Political Science,hard,Which option best characterizes Political Science?,façade,brand identity,democracy,Don Quixote,democracy,,,text,80,8,true
Political Science,hard,Which term is most specifically associated with Political Science?,United Nations,conservation,sovereignty,liability,sovereignty,,,text,80,8,true
Political Science,hard,Which term is most specifically associated with Political Science?,star,integer,Hamlet,election,election,,,text,80,8,true
Political Science,hard,Which option best characterizes Political Science?,yield,Asgard,legislature,dividend yield,legislature,,,text,80,8,true
Political Science,hard,Select the most precise term for Political Science.,IP address,marketing,push notification,federalism,federalism,,,text,80,8,true
Political Science,hard,Which term is most specifically associated with Political Science?,kidney,vocabulary,diplomacy,cabinet,diplomacy,,,text,80,8,true
Political Science,hard,Select the most precise term for Political Science.,shipping,watering,processor,policy,policy,,,text,80,8,true
Political Science,hard,Pick the most specific concept tied to Political Science.,sovereignty,blockbuster,Treaty of Versailles,ace,sovereignty,,,text,80,8,true
Political Science,hard,Pick the most specific concept tied to Political Science.,diplomacy,radius,theme,Durga,diplomacy,,,text,80,8,true
Political Science,hard,Select the most precise term for Political Science.,policy,tricolor,Everest,floor plan,policy,,,text,80,8,true
Political Science,hard,Select the most precise term for Political Science.,federalism,procurement,PEP 8,Egyptians,federalism,,,text,80,8,true
Political Science,hard,Which term is most specifically associated with Political Science?,depth of field,diplomacy,adaptation,executive,executive,,,text,80,8,true
Political Science,hard,Select the most precise term for Political Science.,sovereignty,species,battery,opening ceremony,sovereignty,,,text,80,8,true
Political Science,hard,Which option best characterizes Political Science?,coin,Asia,ice melt,diplomacy,diplomacy,,,text,80,8,true
Political Science,hard,Which option best characterizes Political Science?,story arc,peak,diplomacy,Karnataka,diplomacy,,,text,80,8,true
Political Science,hard,Pick the most specific concept tied to Political Science.,horsepower,conductor,democracy,star,democracy,,,text,80,8,true
Political Science,hard,Select the most precise term for Political Science.,judiciary,engine,autonomy,defender,judiciary,,,text,80,8,true
Political Science,hard,Pick the most specific concept tied to Political Science.,perception,wallet,sovereignty,dune,sovereignty,,,text,80,8,true
Political Science,hard,Select the most precise term for Political Science.,diplomacy,villain,endgame,coefficient,diplomacy,,,text,80,8,true
Political Science,hard,Which term is most specifically associated with Political Science?,director,concerto,cart,federalism,federalism,,,text,80,8,true
Political Science,hard,Which term is most specifically associated with Political Science?,gene,election,accuracy,liability,election,,,text,80,8,true
Political Science,hard,Pick the most specific concept tied to Political Science.,sovereignty,wilderness,net,browser,sovereignty,,,text,80,8,true
Political Science,hard,Pick the most specific concept tied to Political Science.,dictionary,judiciary,platform,blockbuster,judiciary,,,text,80,8,true
Political Science,hard,Select the most precise term for Political Science.,monarch,federalism,baseline,vaccination,federalism,,,text,80,8,true
World Religions,easy,Pick the correct term for World Religions.,verse,ethics,World Wide Web,rhyme,ethics,,,text,20,12,true
World Religions,easy,Pick the correct term for World Religions.,offside,festivals,lead time,DOM,festivals,,,text,20,12,true
World Religions,easy,Select a term associated with World Religions.,ritual,recognition,gesture,summit,ritual,,,text,20,12,true
World Religions,easy,Pick the correct term for World Religions.,console,scripture,viral,knight,scripture,,,text,20,12,true
World Religions,easy,Which of these is related to World Religions?,trend,asset,ritual,scarcity,ritual,,,text,20,12,true
World Religions,easy,Which option belongs to World Religions?,stratification,heart,pilgrimage,reaction,pilgrimage,,,text,20,12,true
World Religions,easy,Which of these is related to World Religions?,demand,variable,DOM,prayer,prayer,,,text,20,12,true
World Religions,easy,Which option belongs to World Religions?,accuracy,monotheism,dividend yield,Nile,monotheism,,,text,20,12,true
World Religions,easy,Which of these is related to World Religions?,relay,ethics,canvas,myth,ethics,,,text,20,12,true
World Religions,easy,Pick the correct term for World Religions.,model,billboard,role,ritual,ritual,,,text,20,12,true
World Religions,easy,Which option belongs to World Religions?,innovation,ritual,biodiversity,vulnerability,ritual,,,text,20,12,true
World Religions,easy,Pick the correct term for World Religions.,monotheism,esports,pH,deviance,monotheism,,,text,20,12,true
World Religions,easy,Select a term associated with World Religions.,clergy,memory,hemisphere,DOM,clergy,,,text,20,12,true
World Religions,easy,Pick the correct term for World Religions.,phishing,clergy,assist,election,clergy,,,text,20,12,true
World Religions,easy,Select a term associated with World Religions.,flexibility,festivals,furniture,Mediterranean Sea,festivals,,,text,20,12,true
World Religions,easy,Which of these is related to World Religions?,infrastructure,festivals,planet,fertilizer,festivals,,,text,20,12,true
World Religions,easy,Which option belongs to World Religions?,diplomacy,kidney,ritual,equation,ritual,,,text,20,12,true
World Religions,easy,Pick the correct term for World Religions.,chain rule,agent,pruning,festivals,festivals,,,text,20,12,true
World Religions,medium,Which term is most commonly used in World Religions?,semi-arid,festivals,promotion,Bluetooth,festivals,,,text,40,10,true
World Religions,medium,Select the most relevant term for World Religions.,publisher,device,hospital,polytheism,polytheism,,,text,40,10,true
World Religions,medium,Which term is most commonly used in World Religions?,rhyme,pilgrimage,knowledge base,decor,pilgrimage,,,text,40,10,true
World Religions,medium,Which term is most commonly used in World Religions?,pilgrimage,therapy,space station,depth of field,pilgrimage,,,text,40,10,true
World Religions,medium,Which term is most commonly used in World Religions?,Ashoka,mind,polytheism,landing gear,polytheism,,,text,40,10,true
World Religions,medium,Which option is a key concept in World Religions?,symbol,predicate,garbage collection,scripture,scripture,,,text,40,10,true
World Religions,medium,Pick the concept that best matches World Religions.,defender,superpower,ethics,gearbox,ethics,,,text,40,10,true
World Religions,medium,Which term is most commonly used in World Religions?,pollution,Poseidon,prayer,protected area,prayer,,,text,40,10,true
World Religions,medium,Which option is a key concept in World Religions?,euro,Uttar Pradesh,clergy,Australia,clergy,,,text,40,10,true
World Religions,medium,Select the most relevant term for World Religions.,UI thread,Tamil Nadu,switch,scripture,scripture,,,text,40,10,true
World Religions,medium,Which term is most commonly used in World Religions?,ethics,inventor,limit,scarcity,ethics,,,text,40,10,true
World Religions,medium,Pick the concept that best matches World Religions.,periodic table,circle,product page,pilgrimage,pilgrimage,,,text,40,10,true
World Religions,medium,Which term is most commonly used in World Religions?,database,global warming,prayer,Indus Valley,prayer,,,text,40,10,true
World Religions,medium,Select the most relevant term for World Religions.,routing,authorization,feed,ethics,ethics,,,text,40,10,true
World Religions,medium,Which option is a key concept in World Religions?,bytecode,orchestra,festivals,brake,festivals,,,text,40,10,true
World Religions,medium,Pick the concept that best matches World Religions.,Olympiad,equator,pilgrimage,equation,pilgrimage,,,text,40,10,true
World Religions,medium,Pick the concept that best matches World Religions.,formation,coefficient,justice,ethics,ethics,,,text,40,10,true
World Religions,medium,Pick the concept that best matches World Religions.,neural network,ritual,mitigation,star,ritual,,,text,40,10,true
World Religions,hard,Which option best characterizes World Religions?,laureate,temple,jet engine,Arctic Ocean,temple,,,text,80,8,true
World Religions,hard,Which option best characterizes World Religions?,Hera,hemisphere,host city,clergy,clergy,,,text,80,8,true
World Religions,hard,Which option best characterizes World Religions?,temple,policy debate,run rate,logic,temple,,,text,80,8,true
World Religions,hard,Which term is most specifically associated with World Religions?,symphony,festivals,unit circle,offside,festivals,,,text,80,8,true
World Religions,hard,Which option best characterizes World Religions?,Odin,monotheism,therapy,records,monotheism,,,text,80,8,true
World Religions,hard,Which term is most specifically associated with World Religions?,lens,garbage collection,bytecode,scripture,scripture,,,text,80,8,true
World Religions,hard,Pick the most specific concept tied to World Religions.,diplomacy,Durga,temple,credit,temple,,,text,80,8,true
World Religions,hard,Which option best characterizes World Religions?,festivals,perimeter,screenplay,thread,festivals,,,text,80,8,true
World Religions,hard,Which option best characterizes World Religions?,postmodern,URL,adjective,ritual,ritual,,,text,80,8,true
World Religions,hard,Select the most precise term for World Religions.,sovereignty,Odin,yield,clergy,clergy,,,text,80,8,true
World Religions,hard,Select the most precise term for World Religions.,cuisine,app,Bluetooth,ritual,ritual,,,text,80,8,true
World Religions,hard,Which option best characterizes World Religions?,temple,guild,abstract,ranger,temple,,,text,80,8,true
World Religions,hard,Which term is most specifically associated with World Religions?,ritual,stripe,horsepower,queen,ritual,,,text,80,8,true
World Religions,hard,Pick the most specific concept tied to World Religions.,clergy,responsive layout,opportunity cost,floor plan,clergy,,,text,80,8,true
World Religions,hard,Which option best characterizes World Religions?,interest,galaxy,polytheism,time zone,polytheism,,,text,80,8,true
World Religions,hard,Select the most precise term for World Religions.,charger,polytheism,scientist,set,polytheism,,,text,80,8,true
World Religions,hard,Pick the most specific concept tied to World Religions.,festivals,aperture,stump,sovereignty,festivals,,,text,80,8,true
World Religions,hard,Pick the most specific concept tied to World Religions.,sedan,inheritance,controller,polytheism,polytheism,,,text,80,8,true
World Religions,hard,Select the most precise term for World Religions.,indentation,energy,Don Quixote,temple,temple,,,text,80,8,true
World Religions,hard,Which option best characterizes World Religions?,prayer,corner kick,farm,Mughal Empire,prayer,,,text,80,8,true
World Religions,hard,Which option best characterizes World Religions?,Madagascar,Greenland,hero,monotheism,monotheism,,,text,80,8,true
World Religions,hard,Pick the most specific concept tied to World Religions.,polytheism,Bollywood,gene,translation,polytheism,,,text,80,8,true
World Religions,hard,Which option best characterizes World Religions?,ritual,culture,photosynthesis,playlist,ritual,,,text,80,8,true
World Religions,hard,Pick the most specific concept tied to World Religions.,scripture,galaxy,personality,head of state,scripture,,,text,80,8,true
Philosophy,easy,Select a term associated with Philosophy.,epistemology,mindfulness,freight,radian,epistemology,,,text,20,12,true
Philosophy,easy,Which option belongs to Philosophy?,paradox,innings,predator,author,paradox,,,text,20,12,true
Philosophy,easy,Pick the correct term for Philosophy.,virtue,habitat,hemisphere,superhero,virtue,,,text,20,12,true
Philosophy,easy,Select a term associated with Philosophy.,opening,API,virtue,dividend,virtue,,,text,20,12,true
Philosophy,easy,Which option belongs to Philosophy?,autonomy,virtue,symphony,species,virtue,,,text,20,12,true
Philosophy,easy,Pick the correct term for Philosophy.,ionic bond,metaphysics,conductor,president,metaphysics,,,text,20,12,true
Philosophy,easy,Select a term associated with Philosophy.,biodiversity,trail,ethics,ecology,ethics,,,text,20,12,true
Philosophy,easy,Which of these is related to Philosophy?,bioavailability,virtue,tense,Yangtze,virtue,,,text,20,12,true
Philosophy,easy,Which option belongs to Philosophy?,ink,packaging,logic,electricity,logic,,,text,20,12,true
Philosophy,easy,Pick the correct term for Philosophy.,Loki,diameter,ethics,entrepreneur,ethics,,,text,20,12,true
Philosophy,easy,Select a term associated with Philosophy.,boundary,mind,brake,Maurya Empire,mind,,,text,20,12,true
Philosophy,easy,Which of these is related to Philosophy?,skyscraper,argument,complexity,Loki,argument,,,text,20,12,true
Philosophy,easy,Which option belongs to Philosophy?,franchise,chain rule,argument,movement,argument,,,text,20,12,true
Philosophy,easy,Select a term associated with Philosophy.,period,billboard,existence,species,existence,,,text,20,12,true
Philosophy,easy,Pick the correct term for Philosophy.,altitude,sauce,ethics,adverb,ethics,,,text,20,12,true
Philosophy,easy,Which of these is related to Philosophy?,quadratic,star,ethics,designer,ethics,,,text,20,12,true
Philosophy,easy,Which option belongs to Philosophy?,sanctuary,education reform,pound,logic,logic,,,text,20,12,true
Philosophy,easy,Which option belongs to Philosophy?,brush,Gobi,epistemology,engine,epistemology,,,text,20,12,true
Philosophy,medium,Which term is most commonly used in Philosophy?,drug,Mars rover,continent,ethics,ethics,,,text,40,10,true
Philosophy,medium,Pick the concept that best matches Philosophy.,metaphysics,island chain,Shiva,operating system,metaphysics,,,text,40,10,true
Philosophy,medium,Which option is a key concept in Philosophy?,monarch,startup,reason,chassis,reason,,,text,40,10,true
Philosophy,medium,Select the most relevant term for Philosophy.,responsive layout,skeletal system,reason,Karnataka,reason,,,text,40,10,true
Philosophy,medium,Which term is most commonly used in Philosophy?,panel,reason,Best Actress,memory,reason,,,text,40,10,true
Philosophy,medium,Which option is a key concept in Philosophy?,reason,promotion,pawn,derivative,reason,,,text,40,10,true
Philosophy,medium,Which term is most commonly used in Philosophy?,virtue,torque,ethics,altitude,virtue,,,text,40,10,true
Philosophy,medium,Which term is most commonly used in Philosophy?,masala,existence,transaction,Nile,existence,,,text,40,10,true
Philosophy,medium,Which term is most commonly used in Philosophy?,list comprehension,ethics,superhero,laureate,ethics,,,text,40,10,true
Philosophy,medium,Pick the concept that best matches Philosophy.,existence,subnet,compound,Sumatra,existence,,,text,40,10,true
Philosophy,medium,Select the most relevant term for Philosophy.,red carpet,ethics,unit circle,circle,ethics,,,text,40,10,true
Philosophy,medium,Which term is most commonly used in Philosophy?,logic,Cold War,telescope,logo,logic,,,text,40,10,true
Philosophy,medium,Select the most relevant term for Philosophy.,feature,argument,compost,imagery,argument,,,text,40,10,true
Philosophy,medium,Which option is a key concept in Philosophy?,Athena,control system,virtue,simile,virtue,,,text,40,10,true
Philosophy,medium,Which term is most commonly used in Philosophy?,mind,protected area,autonomy,socialization,mind,,,text,40,10,true
Philosophy,medium,Select the most relevant term for Philosophy.,operating system,executive,paradox,payment gateway,paradox,,,text,40,10,true
Philosophy,medium,Select the most relevant term for Philosophy.,epistemology,ingredient,diplomacy,meditation,epistemology,,,text,40,10,true
Philosophy,medium,Select the most relevant term for Philosophy.,ethics,wildlife reserve,fiscal policy,conductor,ethics,,,text,40,10,true
Philosophy,hard,Which term is most specifically associated with Philosophy?,reason,director,constellation,Mediterranean Sea,reason,,,text,80,8,true
Philosophy,hard,Which term is most specifically associated with Philosophy?,ISO,reason,director,prize,reason,,,text,80,8,true
Philosophy,hard,Pick the most specific concept tied to Philosophy.,trade agreement,mind,vaccine,sequence,mind,,,text,80,8,true
Philosophy,hard,Which option best characterizes Philosophy?,reason,API,Medicine,symptom,reason,,,text,80,8,true
Philosophy,hard,Pick the most specific concept tied to Philosophy.,election,striker,semantics,metaphysics,metaphysics,,,text,80,8,true
Philosophy,hard,Select the most precise term for Philosophy.,World War I,prime number,mind,Lake Victoria,mind,,,text,80,8,true
Philosophy,hard,Which term is most specifically associated with Philosophy?,dialect,vocabulary,argument,class,argument,,,text,80,8,true
Philosophy,hard,Select the most precise term for Philosophy.,triangle,epistemology,myth,expert system,epistemology,,,text,80,8,true
Philosophy,hard,Select the most precise term for Philosophy.,box office,investor,reason,scripture,reason,,,text,80,8,true
Philosophy,hard,Select the most precise term for Philosophy.,model,deviance,paradox,villain,paradox,,,text,80,8,true
Philosophy,hard,Which option best characterizes Philosophy?,epistemology,email,rally,adverb,epistemology,,,text,80,8,true
Philosophy,hard,Which term is most specifically associated with Philosophy?,sustainability,greenhouse,logic,ionic bond,logic,,,text,80,8,true
Philosophy,hard,Pick the most specific concept tied to Philosophy.,greenhouse,Gujarat,esports,virtue,virtue,,,text,80,8,true
Philosophy,hard,Which term is most specifically associated with Philosophy?,prey,epistemology,backboard,switch,epistemology,,,text,80,8,true
Philosophy,hard,Select the most precise term for Philosophy.,inventor,Chemistry,map scale,existence,existence,,,text,80,8,true
Philosophy,hard,Which term is most specifically associated with Philosophy?,epistemology,startup,expert system,pip,epistemology,,,text,80,8,true
Philosophy,hard,Select the most precise term for Philosophy.,exposure,landscape,procurement,metaphysics,metaphysics,,,text,80,8,true
Philosophy,hard,Which option best characterizes Philosophy?,migration,viral,logic,Maharashtra,logic,,,text,80,8,true
Philosophy,hard,Which option best characterizes Philosophy?,argument,habitat,pip,ecosystem,argument,,,text,80,8,true
Philosophy,hard,Which term is most specifically associated with Philosophy?,reason,trend,switch,Borneo,reason,,,text,80,8,true
Philosophy,hard,Which option best characterizes Philosophy?,epistemology,premiere,Ramayana,fraction,epistemology,,,text,80,8,true
Philosophy,hard,Which term is most specifically associated with Philosophy?,ethics,cinematography,telescope,oasis,ethics,,,text,80,8,true
Philosophy,hard,Select the most precise term for Philosophy.,angle,genre,product page,paradox,paradox,,,text,80,8,true
Philosophy,hard,Which option best characterizes Philosophy?,graphic novel,Delhi Sultanate,ethics,root,ethics,,,text,80,8,true
Classic Literature,easy,Pick the correct term for Classic Literature.,factorization,Ares,IPO,Beowulf,Beowulf,,,text,20,12,true
Classic Literature,easy,Which option belongs to Classic Literature?,Odyssey,batsman,pranayama,international summit,Odyssey,,,text,20,12,true
Classic Literature,easy,Pick the correct term for Classic Literature.,stretch,pollution,rocket,tragedy,tragedy,,,text,20,12,true
Classic Literature,easy,Which of these is related to Classic Literature?,automation,epic,Oscar,corner kick,epic,,,text,20,12,true
Classic Literature,easy,Which of these is related to Classic Literature?,IPO,UI thread,Iliad,livestock,Iliad,,,text,20,12,true
Classic Literature,easy,Select a term associated with Classic Literature.,ingredient,Hamlet,frame,inequality,Hamlet,,,text,20,12,true
Classic Literature,easy,Pick the correct term for Classic Literature.,inflation,Divine Comedy,rupee,adaptation,Divine Comedy,,,text,20,12,true
Classic Literature,easy,Pick the correct term for Classic Literature.,Chemistry,root,Aeneid,Nobel Prize,Aeneid,,,text,20,12,true
Classic Literature,easy,Which option belongs to Classic Literature?,epic,server,executive,habitat,epic,,,text,20,12,true
Classic Literature,easy,Select a term associated with Classic Literature.,package,crop,Beowulf,ethics,Beowulf,,,text,20,12,true
Classic Literature,easy,Which of these is related to Classic Literature?,cell,Don Quixote,socialization,velocity,Don Quixote,,,text,20,12,true
Classic Literature,easy,Select a term associated with Classic Literature.,myth,democracy,billboard,run rate,myth,,,text,20,12,true
Classic Literature,easy,Pick the correct term for Classic Literature.,nebula,parliament,sequence,Aeneid,Aeneid,,,text,20,12,true
Classic Literature,easy,Which of these is related to Classic Literature?,Hera,pitch,Borneo,epic,epic,,,text,20,12,true
Classic Literature,easy,Pick the correct term for Classic Literature.,Beowulf,modernism,root,semi-arid,Beowulf,,,text,20,12,true
Classic Literature,easy,Select a term associated with Classic Literature.,robot,Beowulf,theme,supply,Beowulf,,,text,20,12,true
Classic Literature,easy,Which of these is related to Classic Literature?,fraction,Gulf,Divine Comedy,kidney,Divine Comedy,,,text,20,12,true
Classic Literature,easy,Select a term associated with Classic Literature.,APK,Iliad,controller,euro,Iliad,,,text,20,12,true
Classic Literature,medium,Which term is most commonly used in Classic Literature?,Iliad,Champaran,patient,exception,Iliad,,,text,40,10,true
Classic Literature,medium,Pick the concept that best matches Classic Literature.,texture,epic,conversion,cabinet,epic,,,text,40,10,true
Classic Literature,medium,Select the most relevant term for Classic Literature.,adverb,Odyssey,endgame,Yangtze,Odyssey,,,text,40,10,true
Classic Literature,medium,Pick the concept that best matches Classic Literature.,Aeneid,lungs,node,Maharashtra,Aeneid,,,text,40,10,true
Classic Literature,medium,Which term is most commonly used in Classic Literature?,skyscraper,vaccine,myth,parallel,myth,,,text,40,10,true
Classic Literature,medium,Which option is a key concept in Classic Literature?,run rate,marketing,tragedy,radio,tragedy,,,text,40,10,true
Classic Literature,medium,Which option is a key concept in Classic Literature?,author,ingredient,Europe,Iliad,Iliad,,,text,40,10,true
Classic Literature,medium,Select the most relevant term for Classic Literature.,biodiversity,brush,demography,Aeneid,Aeneid,,,text,40,10,true
Classic Literature,medium,Which term is most commonly used in Classic Literature?,Atacama,Iliad,satellite,stalemate,Iliad,,,text,40,10,true
Classic Literature,medium,Select the most relevant term for Classic Literature.,hashtag,protected area,Aeneid,quadratic,Aeneid,,,text,40,10,true
Classic Literature,medium,Which term is most commonly used in Classic Literature?,skyscraper,altitude,tributary,Hamlet,Hamlet,,,text,40,10,true
Classic Literature,medium,Which term is most commonly used in Classic Literature?,design,Divine Comedy,color,host city,Divine Comedy,,,text,40,10,true
Classic Literature,medium,Pick the concept that best matches Classic Literature.,Hamlet,alter ego,smart contract,machine,Hamlet,,,text,40,10,true
Classic Literature,medium,Select the most relevant term for Classic Literature.,Hamlet,index,relay,short story,Hamlet,,,text,40,10,true
Classic Literature,medium,Which option is a key concept in Classic Literature?,Beowulf,education reform,email,myth,Beowulf,,,text,40,10,true
Classic Literature,medium,Select the most relevant term for Classic Literature.,banner,tragedy,startup,phishing,tragedy,,,text,40,10,true
Classic Literature,medium,Pick the concept that best matches Classic Literature.,UI thread,sonata,PEP 8,tragedy,tragedy,,,text,40,10,true
Classic Literature,medium,Select the most relevant term for Classic Literature.,internet,blockbuster,tragedy,biodiversity,tragedy,,,text,40,10,true
Classic Literature,hard,Pick the most specific concept tied to Classic Literature.,Poseidon,Iliad,box office,conversion,Iliad,,,text,80,8,true
Classic Literature,hard,Which term is most specifically associated with Classic Literature?,semantics,movement,carbon dioxide,Odyssey,Odyssey,,,text,80,8,true
Classic Literature,hard,Select the most precise term for Classic Literature.,Thor,Valhalla,phonetics,Hamlet,Hamlet,,,text,80,8,true
Classic Literature,hard,Pick the most specific concept tied to Classic Literature.,head of state,product page,esports,Odyssey,Odyssey,,,text,80,8,true
Classic Literature,hard,Which term is most specifically associated with Classic Literature?,predicate,feature,lighting,tragedy,tragedy,,,text,80,8,true
Classic Literature,hard,Which option best characterizes Classic Literature?,opera,electricity,Don Quixote,institution,Don Quixote,,,text,80,8,true
Classic Literature,hard,Which option best characterizes Classic Literature?,equation,scarcity,automation,myth,myth,,,text,80,8,true
Classic Literature,hard,Pick the most specific concept tied to Classic Literature.,wilderness,Odyssey,APK,bioavailability,Odyssey,,,text,80,8,true
Classic Literature,hard,Select the most precise term for Classic Literature.,tragedy,novel,monopoly,trail,tragedy,,,text,80,8,true
Classic Literature,hard,Select the most precise term for Classic Literature.,actuator,jet engine,training data,Aeneid,Aeneid,,,text,80,8,true
Classic Literature,hard,Pick the most specific concept tied to Classic Literature.,Europe,electricity,Hamlet,algorithm,Hamlet,,,text,80,8,true
Classic Literature,hard,Pick the most specific concept tied to Classic Literature.,Don Quixote,dunk,wellness,balance,Don Quixote,,,text,80,8,true
Classic Literature,hard,Which term is most specifically associated with Classic Literature?,banknote,epic,protocol,design,epic,,,text,80,8,true
Classic Literature,hard,Select the most precise term for Classic Literature.,president,Mississippi,focus,Divine Comedy,Divine Comedy,,,text,80,8,true
Classic Literature,hard,Select the most precise term for Classic Literature.,server,deuce,vault,Odyssey,Odyssey,,,text,80,8,true
Classic Literature,hard,Select the most precise term for Classic Literature.,short story,therapy,Don Quixote,Thar,Don Quixote,,,text,80,8,true
Classic Literature,hard,Which term is most specifically associated with Classic Literature?,esports,gallery,Iliad,suspension,Iliad,,,text,80,8,true
Classic Literature,hard,Which term is most specifically associated with Classic Literature?,Borneo,oil paint,Aeneid,wardrobe,Aeneid,,,text,80,8,true
Classic Literature,hard,Which option best characterizes Classic Literature?,Medicine,Beowulf,producer,serve,Beowulf,,,text,80,8,true
Classic Literature,hard,Which option best characterizes Classic Literature?,Ragnarok,gravity,myth,smart contract,myth,,,text,80,8,true
Classic Literature,hard,Pick the most specific concept tied to Classic Literature.,Hamlet,blockbuster,hemisphere,graphics,Hamlet,,,text,80,8,true
Classic Literature,hard,Pick the most specific concept tied to Classic Literature.,ledger,concerto,decolonization,Don Quixote,Don Quixote,,,text,80,8,true
Classic Literature,hard,Select the most precise term for Classic Literature.,stock exchange,Divine Comedy,mitigation,wave,Divine Comedy,,,text,80,8,true
Classic Literature,hard,Select the most precise term for Classic Literature.,Odyssey,arid,altitude,integer,Odyssey,,,text,80,8,true
Modern Literature,easy,Select a term associated with Modern Literature.,character,stalemate,slogan,gold medal,character,,,text,20,12,true
Modern Literature,easy,Which option belongs to Modern Literature?,share,realism,visitor center,gesture,realism,,,text,20,12,true
Modern Literature,easy,Which option belongs to Modern Literature?,postmodern,hook,opera,molecule,postmodern,,,text,20,12,true
Modern Literature,easy,Which of these is related to Modern Literature?,dystopia,deviance,platform,bowler,dystopia,,,text,20,12,true
Modern Literature,easy,Pick the correct term for Modern Literature.,proof of work,triangle,narrator,light-year,narrator,,,text,20,12,true
Modern Literature,easy,Select a term associated with Modern Literature.,classification,narrator,market research,robot arm,narrator,,,text,20,12,true
Modern Literature,easy,Pick the correct term for Modern Literature.,agent,Poseidon,brake,postmodern,postmodern,,,text,20,12,true
Modern Literature,easy,Which of these is related to Modern Literature?,novel,free kick,volume,integer,novel,,,text,20,12,true
Modern Literature,easy,Pick the correct term for Modern Literature.,superpower,short story,protocol,perimeter,short story,,,text,20,12,true
Modern Literature,easy,Which option belongs to Modern Literature?,novel,follower,translation,perception,novel,,,text,20,12,true
Modern Literature,easy,Pick the correct term for Modern Literature.,globe,theme,floor plan,gold medal,theme,,,text,20,12,true
Modern Literature,easy,Which option belongs to Modern Literature?,Krishna,currency symbol,narrator,radius,narrator,,,text,20,12,true
Modern Literature,easy,Pick the correct term for Modern Literature.,product page,Australia,postmodern,Cold War,postmodern,,,text,20,12,true
Modern Literature,easy,Pick the correct term for Modern Literature.,acquisition,respiratory system,short story,torch,short story,,,text,20,12,true
Modern Literature,easy,Pick the correct term for Modern Literature.,pruning,realism,kidney,space station,realism,,,text,20,12,true
Modern Literature,easy,Which option belongs to Modern Literature?,Krishna,Divine Comedy,character,receptor,character,,,text,20,12,true
Modern Literature,easy,Select a term associated with Modern Literature.,silhouette,inventory,postmodern,inference,postmodern,,,text,20,12,true
Modern Literature,easy,Which of these is related to Modern Literature?,theme,irrigation,Uttar Pradesh,printing press,theme,,,text,20,12,true
Modern Literature,medium,Which term is most commonly used in Modern Literature?,narrator,LBW,perception,equator,narrator,,,text,40,10,true
Modern Literature,medium,Pick the concept that best matches Modern Literature.,modernism,Ares,producer,returns,modernism,,,text,40,10,true
Modern Literature,medium,Which option is a key concept in Modern Literature?,furniture,Mohenjo-daro,yen,novel,novel,,,text,40,10,true
Modern Literature,medium,Which option is a key concept in Modern Literature?,unit circle,suspension,climate policy,character,character,,,text,40,10,true
Modern Literature,medium,Pick the concept that best matches Modern Literature.,ink,short story,qualifier,comic,short story,,,text,40,10,true
Modern Literature,medium,Select the most relevant term for Modern Literature.,Hamlet,venture capital,novel,variable,novel,,,text,40,10,true
Modern Literature,medium,Which option is a key concept in Modern Literature?,orbit,inflection,postmodern,database,postmodern,,,text,40,10,true
Modern Literature,medium,Which option is a key concept in Modern Literature?,factorization,stalemate,engine,realism,realism,,,text,40,10,true
Modern Literature,medium,Which term is most commonly used in Modern Literature?,masala,dystopia,Champaran,movement,dystopia,,,text,40,10,true
Modern Literature,medium,Which term is most commonly used in Modern Literature?,short story,spacewalk,deity,stretch,short story,,,text,40,10,true
Modern Literature,medium,Pick the concept that best matches Modern Literature.,globalization,HTTP,metaphysics,postmodern,postmodern,,,text,40,10,true
Modern Literature,medium,Select the most relevant term for Modern Literature.,stump,online store,novel,encryption,novel,,,text,40,10,true
Modern Literature,medium,Which option is a key concept in Modern Literature?,lambda,stream of consciousness,DNS,column,stream of consciousness,,,text,40,10,true
Modern Literature,medium,Pick the concept that best matches Modern Literature.,character,thread,prime minister,parliament,character,,,text,40,10,true
Modern Literature,medium,Pick the concept that best matches Modern Literature.,stream of consciousness,device,prime number,arid,stream of consciousness,,,text,40,10,true
Modern Literature,medium,Which term is most commonly used in Modern Literature?,character,president,cockpit,strings,character,,,text,40,10,true
Modern Literature,medium,Select the most relevant term for Modern Literature.,lambda,Assam,novel,publisher,novel,,,text,40,10,true
Modern Literature,medium,Pick the concept that best matches Modern Literature.,continent,symphony,realism,binary,realism,,,text,40,10,true
Modern Literature,hard,Select the most precise term for Modern Literature.,preposition,theme,advertising,Shiva,theme,,,text,80,8,true
Modern Literature,hard,Which term is most specifically associated with Modern Literature?,dot-com,inference,farm,postmodern,postmodern,,,text,80,8,true
Modern Literature,hard,Select the most precise term for Modern Literature.,product page,dystopia,planting,angle,dystopia,,,text,80,8,true
Modern Literature,hard,Which term is most specifically associated with Modern Literature?,palette,novel,bishop,Gujarat,novel,,,text,80,8,true
Modern Literature,hard,Pick the most specific concept tied to Modern Literature.,habitat,inventory,automation,theme,theme,,,text,80,8,true
Modern Literature,hard,Select the most precise term for Modern Literature.,dystopia,wicket,browser,panel,dystopia,,,text,80,8,true
Modern Literature,hard,Pick the most specific concept tied to Modern Literature.,training data,theme,latency,lifecycle,theme,,,text,80,8,true
Modern Literature,hard,Pick the most specific concept tied to Modern Literature.,scientist,scarcity,narrator,floor plan,narrator,,,text,80,8,true
Modern Literature,hard,Select the most precise term for Modern Literature.,bull market,dystopia,myth,topography,dystopia,,,text,80,8,true
Modern Literature,hard,Select the most precise term for Modern Literature.,batsman,dystopia,match point,president,dystopia,,,text,80,8,true
Modern Literature,hard,Pick the most specific concept tied to Modern Literature.,myth,machine,foundation,stream of consciousness,stream of consciousness,,,text,80,8,true
Modern Literature,hard,Select the most precise term for Modern Literature.,stream of consciousness,skeletal system,chassis,ratio,stream of consciousness,,,text,80,8,true
Modern Literature,hard,Pick the most specific concept tied to Modern Literature.,gold medal,energy,realism,ink,realism,,,text,80,8,true
Modern Literature,hard,Which term is most specifically associated with Modern Literature?,mitigation,lighting,theme,node,theme,,,text,80,8,true
Modern Literature,hard,Pick the most specific concept tied to Modern Literature.,goalkeeper,Nile,forehand,narrator,narrator,,,text,80,8,true
Modern Literature,hard,Pick the most specific concept tied to Modern Literature.,Babylon,protocol,realism,order,realism,,,text,80,8,true
Modern Literature,hard,Select the most precise term for Modern Literature.,soil,theme,carbon footprint,bytecode,theme,,,text,80,8,true
Modern Literature,hard,Which option best characterizes Modern Literature?,integer,supply,grill,theme,theme,,,text,80,8,true
Modern Literature,hard,Pick the most specific concept tied to Modern Literature.,justice,postmodern,inflation,HTML,postmodern,,,text,80,8,true
Modern Literature,hard,Pick the most specific concept tied to Modern Literature.,character,UDP,story arc,floor plan,character,,,text,80,8,true
Modern Literature,hard,Which option best characterizes Modern Literature?,fertilizer,postmodern,cuisine,gene,postmodern,,,text,80,8,true
Modern Literature,hard,Which term is most specifically associated with Modern Literature?,prescription,aircraft,diplomacy,theme,theme,,,text,80,8,true
Modern Literature,hard,Pick the most specific concept tied to Modern Literature.,side effect,global warming,theme,trademark,theme,,,text,80,8,true
Modern Literature,hard,Pick the most specific concept tied to Modern Literature.,transmission,routing,paradox,modernism,modernism,,,text,80,8,true
Poetry,easy,Pick the correct term for Poetry.,farm,market cap,fuselage,verse,verse,,,text,20,12,true
Poetry,easy,Pick the correct term for Poetry.,concert,runway,battery,haiku,haiku,,,text,20,12,true
Poetry,easy,Which of these is related to Poetry?,stalemate,tragedy,alliteration,metabolism,alliteration,,,text,20,12,true
Poetry,easy,Pick the correct term for Poetry.,acquisition,sine,graphic novel,metaphor,metaphor,,,text,20,12,true
Poetry,easy,Which of these is related to Poetry?,metaphor,greenhouse,Indus Valley,sea level,metaphor,,,text,20,12,true
Poetry,easy,Which option belongs to Poetry?,meter,League of Nations,statuette,constitution,meter,,,text,20,12,true
Poetry,easy,Select a term associated with Poetry.,verse,Brahma,ecology,planet,verse,,,text,20,12,true
Poetry,easy,Select a term associated with Poetry.,simile,radius,pound,pH,simile,,,text,20,12,true
Poetry,easy,Which option belongs to Poetry?,Literature,sea level,inheritance,simile,simile,,,text,20,12,true
Poetry,easy,Pick the correct term for Poetry.,enzyme,sonnet,climate policy,lead time,sonnet,,,text,20,12,true
Poetry,easy,Which option belongs to Poetry?,meter,Atacama,red carpet,origin story,meter,,,text,20,12,true
Poetry,easy,Select a term associated with Poetry.,brand equity,metaphor,arch,Rajasthan,metaphor,,,text,20,12,true
Poetry,easy,Select a term associated with Poetry.,planet,metaphor,forehand,periodic table,metaphor,,,text,20,12,true
Poetry,easy,Pick the correct term for Poetry.,haiku,risk,policy debate,pruning,haiku,,,text,20,12,true
Poetry,easy,Which of these is related to Poetry?,brain,World War II,simile,regression,simile,,,text,20,12,true
Poetry,easy,Which option belongs to Poetry?,tributary,limit,verse,Kerala,verse,,,text,20,12,true
Poetry,easy,Which of these is related to Poetry?,director,crest,premiere,alliteration,alliteration,,,text,20,12,true
Poetry,easy,Which option belongs to Poetry?,alliteration,Mediterranean Sea,banknote,cookie,alliteration,,,text,20,12,true
Poetry,medium,Pick the concept that best matches Poetry.,imagery,deity,dividend,Kalahari,imagery,,,text,40,10,true
Poetry,medium,Select the most relevant term for Poetry.,ink,argument,election,stanza,stanza,,,text,40,10,true
Poetry,medium,Select the most relevant term for Poetry.,haiku,hospital,DOM,thread,haiku,,,text,40,10,true
Poetry,medium,Pick the concept that best matches Poetry.,haiku,investor,compiler,algorithm,haiku,,,text,40,10,true
Poetry,medium,Pick the concept that best matches Poetry.,energy,stanza,JavaScript,World War I,stanza,,,text,40,10,true
Poetry,medium,Select the most relevant term for Poetry.,free throw,light-year,diplomacy,meter,meter,,,text,40,10,true
Poetry,medium,Which term is most commonly used in Poetry?,Hittites,Delhi Sultanate,tangent,verse,verse,,,text,40,10,true
Poetry,medium,Which option is a key concept in Poetry?,sensor,rhyme,mind,air traffic,rhyme,,,text,40,10,true
Poetry,medium,Pick the concept that best matches Poetry.,Alps,supply chain,haiku,radius,haiku,,,text,40,10,true
Poetry,medium,Pick the concept that best matches Poetry.,steam engine,haiku,Physics,vocabulary,haiku,,,text,40,10,true
Poetry,medium,Which option is a key concept in Poetry?,meter,return,statuette,global economy,meter,,,text,40,10,true
Poetry,medium,Which term is most commonly used in Poetry?,Odyssey,legislature,carbon dioxide,metaphor,metaphor,,,text,40,10,true
Poetry,medium,Select the most relevant term for Poetry.,derivative,carbon footprint,oasis,simile,simile,,,text,40,10,true
Poetry,medium,Which option is a key concept in Poetry?,IP address,meter,ISO,landing gear,meter,,,text,40,10,true
Poetry,medium,Select the most relevant term for Poetry.,Gujarat,REST,statuette,meter,meter,,,text,40,10,true
Poetry,medium,Pick the concept that best matches Poetry.,director,banner,verse,predicate,verse,,,text,40,10,true
Poetry,medium,Select the most relevant term for Poetry.,vaccine,festivals,haiku,return,haiku,,,text,40,10,true
Poetry,medium,Which term is most commonly used in Poetry?,sovereignty,laureate,banknote,imagery,imagery,,,text,40,10,true
Poetry,hard,Pick the most specific concept tied to Poetry.,imagery,sea level,election,heart,imagery,,,text,80,8,true
Poetry,hard,Which option best characterizes Poetry?,Ashoka,garbage collection,stanza,Maharashtra,stanza,,,text,80,8,true
Poetry,hard,Select the most precise term for Poetry.,layout,meter,hospital,Africa,meter,,,text,80,8,true
Poetry,hard,Select the most precise term for Poetry.,verse,Treaty of Versailles,backboard,stretch,verse,,,text,80,8,true
Poetry,hard,Select the most precise term for Poetry.,fuel,bishop,epic,rhyme,rhyme,,,text,80,8,true
Poetry,hard,Which term is most specifically associated with Poetry?,range,haiku,Medicine,IPO,haiku,,,text,80,8,true
Poetry,hard,Select the most precise term for Poetry.,ratio,HTML,verse,paradox,verse,,,text,80,8,true
Poetry,hard,Which option best characterizes Poetry?,ink,stanza,studio,Loki,stanza,,,text,80,8,true
Poetry,hard,Pick the most specific concept tied to Poetry.,bias,Indus Valley,rhyme,Shiva,rhyme,,,text,80,8,true
Poetry,hard,Which term is most specifically associated with Poetry?,rhyme,merger,alter ego,horsepower,rhyme,,,text,80,8,true
Poetry,hard,Which term is most specifically associated with Poetry?,verse,exoplanet,bowler,Aeneid,verse,,,text,80,8,true
Poetry,hard,Select the most precise term for Poetry.,simile,North America,angle,bull market,simile,,,text,80,8,true
Poetry,hard,Which option best characterizes Poetry?,plate,servo,sonnet,circle,sonnet,,,text,80,8,true
Poetry,hard,Select the most precise term for Poetry.,run rate,push notification,verse,brand identity,verse,,,text,80,8,true
Poetry,hard,Select the most precise term for Poetry.,stanza,momentum,like,conservation,stanza,,,text,80,8,true
Poetry,hard,Pick the most specific concept tied to Poetry.,pawn,mulch,sidekick,metaphor,metaphor,,,text,80,8,true
Poetry,hard,Which option best characterizes Poetry?,castling,deviance,simile,fertilizer,simile,,,text,80,8,true
Poetry,hard,Which option best characterizes Poetry?,responsive design,alliteration,blueprint,meditation,alliteration,,,text,80,8,true
Poetry,hard,Which option best characterizes Poetry?,stripe,recognition,meter,periodic table,meter,,,text,80,8,true
Poetry,hard,Pick the most specific concept tied to Poetry.,catalyst,factorization,chain rule,metaphor,metaphor,,,text,80,8,true
Poetry,hard,Which term is most specifically associated with Poetry?,ecology,filmfare,alliteration,Maurya Empire,alliteration,,,text,80,8,true
Poetry,hard,Which term is most specifically associated with Poetry?,routing,Yggdrasil,Gobi,alliteration,alliteration,,,text,80,8,true
Poetry,hard,Which term is most specifically associated with Poetry?,predator,hemisphere,haiku,firewall,haiku,,,text,80,8,true
Poetry,hard,Select the most precise term for Poetry.,force,product page,payment gateway,verse,verse,,,text,80,8,true
English Grammar,easy,Pick the correct term for English Grammar.,wicket,Vishnu,skeletal system,adverb,adverb,,,text,20,12,true
English Grammar,easy,Pick the correct term for English Grammar.,radian,vaccination,CSS,tense,tense,,,text,20,12,true
English Grammar,easy,Which of these is related to English Grammar?,crest,altitude,preposition,DNS,preposition,,,text,20,12,true
English Grammar,easy,Which of these is related to English Grammar?,prime minister,adverb,GDP,goal,adverb,,,text,20,12,true
English Grammar,easy,Which of these is related to English Grammar?,summit,tense,marketing,radio,tense,,,text,20,12,true
English Grammar,easy,Which of these is related to English Grammar?,space planning,polymorphism,dance,tense,tense,,,text,20,12,true
English Grammar,easy,Pick the correct term for English Grammar.,clause,carbon dioxide,volatility,angle,clause,,,text,20,12,true
English Grammar,easy,Pick the correct term for English Grammar.,soil,campaign,Hades,predicate,predicate,,,text,20,12,true
English Grammar,easy,Which option belongs to English Grammar?,Aeneid,tense,philanthropist,Thar,tense,,,text,20,12,true
English Grammar,easy,Pick the correct term for English Grammar.,adverb,ratio,dollar,thermodynamics,adverb,,,text,20,12,true
English Grammar,easy,Select a term associated with English Grammar.,Durga,predicate,bake,virtualenv,predicate,,,text,20,12,true
English Grammar,easy,Which option belongs to English Grammar?,venture capital,lead time,subject,Stockholm,subject,,,text,20,12,true
English Grammar,easy,Pick the correct term for English Grammar.,preposition,startup,Mars rover,ranger,preposition,,,text,20,12,true
English Grammar,easy,Which of these is related to English Grammar?,lungs,range,preposition,flavor,preposition,,,text,20,12,true
English Grammar,easy,Select a term associated with English Grammar.,Gujarat,clause,shipping,fertilizer,clause,,,text,20,12,true
English Grammar,easy,Select a term associated with English Grammar.,Krishna,adverb,laureate,Red Sea,adverb,,,text,20,12,true
English Grammar,easy,Which option belongs to English Grammar?,filmfare,Hollywood,subject,recipe,subject,,,text,20,12,true
English Grammar,easy,Pick the correct term for English Grammar.,Hollywood,preposition,striker,continuity,preposition,,,text,20,12,true
English Grammar,medium,Which option is a key concept in English Grammar?,Harappa,packaging,predicate,Athena,predicate,,,text,40,10,true
English Grammar,medium,Which option is a key concept in English Grammar?,superpower,Lake Superior,adjective,globe,adjective,,,text,40,10,true
English Grammar,medium,Select the most relevant term for English Grammar.,preposition,actuator,patch,Gupta Empire,preposition,,,text,40,10,true
English Grammar,medium,Pick the concept that best matches English Grammar.,neural network,hashtag,printing press,subject,subject,,,text,40,10,true
English Grammar,medium,Which option is a key concept in English Grammar?,tense,rally,bowler,lambda,tense,,,text,40,10,true
English Grammar,medium,Which option is a key concept in English Grammar?,forehand,planet,noun,energy,noun,,,text,40,10,true
English Grammar,medium,Which term is most commonly used in English Grammar?,verb,IPO,advertising,alliteration,verb,,,text,40,10,true
English Grammar,medium,Which term is most commonly used in English Grammar?,epistemology,variable,verb,alphabet,verb,,,text,40,10,true
English Grammar,medium,Which term is most commonly used in English Grammar?,Mars rover,pronoun,planet,star,pronoun,,,text,40,10,true
English Grammar,medium,Select the most relevant term for English Grammar.,ecosystem,prescription,recycling,subject,subject,,,text,40,10,true
English Grammar,medium,Select the most relevant term for English Grammar.,hospital,radian,list comprehension,adjective,adjective,,,text,40,10,true
English Grammar,medium,Select the most relevant term for English Grammar.,haiku,vaccination,noun,derivative,noun,,,text,40,10,true
English Grammar,medium,Which option is a key concept in English Grammar?,demography,circulatory system,PEP 8,noun,noun,,,text,40,10,true
English Grammar,medium,Which term is most commonly used in English Grammar?,trend,pronoun,stretch,engagement,pronoun,,,text,40,10,true
English Grammar,medium,Which option is a key concept in English Grammar?,transmission,clause,Mars rover,optimization,clause,,,text,40,10,true
English Grammar,medium,Select the most relevant term for English Grammar.,arch,Assam,clause,scarcity,clause,,,text,40,10,true
English Grammar,medium,Select the most relevant term for English Grammar.,lead time,verb,baroque,realism,verb,,,text,40,10,true
English Grammar,medium,Which term is most commonly used in English Grammar?,preposition,soil,virtualenv,TCP,preposition,,,text,40,10,true
English Grammar,hard,Pick the most specific concept tied to English Grammar.,flag ratio,innovation,target audience,subject,subject,,,text,80,8,true
English Grammar,hard,Pick the most specific concept tied to English Grammar.,sidekick,verb,Oscar,myth,verb,,,text,80,8,true
English Grammar,hard,Which term is most specifically associated with English Grammar?,policy debate,noun,catalyst,set,noun,,,text,80,8,true
English Grammar,hard,Pick the most specific concept tied to English Grammar.,ecosystem,suspension,subject,Sri Lanka,subject,,,text,80,8,true
English Grammar,hard,Pick the most specific concept tied to English Grammar.,scientist,clause,circulatory system,vaccine,clause,,,text,80,8,true
English Grammar,hard,Pick the most specific concept tied to English Grammar.,fuselage,predicate,pitch,complexity,predicate,,,text,80,8,true
English Grammar,hard,Which option best characterizes English Grammar?,composition,adjective,Nobel Prize,deity,adjective,,,text,80,8,true
English Grammar,hard,Which option best characterizes English Grammar?,sedan,net,Yggdrasil,tense,tense,,,text,80,8,true
English Grammar,hard,Which option best characterizes English Grammar?,Southern Ocean,wildlife reserve,preposition,Gulf,preposition,,,text,80,8,true
English Grammar,hard,Which term is most specifically associated with English Grammar?,preposition,prescription,stock exchange,origin story,preposition,,,text,80,8,true
English Grammar,hard,Which term is most specifically associated with English Grammar?,predicate,Borneo,diplomacy,inflation,predicate,,,text,80,8,true
English Grammar,hard,Select the most precise term for English Grammar.,emotion,mulch,red carpet,adverb,adverb,,,text,80,8,true
English Grammar,hard,Which term is most specifically associated with English Grammar?,façade,engagement,color palette,adverb,adverb,,,text,80,8,true
English Grammar,hard,Which term is most specifically associated with English Grammar?,verb,side effect,gold medal,torch,verb,,,text,80,8,true
English Grammar,hard,Which term is most specifically associated with English Grammar?,Africa,predicate,torque,homeostasis,predicate,,,text,80,8,true
English Grammar,hard,Which option best characterizes English Grammar?,App Store,Rockies,clause,net,clause,,,text,80,8,true
English Grammar,hard,Select the most precise term for English Grammar.,subject,ISO,sequence,podium,subject,,,text,80,8,true
English Grammar,hard,Select the most precise term for English Grammar.,multiplayer,noun,soil,Rockies,noun,,,text,80,8,true
English Grammar,hard,Which term is most specifically associated with English Grammar?,subject,Maharashtra,Gujarat,behavior,subject,,,text,80,8,true
English Grammar,hard,Which option best characterizes English Grammar?,preposition,LBW,penalty,alphabet,preposition,,,text,80,8,true
English Grammar,hard,Which option best characterizes English Grammar?,story arc,sensor,subject,behavior,subject,,,text,80,8,true
English Grammar,hard,Which term is most specifically associated with English Grammar?,Amazon,rally,subject,IP address,subject,,,text,80,8,true
English Grammar,hard,Pick the most specific concept tied to English Grammar.,compound,preposition,CSS,engine,preposition,,,text,80,8,true
English Grammar,hard,Pick the most specific concept tied to English Grammar.,symbol,color palette,soil,clause,clause,,,text,80,8,true
Famous Personalities,easy,Select a term associated with Famous Personalities.,scientist,monopoly,minimalism,ecology,scientist,,,text,20,12,true
Famous Personalities,easy,Select a term associated with Famous Personalities.,leader,scripture,treatment,thread,leader,,,text,20,12,true
Famous Personalities,easy,Select a term associated with Famous Personalities.,toxicity,sustainability,artist,index,artist,,,text,20,12,true
Famous Personalities,easy,Which option belongs to Famous Personalities?,compound,artist,host city,playback,artist,,,text,20,12,true
Famous Personalities,easy,Which of these is related to Famous Personalities?,villain,post,subnet,leader,leader,,,text,20,12,true
Famous Personalities,easy,Which of these is related to Famous Personalities?,search,artist,rook,expression,artist,,,text,20,12,true
Famous Personalities,easy,Pick the correct term for Famous Personalities.,watercolor,indentation,circulatory system,author,author,,,text,20,12,true
Famous Personalities,easy,Select a term associated with Famous Personalities.,transmission,athlete,Midgard,Android,athlete,,,text,20,12,true
Famous Personalities,easy,Which of these is related to Famous Personalities?,globalization,election cycle,statuette,explorer,explorer,,,text,20,12,true
Famous Personalities,easy,Pick the correct term for Famous Personalities.,tributary,prime minister,furniture,philanthropist,philanthropist,,,text,20,12,true
Famous Personalities,easy,Select a term associated with Famous Personalities.,emotion,explorer,model,exchange rate,explorer,,,text,20,12,true
Famous Personalities,easy,Select a term associated with Famous Personalities.,dystopia,area under curve,Apollo,author,author,,,text,20,12,true
Famous Personalities,easy,Which option belongs to Famous Personalities?,knowledge base,Vishnu,costume,philanthropist,philanthropist,,,text,20,12,true
Famous Personalities,easy,Select a term associated with Famous Personalities.,wicket,soil,explorer,sea level,explorer,,,text,20,12,true
Famous Personalities,easy,Which option belongs to Famous Personalities?,free kick,taste,entrepreneur,Rama,entrepreneur,,,text,20,12,true
Famous Personalities,easy,Which option belongs to Famous Personalities?,frame,prize,operating system,explorer,explorer,,,text,20,12,true
Famous Personalities,easy,Select a term associated with Famous Personalities.,artist,dystopia,Peace,radius,artist,,,text,20,12,true
Famous Personalities,easy,Which option belongs to Famous Personalities?,athlete,conversion,Durga,scarcity,athlete,,,text,20,12,true
Famous Personalities,medium,Pick the concept that best matches Famous Personalities.,conservation,opening,inventor,foundation,inventor,,,text,40,10,true
Famous Personalities,medium,Which option is a key concept in Famous Personalities?,promotion,explorer,lambda,myth,explorer,,,text,40,10,true
Famous Personalities,medium,Pick the concept that best matches Famous Personalities.,Thar,Karnataka,artist,multiple,artist,,,text,40,10,true
Famous Personalities,medium,Which option is a key concept in Famous Personalities?,disease,market cap,inventor,perception,inventor,,,text,40,10,true
Famous Personalities,medium,Select the most relevant term for Famous Personalities.,composer,label,patch,warehouse,composer,,,text,40,10,true
Famous Personalities,medium,Pick the concept that best matches Famous Personalities.,credit,network,accessory,inventor,inventor,,,text,40,10,true
Famous Personalities,medium,Which option is a key concept in Famous Personalities?,conservation,Greenland,symptom,philanthropist,philanthropist,,,text,40,10,true
Famous Personalities,medium,Which option is a key concept in Famous Personalities?,share,author,flexibility,palette,author,,,text,40,10,true
Famous Personalities,medium,Pick the concept that best matches Famous Personalities.,risk,composer,batsman,novel,composer,,,text,40,10,true
Famous Personalities,medium,Which term is most commonly used in Famous Personalities?,inventor,fossil fuels,router,endgame,inventor,,,text,40,10,true
Famous Personalities,medium,Which option is a key concept in Famous Personalities?,explorer,fraction,network,variable,explorer,,,text,40,10,true
Famous Personalities,medium,Select the most relevant term for Famous Personalities.,composer,ingredient,prey,sine,composer,,,text,40,10,true
Famous Personalities,medium,Select the most relevant term for Famous Personalities.,prize,spacecraft,entrepreneur,institution,entrepreneur,,,text,40,10,true
Famous Personalities,medium,Which term is most commonly used in Famous Personalities?,pitch,symbol,entrepreneur,ledger,entrepreneur,,,text,40,10,true
Famous Personalities,medium,Select the most relevant term for Famous Personalities.,Indus Valley,receptor,box office,inventor,inventor,,,text,40,10,true
Famous Personalities,medium,Which term is most commonly used in Famous Personalities?,philanthropist,single,automation,exception,philanthropist,,,text,40,10,true
Famous Personalities,medium,Pick the concept that best matches Famous Personalities.,pollution,abstract,philanthropist,policy,philanthropist,,,text,40,10,true
Famous Personalities,medium,Pick the concept that best matches Famous Personalities.,meditation,exoplanet,artist,Red Sea,artist,,,text,40,10,true
Famous Personalities,hard,Pick the most specific concept tied to Famous Personalities.,foul,inventor,cinematography,integer,inventor,,,text,80,8,true
Famous Personalities,hard,Select the most precise term for Famous Personalities.,predicate,composer,topography,textile,composer,,,text,80,8,true
Famous Personalities,hard,Which option best characterizes Famous Personalities?,author,compost,motivation,polygon,author,,,text,80,8,true
Famous Personalities,hard,Pick the most specific concept tied to Famous Personalities.,pitch,leader,Bollywood,Iceland,leader,,,text,80,8,true
Famous Personalities,hard,Which term is most specifically associated with Famous Personalities?,marketing,Ares,Sri Lanka,inventor,inventor,,,text,80,8,true
Famous Personalities,hard,Select the most precise term for Famous Personalities.,entrepreneur,atoll,Shiva,DOM,entrepreneur,,,text,80,8,true
Famous Personalities,hard,Which option best characterizes Famous Personalities?,rebrand,comment,Himalayas,leader,leader,,,text,80,8,true
Famous Personalities,hard,Pick the most specific concept tied to Famous Personalities.,oil paint,artist,pranayama,ledger,artist,,,text,80,8,true
Famous Personalities,hard,Select the most precise term for Famous Personalities.,inventor,rebrand,equation,free kick,inventor,,,text,80,8,true
Famous Personalities,hard,Select the most precise term for Famous Personalities.,leader,origin story,Champaran,costume,leader,,,text,80,8,true
Famous Personalities,hard,Which term is most specifically associated with Famous Personalities?,engagement,artist,panel,block,artist,,,text,80,8,true
Famous Personalities,hard,Which option best characterizes Famous Personalities?,perspective,opportunity cost,circle,entrepreneur,entrepreneur,,,text,80,8,true
Famous Personalities,hard,Which term is most specifically associated with Famous Personalities?,athlete,cell,single,satellite,athlete,,,text,80,8,true
Famous Personalities,hard,Which option best characterizes Famous Personalities?,wave,conservation,inventor,JVM,inventor,,,text,80,8,true
Famous Personalities,hard,Select the most precise term for Famous Personalities.,policy debate,LBW,entrepreneur,renewable,entrepreneur,,,text,80,8,true
Famous Personalities,hard,Pick the most specific concept tied to Famous Personalities.,entrepreneur,coefficient,preposition,periodic table,entrepreneur,,,text,80,8,true
Famous Personalities,hard,Which term is most specifically associated with Famous Personalities?,entrepreneur,costume,microscope,level,entrepreneur,,,text,80,8,true
Famous Personalities,hard,Which option best characterizes Famous Personalities?,composer,portrait,inheritance,virtue,composer,,,text,80,8,true
Famous Personalities,hard,Pick the most specific concept tied to Famous Personalities.,sovereignty,entrepreneur,esports,promotion,entrepreneur,,,text,80,8,true
Famous Personalities,hard,Which term is most specifically associated with Famous Personalities?,responsive design,pH,artist,cookie,artist,,,text,80,8,true
Famous Personalities,hard,Which term is most specifically associated with Famous Personalities?,franchise,composer,soil,recipe,composer,,,text,80,8,true
Famous Personalities,hard,Select the most precise term for Famous Personalities.,symptom,Sumatra,author,subject,author,,,text,80,8,true
Famous Personalities,hard,Which term is most specifically associated with Famous Personalities?,billionaire,Rajasthan,composer,Gujarat,composer,,,text,80,8,true
Famous Personalities,hard,Select the most precise term for Famous Personalities.,author,Mars rover,DOM,nervous system,author,,,text,80,8,true
World Leaders,easy,Select a term associated with World Leaders.,adaptation,balance,heuristic,prime minister,prime minister,,,text,20,12,true
World Leaders,easy,Select a term associated with World Leaders.,vocabulary,diplomacy,runway,conditioning,diplomacy,,,text,20,12,true
World Leaders,easy,Which of these is related to World Leaders?,scripture,prime number,taste,president,president,,,text,20,12,true
World Leaders,easy,Select a term associated with World Leaders.,Divine Comedy,CSS,president,email,president,,,text,20,12,true
World Leaders,easy,Select a term associated with World Leaders.,protected area,summit,predicate,inheritance,summit,,,text,20,12,true
World Leaders,easy,Pick the correct term for World Leaders.,president,Indus Valley,opening ceremony,athlete,president,,,text,20,12,true
World Leaders,easy,Which of these is related to World Leaders?,floor plan,graphics,election,artist,election,,,text,20,12,true
World Leaders,easy,Select a term associated with World Leaders.,palette,Mahabharata,head of state,pilgrimage,head of state,,,text,20,12,true
World Leaders,easy,Which of these is related to World Leaders?,diagnosis,ethics,microscope,diplomacy,diplomacy,,,text,20,12,true
World Leaders,easy,Which of these is related to World Leaders?,diplomacy,Ragnarok,alphabet,dystopia,diplomacy,,,text,20,12,true
World Leaders,easy,Which of these is related to World Leaders?,prime minister,star,Stockholm,dribble,prime minister,,,text,20,12,true
World Leaders,easy,Which of these is related to World Leaders?,dunk,range,Atlantic Ocean,monarch,monarch,,,text,20,12,true
World Leaders,easy,Which of these is related to World Leaders?,silhouette,Sahara,iOS,president,president,,,text,20,12,true
World Leaders,easy,Which option belongs to World Leaders?,strings,topography,ritual,parliament,parliament,,,text,20,12,true
World Leaders,easy,Which option belongs to World Leaders?,trademark,aerodynamics,ethics,head of state,head of state,,,text,20,12,true
World Leaders,easy,Pick the correct term for World Leaders.,monarch,Atlantic Ocean,skeletal system,flexibility,monarch,,,text,20,12,true
World Leaders,easy,Which of these is related to World Leaders?,pesticide,balance,diplomacy,prime minister,prime minister,,,text,20,12,true
World Leaders,easy,Select a term associated with World Leaders.,range,aerodynamics,chancellor,run rate,chancellor,,,text,20,12,true
World Leaders,medium,Select the most relevant term for World Leaders.,CSS,longitude,parliament,URL,parliament,,,text,40,10,true
World Leaders,medium,Which term is most commonly used in World Leaders?,box office,Loki,president,globalization,president,,,text,40,10,true
World Leaders,medium,Pick the concept that best matches World Leaders.,prime minister,international summit,floor plan,castling,prime minister,,,text,40,10,true
World Leaders,medium,Which term is most commonly used in World Leaders?,cabinet,linear,Gobi,inventor,cabinet,,,text,40,10,true
World Leaders,medium,Which term is most commonly used in World Leaders?,election,corner kick,steam engine,floor plan,election,,,text,40,10,true
World Leaders,medium,Which option is a key concept in World Leaders?,publisher,sine,investor,head of state,head of state,,,text,40,10,true
World Leaders,medium,Pick the concept that best matches World Leaders.,president,servo,programming,leadership,president,,,text,40,10,true
World Leaders,medium,Which term is most commonly used in World Leaders?,monarch,ecosystem,engagement,Ashoka,monarch,,,text,40,10,true
World Leaders,medium,Which term is most commonly used in World Leaders?,neural network,president,Ganga,dribble,president,,,text,40,10,true
World Leaders,medium,Pick the concept that best matches World Leaders.,summit,over,Assam,World Wide Web,summit,,,text,40,10,true
World Leaders,medium,Pick the concept that best matches World Leaders.,DNS,president,flag ratio,adjective,president,,,text,40,10,true
World Leaders,medium,Pick the concept that best matches World Leaders.,Mississippi,diplomacy,baroque,identity,diplomacy,,,text,40,10,true
World Leaders,medium,Select the most relevant term for World Leaders.,monarch,producer,posture,bandwidth,monarch,,,text,40,10,true
World Leaders,medium,Select the most relevant term for World Leaders.,regression,oil paint,election,formation,election,,,text,40,10,true
World Leaders,medium,Select the most relevant term for World Leaders.,smart contract,Rama,serve,chancellor,chancellor,,,text,40,10,true
World Leaders,medium,Which term is most commonly used in World Leaders?,ice melt,controller,Hindi cinema,monarch,monarch,,,text,40,10,true
World Leaders,medium,Pick the concept that best matches World Leaders.,concert,parliament,warehouse,responsive design,parliament,,,text,40,10,true
World Leaders,medium,Pick the concept that best matches World Leaders.,receptor,head of state,SEO,metabolism,head of state,,,text,40,10,true
World Leaders,hard,Which term is most specifically associated with World Leaders?,cuisine,masala,energy,monarch,monarch,,,text,80,8,true
World Leaders,hard,Which option best characterizes World Leaders?,prime minister,norms,tangent line,K2,prime minister,,,text,80,8,true
World Leaders,hard,Which option best characterizes World Leaders?,cabinet,patent,mission control,free kick,cabinet,,,text,80,8,true
World Leaders,hard,Pick the most specific concept tied to World Leaders.,Apollo,Southern Ocean,election,limit,election,,,text,80,8,true
World Leaders,hard,Which option best characterizes World Leaders?,return,parliament,packaging,Odin,parliament,,,text,80,8,true
World Leaders,hard,Which option best characterizes World Leaders?,stretch,trade agreement,cabinet,Poseidon,cabinet,,,text,80,8,true
World Leaders,hard,Select the most precise term for World Leaders.,chancellor,free throw,tricolor,Vishnu,chancellor,,,text,80,8,true
World Leaders,hard,Select the most precise term for World Leaders.,feed,summit,banknote,policy,summit,,,text,80,8,true
World Leaders,hard,Which option best characterizes World Leaders?,Hittites,cabinet,layout,diagnosis,cabinet,,,text,80,8,true
World Leaders,hard,Pick the most specific concept tied to World Leaders.,argument,Asia,multiplayer,prime minister,prime minister,,,text,80,8,true
World Leaders,hard,Which option best characterizes World Leaders?,demand,head of state,Stockholm,validation,head of state,,,text,80,8,true
World Leaders,hard,Pick the most specific concept tied to World Leaders.,prayer,parliament,pH,bioavailability,parliament,,,text,80,8,true
World Leaders,hard,Which term is most specifically associated with World Leaders?,prime minister,wildlife reserve,orchestra,gold medal,prime minister,,,text,80,8,true
World Leaders,hard,Which term is most specifically associated with World Leaders?,greenhouse gases,global warming,prime minister,jet engine,prime minister,,,text,80,8,true
World Leaders,hard,Which option best characterizes World Leaders?,comment,responsive layout,chancellor,ecosystem,chancellor,,,text,80,8,true
World Leaders,hard,Which term is most specifically associated with World Leaders?,smartphone,novel,conservation,diplomacy,diplomacy,,,text,80,8,true
World Leaders,hard,Pick the most specific concept tied to World Leaders.,bond,Karnataka,Thor,summit,summit,,,text,80,8,true
World Leaders,hard,Which term is most specifically associated with World Leaders?,toxicity,triangle,enzyme,election,election,,,text,80,8,true
World Leaders,hard,Pick the most specific concept tied to World Leaders.,volcanic island,summit,bias,limit,summit,,,text,80,8,true
World Leaders,hard,Which option best characterizes World Leaders?,Yangtze,console,chancellor,planning,chancellor,,,text,80,8,true
World Leaders,hard,Pick the most specific concept tied to World Leaders.,Indian Ocean,biodiversity,metaphor,prime minister,prime minister,,,text,80,8,true
World Leaders,hard,Which term is most specifically associated with World Leaders?,elasticity,AI,class,president,president,,,text,80,8,true
World Leaders,hard,Which term is most specifically associated with World Leaders?,protein,area under curve,radio,election,election,,,text,80,8,true
World Leaders,hard,Select the most precise term for World Leaders.,balance,SEO,election,minimalism,election,,,text,80,8,true
Olympic Games,easy,Which option belongs to Olympic Games?,chassis,protein,electricity,gold medal,gold medal,,,text,20,12,true
Olympic Games,easy,Which of these is related to Olympic Games?,prize,Olympiad,prime number,catalyst,Olympiad,,,text,20,12,true
Olympic Games,easy,Which of these is related to Olympic Games?,toxicity,market cap,Nobel Prize,torch,torch,,,text,20,12,true
Olympic Games,easy,Select a term associated with Olympic Games.,disease,biodiversity,records,cuisine,records,,,text,20,12,true
Olympic Games,easy,Which option belongs to Olympic Games?,exception,Hollywood,boundary,Olympiad,Olympiad,,,text,20,12,true
Olympic Games,easy,Pick the correct term for Olympic Games.,Yangtze,monopoly,Olympiad,wave,Olympiad,,,text,20,12,true
Olympic Games,easy,Which of these is related to Olympic Games?,trade agreement,opening ceremony,ritual,role,opening ceremony,,,text,20,12,true
Olympic Games,easy,Pick the correct term for Olympic Games.,dystopia,athletics,stream of consciousness,digestive system,athletics,,,text,20,12,true
Olympic Games,easy,Which of these is related to Olympic Games?,myth,authorization,gold medal,predator,gold medal,,,text,20,12,true
Olympic Games,easy,Which option belongs to Olympic Games?,circulatory system,monarch,box office,records,records,,,text,20,12,true
Olympic Games,easy,Pick the correct term for Olympic Games.,novel,quadratic,runway,qualifier,qualifier,,,text,20,12,true
Olympic Games,easy,Select a term associated with Olympic Games.,abstract,culture,climate model,Olympiad,Olympiad,,,text,20,12,true
Olympic Games,easy,Which option belongs to Olympic Games?,gold medal,funnel,executive,polygon,gold medal,,,text,20,12,true
Olympic Games,easy,Select a term associated with Olympic Games.,brand identity,qualifier,disease,minimalism,qualifier,,,text,20,12,true
Olympic Games,easy,Pick the correct term for Olympic Games.,prime number,relay,SEO,wardrobe,relay,,,text,20,12,true
Olympic Games,easy,Which option belongs to Olympic Games?,pawn,gold medal,behavior,dunk,gold medal,,,text,20,12,true
Olympic Games,easy,Which of these is related to Olympic Games?,spacewalk,data structure,torch,Mughal Empire,torch,,,text,20,12,true
Olympic Games,easy,Which of these is related to Olympic Games?,tangent line,records,trade agreement,Europe,records,,,text,20,12,true
Olympic Games,medium,Pick the concept that best matches Olympic Games.,altitude,Lakshmi,wildlife reserve,athletics,athletics,,,text,40,10,true
Olympic Games,medium,Select the most relevant term for Olympic Games.,conservation,director,Iceland,Olympiad,Olympiad,,,text,40,10,true
Olympic Games,medium,Select the most relevant term for Olympic Games.,symbol,torch,pitch,textile,torch,,,text,40,10,true
Olympic Games,medium,Select the most relevant term for Olympic Games.,farm,Ares,opening ceremony,re-entry,opening ceremony,,,text,40,10,true
Olympic Games,medium,Which term is most commonly used in Olympic Games?,interest,supernova,podium,polygon,podium,,,text,40,10,true
Olympic Games,medium,Which option is a key concept in Olympic Games?,accessory,gold medal,Gujarat,actuator,gold medal,,,text,40,10,true
Olympic Games,medium,Which option is a key concept in Olympic Games?,opening ceremony,Indian Ocean,batsman,baseline,opening ceremony,,,text,40,10,true
Olympic Games,medium,Select the most relevant term for Olympic Games.,torch,structural,World Wide Web,limit,torch,,,text,40,10,true
Olympic Games,medium,Select the most relevant term for Olympic Games.,qualifier,chorus,adaptation,rebrand,qualifier,,,text,40,10,true
Olympic Games,medium,Pick the concept that best matches Olympic Games.,Thar,unit circle,host city,dollar,host city,,,text,40,10,true
Olympic Games,medium,Which term is most commonly used in Olympic Games?,gold medal,wilderness,façade,ARPANET,gold medal,,,text,40,10,true
Olympic Games,medium,Pick the concept that best matches Olympic Games.,Olympiad,landscape,exchange rate,logo,Olympiad,,,text,40,10,true
Olympic Games,medium,Which term is most commonly used in Olympic Games?,malware,graphics,theme,athletics,athletics,,,text,40,10,true
Olympic Games,medium,Which option is a key concept in Olympic Games?,engine,altitude,podium,chain rule,podium,,,text,40,10,true
Olympic Games,medium,Which option is a key concept in Olympic Games?,relay,list comprehension,acceleration,esports,relay,,,text,40,10,true
Olympic Games,medium,Pick the concept that best matches Olympic Games.,ionic bond,data structure,torch,derivative,torch,,,text,40,10,true
Olympic Games,medium,Which option is a key concept in Olympic Games?,alliteration,podium,interest,supply,podium,,,text,40,10,true
Olympic Games,medium,Which term is most commonly used in Olympic Games?,verb,product page,returns,host city,host city,,,text,40,10,true
Olympic Games,hard,Select the most precise term for Olympic Games.,masala,wave,podium,hero,podium,,,text,80,8,true
Olympic Games,hard,Which term is most specifically associated with Olympic Games?,lambda,records,rally,factorization,records,,,text,80,8,true
Olympic Games,hard,Select the most precise term for Olympic Games.,market research,relay,Midgard,expert system,relay,,,text,80,8,true
Olympic Games,hard,Pick the most specific concept tied to Olympic Games.,podium,grill,Apollo,spacewalk,podium,,,text,80,8,true
Olympic Games,hard,Select the most precise term for Olympic Games.,visitor center,harvest,athletics,simile,athletics,,,text,80,8,true
Olympic Games,hard,Select the most precise term for Olympic Games.,identity,alter ego,console,Olympiad,Olympiad,,,text,80,8,true
Olympic Games,hard,Which term is most specifically associated with Olympic Games?,altitude,host city,dunk,viral,host city,,,text,80,8,true
Olympic Games,hard,Select the most precise term for Olympic Games.,compound,photosynthesis,Rama,records,records,,,text,80,8,true
Olympic Games,hard,Select the most precise term for Olympic Games.,innings,Durga,host city,mining,host city,,,text,80,8,true
Olympic Games,hard,Select the most precise term for Olympic Games.,podium,deviance,binary,stratification,podium,,,text,80,8,true
Olympic Games,hard,Select the most precise term for Olympic Games.,altitude,elasticity,Olympiad,thermodynamics,Olympiad,,,text,80,8,true
Olympic Games,hard,Which option best characterizes Olympic Games?,opening ceremony,ecosystem,constitution,TCP,opening ceremony,,,text,80,8,true
Olympic Games,hard,Select the most precise term for Olympic Games.,drug,conversion,host city,exchange rate,host city,,,text,80,8,true
Olympic Games,hard,Which option best characterizes Olympic Games?,API,gold medal,hero,model,gold medal,,,text,80,8,true
Olympic Games,hard,Which term is most specifically associated with Olympic Games?,package,distribution,concerto,host city,host city,,,text,80,8,true
Olympic Games,hard,Which option best characterizes Olympic Games?,color palette,quest,gold medal,virtualenv,gold medal,,,text,80,8,true
Olympic Games,hard,Pick the most specific concept tied to Olympic Games.,defender,relay,flagpole,complexity,relay,,,text,80,8,true
Olympic Games,hard,Which term is most specifically associated with Olympic Games?,gold medal,Yangtze,habitat,verb,gold medal,,,text,80,8,true
Olympic Games,hard,Select the most precise term for Olympic Games.,Australia,guild,athletics,recognition,athletics,,,text,80,8,true
Olympic Games,hard,Pick the most specific concept tied to Olympic Games.,opening ceremony,judiciary,bull market,Kalahari,opening ceremony,,,text,80,8,true
Olympic Games,hard,Which option best characterizes Olympic Games?,banknote,proof of work,Olympiad,greenhouse,Olympiad,,,text,80,8,true
Olympic Games,hard,Pick the most specific concept tied to Olympic Games.,hero,relay,expert system,processor,relay,,,text,80,8,true
Olympic Games,hard,Select the most precise term for Olympic Games.,horsepower,entrepreneur,muscular system,relay,relay,,,text,80,8,true
Olympic Games,hard,Which option best characterizes Olympic Games?,host city,Gobi,ratio,Plassey,host city,,,text,80,8,true
Cricket,easy,Pick the correct term for Cricket.,Hittites,vulnerability,stump,triangle,stump,,,text,20,12,true
Cricket,easy,Pick the correct term for Cricket.,billboard,wicket,compound,Southern Ocean,wicket,,,text,20,12,true
Cricket,easy,Which of these is related to Cricket?,electricity,verb,screen,run rate,run rate,,,text,20,12,true
Cricket,easy,Which of these is related to Cricket?,soil,return,Aeneid,bowler,bowler,,,text,20,12,true
Cricket,easy,Pick the correct term for Cricket.,LBW,decorator,multiple,factor,LBW,,,text,20,12,true
Cricket,easy,Pick the correct term for Cricket.,predicate,Asgard,innings,achievement,innings,,,text,20,12,true
Cricket,easy,Select a term associated with Cricket.,modem,LBW,trail,star,LBW,,,text,20,12,true
Cricket,easy,Pick the correct term for Cricket.,chancellor,concert,atoll,run rate,run rate,,,text,20,12,true
Cricket,easy,Which option belongs to Cricket?,over,graphics,dollar,compost,over,,,text,20,12,true
Cricket,easy,Pick the correct term for Cricket.,fuel,studio,innings,ice melt,innings,,,text,20,12,true
Cricket,easy,Pick the correct term for Cricket.,metaphysics,author,stump,logic,stump,,,text,20,12,true
Cricket,easy,Select a term associated with Cricket.,Champaran,pitch,satellite,runway,pitch,,,text,20,12,true
Cricket,easy,Which of these is related to Cricket?,short story,PEP 8,app,pitch,pitch,,,text,20,12,true
Cricket,easy,Select a term associated with Cricket.,polynomial,batsman,gene,flag ratio,batsman,,,text,20,12,true
Cricket,easy,Which of these is related to Cricket?,validation,esports,soil,over,over,,,text,20,12,true
Cricket,easy,Select a term associated with Cricket.,rocket,suspension,Vishnu,batsman,batsman,,,text,20,12,true
Cricket,easy,Select a term associated with Cricket.,narrator,stump,studio,leadership,stump,,,text,20,12,true
Cricket,easy,Pick the correct term for Cricket.,perimeter,society,spacecraft,stump,stump,,,text,20,12,true
Cricket,medium,Which term is most commonly used in Cricket?,conductor,innings,RPG,prescription,innings,,,text,40,10,true
Cricket,medium,Which option is a key concept in Cricket?,black hole,origin story,wicket,camera,wicket,,,text,40,10,true
Cricket,medium,Pick the concept that best matches Cricket.,guild,stump,Ares,exoplanet,stump,,,text,40,10,true
Cricket,medium,Pick the concept that best matches Cricket.,grill,therapy,bowler,Southern Ocean,bowler,,,text,40,10,true
Cricket,medium,Which option is a key concept in Cricket?,smart contract,distribution,monarch,boundary,boundary,,,text,40,10,true
Cricket,medium,Which option is a key concept in Cricket?,deity,habitat,over,orchestra,over,,,text,40,10,true
Cricket,medium,Which term is most commonly used in Cricket?,list comprehension,inference,wicket,metaphysics,wicket,,,text,40,10,true
Cricket,medium,Select the most relevant term for Cricket.,LBW,canvas,ritual,operating system,LBW,,,text,40,10,true
Cricket,medium,Select the most relevant term for Cricket.,election cycle,Mojave,global warming,innings,innings,,,text,40,10,true
Cricket,medium,Which option is a key concept in Cricket?,decor,head of state,bowler,promotion,bowler,,,text,40,10,true
Cricket,medium,Pick the concept that best matches Cricket.,Valkyrie,climate policy,Rebellion of 1857,pitch,pitch,,,text,40,10,true
Cricket,medium,Select the most relevant term for Cricket.,stump,Gupta Empire,playback,liability,stump,,,text,40,10,true
Cricket,medium,Pick the concept that best matches Cricket.,cash flow,Mohenjo-daro,control system,over,over,,,text,40,10,true
Cricket,medium,Which option is a key concept in Cricket?,torque,Lake Superior,leader,pitch,pitch,,,text,40,10,true
Cricket,medium,Select the most relevant term for Cricket.,premiere,decorator,LBW,Rajasthan,LBW,,,text,40,10,true
Cricket,medium,Select the most relevant term for Cricket.,World War II,stump,billboard,decor,stump,,,text,40,10,true
Cricket,medium,Which term is most commonly used in Cricket?,recycling,sidekick,innings,planting,innings,,,text,40,10,true
Cricket,medium,Which term is most commonly used in Cricket?,yield,Hollywood,education reform,wicket,wicket,,,text,40,10,true
Cricket,hard,Select the most precise term for Cricket.,conglomerate,graphic novel,stump,protocol,stump,,,text,80,8,true
Cricket,hard,Select the most precise term for Cricket.,depth of field,imagery,wicket,linguistics,wicket,,,text,80,8,true
Cricket,hard,Select the most precise term for Cricket.,posture,firewall,bowler,monarch,bowler,,,text,80,8,true
Cricket,hard,Pick the most specific concept tied to Cricket.,brand equity,innings,conversion,stock exchange,innings,,,text,80,8,true
Cricket,hard,Select the most precise term for Cricket.,pesticide,boundary,renewable,cinematography,boundary,,,text,80,8,true
Cricket,hard,Pick the most specific concept tied to Cricket.,oxidation,Best Actress,bowler,Olympiad,bowler,,,text,80,8,true
Cricket,hard,Which term is most specifically associated with Cricket?,pitch,accessory,rupee,post,pitch,,,text,80,8,true
Cricket,hard,Which option best characterizes Cricket?,Sumatra,over,Champaran,black hole,over,,,text,80,8,true
Cricket,hard,Pick the most specific concept tied to Cricket.,ISO,recipe,justice,run rate,run rate,,,text,80,8,true
Cricket,hard,Pick the most specific concept tied to Cricket.,song sequence,transmission,remix,stump,stump,,,text,80,8,true
Cricket,hard,Which option best characterizes Cricket?,paradox,abstract,Lakshmi,over,over,,,text,80,8,true
Cricket,hard,Pick the most specific concept tied to Cricket.,supply chain,bowler,TCP,encryption,bowler,,,text,80,8,true
Cricket,hard,Which option best characterizes Cricket?,studio,over,color,market research,over,,,text,80,8,true
Cricket,hard,Which term is most specifically associated with Cricket?,batsman,bake,verb,striker,batsman,,,text,80,8,true
Cricket,hard,Which option best characterizes Cricket?,JavaScript,therapy,over,concerto,over,,,text,80,8,true
Cricket,hard,Pick the most specific concept tied to Cricket.,exposure,binary,LBW,sonnet,LBW,,,text,80,8,true
Cricket,hard,Which term is most specifically associated with Cricket?,pitch,Everest,elasticity,queen,pitch,,,text,80,8,true
Cricket,hard,Which option best characterizes Cricket?,wicket,spacewalk,designer,energy,wicket,,,text,80,8,true
Cricket,hard,Select the most precise term for Cricket.,Academy Awards,vocabulary,pitch,rebrand,pitch,,,text,80,8,true
Cricket,hard,Which term is most specifically associated with Cricket?,dish,flag ratio,over,serve,over,,,text,80,8,true
Cricket,hard,Which term is most specifically associated with Cricket?,evolution,motivation,over,Cold War,over,,,text,80,8,true
Cricket,hard,Which term is most specifically associated with Cricket?,wicket,archipelago,Krishna,pattern,wicket,,,text,80,8,true
Cricket,hard,Select the most precise term for Cricket.,judiciary,prey,over,Rajasthan,over,,,text,80,8,true
Cricket,hard,Select the most precise term for Cricket.,pitch,monopoly,marketing,light-year,pitch,,,text,80,8,true
Football,easy,Which option belongs to Football?,playlist,offside,renewable,star,offside,,,text,20,12,true
Football,easy,Which option belongs to Football?,Physics,goal,crest,percentage,goal,,,text,20,12,true
Football,easy,Select a term associated with Football.,radian,bull market,color,defender,defender,,,text,20,12,true
Football,easy,Which of these is related to Football?,Atacama,mining,penalty,mitochondria,penalty,,,text,20,12,true
Football,easy,Which of these is related to Football?,behavior,battery,Europe,offside,offside,,,text,20,12,true
Football,easy,Which of these is related to Football?,penalty,aperture,Mughal Empire,net,penalty,,,text,20,12,true
Football,easy,Which option belongs to Football?,brain,sanctuary,radian,midfielder,midfielder,,,text,20,12,true
Football,easy,Pick the correct term for Football.,free throw,Hollywood,consensus,penalty,penalty,,,text,20,12,true
Football,easy,Which of these is related to Football?,offside,currency symbol,molecule,gearbox,offside,,,text,20,12,true
Football,easy,Select a term associated with Football.,penalty,ice melt,triangle,nervous system,penalty,,,text,20,12,true
Football,easy,Which option belongs to Football?,diameter,linguistics,goalkeeper,iterator,goalkeeper,,,text,20,12,true
Football,easy,Which option belongs to Football?,illustration,predicate,conservation,goalkeeper,goalkeeper,,,text,20,12,true
Football,easy,Select a term associated with Football.,corner kick,brand equity,logo,pruning,corner kick,,,text,20,12,true
Football,easy,Select a term associated with Football.,star,Athena,goal,plate,goal,,,text,20,12,true
Football,easy,Select a term associated with Football.,planning,yen,corner kick,emotion,corner kick,,,text,20,12,true
Football,easy,Which of these is related to Football?,heuristic,adaptation,graphics,striker,striker,,,text,20,12,true
Football,easy,Which of these is related to Football?,midfielder,island chain,skeletal system,Indus Valley,midfielder,,,text,20,12,true
Football,easy,Which option belongs to Football?,console,kidney,striker,Sahara,striker,,,text,20,12,true
Football,medium,Pick the concept that best matches Football.,nebula,midfielder,tablet,receptor,midfielder,,,text,40,10,true
Football,medium,Pick the concept that best matches Football.,autonomy,triangle,defender,decolonization,defender,,,text,40,10,true
Football,medium,Pick the concept that best matches Football.,corner kick,brand identity,rook,stream of consciousness,corner kick,,,text,40,10,true
Football,medium,Which term is most commonly used in Football?,cell,diplomacy,boundary,formation,formation,,,text,40,10,true
Football,medium,Select the most relevant term for Football.,pip,free kick,role,enzyme,free kick,,,text,40,10,true
Football,medium,Select the most relevant term for Football.,character,equation,formation,flagpole,formation,,,text,40,10,true
Football,medium,Pick the concept that best matches Football.,cookie,midfielder,blockbuster,elasticity,midfielder,,,text,40,10,true
Football,medium,Which term is most commonly used in Football?,stratification,electricity,diplomacy,offside,offside,,,text,40,10,true
Football,medium,Select the most relevant term for Football.,verse,phishing,striker,heuristic,striker,,,text,40,10,true
Football,medium,Pick the concept that best matches Football.,agent,ISO,midfielder,Sahara,midfielder,,,text,40,10,true
Football,medium,Pick the concept that best matches Football.,corner kick,Bluetooth,lens,monotheism,corner kick,,,text,40,10,true
Football,medium,Which option is a key concept in Football?,risk,structural,offside,transaction,offside,,,text,40,10,true
Football,medium,Pick the concept that best matches Football.,penalty,continent,acceleration,balance,penalty,,,text,40,10,true
Football,medium,Which term is most commonly used in Football?,diplomacy,procurement,DNS,midfielder,midfielder,,,text,40,10,true
Football,medium,Pick the concept that best matches Football.,interface,dollar,relay,free kick,free kick,,,text,40,10,true
Football,medium,Which option is a key concept in Football?,verse,Literature,midfielder,wearable,midfielder,,,text,40,10,true
Football,medium,Which option is a key concept in Football?,formation,protocol,foundation,festivals,formation,,,text,40,10,true
Football,medium,Which term is most commonly used in Football?,orbit,free kick,black hole,startup,free kick,,,text,40,10,true
Football,hard,Which term is most specifically associated with Football?,formation,trademark,inventory,fuel,formation,,,text,80,8,true
Football,hard,Which option best characterizes Football?,Amazon,goalkeeper,ecosystem,rally,goalkeeper,,,text,80,8,true
Football,hard,Select the most precise term for Football.,Brahma,free kick,time zone,steam engine,free kick,,,text,80,8,true
Football,hard,Which option best characterizes Football?,pip,Android,offside,carbon dioxide,offside,,,text,80,8,true
Football,hard,Which option best characterizes Football?,galaxy,behavior,simile,midfielder,midfielder,,,text,80,8,true
Football,hard,Pick the most specific concept tied to Football.,sequence,parallel,striker,hero,striker,,,text,80,8,true
Football,hard,Select the most precise term for Football.,queen,goalkeeper,design,mind,goalkeeper,,,text,80,8,true
Football,hard,Pick the most specific concept tied to Football.,email,derivative,free kick,screenplay,free kick,,,text,80,8,true
Football,hard,Which option best characterizes Football?,metabolism,goal,encryption,light-year,goal,,,text,80,8,true
Football,hard,Select the most precise term for Football.,athlete,offside,model,hero,offside,,,text,80,8,true
Football,hard,Which term is most specifically associated with Football?,election cycle,ecosystem,corner kick,phonetics,corner kick,,,text,80,8,true
Football,hard,Select the most precise term for Football.,Rajasthan,temple,goalkeeper,identity,goalkeeper,,,text,80,8,true
Football,hard,Pick the most specific concept tied to Football.,formation,Greenland,Beowulf,checkout,formation,,,text,80,8,true
Football,hard,Select the most precise term for Football.,goal,garbage collection,costume,automation,goal,,,text,80,8,true
Football,hard,Pick the most specific concept tied to Football.,defender,search,rook,radian,defender,,,text,80,8,true
Football,hard,Which option best characterizes Football?,lighting,defender,merger,Nile,defender,,,text,80,8,true
Football,hard,Pick the most specific concept tied to Football.,stripe,corner kick,box office,level,corner kick,,,text,80,8,true
Football,hard,Pick the most specific concept tied to Football.,Gulf,battery,graphic novel,offside,offside,,,text,80,8,true
Football,hard,Select the most precise term for Football.,midfielder,runway,composition,advertising,midfielder,,,text,80,8,true
Football,hard,Which term is most specifically associated with Football?,bowler,defender,Uttar Pradesh,server,defender,,,text,80,8,true
Football,hard,Which term is most specifically associated with Football?,sovereignty,species,corner kick,Sri Lanka,corner kick,,,text,80,8,true
Football,hard,Select the most precise term for Football.,North America,block,corner kick,root,corner kick,,,text,80,8,true
Football,hard,Select the most precise term for Football.,engagement,formation,Best Picture,toxicity,formation,,,text,80,8,true
Football,hard,Select the most precise term for Football.,corner kick,network,achievement,controller,corner kick,,,text,80,8,true
Tennis,easy,Select a term associated with Tennis.,director,serve,engagement,wilderness,serve,,,text,20,12,true
Tennis,easy,Which option belongs to Tennis?,set,range,interest,global warming,set,,,text,20,12,true
Tennis,easy,Which option belongs to Tennis?,rally,hemisphere,perspective,deity,rally,,,text,20,12,true
Tennis,easy,Which option belongs to Tennis?,innings,set,Ramayana,regression,set,,,text,20,12,true
Tennis,easy,Pick the correct term for Tennis.,pranayama,Android,backhand,Vishnu,backhand,,,text,20,12,true
Tennis,easy,Pick the correct term for Tennis.,conservation,bear market,habitat,match point,match point,,,text,20,12,true
Tennis,easy,Which option belongs to Tennis?,latitude,viral,stump,baseline,baseline,,,text,20,12,true
Tennis,easy,Which of these is related to Tennis?,set,deviance,JavaScript,pawn,set,,,text,20,12,true
Tennis,easy,Which of these is related to Tennis?,baseline,period,tricolor,pattern,baseline,,,text,20,12,true
Tennis,easy,Select a term associated with Tennis.,serve,Babylon,single,function,serve,,,text,20,12,true
Tennis,easy,Select a term associated with Tennis.,set,data structure,K2,Akbar,set,,,text,20,12,true
Tennis,easy,Select a term associated with Tennis.,novel,Maurya Empire,multiplayer,ace,ace,,,text,20,12,true
Tennis,easy,Which option belongs to Tennis?,ISP,behavior,rally,decolonization,rally,,,text,20,12,true
Tennis,easy,Select a term associated with Tennis.,Academy Awards,sonata,deuce,Mughal Empire,deuce,,,text,20,12,true
Tennis,easy,Select a term associated with Tennis.,backhand,unit circle,pawn,Literature,backhand,,,text,20,12,true
Tennis,easy,Select a term associated with Tennis.,clinical,stretch,serve,opening ceremony,serve,,,text,20,12,true
Tennis,easy,Which option belongs to Tennis?,conditioning,match point,level,opening,match point,,,text,20,12,true
Tennis,easy,Select a term associated with Tennis.,air traffic,polymorphism,boundary,ace,ace,,,text,20,12,true
Tennis,medium,Select the most relevant term for Tennis.,visitor center,World Wide Web,latency,rally,rally,,,text,40,10,true
Tennis,medium,Select the most relevant term for Tennis.,entrepreneur,range,forehand,spice,forehand,,,text,40,10,true
Tennis,medium,Which term is most commonly used in Tennis?,fertilizer,match point,movement,validation,match point,,,text,40,10,true
Tennis,medium,Which term is most commonly used in Tennis?,baseline,Phoenicians,runway,magnetism,baseline,,,text,40,10,true
Tennis,medium,Pick the concept that best matches Tennis.,crest,net,lighting,procurement,net,,,text,40,10,true
Tennis,medium,Pick the concept that best matches Tennis.,spacecraft,parliament,motivation,serve,serve,,,text,40,10,true
Tennis,medium,Which option is a key concept in Tennis?,gene,bias,URL,forehand,forehand,,,text,40,10,true
Tennis,medium,Pick the concept that best matches Tennis.,visitor center,routing,Pacific Ocean,match point,match point,,,text,40,10,true
Tennis,medium,Which option is a key concept in Tennis?,set,expression,suspension,area,set,,,text,40,10,true
Tennis,medium,Pick the concept that best matches Tennis.,overfitting,sea level,pilgrimage,forehand,forehand,,,text,40,10,true
Tennis,medium,Which term is most commonly used in Tennis?,gesture,biodiversity,validation,serve,serve,,,text,40,10,true
Tennis,medium,Pick the concept that best matches Tennis.,polygon,net,acquisition,syntax,net,,,text,40,10,true
Tennis,medium,Which term is most commonly used in Tennis?,brand identity,protocol,rally,coin,rally,,,text,40,10,true
Tennis,medium,Which term is most commonly used in Tennis?,stock exchange,baseline,intrusion,scientist,baseline,,,text,40,10,true
Tennis,medium,Which term is most commonly used in Tennis?,summit,market cap,penalty,forehand,forehand,,,text,40,10,true
Tennis,medium,Which option is a key concept in Tennis?,K2,backhand,bishop,producer,backhand,,,text,40,10,true
Tennis,medium,Pick the concept that best matches Tennis.,Medicine,robot,rally,overfitting,rally,,,text,40,10,true
Tennis,medium,Which option is a key concept in Tennis?,forehand,engagement,soil,equator,forehand,,,text,40,10,true
Tennis,hard,Pick the most specific concept tied to Tennis.,backhand,grill,radian,expert system,backhand,,,text,80,8,true
Tennis,hard,Select the most precise term for Tennis.,demography,forehand,generator,advertising,forehand,,,text,80,8,true
Tennis,hard,Pick the most specific concept tied to Tennis.,turbulence,democracy,match point,postmodern,match point,,,text,80,8,true
Tennis,hard,Pick the most specific concept tied to Tennis.,altitude,Mesopotamia,match point,hook,match point,,,text,80,8,true
Tennis,hard,Pick the most specific concept tied to Tennis.,brake,Madagascar,match point,illustration,match point,,,text,80,8,true
Tennis,hard,Select the most precise term for Tennis.,therapy,rally,share,Phoenicians,rally,,,text,80,8,true
Tennis,hard,Select the most precise term for Tennis.,bowler,adjective,rally,realism,rally,,,text,80,8,true
Tennis,hard,Which term is most specifically associated with Tennis?,net,Lakshmi,recipe,athletics,net,,,text,80,8,true
Tennis,hard,Which option best characterizes Tennis?,target audience,subject,REST,forehand,forehand,,,text,80,8,true
Tennis,hard,Pick the most specific concept tied to Tennis.,relay,Hittites,backhand,funnel,backhand,,,text,80,8,true
Tennis,hard,Pick the most specific concept tied to Tennis.,dot-com,culture,net,training data,net,,,text,80,8,true
Tennis,hard,Which option best characterizes Tennis?,blueprint,conversion,match point,Ashoka,match point,,,text,80,8,true
Tennis,hard,Pick the most specific concept tied to Tennis.,remix,relay,server,deuce,deuce,,,text,80,8,true
Tennis,hard,Which option best characterizes Tennis?,globe,baseline,Southern Ocean,volatility,baseline,,,text,80,8,true
Tennis,hard,Which term is most specifically associated with Tennis?,disease,wicket,meter,deuce,deuce,,,text,80,8,true
Tennis,hard,Select the most precise term for Tennis.,serve,altitude,renewable,derivative,serve,,,text,80,8,true
Tennis,hard,Pick the most specific concept tied to Tennis.,deuce,diagnosis,limit,spacewalk,deuce,,,text,80,8,true
Tennis,hard,Which term is most specifically associated with Tennis?,spice,knight,inventory,backhand,backhand,,,text,80,8,true
Tennis,hard,Pick the most specific concept tied to Tennis.,share,backboard,homeostasis,backhand,backhand,,,text,80,8,true
Tennis,hard,Pick the most specific concept tied to Tennis.,ranger,composition,backhand,return,backhand,,,text,80,8,true
Tennis,hard,Select the most precise term for Tennis.,Lake Victoria,Industrial Revolution,recursion,ace,ace,,,text,80,8,true
Tennis,hard,Which term is most specifically associated with Tennis?,Valkyrie,net,pesticide,switch,net,,,text,80,8,true
Tennis,hard,Which term is most specifically associated with Tennis?,pip,serve,Ashoka,periodic table,serve,,,text,80,8,true
Tennis,hard,Select the most precise term for Tennis.,polygon,match point,Lakshmi,comment,match point,,,text,80,8,true
Basketball,easy,Select a term associated with Basketball.,relay,rebound,opera,payment gateway,rebound,,,text,20,12,true
Basketball,easy,Select a term associated with Basketball.,backboard,exposure,carbon dioxide,steam engine,backboard,,,text,20,12,true
Basketball,easy,Which of these is related to Basketball?,canvas,fertilizer,dribble,offside,dribble,,,text,20,12,true
Basketball,easy,Which of these is related to Basketball?,free throw,compiler,Best Actress,textile,free throw,,,text,20,12,true
Basketball,easy,Select a term associated with Basketball.,institution,pilgrimage,latency,backboard,backboard,,,text,20,12,true
Basketball,easy,Select a term associated with Basketball.,dribble,supply,postmodern,ISO,dribble,,,text,20,12,true
Basketball,easy,Which of these is related to Basketball?,predator,dunk,product page,Delhi Sultanate,dunk,,,text,20,12,true
Basketball,easy,Which option belongs to Basketball?,diplomacy,three-pointer,baroque,validation,three-pointer,,,text,20,12,true
Basketball,easy,Select a term associated with Basketball.,foul,sensor,predicate,pronoun,foul,,,text,20,12,true
Basketball,easy,Which option belongs to Basketball?,goal,Hamlet,meditation,three-pointer,three-pointer,,,text,20,12,true
Basketball,easy,Pick the correct term for Basketball.,perception,metaphor,dribble,dosage,dribble,,,text,20,12,true
Basketball,easy,Select a term associated with Basketball.,rebound,automation,director,ecology,rebound,,,text,20,12,true
Basketball,easy,Select a term associated with Basketball.,acceleration,novel,dunk,watercolor,dunk,,,text,20,12,true
Basketball,easy,Which of these is related to Basketball?,fulfillment,run rate,kidney,pivot,pivot,,,text,20,12,true
Basketball,easy,Which option belongs to Basketball?,flavor,esports,dunk,inventor,dunk,,,text,20,12,true
Basketball,easy,Which of these is related to Basketball?,asset,pivot,Delhi Sultanate,chain rule,pivot,,,text,20,12,true
Basketball,easy,Pick the correct term for Basketball.,shot clock,API,sanctuary,inventory,shot clock,,,text,20,12,true
Basketball,easy,Select a term associated with Basketball.,dribble,reason,ecosystem,DOM,dribble,,,text,20,12,true
Basketball,medium,Select the most relevant term for Basketball.,polynomial,crop,aperture,backboard,backboard,,,text,40,10,true
Basketball,medium,Which option is a key concept in Basketball?,Olympus,limit,backboard,mind,backboard,,,text,40,10,true
Basketball,medium,Pick the concept that best matches Basketball.,three-pointer,star,startup,innings,three-pointer,,,text,40,10,true
Basketball,medium,Which term is most commonly used in Basketball?,panel,foul,printing press,myth,foul,,,text,40,10,true
Basketball,medium,Select the most relevant term for Basketball.,shot clock,myth,latitude,merger,shot clock,,,text,40,10,true
Basketball,medium,Which option is a key concept in Basketball?,Rajasthan,dribble,Bihar,flooring,dribble,,,text,40,10,true
Basketball,medium,Which term is most commonly used in Basketball?,dribble,camera,share,device,dribble,,,text,40,10,true
Basketball,medium,Which option is a key concept in Basketball?,App Store,free throw,gene,dollar,free throw,,,text,40,10,true
Basketball,medium,Which option is a key concept in Basketball?,yield,kidney,foul,Durga,foul,,,text,40,10,true
Basketball,medium,Select the most relevant term for Basketball.,match point,Mohenjo-daro,three-pointer,baroque,three-pointer,,,text,40,10,true
Basketball,medium,Pick the concept that best matches Basketball.,robot arm,blueprint,metabolism,dunk,dunk,,,text,40,10,true
Basketball,medium,Pick the concept that best matches Basketball.,rocket,free throw,statuette,subnet,free throw,,,text,40,10,true
Basketball,medium,Select the most relevant term for Basketball.,assist,molecule,Africa,market research,assist,,,text,40,10,true
Basketball,medium,Select the most relevant term for Basketball.,farm,brain,translation,dribble,dribble,,,text,40,10,true
Basketball,medium,Which term is most commonly used in Basketball?,run rate,myth,three-pointer,graphic novel,three-pointer,,,text,40,10,true
Basketball,medium,Which option is a key concept in Basketball?,Mediterranean Sea,verb,period,assist,assist,,,text,40,10,true
Basketball,medium,Pick the concept that best matches Basketball.,rebound,textile,automation,robot arm,rebound,,,text,40,10,true
Basketball,medium,Select the most relevant term for Basketball.,superhero,predator,foul,gene,foul,,,text,40,10,true
Basketball,hard,Select the most precise term for Basketball.,gearbox,shot clock,crop,conductor,shot clock,,,text,80,8,true
Basketball,hard,Which term is most specifically associated with Basketball?,gearbox,graphics,dunk,wardrobe,dunk,,,text,80,8,true
Basketball,hard,Which option best characterizes Basketball?,wardrobe,Beowulf,Greenland,pivot,pivot,,,text,80,8,true
Basketball,hard,Pick the most specific concept tied to Basketball.,free throw,breathing,scientist,Greenland,free throw,,,text,80,8,true
Basketball,hard,Select the most precise term for Basketball.,longitude,dribble,accessory,Gupta Empire,dribble,,,text,80,8,true
Basketball,hard,Which term is most specifically associated with Basketball?,habitat,esports,backboard,lungs,backboard,,,text,80,8,true
Basketball,hard,Which term is most specifically associated with Basketball?,culture,multiple,rebound,theme,rebound,,,text,80,8,true
Basketball,hard,Pick the most specific concept tied to Basketball.,pattern,opera,free throw,panel,free throw,,,text,80,8,true
Basketball,hard,Pick the most specific concept tied to Basketball.,pivot,Loki,perimeter,chain rule,pivot,,,text,80,8,true
Basketball,hard,Pick the most specific concept tied to Basketball.,penalty,flooring,shot clock,athletics,shot clock,,,text,80,8,true
Basketball,hard,Which option best characterizes Basketball?,soil,ratio,shot clock,altitude,shot clock,,,text,80,8,true
Basketball,hard,Select the most precise term for Basketball.,Iliad,assist,texture,election,assist,,,text,80,8,true
Basketball,hard,Select the most precise term for Basketball.,migration,light-year,horsepower,foul,foul,,,text,80,8,true
Basketball,hard,Select the most precise term for Basketball.,fiscal policy,dribble,polytheism,automation,dribble,,,text,80,8,true
Basketball,hard,Select the most precise term for Basketball.,shot clock,Bihar,color palette,phishing,shot clock,,,text,80,8,true
Basketball,hard,Which term is most specifically associated with Basketball?,Gupta Empire,foul,diameter,currency symbol,foul,,,text,80,8,true
Basketball,hard,Which term is most specifically associated with Basketball?,goal,prey,shot clock,existence,shot clock,,,text,80,8,true
Basketball,hard,Which term is most specifically associated with Basketball?,dribble,Ragnarok,Atacama,Literature,dribble,,,text,80,8,true
Basketball,hard,Pick the most specific concept tied to Basketball.,polynomial,pivot,GDP,Best Actress,pivot,,,text,80,8,true
Basketball,hard,Pick the most specific concept tied to Basketball.,trademark,rocket,athletics,rebound,rebound,,,text,80,8,true
Basketball,hard,Pick the most specific concept tied to Basketball.,Bihar,level,rebound,controller,rebound,,,text,80,8,true
Basketball,hard,Pick the most specific concept tied to Basketball.,re-entry,prime minister,shot clock,metaphysics,shot clock,,,text,80,8,true
Basketball,hard,Which term is most specifically associated with Basketball?,transmission,climate model,foul,fulfillment,foul,,,text,80,8,true
Basketball,hard,Select the most precise term for Basketball.,risk,pivot,mulch,adjective,pivot,,,text,80,8,true
Chess,easy,Select a term associated with Chess.,laureate,knight,side effect,script,knight,,,text,20,12,true
Chess,easy,Which option belongs to Chess?,cinematography,stalemate,return,elasticity,stalemate,,,text,20,12,true
Chess,easy,Pick the correct term for Chess.,returns,opening,breathing,recycling,opening,,,text,20,12,true
Chess,easy,Which of these is related to Chess?,rook,hemisphere,gold medal,accuracy,rook,,,text,20,12,true
Chess,easy,Select a term associated with Chess.,bishop,triangle,trail,judiciary,bishop,,,text,20,12,true
Chess,easy,Pick the correct term for Chess.,flowerbed,engagement,rook,share,rook,,,text,20,12,true
Chess,easy,Which of these is related to Chess?,endgame,latitude,telescope,momentum,endgame,,,text,20,12,true
Chess,easy,Which of these is related to Chess?,knight,planting,cabinet,logic,knight,,,text,20,12,true
Chess,easy,Which option belongs to Chess?,period,opening,Shiva,abstract,opening,,,text,20,12,true
Chess,easy,Which option belongs to Chess?,Mars rover,pawn,share,K2,pawn,,,text,20,12,true
Chess,easy,Pick the correct term for Chess.,stratification,checkmate,vaccine,publisher,checkmate,,,text,20,12,true
Chess,easy,Pick the correct term for Chess.,Ramayana,Himalayas,Ashoka,endgame,endgame,,,text,20,12,true
Chess,easy,Which of these is related to Chess?,castling,album,innovation,hero,castling,,,text,20,12,true
Chess,easy,Select a term associated with Chess.,knight,emblem,algorithm,virtue,knight,,,text,20,12,true
Chess,easy,Which option belongs to Chess?,chassis,mindfulness,muscular system,checkmate,checkmate,,,text,20,12,true
Chess,easy,Select a term associated with Chess.,market cap,verse,checkmate,red carpet,checkmate,,,text,20,12,true
Chess,easy,Pick the correct term for Chess.,genre,dribble,checkmate,Sri Lanka,checkmate,,,text,20,12,true
Chess,easy,Which option belongs to Chess?,pawn,nominee,integral,agent,pawn,,,text,20,12,true
Chess,medium,Pick the concept that best matches Chess.,carbon dioxide,respiratory system,bishop,cookie,bishop,,,text,40,10,true
Chess,medium,Which option is a key concept in Chess?,species,emulator,opening,steam engine,opening,,,text,40,10,true
Chess,medium,Select the most relevant term for Chess.,pivot,rook,subnet,pip,rook,,,text,40,10,true
Chess,medium,Select the most relevant term for Chess.,enzyme,opening,conservation,pronoun,opening,,,text,40,10,true
Chess,medium,Pick the concept that best matches Chess.,server,inflation,livestock,checkmate,checkmate,,,text,40,10,true
Chess,medium,Which term is most commonly used in Chess?,limit,bishop,radius,share,bishop,,,text,40,10,true
Chess,medium,Which option is a key concept in Chess?,opening,cinematography,group,heart,opening,,,text,40,10,true
Chess,medium,Which option is a key concept in Chess?,bull market,studio,castling,delta,castling,,,text,40,10,true
Chess,medium,Which option is a key concept in Chess?,funnel,compound,triangle,stalemate,stalemate,,,text,40,10,true
Chess,medium,Select the most relevant term for Chess.,stalemate,executive,acquisition,scripture,stalemate,,,text,40,10,true
Chess,medium,Pick the concept that best matches Chess.,dividend,bishop,interest,latitude,bishop,,,text,40,10,true
Chess,medium,Which option is a key concept in Chess?,dictionary,myth,pawn,pivot,pawn,,,text,40,10,true
Chess,medium,Which option is a key concept in Chess?,layout,studio,queen,Asgard,queen,,,text,40,10,true
Chess,medium,Select the most relevant term for Chess.,bishop,delta,market cap,bandwidth,bishop,,,text,40,10,true
Chess,medium,Which option is a key concept in Chess?,stalemate,publisher,Harappa,sensor,stalemate,,,text,40,10,true
Chess,medium,Select the most relevant term for Chess.,flowerbed,checkmate,Atlantic Ocean,IPO,checkmate,,,text,40,10,true
Chess,medium,Which option is a key concept in Chess?,castling,scripture,launch vehicle,reaction,castling,,,text,40,10,true
Chess,medium,Which term is most commonly used in Chess?,level,Ramayana,hypotenuse,castling,castling,,,text,40,10,true
Chess,hard,Select the most precise term for Chess.,hemisphere,grammar,internet,endgame,endgame,,,text,80,8,true
Chess,hard,Which option best characterizes Chess?,Indian Ocean,pesticide,design,endgame,endgame,,,text,80,8,true
Chess,hard,Select the most precise term for Chess.,stripe,rook,inflation,norms,rook,,,text,80,8,true
Chess,hard,Select the most precise term for Chess.,stalemate,symbol,constellation,telescope,stalemate,,,text,80,8,true
Chess,hard,Select the most precise term for Chess.,queen,fossil fuels,slope,bowler,queen,,,text,80,8,true
Chess,hard,Pick the most specific concept tied to Chess.,interface,knight,sequence,billionaire,knight,,,text,80,8,true
Chess,hard,Select the most precise term for Chess.,rook,lens,Yangtze,dictionary,rook,,,text,80,8,true
Chess,hard,Which term is most specifically associated with Chess?,volume,records,opening,semantics,opening,,,text,80,8,true
Chess,hard,Select the most precise term for Chess.,K2,authorization,pawn,telescope,pawn,,,text,80,8,true
Chess,hard,Select the most precise term for Chess.,rook,emblem,dictionary,latitude,rook,,,text,80,8,true
Chess,hard,Which option best characterizes Chess?,servo,vaccine,horsepower,knight,knight,,,text,80,8,true
Chess,hard,Which option best characterizes Chess?,firewall,endgame,URL,carbon dioxide,endgame,,,text,80,8,true
Chess,hard,Which term is most specifically associated with Chess?,corner kick,opening,printing press,feature,opening,,,text,80,8,true
Chess,hard,Select the most precise term for Chess.,opening,Android,stream of consciousness,ionic bond,opening,,,text,80,8,true
Chess,hard,Select the most precise term for Chess.,innovation,coefficient,knight,lens,knight,,,text,80,8,true
Chess,hard,Which term is most specifically associated with Chess?,stalemate,inflection,Stockholm,balance,stalemate,,,text,80,8,true
Chess,hard,Pick the most specific concept tied to Chess.,Everest,rook,North America,hospital,rook,,,text,80,8,true
Chess,hard,Which term is most specifically associated with Chess?,payment gateway,arid,modem,pawn,pawn,,,text,80,8,true
Chess,hard,Pick the most specific concept tied to Chess.,toxicity,endgame,sea,festivals,endgame,,,text,80,8,true
Chess,hard,Which option best characterizes Chess?,digestive system,corner kick,castling,watercolor,castling,,,text,80,8,true
Chess,hard,Pick the most specific concept tied to Chess.,filmfare,rook,motivation,Divine Comedy,rook,,,text,80,8,true
Chess,hard,Which term is most specifically associated with Chess?,opening,prime number,block,ecology,opening,,,text,80,8,true
Chess,hard,Which option best characterizes Chess?,opening ceremony,United Nations,knight,investor,knight,,,text,80,8,true
Chess,hard,Pick the most specific concept tied to Chess.,volatility,bytecode,queen,preposition,queen,,,text,80,8,true
Movies (Hollywood),easy,Pick the correct term for Movies (Hollywood).,franchise,exposure,cognition,island chain,franchise,,,text,20,12,true
Movies (Hollywood),easy,Which option belongs to Movies (Hollywood)?,distribution,elasticity,stalemate,premiere,premiere,,,text,20,12,true
Movies (Hollywood),easy,Pick the correct term for Movies (Hollywood).,screenplay,processor,ecology,semantics,screenplay,,,text,20,12,true
Movies (Hollywood),easy,Select a term associated with Movies (Hollywood).,Gulf,opening ceremony,screenplay,prayer,screenplay,,,text,20,12,true
Movies (Hollywood),easy,Which of these is related to Movies (Hollywood)?,bias,franchise,Athena,lungs,franchise,,,text,20,12,true
Movies (Hollywood),easy,Select a term associated with Movies (Hollywood).,Hades,galaxy,Oscar,dollar,Oscar,,,text,20,12,true
Movies (Hollywood),easy,Which of these is related to Movies (Hollywood)?,slogan,rook,franchise,stripe,franchise,,,text,20,12,true
Movies (Hollywood),easy,Pick the correct term for Movies (Hollywood).,emblem,cinematography,statuette,corner kick,cinematography,,,text,20,12,true
Movies (Hollywood),easy,Select a term associated with Movies (Hollywood).,crest,structural,deviance,box office,box office,,,text,20,12,true
Movies (Hollywood),easy,Pick the correct term for Movies (Hollywood).,pruning,share,Brahma,box office,box office,,,text,20,12,true
Movies (Hollywood),easy,Which option belongs to Movies (Hollywood)?,acceleration,lens,online store,Oscar,Oscar,,,text,20,12,true
Movies (Hollywood),easy,Which option belongs to Movies (Hollywood)?,Madagascar,cosine,franchise,Gujarat,franchise,,,text,20,12,true
Movies (Hollywood),easy,Pick the correct term for Movies (Hollywood).,blockbuster,perception,coefficient,Bihar,blockbuster,,,text,20,12,true
Movies (Hollywood),easy,Select a term associated with Movies (Hollywood).,programming,campground,records,franchise,franchise,,,text,20,12,true
Movies (Hollywood),easy,Which of these is related to Movies (Hollywood)?,cinematography,compiler,Bollywood,Karnataka,cinematography,,,text,20,12,true
Movies (Hollywood),easy,Which option belongs to Movies (Hollywood)?,studio,lambda,soil,remix,studio,,,text,20,12,true
Movies (Hollywood),easy,Which option belongs to Movies (Hollywood)?,theme,novel,JavaScript,screenplay,screenplay,,,text,20,12,true
Movies (Hollywood),easy,Which of these is related to Movies (Hollywood)?,checkmate,decolonization,Oscar,sidekick,Oscar,,,text,20,12,true
Movies (Hollywood),medium,Which term is most commonly used in Movies (Hollywood)?,root,metabolism,sequel,album,sequel,,,text,40,10,true
Movies (Hollywood),medium,Select the most relevant term for Movies (Hollywood).,returns,scarcity,evolution,box office,box office,,,text,40,10,true
Movies (Hollywood),medium,Which option is a key concept in Movies (Hollywood)?,launch vehicle,indentation,box office,banner,box office,,,text,40,10,true
Movies (Hollywood),medium,Pick the concept that best matches Movies (Hollywood).,screenplay,pollution,stream of consciousness,malware,screenplay,,,text,40,10,true
Movies (Hollywood),medium,Which term is most commonly used in Movies (Hollywood)?,carbon dioxide,emulator,composition,sequel,sequel,,,text,40,10,true
Movies (Hollywood),medium,Pick the concept that best matches Movies (Hollywood).,premiere,inflection,shot clock,prey,premiere,,,text,40,10,true
Movies (Hollywood),medium,Which option is a key concept in Movies (Hollywood)?,Sahara,adverb,smart contract,sequel,sequel,,,text,40,10,true
Movies (Hollywood),medium,Select the most relevant term for Movies (Hollywood).,cinematography,variable,pronoun,taste,cinematography,,,text,40,10,true
Movies (Hollywood),medium,Which option is a key concept in Movies (Hollywood)?,dot-com,screenplay,turbulence,strings,screenplay,,,text,40,10,true
Movies (Hollywood),medium,Which term is most commonly used in Movies (Hollywood)?,director,leader,console,perception,director,,,text,40,10,true
Movies (Hollywood),medium,Which option is a key concept in Movies (Hollywood)?,guild,Asgard,conservation,cinematography,cinematography,,,text,40,10,true
Movies (Hollywood),medium,Which option is a key concept in Movies (Hollywood)?,optimization,cinematography,perspective,triangle,cinematography,,,text,40,10,true
Movies (Hollywood),medium,Which option is a key concept in Movies (Hollywood)?,circle,studio,stream of consciousness,frame,studio,,,text,40,10,true
Movies (Hollywood),medium,Pick the concept that best matches Movies (Hollywood).,satellite,servo,premiere,banner,premiere,,,text,40,10,true
Movies (Hollywood),medium,Pick the concept that best matches Movies (Hollywood).,director,backhand,ceremony,policy debate,director,,,text,40,10,true
Movies (Hollywood),medium,Which option is a key concept in Movies (Hollywood)?,magnetism,compiler,box office,carbon dioxide,box office,,,text,40,10,true
Movies (Hollywood),medium,Pick the concept that best matches Movies (Hollywood).,advertising,sequel,prize,toxicity,sequel,,,text,40,10,true
Movies (Hollywood),medium,Which term is most commonly used in Movies (Hollywood)?,screenplay,internet,equation,lens,screenplay,,,text,40,10,true
Movies (Hollywood),hard,Select the most precise term for Movies (Hollywood).,black hole,records,box office,alliteration,box office,,,text,80,8,true
Movies (Hollywood),hard,Pick the most specific concept tied to Movies (Hollywood).,Economics,alliteration,screenplay,proof of work,screenplay,,,text,80,8,true
Movies (Hollywood),hard,Which option best characterizes Movies (Hollywood)?,director,bear market,script,banner,director,,,text,80,8,true
Movies (Hollywood),hard,Pick the most specific concept tied to Movies (Hollywood).,studio,vulnerability,demography,opening ceremony,studio,,,text,80,8,true
Movies (Hollywood),hard,Pick the most specific concept tied to Movies (Hollywood).,rebound,enzyme,sequel,adverb,sequel,,,text,80,8,true
Movies (Hollywood),hard,Which option best characterizes Movies (Hollywood)?,Poseidon,studio,metaphor,knight,studio,,,text,80,8,true
Movies (Hollywood),hard,Select the most precise term for Movies (Hollywood).,conversion,DNA,energy,Oscar,Oscar,,,text,80,8,true
Movies (Hollywood),hard,Select the most precise term for Movies (Hollywood).,jet engine,screenplay,nervous system,hook,screenplay,,,text,80,8,true
Movies (Hollywood),hard,Pick the most specific concept tied to Movies (Hollywood).,dividend yield,franchise,president,torque,franchise,,,text,80,8,true
Movies (Hollywood),hard,Which option best characterizes Movies (Hollywood)?,grill,warehouse,stratification,screenplay,screenplay,,,text,80,8,true
Movies (Hollywood),hard,Pick the most specific concept tied to Movies (Hollywood).,bond,Oscar,ranger,entrepreneur,Oscar,,,text,80,8,true
Movies (Hollywood),hard,Which option best characterizes Movies (Hollywood)?,cuisine,screenplay,conservation,classification,screenplay,,,text,80,8,true
Movies (Hollywood),hard,Which option best characterizes Movies (Hollywood)?,box office,renewable,atoll,chain rule,box office,,,text,80,8,true
Movies (Hollywood),hard,Which term is most specifically associated with Movies (Hollywood)?,box office,democracy,continuity,brush,box office,,,text,80,8,true
Movies (Hollywood),hard,Select the most precise term for Movies (Hollywood).,costume,launch vehicle,prize,Oscar,Oscar,,,text,80,8,true
Movies (Hollywood),hard,Pick the most specific concept tied to Movies (Hollywood).,smartphone,palette,Oscar,innings,Oscar,,,text,80,8,true
Movies (Hollywood),hard,Select the most precise term for Movies (Hollywood).,island chain,pranayama,cinematography,Southern Ocean,cinematography,,,text,80,8,true
Movies (Hollywood),hard,Pick the most specific concept tied to Movies (Hollywood).,time zone,exchange rate,sequel,share,sequel,,,text,80,8,true
Movies (Hollywood),hard,Which option best characterizes Movies (Hollywood)?,blockbuster,depth of field,foundation,relay,blockbuster,,,text,80,8,true
Movies (Hollywood),hard,Select the most precise term for Movies (Hollywood).,Amazon,pilgrimage,franchise,covalent bond,franchise,,,text,80,8,true
Movies (Hollywood),hard,Which term is most specifically associated with Movies (Hollywood)?,blockbuster,dividend,prayer,multiple,blockbuster,,,text,80,8,true
Movies (Hollywood),hard,Select the most precise term for Movies (Hollywood).,sequel,innovation,silhouette,translation,sequel,,,text,80,8,true
Movies (Hollywood),hard,Which term is most specifically associated with Movies (Hollywood)?,habitat,studio,dribble,stratification,studio,,,text,80,8,true
Movies (Hollywood),hard,Select the most precise term for Movies (Hollywood).,climate policy,producer,smart contract,Oscar,Oscar,,,text,80,8,true
Movies (Bollywood),easy,Pick the correct term for Movies (Bollywood).,Hindi cinema,scientist,sea level,machine,Hindi cinema,,,text,20,12,true
Movies (Bollywood),easy,Select a term associated with Movies (Bollywood).,gravity,robot,pranayama,song sequence,song sequence,,,text,20,12,true
Movies (Bollywood),easy,Which of these is related to Movies (Bollywood)?,routing,protein,torque,song sequence,song sequence,,,text,20,12,true
Movies (Bollywood),easy,Which option belongs to Movies (Bollywood)?,opening ceremony,song sequence,World Wide Web,monopoly,song sequence,,,text,20,12,true
Movies (Bollywood),easy,Which option belongs to Movies (Bollywood)?,star,sanctuary,biodiversity,education reform,star,,,text,20,12,true
Movies (Bollywood),easy,Which of these is related to Movies (Bollywood)?,bond,Bollywood,cash flow,legislature,Bollywood,,,text,20,12,true
Movies (Bollywood),easy,Which option belongs to Movies (Bollywood)?,dystopia,platform,Bollywood,Valkyrie,Bollywood,,,text,20,12,true
Movies (Bollywood),easy,Which option belongs to Movies (Bollywood)?,runway,integral,box office,overfitting,box office,,,text,20,12,true
Movies (Bollywood),easy,Select a term associated with Movies (Bollywood).,magnetism,hero,classification,masala,masala,,,text,20,12,true
Movies (Bollywood),easy,Which option belongs to Movies (Bollywood)?,Hindi cinema,rook,funnel,wardrobe,Hindi cinema,,,text,20,12,true
Movies (Bollywood),easy,Select a term associated with Movies (Bollywood).,logic,lighting,box office,heart,box office,,,text,20,12,true
Movies (Bollywood),easy,Select a term associated with Movies (Bollywood).,Poseidon,box office,Pacific Ocean,platform,box office,,,text,20,12,true
Movies (Bollywood),easy,Which of these is related to Movies (Bollywood)?,director,smartphone,Zeus,turbulence,director,,,text,20,12,true
Movies (Bollywood),easy,Pick the correct term for Movies (Bollywood).,Hindi cinema,spacewalk,atom,turbulence,Hindi cinema,,,text,20,12,true
Movies (Bollywood),easy,Which of these is related to Movies (Bollywood)?,director,preposition,Sahara,polynomial,director,,,text,20,12,true
Movies (Bollywood),easy,Which option belongs to Movies (Bollywood)?,leadership,vulnerability,masala,flooring,masala,,,text,20,12,true
Movies (Bollywood),easy,Which option belongs to Movies (Bollywood)?,Hindi cinema,dish,seed,force,Hindi cinema,,,text,20,12,true
Movies (Bollywood),easy,Pick the correct term for Movies (Bollywood).,farm,dance,novel,myth,dance,,,text,20,12,true
Movies (Bollywood),medium,Which term is most commonly used in Movies (Bollywood)?,stretch,playback,payment gateway,turbulence,playback,,,text,40,10,true
Movies (Bollywood),medium,Which term is most commonly used in Movies (Bollywood)?,star,hospital,trade agreement,carbon footprint,star,,,text,40,10,true
Movies (Bollywood),medium,Which option is a key concept in Movies (Bollywood)?,queen,masala,inventory,like,masala,,,text,40,10,true
Movies (Bollywood),medium,Pick the concept that best matches Movies (Bollywood).,single,HTTP,Mars rover,playback,playback,,,text,40,10,true
Movies (Bollywood),medium,Select the most relevant term for Movies (Bollywood).,limit,Hollywood,masala,router,masala,,,text,40,10,true
Movies (Bollywood),medium,Select the most relevant term for Movies (Bollywood).,nebula,billionaire,inventor,star,star,,,text,40,10,true
Movies (Bollywood),medium,Pick the concept that best matches Movies (Bollywood).,filmfare,silhouette,Sri Lanka,superpower,filmfare,,,text,40,10,true
Movies (Bollywood),medium,Which term is most commonly used in Movies (Bollywood)?,remix,box office,tablet,international summit,box office,,,text,40,10,true
Movies (Bollywood),medium,Which term is most commonly used in Movies (Bollywood)?,prescription,star,translation,imagery,star,,,text,40,10,true
Movies (Bollywood),medium,Which term is most commonly used in Movies (Bollywood)?,Hindi cinema,semantics,continent,App Store,Hindi cinema,,,text,40,10,true
Movies (Bollywood),medium,Which option is a key concept in Movies (Bollywood)?,structural,climate model,director,servo,director,,,text,40,10,true
Movies (Bollywood),medium,Which term is most commonly used in Movies (Bollywood)?,dance,batsman,inflation,angle,dance,,,text,40,10,true
Movies (Bollywood),medium,Which option is a key concept in Movies (Bollywood)?,trail,blue chip,area,star,star,,,text,40,10,true
Movies (Bollywood),medium,Which term is most commonly used in Movies (Bollywood)?,shot clock,printing press,cinematography,playback,playback,,,text,40,10,true
Movies (Bollywood),medium,Select the most relevant term for Movies (Bollywood).,app,Bollywood,regression,tense,Bollywood,,,text,40,10,true
Movies (Bollywood),medium,Pick the concept that best matches Movies (Bollywood).,filmfare,ecology,ecosystem,phishing,filmfare,,,text,40,10,true
Movies (Bollywood),medium,Which option is a key concept in Movies (Bollywood)?,mitigation,Uttar Pradesh,star,merger,star,,,text,40,10,true
Movies (Bollywood),medium,Pick the concept that best matches Movies (Bollywood).,masala,qualifier,Borneo,Olympiad,masala,,,text,40,10,true
Movies (Bollywood),hard,Pick the most specific concept tied to Movies (Bollywood).,Gupta Empire,playback,norms,pH,playback,,,text,80,8,true
Movies (Bollywood),hard,Which term is most specifically associated with Movies (Bollywood)?,Athena,Bollywood,texture,carbon footprint,Bollywood,,,text,80,8,true
Movies (Bollywood),hard,Select the most precise term for Movies (Bollywood).,feed,dance,REST,innings,dance,,,text,80,8,true
Movies (Bollywood),hard,Pick the most specific concept tied to Movies (Bollywood).,IP address,Krishna,Literature,playback,playback,,,text,80,8,true
Movies (Bollywood),hard,Select the most precise term for Movies (Bollywood).,star,orchestra,playback,symptom,playback,,,text,80,8,true
Movies (Bollywood),hard,Pick the most specific concept tied to Movies (Bollywood).,song sequence,athletics,horsepower,script,song sequence,,,text,80,8,true
Movies (Bollywood),hard,Which term is most specifically associated with Movies (Bollywood)?,Stockholm,URL,Bollywood,opera,Bollywood,,,text,80,8,true
Movies (Bollywood),hard,Select the most precise term for Movies (Bollywood).,Hindi cinema,producer,app,telescope,Hindi cinema,,,text,80,8,true
Movies (Bollywood),hard,Which term is most specifically associated with Movies (Bollywood)?,predator,kidney,training data,playback,playback,,,text,80,8,true
Movies (Bollywood),hard,Select the most precise term for Movies (Bollywood).,sonata,predator,Hindi cinema,Caribbean Sea,Hindi cinema,,,text,80,8,true
Movies (Bollywood),hard,Which option best characterizes Movies (Bollywood)?,shutter speed,baseline,playback,indentation,playback,,,text,80,8,true
Movies (Bollywood),hard,Which option best characterizes Movies (Bollywood)?,Bollywood,volume,Yangtze,volatility,Bollywood,,,text,80,8,true
Movies (Bollywood),hard,Select the most precise term for Movies (Bollywood).,Hera,brand identity,Akbar,song sequence,song sequence,,,text,80,8,true
Movies (Bollywood),hard,Pick the most specific concept tied to Movies (Bollywood).,Uttar Pradesh,masala,predicate,Sumer,masala,,,text,80,8,true
Movies (Bollywood),hard,Pick the most specific concept tied to Movies (Bollywood).,masala,runway,inference,recognition,masala,,,text,80,8,true
Movies (Bollywood),hard,Which term is most specifically associated with Movies (Bollywood)?,box office,election,Atacama,campaign,box office,,,text,80,8,true
Movies (Bollywood),hard,Which option best characterizes Movies (Bollywood)?,torque,dialect,three-pointer,dance,dance,,,text,80,8,true
Movies (Bollywood),hard,Which term is most specifically associated with Movies (Bollywood)?,exposure,superhero,song sequence,brand equity,song sequence,,,text,80,8,true
Movies (Bollywood),hard,Select the most precise term for Movies (Bollywood).,pawn,director,iOS,pilgrimage,director,,,text,80,8,true
Movies (Bollywood),hard,Which option best characterizes Movies (Bollywood)?,Mughal Empire,masala,adjective,globalization,masala,,,text,80,8,true
Movies (Bollywood),hard,Pick the most specific concept tied to Movies (Bollywood).,farm,dance,ionic bond,Mediterranean Sea,dance,,,text,80,8,true
Movies (Bollywood),hard,Pick the most specific concept tied to Movies (Bollywood).,song sequence,Gupta Empire,transaction,Indus Valley,song sequence,,,text,80,8,true
Movies (Bollywood),hard,Pick the most specific concept tied to Movies (Bollywood).,livestock,dollar,design,box office,box office,,,text,80,8,true
Movies (Bollywood),hard,Pick the most specific concept tied to Movies (Bollywood).,coin,summit,playback,opening ceremony,playback,,,text,80,8,true
Music (Classical),easy,Pick the correct term for Music (Classical).,habitat,order,billionaire,baroque,baroque,,,text,20,12,true
Music (Classical),easy,Which of these is related to Music (Classical)?,hashtag,Punjab,public health,orchestra,orchestra,,,text,20,12,true
Music (Classical),easy,Which of these is related to Music (Classical)?,Delhi Sultanate,strings,greenhouse gases,Gobi,strings,,,text,20,12,true
Music (Classical),easy,Which option belongs to Music (Classical)?,chassis,wildlife reserve,orchestra,cosine,orchestra,,,text,20,12,true
Music (Classical),easy,Which option belongs to Music (Classical)?,baroque,run rate,pound,target audience,baroque,,,text,20,12,true
Music (Classical),easy,Which option belongs to Music (Classical)?,orchestra,clause,designer,statuette,orchestra,,,text,20,12,true
Music (Classical),easy,Which option belongs to Music (Classical)?,checkmate,habitat,inheritance,orchestra,orchestra,,,text,20,12,true
Music (Classical),easy,Select a term associated with Music (Classical).,quadratic,rook,strings,pattern,strings,,,text,20,12,true
Music (Classical),easy,Which of these is related to Music (Classical)?,Medicine,symphony,fertilizer,Midgard,symphony,,,text,20,12,true
Music (Classical),easy,Which of these is related to Music (Classical)?,spice,inflection,alphabet,movement,movement,,,text,20,12,true
Music (Classical),easy,Pick the correct term for Music (Classical).,HTTP,blockbuster,multiple,concerto,concerto,,,text,20,12,true
Music (Classical),easy,Which option belongs to Music (Classical)?,Asgard,Asia,net,conductor,conductor,,,text,20,12,true
Music (Classical),easy,Pick the correct term for Music (Classical).,thread,Hollywood,species,conductor,conductor,,,text,20,12,true
Music (Classical),easy,Which option belongs to Music (Classical)?,perception,trend,philanthropist,orchestra,orchestra,,,text,20,12,true
Music (Classical),easy,Which of these is related to Music (Classical)?,conductor,feature,list comprehension,inflation,conductor,,,text,20,12,true
Music (Classical),easy,Pick the correct term for Music (Classical).,artist,concerto,integral,operating system,concerto,,,text,20,12,true
Music (Classical),easy,Select a term associated with Music (Classical).,fiscal policy,inflection,altitude,composer,composer,,,text,20,12,true
Music (Classical),easy,Which of these is related to Music (Classical)?,sedan,sea,Andes,opera,opera,,,text,20,12,true
Music (Classical),medium,Which option is a key concept in Music (Classical)?,hash,monopoly,strings,volume,strings,,,text,40,10,true
Music (Classical),medium,Which option is a key concept in Music (Classical)?,Gobi,executive,hook,composer,composer,,,text,40,10,true
Music (Classical),medium,Which option is a key concept in Music (Classical)?,radio,conservation,origin story,baroque,baroque,,,text,40,10,true
Music (Classical),medium,Which option is a key concept in Music (Classical)?,printing press,therapy,Maharashtra,orchestra,orchestra,,,text,40,10,true
Music (Classical),medium,Which option is a key concept in Music (Classical)?,Andes,vaccination,composer,risk,composer,,,text,40,10,true
Music (Classical),medium,Select the most relevant term for Music (Classical).,opera,Divine Comedy,Babylon,interest,opera,,,text,40,10,true
Music (Classical),medium,Which term is most commonly used in Music (Classical)?,character,conductor,volatility,acquisition,conductor,,,text,40,10,true
Music (Classical),medium,Which option is a key concept in Music (Classical)?,movement,Shiva,camera,protein,movement,,,text,40,10,true
Music (Classical),medium,Select the most relevant term for Music (Classical).,complexity,supernova,Southern Ocean,opera,opera,,,text,40,10,true
Music (Classical),medium,Which term is most commonly used in Music (Classical)?,spacecraft,opera,K2,nebula,opera,,,text,40,10,true
Music (Classical),medium,Which term is most commonly used in Music (Classical)?,metaphysics,movement,farm,pesticide,movement,,,text,40,10,true
Music (Classical),medium,Pick the concept that best matches Music (Classical).,light-year,guild,perception,orchestra,orchestra,,,text,40,10,true
Music (Classical),medium,Which term is most commonly used in Music (Classical)?,area under curve,knight,sonata,verse,sonata,,,text,40,10,true
Music (Classical),medium,Which option is a key concept in Music (Classical)?,story arc,baroque,altitude,Europe,baroque,,,text,40,10,true
Music (Classical),medium,Select the most relevant term for Music (Classical).,composer,Indus Valley,Atacama,skeletal system,composer,,,text,40,10,true
Music (Classical),medium,Pick the concept that best matches Music (Classical).,metaphysics,portrait,concerto,telescope,concerto,,,text,40,10,true
Music (Classical),medium,Which option is a key concept in Music (Classical)?,symphony,infrastructure,international summit,laureate,symphony,,,text,40,10,true
Music (Classical),medium,Pick the concept that best matches Music (Classical).,silhouette,concerto,side effect,philanthropist,concerto,,,text,40,10,true
Music (Classical),hard,Select the most precise term for Music (Classical).,composer,virtualenv,billionaire,athlete,composer,,,text,80,8,true
Music (Classical),hard,Which option best characterizes Music (Classical)?,product page,strings,router,filmfare,strings,,,text,80,8,true
Music (Classical),hard,Which term is most specifically associated with Music (Classical)?,symphony,emissions,studio,trademark,symphony,,,text,80,8,true
Music (Classical),hard,Pick the most specific concept tied to Music (Classical).,brain,Everest,data structure,opera,opera,,,text,80,8,true
Music (Classical),hard,Select the most precise term for Music (Classical).,sonata,virtualenv,bond,validation,sonata,,,text,80,8,true
Music (Classical),hard,Which term is most specifically associated with Music (Classical)?,screen,symphony,polytheism,Poseidon,symphony,,,text,80,8,true
Music (Classical),hard,Which option best characterizes Music (Classical)?,narrator,Madagascar,orchestra,Plassey,orchestra,,,text,80,8,true
Music (Classical),hard,Select the most precise term for Music (Classical).,altitude,offside,socialization,symphony,symphony,,,text,80,8,true
Music (Classical),hard,Which term is most specifically associated with Music (Classical)?,innings,opera,validation,policy debate,opera,,,text,80,8,true
Music (Classical),hard,Select the most precise term for Music (Classical).,APK,sonata,masala,innings,sonata,,,text,80,8,true
Music (Classical),hard,Pick the most specific concept tied to Music (Classical).,inference,sonata,peak,logo,sonata,,,text,80,8,true
Music (Classical),hard,Which option best characterizes Music (Classical)?,strings,transmission,bowler,Egyptians,strings,,,text,80,8,true
Music (Classical),hard,Select the most precise term for Music (Classical).,Medicine,percentage,opera,rocket,opera,,,text,80,8,true
Music (Classical),hard,Which option best characterizes Music (Classical)?,accessory,polymorphism,returns,concerto,concerto,,,text,80,8,true
Music (Classical),hard,Pick the most specific concept tied to Music (Classical).,bear market,album,movement,verb,movement,,,text,80,8,true
Music (Classical),hard,Pick the most specific concept tied to Music (Classical).,automation,K2,Loki,opera,opera,,,text,80,8,true
Music (Classical),hard,Select the most precise term for Music (Classical).,election,shutter speed,database,composer,composer,,,text,80,8,true
Music (Classical),hard,Which option best characterizes Music (Classical)?,sedan,concerto,breathing,proof of work,concerto,,,text,80,8,true
Music (Classical),hard,Pick the most specific concept tied to Music (Classical).,diplomacy,queen,election,composer,composer,,,text,80,8,true
Music (Classical),hard,Which option best characterizes Music (Classical)?,scientist,inventor,shot clock,symphony,symphony,,,text,80,8,true
Music (Classical),hard,Pick the most specific concept tied to Music (Classical).,Hittites,concerto,ecosystem,search,concerto,,,text,80,8,true
Music (Classical),hard,Which term is most specifically associated with Music (Classical)?,equation,opera,Asia,stratification,opera,,,text,80,8,true
Music (Classical),hard,Which option best characterizes Music (Classical)?,hero,rhyme,opera,ethics,opera,,,text,80,8,true
Music (Classical),hard,Pick the most specific concept tied to Music (Classical).,prescription,like,concerto,records,concerto,,,text,80,8,true
Music (Pop),easy,Which option belongs to Music (Pop)?,chorus,therapy,demography,receptor,chorus,,,text,20,12,true
Music (Pop),easy,Pick the correct term for Music (Pop).,elasticity,album,conservation,index,album,,,text,20,12,true
Music (Pop),easy,Which of these is related to Music (Pop)?,automation,gesture,genre,yield,genre,,,text,20,12,true
Music (Pop),easy,Pick the correct term for Music (Pop).,hemisphere,concert,Rajasthan,Android,concert,,,text,20,12,true
Music (Pop),easy,Which option belongs to Music (Pop)?,polynomial,chorus,defender,space station,chorus,,,text,20,12,true
Music (Pop),easy,Pick the correct term for Music (Pop).,album,bytecode,metabolism,biodiversity,album,,,text,20,12,true
Music (Pop),easy,Select a term associated with Music (Pop).,polytheism,single,shutter speed,election,single,,,text,20,12,true
Music (Pop),easy,Which of these is related to Music (Pop)?,rally,diplomacy,processor,remix,remix,,,text,20,12,true
Music (Pop),easy,Pick the correct term for Music (Pop).,producer,Kalahari,cell,transaction,producer,,,text,20,12,true
Music (Pop),easy,Pick the correct term for Music (Pop).,radian,Alps,fossil fuels,billboard,billboard,,,text,20,12,true
Music (Pop),easy,Which of these is related to Music (Pop)?,integer,producer,acceleration,stream of consciousness,producer,,,text,20,12,true
Music (Pop),easy,Pick the correct term for Music (Pop).,Southern Ocean,thread,hook,inventory,hook,,,text,20,12,true
Music (Pop),easy,Which option belongs to Music (Pop)?,subnet,turbulence,single,planting,single,,,text,20,12,true
Music (Pop),easy,Which of these is related to Music (Pop)?,supply chain,multiplayer,billboard,castling,billboard,,,text,20,12,true
Music (Pop),easy,Which of these is related to Music (Pop)?,album,mitochondria,inventory,panel,album,,,text,20,12,true
Music (Pop),easy,Which of these is related to Music (Pop)?,Punjab,remix,switch,three-pointer,remix,,,text,20,12,true
Music (Pop),easy,Select a term associated with Music (Pop).,authentication,equation,renewable,chorus,chorus,,,text,20,12,true
Music (Pop),easy,Select a term associated with Music (Pop).,pronoun,texture,range,hook,hook,,,text,20,12,true
Music (Pop),medium,Pick the concept that best matches Music (Pop).,bear market,preposition,promotion,album,album,,,text,40,10,true
Music (Pop),medium,Select the most relevant term for Music (Pop).,playlist,equator,subject,composer,playlist,,,text,40,10,true
Music (Pop),medium,Pick the concept that best matches Music (Pop).,Mississippi,Medicine,inference,producer,producer,,,text,40,10,true
Music (Pop),medium,Pick the concept that best matches Music (Pop).,batsman,playlist,executive,lifecycle,playlist,,,text,40,10,true
Music (Pop),medium,Which option is a key concept in Music (Pop)?,canvas,star,Amazon,playlist,playlist,,,text,40,10,true
Music (Pop),medium,Which term is most commonly used in Music (Pop)?,album,trade agreement,servo,justice,album,,,text,40,10,true
Music (Pop),medium,Which option is a key concept in Music (Pop)?,Greenland,dosage,remix,orbit,remix,,,text,40,10,true
Music (Pop),medium,Pick the concept that best matches Music (Pop).,deuce,remix,sedan,root,remix,,,text,40,10,true
Music (Pop),medium,Pick the concept that best matches Music (Pop).,red carpet,sanctuary,chorus,climate policy,chorus,,,text,40,10,true
Music (Pop),medium,Which term is most commonly used in Music (Pop)?,myth,protocol,Poseidon,hook,hook,,,text,40,10,true
Music (Pop),medium,Select the most relevant term for Music (Pop).,return,verb,Akbar,concert,concert,,,text,40,10,true
Music (Pop),medium,Which term is most commonly used in Music (Pop)?,comic,proof of work,concert,mitigation,concert,,,text,40,10,true
Music (Pop),medium,Which term is most commonly used in Music (Pop)?,chorus,UI thread,fuselage,endangered,chorus,,,text,40,10,true
Music (Pop),medium,Pick the concept that best matches Music (Pop).,continuity,polymorphism,remix,factor,remix,,,text,40,10,true
Music (Pop),medium,Select the most relevant term for Music (Pop).,metaphysics,banknote,inventory,genre,genre,,,text,40,10,true
Music (Pop),medium,Which term is most commonly used in Music (Pop)?,playlist,Beowulf,postmodern,iOS,playlist,,,text,40,10,true
Music (Pop),medium,Pick the concept that best matches Music (Pop).,product page,producer,focus,therapy,producer,,,text,40,10,true
Music (Pop),medium,Select the most relevant term for Music (Pop).,author,tragedy,comic,single,single,,,text,40,10,true
Music (Pop),hard,Which option best characterizes Music (Pop)?,HTTP,respiratory system,movement,chorus,chorus,,,text,80,8,true
Music (Pop),hard,Which option best characterizes Music (Pop)?,myth,continent,genre,entrepreneur,genre,,,text,80,8,true
Music (Pop),hard,Select the most precise term for Music (Pop).,Bihar,genre,CEO,tablet,genre,,,text,80,8,true
Music (Pop),hard,Pick the most specific concept tied to Music (Pop).,mulch,single,Ashoka,epic,single,,,text,80,8,true
Music (Pop),hard,Which option best characterizes Music (Pop)?,Rockies,hook,market,limit,hook,,,text,80,8,true
Music (Pop),hard,Select the most precise term for Music (Pop).,innings,circulatory system,dystopia,hook,hook,,,text,80,8,true
Music (Pop),hard,Which term is most specifically associated with Music (Pop)?,encryption,chorus,momentum,sauce,chorus,,,text,80,8,true
Music (Pop),hard,Which term is most specifically associated with Music (Pop)?,percentage,asana,genre,proof of work,genre,,,text,80,8,true
Music (Pop),hard,Pick the most specific concept tied to Music (Pop).,ethics,issue,ace,producer,producer,,,text,80,8,true
Music (Pop),hard,Select the most precise term for Music (Pop).,norms,chorus,sustainability,star,chorus,,,text,80,8,true
Music (Pop),hard,Which option best characterizes Music (Pop)?,remix,publisher,flexibility,billionaire,remix,,,text,80,8,true
Music (Pop),hard,Which option best characterizes Music (Pop)?,globe,rebound,concert,adjective,concert,,,text,80,8,true
Music (Pop),hard,Pick the most specific concept tied to Music (Pop).,single,South America,generator,conversion,single,,,text,80,8,true
Music (Pop),hard,Which option best characterizes Music (Pop)?,concert,patch,exchange rate,Plassey,concert,,,text,80,8,true
Music (Pop),hard,Select the most precise term for Music (Pop).,modem,polygon,director,playlist,playlist,,,text,80,8,true
Music (Pop),hard,Which term is most specifically associated with Music (Pop)?,sensor,recipe,single,pranayama,single,,,text,80,8,true
Music (Pop),hard,Pick the most specific concept tied to Music (Pop).,concert,bioavailability,order,façade,concert,,,text,80,8,true
Music (Pop),hard,Select the most precise term for Music (Pop).,shipping,knowledge base,chorus,multiplayer,chorus,,,text,80,8,true
Music (Pop),hard,Which term is most specifically associated with Music (Pop)?,rally,promotion,cockpit,genre,genre,,,text,80,8,true
Music (Pop),hard,Which term is most specifically associated with Music (Pop)?,designer,kidney,genre,App Store,genre,,,text,80,8,true
Music (Pop),hard,Select the most precise term for Music (Pop).,electricity,Mars rover,genre,banner,genre,,,text,80,8,true
Music (Pop),hard,Pick the most specific concept tied to Music (Pop).,Uttar Pradesh,billboard,design,patent,billboard,,,text,80,8,true
Music (Pop),hard,Which option best characterizes Music (Pop)?,genre,inequality,API,TCP,genre,,,text,80,8,true
Music (Pop),hard,Which option best characterizes Music (Pop)?,irrigation,follower,aperture,single,single,,,text,80,8,true
Painting & Art,easy,Pick the correct term for Painting & Art.,shot clock,Chemistry,equation,brush,brush,,,text,20,12,true
Painting & Art,easy,Which option belongs to Painting & Art?,black hole,abstract,Sumatra,Hera,abstract,,,text,20,12,true
Painting & Art,easy,Which option belongs to Painting & Art?,brush,factor,Borneo,Android,brush,,,text,20,12,true
Painting & Art,easy,Pick the correct term for Painting & Art.,robot arm,watering,portrait,Assam,portrait,,,text,20,12,true
Painting & Art,easy,Pick the correct term for Painting & Art.,perspective,conservation,Loki,Rama,perspective,,,text,20,12,true
Painting & Art,easy,Which of these is related to Painting & Art?,prescription,Assyrians,abstract,recipe,abstract,,,text,20,12,true
Painting & Art,easy,Which option belongs to Painting & Art?,shipping,firewall,metaphysics,watercolor,watercolor,,,text,20,12,true
Painting & Art,easy,Which option belongs to Painting & Art?,Champaran,turbulence,oil paint,Mojave,oil paint,,,text,20,12,true
Painting & Art,easy,Pick the correct term for Painting & Art.,palette,triangle,bioavailability,textile,palette,,,text,20,12,true
Painting & Art,easy,Which option belongs to Painting & Art?,canvas,coefficient,machine,branding,canvas,,,text,20,12,true
Painting & Art,easy,Pick the correct term for Painting & Art.,IP address,canvas,blockbuster,coin,canvas,,,text,20,12,true
Painting & Art,easy,Which of these is related to Painting & Art?,screen,conservation,semi-arid,perspective,perspective,,,text,20,12,true
Painting & Art,easy,Which of these is related to Painting & Art?,palette,opera,mind,theme,palette,,,text,20,12,true
Painting & Art,easy,Pick the correct term for Painting & Art.,complexity,watercolor,accessory,stanza,watercolor,,,text,20,12,true
Painting & Art,easy,Select a term associated with Painting & Art.,metabolism,perspective,statuette,logic,perspective,,,text,20,12,true
Painting & Art,easy,Select a term associated with Painting & Art.,shot clock,responsive design,brush,multiple,brush,,,text,20,12,true
Painting & Art,easy,Which option belongs to Painting & Art?,watercolor,polytheism,emblem,gradient descent,watercolor,,,text,20,12,true
Painting & Art,easy,Pick the correct term for Painting & Art.,TCP,Maharashtra,level,oil paint,oil paint,,,text,20,12,true
Painting & Art,medium,Which option is a key concept in Painting & Art?,robot,landscape,circulatory system,routing,landscape,,,text,40,10,true
Painting & Art,medium,Select the most relevant term for Painting & Art.,perspective,currency symbol,endangered,controller,perspective,,,text,40,10,true
Painting & Art,medium,Select the most relevant term for Painting & Art.,freight,species,tangent,gallery,gallery,,,text,40,10,true
Painting & Art,medium,Which option is a key concept in Painting & Art?,author,accuracy,sequel,oil paint,oil paint,,,text,40,10,true
Painting & Art,medium,Select the most relevant term for Painting & Art.,portrait,authentication,novel,logic,portrait,,,text,40,10,true
Painting & Art,medium,Pick the concept that best matches Painting & Art.,inventory,landscape,compound,shipping,landscape,,,text,40,10,true
Painting & Art,medium,Which term is most commonly used in Painting & Art?,formation,vulnerability,equation,oil paint,oil paint,,,text,40,10,true
Painting & Art,medium,Which term is most commonly used in Painting & Art?,Iceland,harvest,dividend,portrait,portrait,,,text,40,10,true
Painting & Art,medium,Which option is a key concept in Painting & Art?,canvas,set,level,symptom,canvas,,,text,40,10,true
Painting & Art,medium,Which term is most commonly used in Painting & Art?,fuselage,APK,abstract,penalty,abstract,,,text,40,10,true
Painting & Art,medium,Select the most relevant term for Painting & Art.,texture,forehand,gallery,virtue,gallery,,,text,40,10,true
Painting & Art,medium,Pick the concept that best matches Painting & Art.,album,yen,perspective,root,perspective,,,text,40,10,true
Painting & Art,medium,Pick the concept that best matches Painting & Art.,palette,server,compost,stream of consciousness,palette,,,text,40,10,true
Painting & Art,medium,Pick the concept that best matches Painting & Art.,translation,portrait,diagnosis,podium,portrait,,,text,40,10,true
Painting & Art,medium,Which term is most commonly used in Painting & Art?,esports,aperture,portrait,ranger,portrait,,,text,40,10,true
Painting & Art,medium,Which term is most commonly used in Painting & Art?,range,abstract,consensus,conductor,abstract,,,text,40,10,true
Painting & Art,medium,Pick the concept that best matches Painting & Art.,gallery,yen,adverb,clergy,gallery,,,text,40,10,true
Painting & Art,medium,Pick the concept that best matches Painting & Art.,star,meter,canvas,minimalism,canvas,,,text,40,10,true
Painting & Art,hard,Which term is most specifically associated with Painting & Art?,perspective,Bihar,penalty,Gulf,perspective,,,text,80,8,true
Painting & Art,hard,Which option best characterizes Painting & Art?,Physics,email,watercolor,map scale,watercolor,,,text,80,8,true
Painting & Art,hard,Which option best characterizes Painting & Art?,landscape,corner kick,summit,phishing,landscape,,,text,80,8,true
Painting & Art,hard,Pick the most specific concept tied to Painting & Art.,homeostasis,blueprint,palette,epic,palette,,,text,80,8,true
Painting & Art,hard,Which option best characterizes Painting & Art?,block,elasticity,dialect,landscape,landscape,,,text,80,8,true
Painting & Art,hard,Which option best characterizes Painting & Art?,gallery,producer,switch,carbon footprint,gallery,,,text,80,8,true
Painting & Art,hard,Select the most precise term for Painting & Art.,watercolor,textile,filmfare,gravity,watercolor,,,text,80,8,true
Painting & Art,hard,Which option best characterizes Painting & Art?,packaging,watercolor,designer,wardrobe,watercolor,,,text,80,8,true
Painting & Art,hard,Select the most precise term for Painting & Art.,blueprint,watercolor,radius,postmodern,watercolor,,,text,80,8,true
Painting & Art,hard,Which term is most specifically associated with Painting & Art?,watercolor,continuity,panel,sequel,watercolor,,,text,80,8,true
Painting & Art,hard,Which term is most specifically associated with Painting & Art?,nervous system,phonetics,palette,gesture,palette,,,text,80,8,true
Painting & Art,hard,Pick the most specific concept tied to Painting & Art.,baroque,Yggdrasil,gallery,chain rule,gallery,,,text,80,8,true
Painting & Art,hard,Which option best characterizes Painting & Art?,Mahabharata,canvas,flavor,Maurya Empire,canvas,,,text,80,8,true
Painting & Art,hard,Pick the most specific concept tied to Painting & Art.,plate,gallery,climate policy,opening ceremony,gallery,,,text,80,8,true
Painting & Art,hard,Which option best characterizes Painting & Art?,depth of field,firewall,perspective,linear,perspective,,,text,80,8,true
Painting & Art,hard,Pick the most specific concept tied to Painting & Art.,inflection,illustration,brush,inheritance,brush,,,text,80,8,true
Painting & Art,hard,Which term is most specifically associated with Painting & Art?,balance,philanthropist,generator,gallery,gallery,,,text,80,8,true
Painting & Art,hard,Which term is most specifically associated with Painting & Art?,existence,paradox,gallery,trend,gallery,,,text,80,8,true
Painting & Art,hard,Pick the most specific concept tied to Painting & Art.,patch,perspective,ecosystem,composer,perspective,,,text,80,8,true
Painting & Art,hard,Which option best characterizes Painting & Art?,existence,smartphone,watercolor,run rate,watercolor,,,text,80,8,true
Painting & Art,hard,Select the most precise term for Painting & Art.,floor plan,diplomacy,frame,watercolor,watercolor,,,text,80,8,true
Painting & Art,hard,Pick the most specific concept tied to Painting & Art.,toxicity,sine,altitude,oil paint,oil paint,,,text,80,8,true
Painting & Art,hard,Which option best characterizes Painting & Art?,texture,perspective,achievement,block,perspective,,,text,80,8,true
Painting & Art,hard,Which option best characterizes Painting & Art?,education reform,investor,portrait,browser,portrait,,,text,80,8,true
Architecture,easy,Pick the correct term for Architecture.,binary,character,graphics,column,column,,,text,20,12,true
Architecture,easy,Select a term associated with Architecture.,iterator,like,ethics,design,design,,,text,20,12,true
Architecture,easy,Which option belongs to Architecture?,judiciary,structural,ISO,perspective,structural,,,text,20,12,true
Architecture,easy,Pick the correct term for Architecture.,AI,haiku,vault,blue chip,vault,,,text,20,12,true
Architecture,easy,Which of these is related to Architecture?,blueprint,CSS,Physics,continent,blueprint,,,text,20,12,true
Architecture,easy,Select a term associated with Architecture.,internet,pharmacokinetics,monarch,structural,structural,,,text,20,12,true
Architecture,easy,Which option belongs to Architecture?,realism,opening,skyscraper,protocol,skyscraper,,,text,20,12,true
Architecture,easy,Pick the correct term for Architecture.,device,skyscraper,space station,cuisine,skyscraper,,,text,20,12,true
Architecture,easy,Which option belongs to Architecture?,Valkyrie,blueprint,acquisition,scarcity,blueprint,,,text,20,12,true
Architecture,easy,Pick the correct term for Architecture.,column,altitude,Krishna,parliament,column,,,text,20,12,true
Architecture,easy,Which of these is related to Architecture?,alliteration,TCP,World War I,design,design,,,text,20,12,true
Architecture,easy,Which of these is related to Architecture?,pitch,translation,nominee,blueprint,blueprint,,,text,20,12,true
Architecture,easy,Which of these is related to Architecture?,vault,periodic table,goalkeeper,stanza,vault,,,text,20,12,true
Architecture,easy,Which of these is related to Architecture?,Yggdrasil,floor plan,torque,model,floor plan,,,text,20,12,true
Architecture,easy,Select a term associated with Architecture.,protocol,legislature,foundation,thermodynamics,foundation,,,text,20,12,true
Architecture,easy,Which of these is related to Architecture?,artist,APK,kidney,blueprint,blueprint,,,text,20,12,true
Architecture,easy,Pick the correct term for Architecture.,protected area,floor plan,heart,recognition,floor plan,,,text,20,12,true
Architecture,easy,Which option belongs to Architecture?,blueprint,time zone,transmission,ISO,blueprint,,,text,20,12,true
Architecture,medium,Select the most relevant term for Architecture.,theme,Plassey,opportunity cost,floor plan,floor plan,,,text,40,10,true
Architecture,medium,Which term is most commonly used in Architecture?,coin,virtue,structural,target audience,structural,,,text,40,10,true
Architecture,medium,Pick the concept that best matches Architecture.,character,endgame,façade,Bihar,façade,,,text,40,10,true
Architecture,medium,Pick the concept that best matches Architecture.,fuel,semi-arid,rebrand,column,column,,,text,40,10,true
Architecture,medium,Which option is a key concept in Architecture?,pruning,toxicity,floor plan,smartphone,floor plan,,,text,40,10,true
Architecture,medium,Which term is most commonly used in Architecture?,ingredient,package,vault,Bluetooth,vault,,,text,40,10,true
Architecture,medium,Pick the concept that best matches Architecture.,recycling,column,Iceland,summit,column,,,text,40,10,true
Architecture,medium,Which option is a key concept in Architecture?,ISP,engagement,blueprint,protected area,blueprint,,,text,40,10,true
Architecture,medium,Which term is most commonly used in Architecture?,packaging,radian,atom,blueprint,blueprint,,,text,40,10,true
Architecture,medium,Which option is a key concept in Architecture?,DNA,Antarctica,foundation,Divine Comedy,foundation,,,text,40,10,true
Architecture,medium,Which option is a key concept in Architecture?,currency symbol,foundation,emulator,vaccination,foundation,,,text,40,10,true
Architecture,medium,Select the most relevant term for Architecture.,foundation,Red Sea,hemisphere,force,foundation,,,text,40,10,true
Architecture,medium,Which term is most commonly used in Architecture?,session,design,predicate,Maurya Empire,design,,,text,40,10,true
Architecture,medium,Pick the concept that best matches Architecture.,façade,logo,renewable,Assyrians,façade,,,text,40,10,true
Architecture,medium,Pick the concept that best matches Architecture.,distribution,protocol,UI thread,design,design,,,text,40,10,true
Architecture,medium,Which term is most commonly used in Architecture?,free throw,façade,climate policy,triangle,façade,,,text,40,10,true
Architecture,medium,Select the most relevant term for Architecture.,carbon footprint,producer,vault,playback,vault,,,text,40,10,true
Architecture,medium,Pick the concept that best matches Architecture.,pronoun,cell,biodiversity,structural,structural,,,text,40,10,true
Architecture,hard,Pick the most specific concept tied to Architecture.,design,spacecraft,strings,endangered,design,,,text,80,8,true
Architecture,hard,Which option best characterizes Architecture?,variable,engagement,host city,vault,vault,,,text,80,8,true
Architecture,hard,Select the most precise term for Architecture.,charger,nervous system,blueprint,Beowulf,blueprint,,,text,80,8,true
Architecture,hard,Select the most precise term for Architecture.,startup,foundation,constellation,comment,foundation,,,text,80,8,true
Architecture,hard,Select the most precise term for Architecture.,panel,market research,culture,façade,façade,,,text,80,8,true
Architecture,hard,Select the most precise term for Architecture.,foundation,engagement,banner,Akbar,foundation,,,text,80,8,true
Architecture,hard,Select the most precise term for Architecture.,Best Actor,package,level,skyscraper,skyscraper,,,text,80,8,true
Architecture,hard,Which term is most specifically associated with Architecture?,façade,oxidation,castling,predicate,façade,,,text,80,8,true
Architecture,hard,Pick the most specific concept tied to Architecture.,façade,flowerbed,silhouette,mindfulness,façade,,,text,80,8,true
Architecture,hard,Select the most precise term for Architecture.,treatment,Greenland,Asgard,structural,structural,,,text,80,8,true
Architecture,hard,Select the most precise term for Architecture.,quest,gallery,Kalahari,design,design,,,text,80,8,true
Architecture,hard,Select the most precise term for Architecture.,Gulf,protocol,brand identity,structural,structural,,,text,80,8,true
Architecture,hard,Select the most precise term for Architecture.,opportunity cost,color palette,tragedy,structural,structural,,,text,80,8,true
Architecture,hard,Which option best characterizes Architecture?,console,structural,summit,AI,structural,,,text,80,8,true
Architecture,hard,Which option best characterizes Architecture?,Lake Victoria,blueprint,Valhalla,supply chain,blueprint,,,text,80,8,true
Architecture,hard,Pick the most specific concept tied to Architecture.,Loki,plate,chorus,column,column,,,text,80,8,true
Architecture,hard,Which term is most specifically associated with Architecture?,satellite,authorization,foundation,frame,foundation,,,text,80,8,true
Architecture,hard,Which option best characterizes Architecture?,Iceland,compound,design,shot clock,design,,,text,80,8,true
Architecture,hard,Which term is most specifically associated with Architecture?,structural,inventory,gold medal,demand,structural,,,text,80,8,true
Architecture,hard,Pick the most specific concept tied to Architecture.,vaccination,panel,design,rhyme,design,,,text,80,8,true
Architecture,hard,Which term is most specifically associated with Architecture?,vault,Sahara,feature,Greenland,vault,,,text,80,8,true
Architecture,hard,Which term is most specifically associated with Architecture?,expression,trade agreement,acquisition,foundation,foundation,,,text,80,8,true
Architecture,hard,Pick the most specific concept tied to Architecture.,virtualenv,design,radius,Best Actor,design,,,text,80,8,true
Architecture,hard,Which term is most specifically associated with Architecture?,Southern Ocean,compound,façade,reason,façade,,,text,80,8,true
Fashion,easy,Select a term associated with Fashion.,vault,trend,plate,share,trend,,,text,20,12,true
Fashion,easy,Which of these is related to Fashion?,inventor,viral,fabric,Gobi,fabric,,,text,20,12,true
Fashion,easy,Select a term associated with Fashion.,palette,chancellor,algorithm,silhouette,silhouette,,,text,20,12,true
Fashion,easy,Which of these is related to Fashion?,prayer,author,runway,polygon,runway,,,text,20,12,true
Fashion,easy,Which option belongs to Fashion?,adjective,market research,textile,sensor,textile,,,text,20,12,true
Fashion,easy,Which option belongs to Fashion?,silhouette,credit,dribble,conglomerate,silhouette,,,text,20,12,true
Fashion,easy,Pick the correct term for Fashion.,designer,sedan,Zeus,single,designer,,,text,20,12,true
Fashion,easy,Which of these is related to Fashion?,composer,range,designer,policy debate,designer,,,text,20,12,true
Fashion,easy,Which option belongs to Fashion?,explorer,stump,translation,accessory,accessory,,,text,20,12,true
Fashion,easy,Which option belongs to Fashion?,equator,Punjab,fabric,Hittites,fabric,,,text,20,12,true
Fashion,easy,Select a term associated with Fashion.,pattern,DOM,cabinet,ionic bond,pattern,,,text,20,12,true
Fashion,easy,Pick the correct term for Fashion.,wardrobe,translation,seed,actuator,wardrobe,,,text,20,12,true
Fashion,easy,Pick the correct term for Fashion.,constellation,designer,radian,comic,designer,,,text,20,12,true
Fashion,easy,Pick the correct term for Fashion.,pattern,decor,Kerala,illustration,pattern,,,text,20,12,true
Fashion,easy,Which of these is related to Fashion?,layout,designer,Rama,treatment,designer,,,text,20,12,true
Fashion,easy,Which of these is related to Fashion?,issue,aircraft,textile,Lake Superior,textile,,,text,20,12,true
Fashion,easy,Pick the correct term for Fashion.,database,silhouette,wilderness,routing,silhouette,,,text,20,12,true
Fashion,easy,Which of these is related to Fashion?,generator,pattern,dribble,demand,pattern,,,text,20,12,true
Fashion,medium,Which option is a key concept in Fashion?,Pacific Ocean,supply chain,designer,altitude,designer,,,text,40,10,true
Fashion,medium,Pick the concept that best matches Fashion.,protocol,crest,ice melt,runway,runway,,,text,40,10,true
Fashion,medium,Pick the concept that best matches Fashion.,elasticity,flavor,accessory,algorithm,accessory,,,text,40,10,true
Fashion,medium,Which option is a key concept in Fashion?,multiple,class,textile,logic,textile,,,text,40,10,true
Fashion,medium,Which option is a key concept in Fashion?,garbage collection,silhouette,Iliad,gold medal,silhouette,,,text,40,10,true
Fashion,medium,Pick the concept that best matches Fashion.,stock exchange,franchise,runway,Medicine,runway,,,text,40,10,true
Fashion,medium,Which option is a key concept in Fashion?,inequality,fabric,Punjab,stripe,fabric,,,text,40,10,true
Fashion,medium,Pick the concept that best matches Fashion.,GDP,climate policy,wardrobe,summit,wardrobe,,,text,40,10,true
Fashion,medium,Which term is most commonly used in Fashion?,supply,textile,interface,muscular system,textile,,,text,40,10,true
Fashion,medium,Which term is most commonly used in Fashion?,muscular system,gold medal,wardrobe,reason,wardrobe,,,text,40,10,true
Fashion,medium,Which option is a key concept in Fashion?,return,Sumer,galaxy,designer,designer,,,text,40,10,true
Fashion,medium,Which term is most commonly used in Fashion?,clergy,batsman,legislature,pattern,pattern,,,text,40,10,true
Fashion,medium,Select the most relevant term for Fashion.,banknote,pattern,gold medal,spice,pattern,,,text,40,10,true
Fashion,medium,Pick the concept that best matches Fashion.,trend,illustration,movement,K2,trend,,,text,40,10,true
Fashion,medium,Which term is most commonly used in Fashion?,textile,branding,Everest,Champaran,textile,,,text,40,10,true
Fashion,medium,Which option is a key concept in Fashion?,yield,dune,wardrobe,mulch,wardrobe,,,text,40,10,true
Fashion,medium,Which term is most commonly used in Fashion?,designer,transaction,rally,blueprint,designer,,,text,40,10,true
Fashion,medium,Which term is most commonly used in Fashion?,nebula,wardrobe,wearable,institution,wardrobe,,,text,40,10,true
Fashion,hard,Which term is most specifically associated with Fashion?,Indus Valley,emotion,disease,silhouette,silhouette,,,text,80,8,true
Fashion,hard,Which term is most specifically associated with Fashion?,canvas,firewall,runway,inequality,runway,,,text,80,8,true
Fashion,hard,Which option best characterizes Fashion?,launch vehicle,wardrobe,patent,rocket,wardrobe,,,text,80,8,true
Fashion,hard,Pick the most specific concept tied to Fashion.,target audience,ranger,coefficient,couture,couture,,,text,80,8,true
Fashion,hard,Pick the most specific concept tied to Fashion.,area under curve,accessory,Tamil Nadu,triangle,accessory,,,text,80,8,true
Fashion,hard,Which term is most specifically associated with Fashion?,cape,podium,runway,garbage collection,runway,,,text,80,8,true
Fashion,hard,Select the most precise term for Fashion.,prayer,public health,silhouette,longitude,silhouette,,,text,80,8,true
Fashion,hard,Which option best characterizes Fashion?,recycling,pattern,Lakshmi,symbol,pattern,,,text,80,8,true
Fashion,hard,Which option best characterizes Fashion?,area under curve,constitution,silhouette,virtue,silhouette,,,text,80,8,true
Fashion,hard,Which option best characterizes Fashion?,panel,fabric,Indus Valley,Loki,fabric,,,text,80,8,true
Fashion,hard,Which option best characterizes Fashion?,wardrobe,Champaran,flagpole,Karnataka,wardrobe,,,text,80,8,true
Fashion,hard,Which option best characterizes Fashion?,root,index,pattern,validation,pattern,,,text,80,8,true
Fashion,hard,Which option best characterizes Fashion?,conversion,Bollywood,patent,silhouette,silhouette,,,text,80,8,true
Fashion,hard,Select the most precise term for Fashion.,pattern,concert,scientist,continent,pattern,,,text,80,8,true
Fashion,hard,Which option best characterizes Fashion?,inheritance,movement,silhouette,planning,silhouette,,,text,80,8,true
Fashion,hard,Select the most precise term for Fashion.,concerto,emotion,runway,composition,runway,,,text,80,8,true
Fashion,hard,Which term is most specifically associated with Fashion?,façade,textile,Bluetooth,volatility,textile,,,text,80,8,true
Fashion,hard,Select the most precise term for Fashion.,firewall,trend,institution,Amazon,trend,,,text,80,8,true
Fashion,hard,Which option best characterizes Fashion?,trend,trademark,interface,Lakshmi,trend,,,text,80,8,true
Fashion,hard,Select the most precise term for Fashion.,mind,Vishnu,textile,galaxy,textile,,,text,80,8,true
Fashion,hard,Pick the most specific concept tied to Fashion.,encryption,sine,soil,trend,trend,,,text,80,8,true
Fashion,hard,Select the most precise term for Fashion.,designer,gesture,issue,authorization,designer,,,text,80,8,true
Fashion,hard,Pick the most specific concept tied to Fashion.,inventory,Phoenicians,fabric,device,fabric,,,text,80,8,true
Fashion,hard,Which term is most specifically associated with Fashion?,branding,irrigation,textile,yield,textile,,,text,80,8,true
Automobiles,easy,Which of these is related to Automobiles?,pattern,chassis,Iliad,election,chassis,,,text,20,12,true
Automobiles,easy,Pick the correct term for Automobiles.,boundary,adjective,adverb,sedan,sedan,,,text,20,12,true
Automobiles,easy,Pick the correct term for Automobiles.,World War II,gearbox,percentage,Krishna,gearbox,,,text,20,12,true
Automobiles,easy,Select a term associated with Automobiles.,blue chip,transmission,color palette,masala,transmission,,,text,20,12,true
Automobiles,easy,Pick the correct term for Automobiles.,nominee,suspension,composer,opening,suspension,,,text,20,12,true
Automobiles,easy,Pick the correct term for Automobiles.,equation,rebound,torque,return,torque,,,text,20,12,true
Automobiles,easy,Which option belongs to Automobiles?,dividend yield,fuel,Durga,publisher,fuel,,,text,20,12,true
Automobiles,easy,Pick the correct term for Automobiles.,transmission,ice melt,ritual,automation,transmission,,,text,20,12,true
Automobiles,easy,Pick the correct term for Automobiles.,Africa,horsepower,Kerala,endgame,horsepower,,,text,20,12,true
Automobiles,easy,Select a term associated with Automobiles.,steam engine,horsepower,subject,Borneo,horsepower,,,text,20,12,true
Automobiles,easy,Which option belongs to Automobiles?,aerodynamics,Hera,horsepower,composer,horsepower,,,text,20,12,true
Automobiles,easy,Select a term associated with Automobiles.,sequel,returns,sedan,explorer,sedan,,,text,20,12,true
Automobiles,easy,Which of these is related to Automobiles?,deviance,fuel,podium,supply,fuel,,,text,20,12,true
Automobiles,easy,Which of these is related to Automobiles?,programming,runway,virtue,sedan,sedan,,,text,20,12,true
Automobiles,easy,Pick the correct term for Automobiles.,horsepower,dribble,exchange rate,dividend yield,horsepower,,,text,20,12,true
Automobiles,easy,Which option belongs to Automobiles?,banner,engine,net,color palette,engine,,,text,20,12,true
Automobiles,easy,Select a term associated with Automobiles.,opera,prime minister,horsepower,vulnerability,horsepower,,,text,20,12,true
Automobiles,easy,Which option belongs to Automobiles?,continent,engine,inflation,Akbar,engine,,,text,20,12,true
Automobiles,medium,Which term is most commonly used in Automobiles?,transmission,IP address,ethics,composition,transmission,,,text,40,10,true
Automobiles,medium,Pick the concept that best matches Automobiles.,suspension,app,monopoly,linguistics,suspension,,,text,40,10,true
Automobiles,medium,Which option is a key concept in Automobiles?,turbulence,portfolio,fuel,Don Quixote,fuel,,,text,40,10,true
Automobiles,medium,Select the most relevant term for Automobiles.,gearbox,momentum,algorithm,constitution,gearbox,,,text,40,10,true
Automobiles,medium,Select the most relevant term for Automobiles.,focus,engine,bandwidth,continent,engine,,,text,40,10,true
Automobiles,medium,Which term is most commonly used in Automobiles?,chassis,scientist,planet,unit circle,chassis,,,text,40,10,true
Automobiles,medium,Which option is a key concept in Automobiles?,transmission,Everest,supply,sonata,transmission,,,text,40,10,true
Automobiles,medium,Pick the concept that best matches Automobiles.,Thar,gearbox,Babylon,expression,gearbox,,,text,40,10,true
Automobiles,medium,Pick the concept that best matches Automobiles.,match point,startup,brake,patch,brake,,,text,40,10,true
Automobiles,medium,Select the most relevant term for Automobiles.,polygon,function,horsepower,currency symbol,horsepower,,,text,40,10,true
Automobiles,medium,Select the most relevant term for Automobiles.,steam engine,climate policy,director,fuel,fuel,,,text,40,10,true
Automobiles,medium,Which term is most commonly used in Automobiles?,bear market,malware,brake,tangent,brake,,,text,40,10,true
Automobiles,medium,Select the most relevant term for Automobiles.,Atacama,brake,market,Australia,brake,,,text,40,10,true
Automobiles,medium,Pick the concept that best matches Automobiles.,brake,market cap,printing press,smart contract,brake,,,text,40,10,true
Automobiles,medium,Select the most relevant term for Automobiles.,diameter,gearbox,flag ratio,vocabulary,gearbox,,,text,40,10,true
Automobiles,medium,Which term is most commonly used in Automobiles?,Oscar,endangered,transmission,stripe,transmission,,,text,40,10,true
Automobiles,medium,Select the most relevant term for Automobiles.,global warming,automation,color,chassis,chassis,,,text,40,10,true
Automobiles,medium,Pick the concept that best matches Automobiles.,color palette,emissions,chassis,inequality,chassis,,,text,40,10,true
Automobiles,hard,Which option best characterizes Automobiles?,binary,conditioning,torque,backboard,torque,,,text,80,8,true
Automobiles,hard,Which option best characterizes Automobiles?,philanthropist,brake,over,dosage,brake,,,text,80,8,true
Automobiles,hard,Which term is most specifically associated with Automobiles?,Himalayas,planning,gearbox,guild,gearbox,,,text,80,8,true
Automobiles,hard,Pick the most specific concept tied to Automobiles.,equator,HTTP,suspension,symphony,suspension,,,text,80,8,true
Automobiles,hard,Select the most precise term for Automobiles.,engine,supply,playback,rebound,engine,,,text,80,8,true
Automobiles,hard,Which term is most specifically associated with Automobiles?,REST,Andes,fuel,director,fuel,,,text,80,8,true
Automobiles,hard,Pick the most specific concept tied to Automobiles.,chassis,group,homeostasis,Stockholm,chassis,,,text,80,8,true
Automobiles,hard,Which term is most specifically associated with Automobiles?,brake,dosage,JavaScript,archipelago,brake,,,text,80,8,true
Automobiles,hard,Pick the most specific concept tied to Automobiles.,Indus Valley,election cycle,foul,brake,brake,,,text,80,8,true
Automobiles,hard,Which term is most specifically associated with Automobiles?,Thor,rebound,Indus Valley,sedan,sedan,,,text,80,8,true
Automobiles,hard,Select the most precise term for Automobiles.,engine,oxidation,issue,myth,engine,,,text,80,8,true
Automobiles,hard,Which term is most specifically associated with Automobiles?,equator,clause,pitch,chassis,chassis,,,text,80,8,true
Automobiles,hard,Which option best characterizes Automobiles?,suspension,atoll,freight,minimalism,suspension,,,text,80,8,true
Automobiles,hard,Which term is most specifically associated with Automobiles?,brand equity,supply chain,suspension,argument,suspension,,,text,80,8,true
Automobiles,hard,Which term is most specifically associated with Automobiles?,esports,gearbox,device,operating system,gearbox,,,text,80,8,true
Automobiles,hard,Select the most precise term for Automobiles.,skeletal system,virtue,evolution,brake,brake,,,text,80,8,true
Automobiles,hard,Which option best characterizes Automobiles?,alphabet,inequality,indentation,fuel,fuel,,,text,80,8,true
Automobiles,hard,Which term is most specifically associated with Automobiles?,block,IPO,fuel,mindfulness,fuel,,,text,80,8,true
Automobiles,hard,Select the most precise term for Automobiles.,metabolism,wilderness,RPG,brake,brake,,,text,80,8,true
Automobiles,hard,Which term is most specifically associated with Automobiles?,transmission,charger,realism,diplomacy,transmission,,,text,80,8,true
Automobiles,hard,Select the most precise term for Automobiles.,Ares,garbage collection,inheritance,transmission,transmission,,,text,80,8,true
Automobiles,hard,Which option best characterizes Automobiles?,flag ratio,APK,shot clock,torque,torque,,,text,80,8,true
Automobiles,hard,Which term is most specifically associated with Automobiles?,PEP 8,rally,dialect,fuel,fuel,,,text,80,8,true
Automobiles,hard,Which option best characterizes Automobiles?,chain rule,Rockies,suspension,CEO,suspension,,,text,80,8,true
Aviation,easy,Select a term associated with Aviation.,App Store,rhyme,Asia,runway,runway,,,text,20,12,true
Aviation,easy,Pick the correct term for Aviation.,derivative,Tamil Nadu,director,aircraft,aircraft,,,text,20,12,true
Aviation,easy,Which option belongs to Aviation?,symphony,virtualenv,turbulence,crop,turbulence,,,text,20,12,true
Aviation,easy,Pick the correct term for Aviation.,emulator,turbulence,electricity,statuette,turbulence,,,text,20,12,true
Aviation,easy,Select a term associated with Aviation.,gene,habitat,altitude,consensus,altitude,,,text,20,12,true
Aviation,easy,Which of these is related to Aviation?,checkmate,superpower,air traffic,Android,air traffic,,,text,20,12,true
Aviation,easy,Pick the correct term for Aviation.,air traffic,bake,infrastructure,suspension,air traffic,,,text,20,12,true
Aviation,easy,Select a term associated with Aviation.,Mahabharata,catalyst,stripe,runway,runway,,,text,20,12,true
Aviation,easy,Which option belongs to Aviation?,Sahara,mulch,autonomy,aerodynamics,aerodynamics,,,text,20,12,true
Aviation,easy,Pick the correct term for Aviation.,fuselage,sequel,derivative,screen,fuselage,,,text,20,12,true
Aviation,easy,Select a term associated with Aviation.,brake,cockpit,judiciary,seed,cockpit,,,text,20,12,true
Aviation,easy,Which option belongs to Aviation?,runway,Asia,vaccine,compound,runway,,,text,20,12,true
Aviation,easy,Which option belongs to Aviation?,processor,runway,device,Iliad,runway,,,text,20,12,true
Aviation,easy,Which option belongs to Aviation?,costume,clinical,Literature,turbulence,turbulence,,,text,20,12,true
Aviation,easy,Which of these is related to Aviation?,jet engine,phonetics,inflation,Hamlet,jet engine,,,text,20,12,true
Aviation,easy,Which option belongs to Aviation?,spacecraft,assist,runway,ecosystem,runway,,,text,20,12,true
Aviation,easy,Pick the correct term for Aviation.,myth,aircraft,ranger,Odyssey,aircraft,,,text,20,12,true
Aviation,easy,Select a term associated with Aviation.,Borneo,taste,conditioning,jet engine,jet engine,,,text,20,12,true
Aviation,medium,Which option is a key concept in Aviation?,public health,monotheism,sequel,altitude,altitude,,,text,40,10,true
Aviation,medium,Select the most relevant term for Aviation.,aircraft,Rebellion of 1857,unit circle,thermodynamics,aircraft,,,text,40,10,true
Aviation,medium,Select the most relevant term for Aviation.,wave,transaction,Industrial Revolution,turbulence,turbulence,,,text,40,10,true
Aviation,medium,Which option is a key concept in Aviation?,dystopia,Beowulf,aerodynamics,semantics,aerodynamics,,,text,40,10,true
Aviation,medium,Which term is most commonly used in Aviation?,masala,fertilizer,ice melt,aircraft,aircraft,,,text,40,10,true
Aviation,medium,Select the most relevant term for Aviation.,oxidation,cockpit,recipe,Atacama,cockpit,,,text,40,10,true
Aviation,medium,Pick the concept that best matches Aviation.,air traffic,parallel,meter,coin,air traffic,,,text,40,10,true
Aviation,medium,Which term is most commonly used in Aviation?,optimization,stump,gradient descent,jet engine,jet engine,,,text,40,10,true
Aviation,medium,Which option is a key concept in Aviation?,molecule,campaign,Mars rover,aircraft,aircraft,,,text,40,10,true
Aviation,medium,Which option is a key concept in Aviation?,ace,malware,aircraft,cookie,aircraft,,,text,40,10,true
Aviation,medium,Which term is most commonly used in Aviation?,latency,recipe,planet,cockpit,cockpit,,,text,40,10,true
Aviation,medium,Pick the concept that best matches Aviation.,Phoenicians,laureate,runway,polytheism,runway,,,text,40,10,true
Aviation,medium,Pick the concept that best matches Aviation.,pranayama,formation,runway,push notification,runway,,,text,40,10,true
Aviation,medium,Pick the concept that best matches Aviation.,cockpit,compost,Amazon,checkmate,cockpit,,,text,40,10,true
Aviation,medium,Pick the concept that best matches Aviation.,runway,arch,screen,climate policy,runway,,,text,40,10,true
Aviation,medium,Select the most relevant term for Aviation.,column,election cycle,periodic table,runway,runway,,,text,40,10,true
Aviation,medium,Which term is most commonly used in Aviation?,portrait,emissions,fuselage,movement,fuselage,,,text,40,10,true
Aviation,medium,Which term is most commonly used in Aviation?,couture,nominee,air traffic,Maurya Empire,air traffic,,,text,40,10,true
Aviation,hard,Which term is most specifically associated with Aviation?,planet,RPG,postmodern,turbulence,turbulence,,,text,80,8,true
Aviation,hard,Which option best characterizes Aviation?,IP address,aircraft,toxicity,alter ego,aircraft,,,text,80,8,true
Aviation,hard,Which option best characterizes Aviation?,portrait,Indus Valley,responsive layout,cockpit,cockpit,,,text,80,8,true
Aviation,hard,Pick the most specific concept tied to Aviation.,landing gear,opening,diameter,tangent,landing gear,,,text,80,8,true
Aviation,hard,Which term is most specifically associated with Aviation?,prime minister,jet engine,pH,spacewalk,jet engine,,,text,80,8,true
Aviation,hard,Which term is most specifically associated with Aviation?,factorization,leadership,adverb,air traffic,air traffic,,,text,80,8,true
Aviation,hard,Pick the most specific concept tied to Aviation.,landing gear,Europe,Mississippi,lighting,landing gear,,,text,80,8,true
Aviation,hard,Pick the most specific concept tied to Aviation.,structural,movement,cockpit,bowler,cockpit,,,text,80,8,true
Aviation,hard,Which option best characterizes Aviation?,column,Divine Comedy,altitude,phonetics,altitude,,,text,80,8,true
Aviation,hard,Which term is most specifically associated with Aviation?,air traffic,network,movement,hemisphere,air traffic,,,text,80,8,true
Aviation,hard,Which option best characterizes Aviation?,archipelago,tangent,aircraft,backboard,aircraft,,,text,80,8,true
Aviation,hard,Which term is most specifically associated with Aviation?,Babylon,altitude,interest,election,altitude,,,text,80,8,true
Aviation,hard,Which option best characterizes Aviation?,stripe,cockpit,story arc,greenhouse gases,cockpit,,,text,80,8,true
Aviation,hard,Select the most precise term for Aviation.,inheritance,feature,ethics,air traffic,air traffic,,,text,80,8,true
Aviation,hard,Which option best characterizes Aviation?,altitude,wellness,Babylon,cash flow,altitude,,,text,80,8,true
Aviation,hard,Which option best characterizes Aviation?,Yggdrasil,aircraft,mission control,landscape,aircraft,,,text,80,8,true
Aviation,hard,Which term is most specifically associated with Aviation?,existence,phonetics,wardrobe,aerodynamics,aerodynamics,,,text,80,8,true
Aviation,hard,Pick the most specific concept tied to Aviation.,energy,percentage,Mesopotamia,jet engine,jet engine,,,text,80,8,true
Aviation,hard,Select the most precise term for Aviation.,Tamil Nadu,periodic table,demography,aerodynamics,aerodynamics,,,text,80,8,true
Aviation,hard,Which term is most specifically associated with Aviation?,campground,fuselage,minimalism,bear market,fuselage,,,text,80,8,true
Aviation,hard,Which term is most specifically associated with Aviation?,gravity,comic,recursion,landing gear,landing gear,,,text,80,8,true
Aviation,hard,Which option best characterizes Aviation?,cash flow,scientist,star,aircraft,aircraft,,,text,80,8,true
Aviation,hard,Select the most precise term for Aviation.,federalism,altitude,deity,ISO,altitude,,,text,80,8,true
Aviation,hard,Select the most precise term for Aviation.,Asia,cockpit,ecosystem,dictionary,cockpit,,,text,80,8,true
Environmental Science,easy,Which of these is related to Environmental Science?,renewable,Industrial Revolution,planet,minimalism,renewable,,,text,20,12,true
Environmental Science,easy,Which of these is related to Environmental Science?,renewable,arch,Nobel Prize,philanthropist,renewable,,,text,20,12,true
Environmental Science,easy,Which option belongs to Environmental Science?,predator,treatment,sustainability,wellness,sustainability,,,text,20,12,true
Environmental Science,easy,Which of these is related to Environmental Science?,producer,conversion,database,pollution,pollution,,,text,20,12,true
Environmental Science,easy,Select a term associated with Environmental Science.,foundation,dystopia,renewable,mitigation,renewable,,,text,20,12,true
Environmental Science,easy,Select a term associated with Environmental Science.,habitat,camera,platform,summit,habitat,,,text,20,12,true
Environmental Science,easy,Which of these is related to Environmental Science?,Best Actor,slope,aerodynamics,renewable,renewable,,,text,20,12,true
Environmental Science,easy,Pick the correct term for Environmental Science.,Industrial Revolution,bias,arch,carbon footprint,carbon footprint,,,text,20,12,true
Environmental Science,easy,Pick the correct term for Environmental Science.,bond,ecosystem,Alps,latency,ecosystem,,,text,20,12,true
Environmental Science,easy,Select a term associated with Environmental Science.,turbulence,tragedy,ethics,habitat,habitat,,,text,20,12,true
Environmental Science,easy,Which option belongs to Environmental Science?,Maurya Empire,autonomy,carbon footprint,supply,carbon footprint,,,text,20,12,true
Environmental Science,easy,Which of these is related to Environmental Science?,achievement,renewable,formation,indentation,renewable,,,text,20,12,true
Environmental Science,easy,Which of these is related to Environmental Science?,cape,protected area,memory,carbon footprint,carbon footprint,,,text,20,12,true
Environmental Science,easy,Select a term associated with Environmental Science.,ecosystem,rook,classification,Indus Valley,ecosystem,,,text,20,12,true
Environmental Science,easy,Pick the correct term for Environmental Science.,panel,recycling,balance,logic,recycling,,,text,20,12,true
Environmental Science,easy,Which of these is related to Environmental Science?,summit,habitat,floor plan,hook,habitat,,,text,20,12,true
Environmental Science,easy,Which option belongs to Environmental Science?,texture,URL,conservation,theme,conservation,,,text,20,12,true
Environmental Science,easy,Pick the correct term for Environmental Science.,Hera,pollution,control system,opening ceremony,pollution,,,text,20,12,true
Environmental Science,medium,Pick the concept that best matches Environmental Science.,consensus,foul,biodiversity,follower,biodiversity,,,text,40,10,true
Environmental Science,medium,Select the most relevant term for Environmental Science.,carbon footprint,lighting,layout,feed,carbon footprint,,,text,40,10,true
Environmental Science,medium,Pick the concept that best matches Environmental Science.,conservation,black hole,artist,patent,conservation,,,text,40,10,true
Environmental Science,medium,Which term is most commonly used in Environmental Science?,identity,renewable,hemisphere,transaction,renewable,,,text,40,10,true
Environmental Science,medium,Which term is most commonly used in Environmental Science?,Phoenicians,carbon footprint,breathing,runway,carbon footprint,,,text,40,10,true
Environmental Science,medium,Which term is most commonly used in Environmental Science?,Southern Ocean,Everest,biodiversity,inflation,biodiversity,,,text,40,10,true
Environmental Science,medium,Select the most relevant term for Environmental Science.,group,zero trust,ecology,constellation,ecology,,,text,40,10,true
Environmental Science,medium,Which term is most commonly used in Environmental Science?,column,carbon footprint,deviance,portrait,carbon footprint,,,text,40,10,true
Environmental Science,medium,Which term is most commonly used in Environmental Science?,sustainability,email,tricolor,soil,sustainability,,,text,40,10,true
Environmental Science,medium,Pick the concept that best matches Environmental Science.,recycling,pranayama,area,classification,recycling,,,text,40,10,true
Environmental Science,medium,Pick the concept that best matches Environmental Science.,sedan,orchestra,Peace,renewable,renewable,,,text,40,10,true
Environmental Science,medium,Which option is a key concept in Environmental Science?,ecosystem,processor,fertilizer,patient,ecosystem,,,text,40,10,true
Environmental Science,medium,Select the most relevant term for Environmental Science.,ink,biodiversity,trademark,sovereignty,biodiversity,,,text,40,10,true
Environmental Science,medium,Which option is a key concept in Environmental Science?,Yggdrasil,Greenland,biodiversity,culture,biodiversity,,,text,40,10,true
Environmental Science,medium,Pick the concept that best matches Environmental Science.,explorer,aircraft,visitor center,renewable,renewable,,,text,40,10,true
Environmental Science,medium,Select the most relevant term for Environmental Science.,recycling,summit,silhouette,harvest,recycling,,,text,40,10,true
Environmental Science,medium,Which term is most commonly used in Environmental Science?,Iliad,radius,biodiversity,cockpit,biodiversity,,,text,40,10,true
Environmental Science,medium,Which option is a key concept in Environmental Science?,carbon footprint,bias,remix,backboard,carbon footprint,,,text,40,10,true
Environmental Science,hard,Which option best characterizes Environmental Science?,Don Quixote,renewable,servo,bake,renewable,,,text,80,8,true
Environmental Science,hard,Pick the most specific concept tied to Environmental Science.,ecosystem,Hades,stretch,biodiversity,ecosystem,,,text,80,8,true
Environmental Science,hard,Pick the most specific concept tied to Environmental Science.,tributary,screenplay,Madagascar,conservation,conservation,,,text,80,8,true
Environmental Science,hard,Which option best characterizes Environmental Science?,ecology,mindfulness,star,automation,ecology,,,text,80,8,true
Environmental Science,hard,Which option best characterizes Environmental Science?,credit,taste,recycling,checkmate,recycling,,,text,80,8,true
Environmental Science,hard,Pick the most specific concept tied to Environmental Science.,director,dribble,ink,ecosystem,ecosystem,,,text,80,8,true
Environmental Science,hard,Which option best characterizes Environmental Science?,corner kick,alliteration,sustainability,costume,sustainability,,,text,80,8,true
Environmental Science,hard,Pick the most specific concept tied to Environmental Science.,paradox,smartphone,equation,sustainability,sustainability,,,text,80,8,true
Environmental Science,hard,Select the most precise term for Environmental Science.,habitat,Physics,Andes,narrator,habitat,,,text,80,8,true
Environmental Science,hard,Which term is most specifically associated with Environmental Science?,recycling,black hole,pip,Aeneid,recycling,,,text,80,8,true
Environmental Science,hard,Which term is most specifically associated with Environmental Science?,United Nations,smartphone,block,habitat,habitat,,,text,80,8,true
Environmental Science,hard,Select the most precise term for Environmental Science.,radio,reason,liability,ecosystem,ecosystem,,,text,80,8,true
Environmental Science,hard,Select the most precise term for Environmental Science.,ace,recycling,forehand,quadratic,recycling,,,text,80,8,true
Environmental Science,hard,Select the most precise term for Environmental Science.,layout,comment,habitat,demography,habitat,,,text,80,8,true
Environmental Science,hard,Which term is most specifically associated with Environmental Science?,polytheism,pollution,interface,North America,pollution,,,text,80,8,true
Environmental Science,hard,Select the most precise term for Environmental Science.,Uttar Pradesh,habitat,concert,protocol,habitat,,,text,80,8,true
Environmental Science,hard,Select the most precise term for Environmental Science.,intrusion,Thor,renewable,symphony,renewable,,,text,80,8,true
Environmental Science,hard,Select the most precise term for Environmental Science.,ecology,smartphone,prize,protected area,ecology,,,text,80,8,true
Environmental Science,hard,Pick the most specific concept tied to Environmental Science.,society,branding,ink,carbon footprint,carbon footprint,,,text,80,8,true
Environmental Science,hard,Select the most precise term for Environmental Science.,stripe,volcanic island,carbon footprint,smart contract,carbon footprint,,,text,80,8,true
Environmental Science,hard,Which term is most specifically associated with Environmental Science?,pranayama,conservation,alphabet,dosage,conservation,,,text,80,8,true
Environmental Science,hard,Which option best characterizes Environmental Science?,side effect,Treaty of Versailles,ecology,automation,ecology,,,text,80,8,true
Environmental Science,hard,Which term is most specifically associated with Environmental Science?,ratio,internet,recycling,stripe,recycling,,,text,80,8,true
Environmental Science,hard,Which option best characterizes Environmental Science?,shutter speed,dystopia,router,recycling,recycling,,,text,80,8,true
Climate Change,easy,Which option belongs to Climate Change?,frame,Odin,sea level,map scale,sea level,,,text,20,12,true
Climate Change,easy,Which option belongs to Climate Change?,Best Picture,carbon dioxide,ranger,dialect,carbon dioxide,,,text,20,12,true
Climate Change,easy,Select a term associated with Climate Change.,lead time,mitigation,publisher,head of state,mitigation,,,text,20,12,true
Climate Change,easy,Which of these is related to Climate Change?,thread,batsman,climate model,comic,climate model,,,text,20,12,true
Climate Change,easy,Pick the correct term for Climate Change.,ice melt,algorithm,wicket,spacewalk,ice melt,,,text,20,12,true
Climate Change,easy,Which of these is related to Climate Change?,programming,ice melt,Everest,backhand,ice melt,,,text,20,12,true
Climate Change,easy,Pick the correct term for Climate Change.,cinematography,endangered,ice melt,Divine Comedy,ice melt,,,text,20,12,true
Climate Change,easy,Which option belongs to Climate Change?,ice melt,perspective,crest,HTML,ice melt,,,text,20,12,true
Climate Change,easy,Which of these is related to Climate Change?,neural network,toxicity,carbon dioxide,firewall,carbon dioxide,,,text,20,12,true
Climate Change,easy,Which of these is related to Climate Change?,vaccination,mitigation,rook,Atacama,mitigation,,,text,20,12,true
Climate Change,easy,Select a term associated with Climate Change.,Babylon,textile,pranayama,greenhouse gases,greenhouse gases,,,text,20,12,true
Climate Change,easy,Which option belongs to Climate Change?,meditation,Apollo,Sri Lanka,carbon dioxide,carbon dioxide,,,text,20,12,true
Climate Change,easy,Select a term associated with Climate Change.,seed,printing press,greenhouse gases,momentum,greenhouse gases,,,text,20,12,true
Climate Change,easy,Select a term associated with Climate Change.,Southern Ocean,existence,sea level,parliament,sea level,,,text,20,12,true
Climate Change,easy,Which option belongs to Climate Change?,Ramayana,climate model,farm,Lakshmi,climate model,,,text,20,12,true
Climate Change,easy,Which of these is related to Climate Change?,sea level,altitude,authentication,match point,sea level,,,text,20,12,true
Climate Change,easy,Which option belongs to Climate Change?,Assam,Plassey,sea level,lifecycle,sea level,,,text,20,12,true
Climate Change,easy,Pick the correct term for Climate Change.,innings,constellation,climate model,Mediterranean Sea,climate model,,,text,20,12,true
Climate Change,medium,Which term is most commonly used in Climate Change?,distribution,spice,Delhi Sultanate,adaptation,adaptation,,,text,40,10,true
Climate Change,medium,Pick the concept that best matches Climate Change.,model,target audience,adaptation,Borneo,adaptation,,,text,40,10,true
Climate Change,medium,Which option is a key concept in Climate Change?,ecosystem,ice melt,concerto,diplomacy,ice melt,,,text,40,10,true
Climate Change,medium,Which term is most commonly used in Climate Change?,fossil fuels,fiscal policy,species,smartphone,fossil fuels,,,text,40,10,true
Climate Change,medium,Which option is a key concept in Climate Change?,perception,accuracy,sea level,star,sea level,,,text,40,10,true
Climate Change,medium,Pick the concept that best matches Climate Change.,playback,bake,climate model,rook,climate model,,,text,40,10,true
Climate Change,medium,Select the most relevant term for Climate Change.,migration,coefficient,ice melt,hook,ice melt,,,text,40,10,true
Climate Change,medium,Which term is most commonly used in Climate Change?,mitigation,funnel,Gobi,judiciary,mitigation,,,text,40,10,true
Climate Change,medium,Which term is most commonly used in Climate Change?,lifecycle,carbon dioxide,startup,fabric,carbon dioxide,,,text,40,10,true
Climate Change,medium,Select the most relevant term for Climate Change.,supernova,Australia,guild,fossil fuels,fossil fuels,,,text,40,10,true
Climate Change,medium,Select the most relevant term for Climate Change.,floor plan,adaptation,euro,composer,adaptation,,,text,40,10,true
Climate Change,medium,Pick the concept that best matches Climate Change.,Olympus,sea level,Oscar,Treaty of Versailles,sea level,,,text,40,10,true
Climate Change,medium,Pick the concept that best matches Climate Change.,issue,ink,group,climate model,climate model,,,text,40,10,true
Climate Change,medium,Which option is a key concept in Climate Change?,sea level,arid,network,motivation,sea level,,,text,40,10,true
Climate Change,medium,Pick the concept that best matches Climate Change.,mitigation,post,heuristic,shutter speed,mitigation,,,text,40,10,true
Climate Change,medium,Which option is a key concept in Climate Change?,song sequence,mitigation,screen,rebrand,mitigation,,,text,40,10,true
Climate Change,medium,Which term is most commonly used in Climate Change?,leadership,podium,checkmate,fossil fuels,fossil fuels,,,text,40,10,true
Climate Change,medium,Which term is most commonly used in Climate Change?,argument,relay,neural network,global warming,global warming,,,text,40,10,true
Climate Change,hard,Which term is most specifically associated with Climate Change?,complexity,seed,wildlife reserve,ice melt,ice melt,,,text,80,8,true
Climate Change,hard,Which term is most specifically associated with Climate Change?,dribble,toxicity,emissions,patient,emissions,,,text,80,8,true
Climate Change,hard,Select the most precise term for Climate Change.,global warming,Bihar,accessory,dialect,global warming,,,text,80,8,true
Climate Change,hard,Select the most precise term for Climate Change.,dialect,achievement,carbon dioxide,oasis,carbon dioxide,,,text,80,8,true
Climate Change,hard,Pick the most specific concept tied to Climate Change.,fossil fuels,floor plan,Gulf,polynomial,fossil fuels,,,text,80,8,true
Climate Change,hard,Which term is most specifically associated with Climate Change?,Atlantic Ocean,mitigation,decorator,dividend yield,mitigation,,,text,80,8,true
Climate Change,hard,Pick the most specific concept tied to Climate Change.,fossil fuels,actuator,drug,therapy,fossil fuels,,,text,80,8,true
Climate Change,hard,Pick the most specific concept tied to Climate Change.,prize,greenhouse gases,Medicine,neural network,greenhouse gases,,,text,80,8,true
Climate Change,hard,Select the most precise term for Climate Change.,fossil fuels,argument,predator,epistemology,fossil fuels,,,text,80,8,true
Climate Change,hard,Which option best characterizes Climate Change?,design,iterator,greenhouse gases,encryption,greenhouse gases,,,text,80,8,true
Climate Change,hard,Which term is most specifically associated with Climate Change?,area under curve,dune,alphabet,mitigation,mitigation,,,text,80,8,true
Climate Change,hard,Pick the most specific concept tied to Climate Change.,Rama,mining,relay,greenhouse gases,greenhouse gases,,,text,80,8,true
Climate Change,hard,Which option best characterizes Climate Change?,villain,carbon dioxide,payment gateway,archipelago,carbon dioxide,,,text,80,8,true
Climate Change,hard,Select the most precise term for Climate Change.,longitude,bear market,polytheism,ice melt,ice melt,,,text,80,8,true
Climate Change,hard,Pick the most specific concept tied to Climate Change.,smartphone,emissions,Brahma,limit,emissions,,,text,80,8,true
Climate Change,hard,Which term is most specifically associated with Climate Change?,responsive layout,overfitting,Chemistry,climate model,climate model,,,text,80,8,true
Climate Change,hard,Which term is most specifically associated with Climate Change?,thread,net,equator,ice melt,ice melt,,,text,80,8,true
Climate Change,hard,Which option best characterizes Climate Change?,stalemate,alphabet,greenhouse gases,radian,greenhouse gases,,,text,80,8,true
Climate Change,hard,Which term is most specifically associated with Climate Change?,sea level,bake,exoplanet,pawn,sea level,,,text,80,8,true
Climate Change,hard,Which option best characterizes Climate Change?,villain,atoll,percentage,sea level,sea level,,,text,80,8,true
Climate Change,hard,Select the most precise term for Climate Change.,emissions,training data,Southern Ocean,procurement,emissions,,,text,80,8,true
Climate Change,hard,Which option best characterizes Climate Change?,Lakshmi,online store,ice melt,brake,ice melt,,,text,80,8,true
Climate Change,hard,Which option best characterizes Climate Change?,dunk,dystopia,campground,adaptation,adaptation,,,text,80,8,true
Climate Change,hard,Which option best characterizes Climate Change?,inflation,equation,Hera,climate model,climate model,,,text,80,8,true
Wildlife,easy,Select a term associated with Wildlife.,endangered,receptor,three-pointer,Yggdrasil,endangered,,,text,20,12,true
Wildlife,easy,Which of these is related to Wildlife?,sensor,costume,ecosystem,heuristic,ecosystem,,,text,20,12,true
Wildlife,easy,Select a term associated with Wildlife.,quest,prey,overfitting,Loki,prey,,,text,20,12,true
Wildlife,easy,Which option belongs to Wildlife?,robot arm,biodiversity,binary,programming,biodiversity,,,text,20,12,true
Wildlife,easy,Select a term associated with Wildlife.,composer,Sahara,recycling,predator,predator,,,text,20,12,true
Wildlife,easy,Pick the correct term for Wildlife.,flag ratio,biodiversity,shipping,Hindi cinema,biodiversity,,,text,20,12,true
Wildlife,easy,Which of these is related to Wildlife?,ecosystem,monotheism,deviance,Kerala,ecosystem,,,text,20,12,true
Wildlife,easy,Which of these is related to Wildlife?,symbol,conservation,qualifier,designer,conservation,,,text,20,12,true
Wildlife,easy,Which of these is related to Wildlife?,gold medal,endangered,flag ratio,story arc,endangered,,,text,20,12,true
Wildlife,easy,Which option belongs to Wildlife?,homeostasis,ecosystem,symphony,ARPANET,ecosystem,,,text,20,12,true
Wildlife,easy,Which option belongs to Wildlife?,Rama,biodiversity,Oscar,judiciary,biodiversity,,,text,20,12,true
Wildlife,easy,Pick the correct term for Wildlife.,sensor,habitat,Thar,Olympiad,habitat,,,text,20,12,true
Wildlife,easy,Which of these is related to Wildlife?,nervous system,façade,ecosystem,reason,ecosystem,,,text,20,12,true
Wildlife,easy,Which option belongs to Wildlife?,renewable,species,gearbox,bear market,species,,,text,20,12,true
Wildlife,easy,Pick the correct term for Wildlife.,migration,Indian Ocean,billionaire,ecology,migration,,,text,20,12,true
Wildlife,easy,Pick the correct term for Wildlife.,conservation,trail,dystopia,tributary,conservation,,,text,20,12,true
Wildlife,easy,Pick the correct term for Wildlife.,Gobi,habitat,villain,aperture,habitat,,,text,20,12,true
Wildlife,easy,Pick the correct term for Wildlife.,predator,deviance,altitude,vulnerability,predator,,,text,20,12,true
Wildlife,medium,Which option is a key concept in Wildlife?,stratification,ecosystem,Bluetooth,textile,ecosystem,,,text,40,10,true
Wildlife,medium,Which term is most commonly used in Wildlife?,prey,executive,fertilizer,merger,prey,,,text,40,10,true
Wildlife,medium,Which term is most commonly used in Wildlife?,hemisphere,conservation,blue chip,emulator,conservation,,,text,40,10,true
Wildlife,medium,Pick the concept that best matches Wildlife.,Indian Ocean,sequel,predator,compost,predator,,,text,40,10,true
Wildlife,medium,Which option is a key concept in Wildlife?,feature,acceleration,habitat,sine,habitat,,,text,40,10,true
Wildlife,medium,Select the most relevant term for Wildlife.,infrastructure,habitat,pawn,Midgard,habitat,,,text,40,10,true
Wildlife,medium,Select the most relevant term for Wildlife.,prey,blue chip,policy,recipe,prey,,,text,40,10,true
Wildlife,medium,Pick the concept that best matches Wildlife.,Everest,prey,role,lambda,prey,,,text,40,10,true
Wildlife,medium,Which term is most commonly used in Wildlife?,linguistics,skyscraper,habitat,orchestra,habitat,,,text,40,10,true
Wildlife,medium,Which option is a key concept in Wildlife?,lighting,conservation,Maharashtra,light-year,conservation,,,text,40,10,true
Wildlife,medium,Pick the concept that best matches Wildlife.,biodiversity,cart,class,Oscar,biodiversity,,,text,40,10,true
Wildlife,medium,Which option is a key concept in Wildlife?,predator,RPG,studio,Best Actor,predator,,,text,40,10,true
Wildlife,medium,Pick the concept that best matches Wildlife.,emulator,side effect,endangered,policy debate,endangered,,,text,40,10,true
Wildlife,medium,Select the most relevant term for Wildlife.,conservation,prescription,Treaty of Versailles,gene,conservation,,,text,40,10,true
Wildlife,medium,Which option is a key concept in Wildlife?,conservation,Lakshmi,society,suspension,conservation,,,text,40,10,true
Wildlife,medium,Pick the concept that best matches Wildlife.,qualifier,distribution,ecosystem,alphabet,ecosystem,,,text,40,10,true
Wildlife,medium,Pick the concept that best matches Wildlife.,biodiversity,cabinet,diameter,factorization,biodiversity,,,text,40,10,true
Wildlife,medium,Pick the concept that best matches Wildlife.,conservation,protected area,Southern Ocean,Egyptians,conservation,,,text,40,10,true
Wildlife,hard,Pick the most specific concept tied to Wildlife.,billboard,publisher,species,router,species,,,text,80,8,true
Wildlife,hard,Select the most precise term for Wildlife.,intrusion,predator,furniture,classification,predator,,,text,80,8,true
Wildlife,hard,Pick the most specific concept tied to Wildlife.,Danube,enzyme,prey,indentation,prey,,,text,80,8,true
Wildlife,hard,Which option best characterizes Wildlife?,venture capital,Poseidon,predator,Danube,predator,,,text,80,8,true
Wildlife,hard,Which term is most specifically associated with Wildlife?,Bihar,biodiversity,fertilizer,dividend,biodiversity,,,text,80,8,true
Wildlife,hard,Pick the most specific concept tied to Wildlife.,wicket,orchestra,freight,predator,predator,,,text,80,8,true
Wildlife,hard,Which option best characterizes Wildlife?,boundary,biodiversity,oasis,order,biodiversity,,,text,80,8,true
Wildlife,hard,Which term is most specifically associated with Wildlife?,force,role,ecosystem,volatility,ecosystem,,,text,80,8,true
Wildlife,hard,Pick the most specific concept tied to Wildlife.,device,migration,switch,Assam,migration,,,text,80,8,true
Wildlife,hard,Which term is most specifically associated with Wildlife?,predator,interest,prime minister,policy,predator,,,text,80,8,true
Wildlife,hard,Select the most precise term for Wildlife.,reason,App Store,prey,South America,prey,,,text,80,8,true
Wildlife,hard,Which option best characterizes Wildlife?,adjective,energy,pivot,wildlife reserve,wildlife reserve,,,text,80,8,true
Wildlife,hard,Pick the most specific concept tied to Wildlife.,identity,endangered,Lake Victoria,market,endangered,,,text,80,8,true
Wildlife,hard,Which option best characterizes Wildlife?,Aeneid,digestive system,biodiversity,adaptation,biodiversity,,,text,80,8,true
Wildlife,hard,Which term is most specifically associated with Wildlife?,radian,sauce,species,transaction,species,,,text,80,8,true
Wildlife,hard,Which term is most specifically associated with Wildlife?,species,alliteration,predicate,marketing,species,,,text,80,8,true
Wildlife,hard,Which option best characterizes Wildlife?,monarch,philanthropist,conservation,Kerala,conservation,,,text,80,8,true
Wildlife,hard,Select the most precise term for Wildlife.,modernism,defender,model,habitat,habitat,,,text,80,8,true
Wildlife,hard,Select the most precise term for Wildlife.,treatment,free throw,protected area,prey,prey,,,text,80,8,true
Wildlife,hard,Select the most precise term for Wildlife.,pilgrimage,ecosystem,PEP 8,penalty,ecosystem,,,text,80,8,true
Wildlife,hard,Which option best characterizes Wildlife?,dosage,knowledge base,endangered,Arctic Ocean,endangered,,,text,80,8,true
Wildlife,hard,Which term is most specifically associated with Wildlife?,wildlife reserve,exchange rate,batsman,mitochondria,wildlife reserve,,,text,80,8,true
Wildlife,hard,Which term is most specifically associated with Wildlife?,alter ego,post,skeletal system,migration,migration,,,text,80,8,true
Wildlife,hard,Which option best characterizes Wildlife?,origin,prey,song sequence,fulfillment,prey,,,text,80,8,true
National Parks,easy,Which option belongs to National Parks?,guild,quadratic,Gulf,trail,trail,,,text,20,12,true
National Parks,easy,Which of these is related to National Parks?,grammar,Valhalla,author,trail,trail,,,text,20,12,true
National Parks,easy,Pick the correct term for National Parks.,album,epic,chorus,habitat,habitat,,,text,20,12,true
National Parks,easy,Which of these is related to National Parks?,sanctuary,firewall,torque,space planning,sanctuary,,,text,20,12,true
National Parks,easy,Which option belongs to National Parks?,silhouette,habitat,Valkyrie,warehouse,habitat,,,text,20,12,true
National Parks,easy,Which option belongs to National Parks?,ranger,Rajasthan,Andes,Cold War,ranger,,,text,20,12,true
National Parks,easy,Pick the correct term for National Parks.,iterator,climate policy,Australia,protected area,protected area,,,text,20,12,true
National Parks,easy,Which of these is related to National Parks?,texture,wilderness,Mahabharata,agent,wilderness,,,text,20,12,true
National Parks,easy,Select a term associated with National Parks.,semantics,kidney,sanctuary,charger,sanctuary,,,text,20,12,true
National Parks,easy,Which of these is related to National Parks?,unit circle,Ragnarok,trail,soil,trail,,,text,20,12,true
National Parks,easy,Which of these is related to National Parks?,president,protected area,genre,fiscal policy,protected area,,,text,20,12,true
National Parks,easy,Pick the correct term for National Parks.,spacecraft,database,qualifier,trail,trail,,,text,20,12,true
National Parks,easy,Select a term associated with National Parks.,polynomial,disease,campground,design,campground,,,text,20,12,true
National Parks,easy,Which of these is related to National Parks?,Valkyrie,League of Nations,biodiversity,billboard,biodiversity,,,text,20,12,true
National Parks,easy,Select a term associated with National Parks.,tricolor,receptor,protected area,Literature,protected area,,,text,20,12,true
National Parks,easy,Which option belongs to National Parks?,Akbar,visitor center,cash flow,peak,visitor center,,,text,20,12,true
National Parks,easy,Which of these is related to National Parks?,Amazon,queen,graphic novel,habitat,habitat,,,text,20,12,true
National Parks,easy,Which of these is related to National Parks?,ranger,CEO,Sri Lanka,Valkyrie,ranger,,,text,20,12,true
National Parks,medium,Pick the concept that best matches National Parks.,firewall,orbit,inflation,wilderness,wilderness,,,text,40,10,true
National Parks,medium,Pick the concept that best matches National Parks.,sanctuary,cart,formation,League of Nations,sanctuary,,,text,40,10,true
National Parks,medium,Pick the concept that best matches National Parks.,textile,publisher,biodiversity,watercolor,biodiversity,,,text,40,10,true
National Parks,medium,Pick the concept that best matches National Parks.,wilderness,Atacama,label,enzyme,wilderness,,,text,40,10,true
National Parks,medium,Pick the concept that best matches National Parks.,Pacific Ocean,elasticity,visitor center,sedan,visitor center,,,text,40,10,true
National Parks,medium,Select the most relevant term for National Parks.,Ragnarok,trail,IPO,three-pointer,trail,,,text,40,10,true
National Parks,medium,Pick the concept that best matches National Parks.,pH,biodiversity,globe,reason,biodiversity,,,text,40,10,true
National Parks,medium,Pick the concept that best matches National Parks.,trail,CEO,overfitting,backhand,trail,,,text,40,10,true
National Parks,medium,Select the most relevant term for National Parks.,diagnosis,habitat,subject,Tamil Nadu,habitat,,,text,40,10,true
National Parks,medium,Which term is most commonly used in National Parks?,mission control,Hollywood,conservation,origin,conservation,,,text,40,10,true
National Parks,medium,Select the most relevant term for National Parks.,exoplanet,campground,digestive system,election,campground,,,text,40,10,true
National Parks,medium,Which option is a key concept in National Parks?,knowledge base,banknote,aircraft,ranger,ranger,,,text,40,10,true
National Parks,medium,Select the most relevant term for National Parks.,campground,checkout,Don Quixote,interest,campground,,,text,40,10,true
National Parks,medium,Pick the concept that best matches National Parks.,habitat,ethics,alphabet,sonata,habitat,,,text,40,10,true
National Parks,medium,Select the most relevant term for National Parks.,sanctuary,society,multiple,Midgard,sanctuary,,,text,40,10,true
National Parks,medium,Which option is a key concept in National Parks?,light-year,blue chip,archipelago,sanctuary,sanctuary,,,text,40,10,true
National Parks,medium,Which term is most commonly used in National Parks?,parliament,homeostasis,ranger,volume,ranger,,,text,40,10,true
National Parks,medium,Which term is most commonly used in National Parks?,species,subnet,ranger,ingredient,ranger,,,text,40,10,true
National Parks,hard,Which option best characterizes National Parks?,visitor center,decolonization,fuselage,REST,visitor center,,,text,80,8,true
National Parks,hard,Which term is most specifically associated with National Parks?,perimeter,sanctuary,bowler,TCP,sanctuary,,,text,80,8,true
National Parks,hard,Select the most precise term for National Parks.,index,equator,microscope,protected area,protected area,,,text,80,8,true
National Parks,hard,Which term is most specifically associated with National Parks?,market cap,Lakshmi,Mohenjo-daro,biodiversity,biodiversity,,,text,80,8,true
National Parks,hard,Select the most precise term for National Parks.,Delhi Sultanate,diplomacy,habitat,argument,habitat,,,text,80,8,true
National Parks,hard,Which term is most specifically associated with National Parks?,TCP,ranger,tangent line,simile,ranger,,,text,80,8,true
National Parks,hard,Select the most precise term for National Parks.,trail,renewable,inflection,ice melt,trail,,,text,80,8,true
National Parks,hard,Which option best characterizes National Parks?,color palette,API,circulatory system,campground,campground,,,text,80,8,true
National Parks,hard,Select the most precise term for National Parks.,biodiversity,grill,superpower,area under curve,biodiversity,,,text,80,8,true
National Parks,hard,Pick the most specific concept tied to National Parks.,Gupta Empire,bond,ranger,biodiversity,ranger,,,text,80,8,true
National Parks,hard,Select the most precise term for National Parks.,behavior,ranger,pip,translation,ranger,,,text,80,8,true
National Parks,hard,Which option best characterizes National Parks?,Tamil Nadu,campground,cape,Poseidon,campground,,,text,80,8,true
National Parks,hard,Select the most precise term for National Parks.,palette,paradox,conservation,myth,conservation,,,text,80,8,true
National Parks,hard,Select the most precise term for National Parks.,campground,dunk,metabolism,stripe,campground,,,text,80,8,true
National Parks,hard,Which option best characterizes National Parks?,coefficient,protected area,iterator,dosage,protected area,,,text,80,8,true
National Parks,hard,Select the most precise term for National Parks.,sanctuary,portrait,short story,checkmate,sanctuary,,,text,80,8,true
National Parks,hard,Which option best characterizes National Parks?,actuator,quest,wilderness,Uttar Pradesh,wilderness,,,text,80,8,true
National Parks,hard,Select the most precise term for National Parks.,movement,demand,protected area,postmodern,protected area,,,text,80,8,true
National Parks,hard,Select the most precise term for National Parks.,Valkyrie,subnet,conservation,album,conservation,,,text,80,8,true
National Parks,hard,Pick the most specific concept tied to National Parks.,oxidation,visitor center,dictionary,coefficient,visitor center,,,text,80,8,true
National Parks,hard,Pick the most specific concept tied to National Parks.,conservation,fiscal policy,black hole,coin,conservation,,,text,80,8,true
National Parks,hard,Which option best characterizes National Parks?,conversion,Thar,wilderness,respiratory system,wilderness,,,text,80,8,true
National Parks,hard,Select the most precise term for National Parks.,processor,variable,temple,campground,campground,,,text,80,8,true
National Parks,hard,Pick the most specific concept tied to National Parks.,biodiversity,lungs,product page,author,biodiversity,,,text,80,8,true
Inventions & Discoveries,easy,Select a term associated with Inventions & Discoveries.,planning,microscope,Academy Awards,rebrand,microscope,,,text,20,12,true
Inventions & Discoveries,easy,Which of these is related to Inventions & Discoveries?,realism,superpower,records,electricity,electricity,,,text,20,12,true
Inventions & Discoveries,easy,Pick the correct term for Inventions & Discoveries.,memory,World Wide Web,leadership,telescope,telescope,,,text,20,12,true
Inventions & Discoveries,easy,Select a term associated with Inventions & Discoveries.,electricity,training data,Shiva,pH,electricity,,,text,20,12,true
Inventions & Discoveries,easy,Pick the correct term for Inventions & Discoveries.,root,mitigation,concert,telescope,telescope,,,text,20,12,true
Inventions & Discoveries,easy,Select a term associated with Inventions & Discoveries.,Champaran,comment,printing press,therapy,printing press,,,text,20,12,true
Inventions & Discoveries,easy,Which of these is related to Inventions & Discoveries?,variable,star,printing press,rebound,printing press,,,text,20,12,true
Inventions & Discoveries,easy,Which option belongs to Inventions & Discoveries?,dividend,chancellor,innovation,funnel,innovation,,,text,20,12,true
Inventions & Discoveries,easy,Which option belongs to Inventions & Discoveries?,printing press,dictionary,tricolor,global economy,printing press,,,text,20,12,true
Inventions & Discoveries,easy,Select a term associated with Inventions & Discoveries.,steam engine,exposure,prayer,stock exchange,steam engine,,,text,20,12,true
Inventions & Discoveries,easy,Select a term associated with Inventions & Discoveries.,ink,flooring,radio,sovereignty,radio,,,text,20,12,true
Inventions & Discoveries,easy,Pick the correct term for Inventions & Discoveries.,air traffic,GDP,Indus Valley,internet,internet,,,text,20,12,true
Inventions & Discoveries,easy,Which option belongs to Inventions & Discoveries?,patent,premiere,RPG,IPO,patent,,,text,20,12,true
Inventions & Discoveries,easy,Which of these is related to Inventions & Discoveries?,printing press,URL,sea,lighting,printing press,,,text,20,12,true
Inventions & Discoveries,easy,Select a term associated with Inventions & Discoveries.,returns,vaccination,Australia,Economics,vaccination,,,text,20,12,true
Inventions & Discoveries,easy,Select a term associated with Inventions & Discoveries.,printing press,logo,translation,watercolor,printing press,,,text,20,12,true
Inventions & Discoveries,easy,Which option belongs to Inventions & Discoveries?,bytecode,internet,accuracy,pollution,internet,,,text,20,12,true
Inventions & Discoveries,easy,Which of these is related to Inventions & Discoveries?,microscope,prize,orbit,wearable,microscope,,,text,20,12,true
Inventions & Discoveries,medium,Which option is a key concept in Inventions & Discoveries?,internet,aircraft,subnet,origin story,internet,,,text,40,10,true
Inventions & Discoveries,medium,Select the most relevant term for Inventions & Discoveries.,continent,oxidation,over,steam engine,steam engine,,,text,40,10,true
Inventions & Discoveries,medium,Pick the concept that best matches Inventions & Discoveries.,elasticity,Vishnu,pronoun,innovation,innovation,,,text,40,10,true
Inventions & Discoveries,medium,Which term is most commonly used in Inventions & Discoveries?,vaccination,bandwidth,innings,responsive design,vaccination,,,text,40,10,true
Inventions & Discoveries,medium,Which option is a key concept in Inventions & Discoveries?,cognition,bond,internet,ARPANET,internet,,,text,40,10,true
Inventions & Discoveries,medium,Which term is most commonly used in Inventions & Discoveries?,innovation,banner,spice,marketing,innovation,,,text,40,10,true
Inventions & Discoveries,medium,Which option is a key concept in Inventions & Discoveries?,layout,inventory,vaccination,percentage,vaccination,,,text,40,10,true
Inventions & Discoveries,medium,Select the most relevant term for Inventions & Discoveries.,Indian Ocean,grill,online store,innovation,innovation,,,text,40,10,true
Inventions & Discoveries,medium,Pick the concept that best matches Inventions & Discoveries.,Himalayas,campground,telescope,director,telescope,,,text,40,10,true
Inventions & Discoveries,medium,Pick the concept that best matches Inventions & Discoveries.,list comprehension,microscope,knight,flooring,microscope,,,text,40,10,true
Inventions & Discoveries,medium,Pick the concept that best matches Inventions & Discoveries.,alphabet,therapy,strings,patent,patent,,,text,40,10,true
Inventions & Discoveries,medium,Pick the concept that best matches Inventions & Discoveries.,internet,records,penalty,magnetism,internet,,,text,40,10,true
Inventions & Discoveries,medium,Pick the concept that best matches Inventions & Discoveries.,electricity,motivation,strings,bake,electricity,,,text,40,10,true
Inventions & Discoveries,medium,Which option is a key concept in Inventions & Discoveries?,Brahma,therapy,Phoenicians,steam engine,steam engine,,,text,40,10,true
Inventions & Discoveries,medium,Pick the concept that best matches Inventions & Discoveries.,esports,limit,internet,factor,internet,,,text,40,10,true
Inventions & Discoveries,medium,Pick the concept that best matches Inventions & Discoveries.,red carpet,summit,TCP,steam engine,steam engine,,,text,40,10,true
Inventions & Discoveries,medium,Select the most relevant term for Inventions & Discoveries.,innovation,wildlife reserve,baseline,derivative,innovation,,,text,40,10,true
Inventions & Discoveries,medium,Which option is a key concept in Inventions & Discoveries?,comic,radio,bull market,mitigation,radio,,,text,40,10,true
Inventions & Discoveries,hard,Which option best characterizes Inventions & Discoveries?,composition,controller,aerodynamics,printing press,printing press,,,text,80,8,true
Inventions & Discoveries,hard,Which option best characterizes Inventions & Discoveries?,steam engine,carbon footprint,hospital,director,steam engine,,,text,80,8,true
Inventions & Discoveries,hard,Which term is most specifically associated with Inventions & Discoveries?,coin,telescope,ledger,United Nations,telescope,,,text,80,8,true
Inventions & Discoveries,hard,Which option best characterizes Inventions & Discoveries?,composer,inheritance,printing press,block,printing press,,,text,80,8,true
Inventions & Discoveries,hard,Which term is most specifically associated with Inventions & Discoveries?,algorithm,innovation,subnet,habitat,innovation,,,text,80,8,true
Inventions & Discoveries,hard,Which option best characterizes Inventions & Discoveries?,internet,freight,supernova,rebound,internet,,,text,80,8,true
Inventions & Discoveries,hard,Pick the most specific concept tied to Inventions & Discoveries.,crop,striker,sidekick,telescope,telescope,,,text,80,8,true
Inventions & Discoveries,hard,Which option best characterizes Inventions & Discoveries?,pawn,silhouette,wilderness,innovation,innovation,,,text,80,8,true
Inventions & Discoveries,hard,Pick the most specific concept tied to Inventions & Discoveries.,robot,electricity,percentage,processor,electricity,,,text,80,8,true
Inventions & Discoveries,hard,Select the most precise term for Inventions & Discoveries.,overfitting,radio,graphics,dictionary,radio,,,text,80,8,true
Inventions & Discoveries,hard,Pick the most specific concept tied to Inventions & Discoveries.,wildlife reserve,internet,North America,election cycle,internet,,,text,80,8,true
Inventions & Discoveries,hard,Which option best characterizes Inventions & Discoveries?,acquisition,clinical,vaccination,cuisine,vaccination,,,text,80,8,true
Inventions & Discoveries,hard,Which option best characterizes Inventions & Discoveries?,haiku,startup,Maharashtra,telescope,telescope,,,text,80,8,true
Inventions & Discoveries,hard,Which term is most specifically associated with Inventions & Discoveries?,Bihar,clergy,sea,steam engine,steam engine,,,text,80,8,true
Inventions & Discoveries,hard,Which option best characterizes Inventions & Discoveries?,microscope,Nobel Prize,fertilizer,reason,microscope,,,text,80,8,true
Inventions & Discoveries,hard,Which term is most specifically associated with Inventions & Discoveries?,aerodynamics,ecosystem,author,innovation,innovation,,,text,80,8,true
Inventions & Discoveries,hard,Which option best characterizes Inventions & Discoveries?,Literature,statuette,tense,patent,patent,,,text,80,8,true
Inventions & Discoveries,hard,Which term is most specifically associated with Inventions & Discoveries?,internet,angle,lighting,Medicine,internet,,,text,80,8,true
Inventions & Discoveries,hard,Which option best characterizes Inventions & Discoveries?,gene,villain,diplomacy,printing press,printing press,,,text,80,8,true
Inventions & Discoveries,hard,Which term is most specifically associated with Inventions & Discoveries?,limit,microscope,Karnataka,climate policy,microscope,,,text,80,8,true
Inventions & Discoveries,hard,Select the most precise term for Inventions & Discoveries.,vaccination,hemisphere,breathing,IP address,vaccination,,,text,80,8,true
Inventions & Discoveries,hard,Select the most precise term for Inventions & Discoveries.,charger,Bluetooth,printing press,ratio,printing press,,,text,80,8,true
Inventions & Discoveries,hard,Pick the most specific concept tied to Inventions & Discoveries.,credit,publisher,Hittites,patent,patent,,,text,80,8,true
Inventions & Discoveries,hard,Which option best characterizes Inventions & Discoveries?,radio,taste,exoplanet,rhyme,radio,,,text,80,8,true
Brands & Logos,easy,Pick the correct term for Brands & Logos.,taste,icon,area under curve,set,icon,,,text,20,12,true
Brands & Logos,easy,Which of these is related to Brands & Logos?,memory,Phoenicians,slogan,JVM,slogan,,,text,20,12,true
Brands & Logos,easy,Which option belongs to Brands & Logos?,packaging,bowler,host city,muscular system,packaging,,,text,20,12,true
Brands & Logos,easy,Which option belongs to Brands & Logos?,Assam,offside,packaging,air traffic,packaging,,,text,20,12,true
Brands & Logos,easy,Which option belongs to Brands & Logos?,icon,runway,Hamlet,inflation,icon,,,text,20,12,true
Brands & Logos,easy,Which of these is related to Brands & Logos?,globe,rebrand,star,enzyme,rebrand,,,text,20,12,true
Brands & Logos,easy,Pick the correct term for Brands & Logos.,marketing,superhero,election cycle,fuselage,marketing,,,text,20,12,true
Brands & Logos,easy,Select a term associated with Brands & Logos.,dot-com,dance,island chain,slogan,slogan,,,text,20,12,true
Brands & Logos,easy,Which option belongs to Brands & Logos?,icon,slope,carbon dioxide,seed,icon,,,text,20,12,true
Brands & Logos,easy,Which of these is related to Brands & Logos?,integer,gesture,volcanic island,brand identity,brand identity,,,text,20,12,true
Brands & Logos,easy,Select a term associated with Brands & Logos.,freight,period,recursion,slogan,slogan,,,text,20,12,true
Brands & Logos,easy,Which option belongs to Brands & Logos?,playback,Gobi,brand identity,planting,brand identity,,,text,20,12,true
Brands & Logos,easy,Select a term associated with Brands & Logos.,pip,Maharashtra,angle,icon,icon,,,text,20,12,true
Brands & Logos,easy,Which option belongs to Brands & Logos?,Southern Ocean,volume,pharmacokinetics,marketing,marketing,,,text,20,12,true
Brands & Logos,easy,Which option belongs to Brands & Logos?,deity,bake,baroque,logo,logo,,,text,20,12,true
Brands & Logos,easy,Select a term associated with Brands & Logos.,trademark,realism,defender,villain,trademark,,,text,20,12,true
Brands & Logos,easy,Which of these is related to Brands & Logos?,public health,icon,Durga,peak,icon,,,text,20,12,true
Brands & Logos,easy,Which of these is related to Brands & Logos?,icon,scarcity,index,target audience,icon,,,text,20,12,true
Brands & Logos,medium,Which option is a key concept in Brands & Logos?,periodic table,superhero,exchange rate,slogan,slogan,,,text,40,10,true
Brands & Logos,medium,Select the most relevant term for Brands & Logos.,flowerbed,superpower,trademark,UI thread,trademark,,,text,40,10,true
Brands & Logos,medium,Which option is a key concept in Brands & Logos?,polygon,couture,period,marketing,marketing,,,text,40,10,true
Brands & Logos,medium,Pick the concept that best matches Brands & Logos.,textile,heuristic,icon,servo,icon,,,text,40,10,true
Brands & Logos,medium,Which option is a key concept in Brands & Logos?,concerto,pesticide,expression,packaging,packaging,,,text,40,10,true
Brands & Logos,medium,Select the most relevant term for Brands & Logos.,triangle,dance,icon,Industrial Revolution,icon,,,text,40,10,true
Brands & Logos,medium,Pick the concept that best matches Brands & Logos.,Durga,logo,iterator,kidney,logo,,,text,40,10,true
Brands & Logos,medium,Which option is a key concept in Brands & Logos?,list comprehension,brand equity,machine,ethics,brand equity,,,text,40,10,true
Brands & Logos,medium,Which option is a key concept in Brands & Logos?,harvest,checkout,recognition,Sumer,recognition,,,text,40,10,true
Brands & Logos,medium,Which option is a key concept in Brands & Logos?,syntax,electricity,Andes,logo,logo,,,text,40,10,true
Brands & Logos,medium,Pick the concept that best matches Brands & Logos.,structural,emissions,brand identity,cognition,brand identity,,,text,40,10,true
Brands & Logos,medium,Which term is most commonly used in Brands & Logos?,patient,DNS,rebrand,simile,rebrand,,,text,40,10,true
Brands & Logos,medium,Which option is a key concept in Brands & Logos?,planning,logo,turbulence,elasticity,logo,,,text,40,10,true
Brands & Logos,medium,Which term is most commonly used in Brands & Logos?,trademark,sovereignty,lifecycle,achievement,trademark,,,text,40,10,true
Brands & Logos,medium,Which term is most commonly used in Brands & Logos?,fabric,jet engine,rebrand,return,rebrand,,,text,40,10,true
Brands & Logos,medium,Which term is most commonly used in Brands & Logos?,hemisphere,DNA,brand equity,Aeneid,brand equity,,,text,40,10,true
Brands & Logos,medium,Pick the concept that best matches Brands & Logos.,imagery,accessory,biodiversity,brand equity,brand equity,,,text,40,10,true
Brands & Logos,medium,Select the most relevant term for Brands & Logos.,yen,multiplayer,slogan,vault,slogan,,,text,40,10,true
Brands & Logos,hard,Which option best characterizes Brands & Logos?,epic,circle,rebrand,pruning,rebrand,,,text,80,8,true
Brands & Logos,hard,Pick the most specific concept tied to Brands & Logos.,marketing,pranayama,silhouette,international summit,marketing,,,text,80,8,true
Brands & Logos,hard,Which option best characterizes Brands & Logos?,slogan,derivative,tense,realism,slogan,,,text,80,8,true
Brands & Logos,hard,Which term is most specifically associated with Brands & Logos?,flagpole,Babylon,trademark,atom,trademark,,,text,80,8,true
Brands & Logos,hard,Which option best characterizes Brands & Logos?,brand identity,K2,DNS,Brahma,brand identity,,,text,80,8,true
Brands & Logos,hard,Pick the most specific concept tied to Brands & Logos.,South America,knight,slogan,inequality,slogan,,,text,80,8,true
Brands & Logos,hard,Select the most precise term for Brands & Logos.,interface,icon,Danube,ethics,icon,,,text,80,8,true
Brands & Logos,hard,Select the most precise term for Brands & Logos.,Andes,HTML,icon,metabolism,icon,,,text,80,8,true
Brands & Logos,hard,Select the most precise term for Brands & Logos.,trademark,grill,clergy,lead time,trademark,,,text,80,8,true
Brands & Logos,hard,Which term is most specifically associated with Brands & Logos?,executive,farm,black hole,rebrand,rebrand,,,text,80,8,true
Brands & Logos,hard,Pick the most specific concept tied to Brands & Logos.,Best Actress,South America,brand equity,ice melt,brand equity,,,text,80,8,true
Brands & Logos,hard,Select the most precise term for Brands & Logos.,packaging,checkout,inflation,constitution,packaging,,,text,80,8,true
Brands & Logos,hard,Pick the most specific concept tied to Brands & Logos.,Berlin Wall,recognition,patient,Egyptians,recognition,,,text,80,8,true
Brands & Logos,hard,Select the most precise term for Brands & Logos.,list comprehension,mining,logo,argument,logo,,,text,80,8,true
Brands & Logos,hard,Which option best characterizes Brands & Logos?,UI thread,recognition,metaphor,League of Nations,recognition,,,text,80,8,true
Brands & Logos,hard,Select the most precise term for Brands & Logos.,packaging,premiere,wardrobe,entrepreneur,packaging,,,text,80,8,true
Brands & Logos,hard,Select the most precise term for Brands & Logos.,protocol,protein,market research,brand equity,brand equity,,,text,80,8,true
Brands & Logos,hard,Which option best characterizes Brands & Logos?,logo,screenplay,chassis,stratification,logo,,,text,80,8,true
Brands & Logos,hard,Which option best characterizes Brands & Logos?,slope,marketing,Best Actor,ethics,marketing,,,text,80,8,true
Brands & Logos,hard,Select the most precise term for Brands & Logos.,blueprint,SEO,trademark,aerodynamics,trademark,,,text,80,8,true
Brands & Logos,hard,Which option best characterizes Brands & Logos?,ISP,engagement,dune,packaging,packaging,,,text,80,8,true
Brands & Logos,hard,Pick the most specific concept tied to Brands & Logos.,molecule,satellite,ethics,marketing,marketing,,,text,80,8,true
Brands & Logos,hard,Select the most precise term for Brands & Logos.,brand identity,match point,interface,steam engine,brand identity,,,text,80,8,true
Brands & Logos,hard,Which term is most specifically associated with Brands & Logos?,ledger,sine,brand equity,guild,brand equity,,,text,80,8,true
Business Tycoons,easy,Which option belongs to Business Tycoons?,neural network,conglomerate,supernova,seed,conglomerate,,,text,20,12,true
Business Tycoons,easy,Pick the correct term for Business Tycoons.,merger,level,function,aerodynamics,merger,,,text,20,12,true
Business Tycoons,easy,Select a term associated with Business Tycoons.,freight,column,startup,ethics,startup,,,text,20,12,true
Business Tycoons,easy,Which of these is related to Business Tycoons?,Africa,turbulence,leadership,Mohenjo-daro,leadership,,,text,20,12,true
Business Tycoons,easy,Select a term associated with Business Tycoons.,cinematography,shipping,startup,subject,startup,,,text,20,12,true
Business Tycoons,easy,Which option belongs to Business Tycoons?,transmission,zero trust,intrusion,CEO,CEO,,,text,20,12,true
Business Tycoons,easy,Pick the correct term for Business Tycoons.,CEO,subject,campground,ISO,CEO,,,text,20,12,true
Business Tycoons,easy,Which option belongs to Business Tycoons?,script,continent,acquisition,platform,acquisition,,,text,20,12,true
Business Tycoons,easy,Select a term associated with Business Tycoons.,merger,recursion,pronoun,data structure,merger,,,text,20,12,true
Business Tycoons,easy,Select a term associated with Business Tycoons.,acquisition,inflation,simile,carbon dioxide,acquisition,,,text,20,12,true
Business Tycoons,easy,Which of these is related to Business Tycoons?,venture capital,list comprehension,sauce,prescription,venture capital,,,text,20,12,true
Business Tycoons,easy,Pick the correct term for Business Tycoons.,Berlin Wall,mitochondria,billionaire,North America,billionaire,,,text,20,12,true
Business Tycoons,easy,Pick the correct term for Business Tycoons.,latitude,venture capital,acceleration,author,venture capital,,,text,20,12,true
Business Tycoons,easy,Select a term associated with Business Tycoons.,merger,heart,Best Actor,accuracy,merger,,,text,20,12,true
Business Tycoons,easy,Pick the correct term for Business Tycoons.,routing,billionaire,risk,Madagascar,billionaire,,,text,20,12,true
Business Tycoons,easy,Pick the correct term for Business Tycoons.,CEO,bake,DOM,protocol,CEO,,,text,20,12,true
Business Tycoons,easy,Select a term associated with Business Tycoons.,CEO,brand equity,supernova,dot-com,CEO,,,text,20,12,true
Business Tycoons,easy,Pick the correct term for Business Tycoons.,venture capital,group,circle,spacewalk,venture capital,,,text,20,12,true
Business Tycoons,medium,Pick the concept that best matches Business Tycoons.,API,dictionary,ethics,conglomerate,conglomerate,,,text,40,10,true
Business Tycoons,medium,Which option is a key concept in Business Tycoons?,iOS,startup,nervous system,re-entry,startup,,,text,40,10,true
Business Tycoons,medium,Which term is most commonly used in Business Tycoons?,startup,processor,continent,ISP,startup,,,text,40,10,true
Business Tycoons,medium,Which option is a key concept in Business Tycoons?,investor,election,conversion,sea level,investor,,,text,40,10,true
Business Tycoons,medium,Which option is a key concept in Business Tycoons?,venture capital,realism,expert system,force,venture capital,,,text,40,10,true
Business Tycoons,medium,Pick the concept that best matches Business Tycoons.,wicket,concert,election,CEO,CEO,,,text,40,10,true
Business Tycoons,medium,Select the most relevant term for Business Tycoons.,CSS,conglomerate,parliament,dune,conglomerate,,,text,40,10,true
Business Tycoons,medium,Which option is a key concept in Business Tycoons?,investor,equator,Krishna,bear market,investor,,,text,40,10,true
Business Tycoons,medium,Which option is a key concept in Business Tycoons?,graphics,investor,myth,rook,investor,,,text,40,10,true
Business Tycoons,medium,Select the most relevant term for Business Tycoons.,venture capital,concerto,paradox,diplomacy,venture capital,,,text,40,10,true
Business Tycoons,medium,Which term is most commonly used in Business Tycoons?,package,integer,atoll,leadership,leadership,,,text,40,10,true
Business Tycoons,medium,Select the most relevant term for Business Tycoons.,inheritance,CEO,Thor,free throw,CEO,,,text,40,10,true
Business Tycoons,medium,Which term is most commonly used in Business Tycoons?,trade agreement,Beowulf,cart,leadership,leadership,,,text,40,10,true
Business Tycoons,medium,Pick the concept that best matches Business Tycoons.,Bollywood,optimization,billionaire,data structure,billionaire,,,text,40,10,true
Business Tycoons,medium,Pick the concept that best matches Business Tycoons.,DNA,investor,myth,scientist,investor,,,text,40,10,true
Business Tycoons,medium,Which term is most commonly used in Business Tycoons?,returns,athlete,lens,startup,startup,,,text,40,10,true
Business Tycoons,medium,Which term is most commonly used in Business Tycoons?,statuette,Asia,star,entrepreneur,entrepreneur,,,text,40,10,true
Business Tycoons,medium,Pick the concept that best matches Business Tycoons.,liability,authorization,prize,entrepreneur,entrepreneur,,,text,40,10,true
Business Tycoons,hard,Pick the most specific concept tied to Business Tycoons.,leadership,cuisine,factorization,regression,leadership,,,text,80,8,true
Business Tycoons,hard,Which term is most specifically associated with Business Tycoons?,leadership,shot clock,package,Hera,leadership,,,text,80,8,true
Business Tycoons,hard,Select the most precise term for Business Tycoons.,comment,arch,landing gear,billionaire,billionaire,,,text,80,8,true
Business Tycoons,hard,Select the most precise term for Business Tycoons.,hashtag,Stockholm,Apollo,investor,investor,,,text,80,8,true
Business Tycoons,hard,Which term is most specifically associated with Business Tycoons?,plate,island chain,behavior,billionaire,billionaire,,,text,80,8,true
Business Tycoons,hard,Pick the most specific concept tied to Business Tycoons.,black hole,market cap,director,entrepreneur,entrepreneur,,,text,80,8,true
Business Tycoons,hard,Pick the most specific concept tied to Business Tycoons.,adverb,venture capital,landscape,rebound,venture capital,,,text,80,8,true
Business Tycoons,hard,Which term is most specifically associated with Business Tycoons?,ethics,investor,quadratic,metaphysics,investor,,,text,80,8,true
Business Tycoons,hard,Pick the most specific concept tied to Business Tycoons.,Brahma,billionaire,playback,trend,billionaire,,,text,80,8,true
Business Tycoons,hard,Select the most precise term for Business Tycoons.,bear market,merger,concerto,realism,merger,,,text,80,8,true
Business Tycoons,hard,Which option best characterizes Business Tycoons?,ecosystem,acquisition,campaign,sedan,acquisition,,,text,80,8,true
Business Tycoons,hard,Pick the most specific concept tied to Business Tycoons.,CEO,accessory,seed,homeostasis,CEO,,,text,80,8,true
Business Tycoons,hard,Which option best characterizes Business Tycoons?,species,factor,product page,leadership,leadership,,,text,80,8,true
Business Tycoons,hard,Pick the most specific concept tied to Business Tycoons.,Brahma,myth,dribble,CEO,CEO,,,text,80,8,true
Business Tycoons,hard,Pick the most specific concept tied to Business Tycoons.,startup,Alps,Thor,Mesopotamia,startup,,,text,80,8,true
Business Tycoons,hard,Which option best characterizes Business Tycoons?,billionaire,UI thread,semi-arid,conductor,billionaire,,,text,80,8,true
Business Tycoons,hard,Pick the most specific concept tied to Business Tycoons.,bioavailability,investor,Lakshmi,sedan,investor,,,text,80,8,true
Business Tycoons,hard,Select the most precise term for Business Tycoons.,silhouette,mining,leadership,entrepreneur,leadership,,,text,80,8,true
Business Tycoons,hard,Select the most precise term for Business Tycoons.,Rajasthan,merger,altitude,Bollywood,merger,,,text,80,8,true
Business Tycoons,hard,Which option best characterizes Business Tycoons?,host city,conglomerate,Hittites,expert system,conglomerate,,,text,80,8,true
Business Tycoons,hard,Which term is most specifically associated with Business Tycoons?,tributary,chain rule,complexity,CEO,CEO,,,text,80,8,true
Business Tycoons,hard,Which option best characterizes Business Tycoons?,investor,zero trust,single,black hole,investor,,,text,80,8,true
Business Tycoons,hard,Which option best characterizes Business Tycoons?,entrepreneur,nebula,Olympiad,backboard,entrepreneur,,,text,80,8,true
Business Tycoons,hard,Pick the most specific concept tied to Business Tycoons.,CEO,free kick,posture,parliament,CEO,,,text,80,8,true
Current Affairs,easy,Which of these is related to Current Affairs?,election cycle,intrusion,Stockholm,euro,election cycle,,,text,20,12,true
Current Affairs,easy,Select a term associated with Current Affairs.,Champaran,infrastructure,Gupta Empire,responsive layout,infrastructure,,,text,20,12,true
Current Affairs,easy,Select a term associated with Current Affairs.,star,dictionary,stock exchange,climate policy,climate policy,,,text,20,12,true
Current Affairs,easy,Select a term associated with Current Affairs.,semantics,Akbar,infrastructure,lungs,infrastructure,,,text,20,12,true
Current Affairs,easy,Which option belongs to Current Affairs?,shipping,Mughal Empire,policy debate,blue chip,policy debate,,,text,20,12,true
Current Affairs,easy,Pick the correct term for Current Affairs.,Best Actor,infrastructure,RPG,electricity,infrastructure,,,text,20,12,true
Current Affairs,easy,Which option belongs to Current Affairs?,climate policy,startup,World War II,inflection,climate policy,,,text,20,12,true
Current Affairs,easy,Which of these is related to Current Affairs?,generator,chassis,emissions,diplomacy,diplomacy,,,text,20,12,true
Current Affairs,easy,Which of these is related to Current Affairs?,alphabet,cuisine,diplomacy,virtue,diplomacy,,,text,20,12,true
Current Affairs,easy,Which of these is related to Current Affairs?,subnet,evolution,policy debate,bytecode,policy debate,,,text,20,12,true
Current Affairs,easy,Which of these is related to Current Affairs?,inflation,climate policy,market research,inventor,climate policy,,,text,20,12,true
Current Affairs,easy,Select a term associated with Current Affairs.,taste,international summit,realism,training data,international summit,,,text,20,12,true
Current Affairs,easy,Select a term associated with Current Affairs.,device,rupee,hemisphere,policy debate,policy debate,,,text,20,12,true
Current Affairs,easy,Select a term associated with Current Affairs.,election cycle,focus,alphabet,superhero,election cycle,,,text,20,12,true
Current Affairs,easy,Select a term associated with Current Affairs.,ranger,intrusion,diplomacy,bandwidth,diplomacy,,,text,20,12,true
Current Affairs,easy,Which option belongs to Current Affairs?,Mississippi,nebula,mindfulness,trade agreement,trade agreement,,,text,20,12,true
Current Affairs,easy,Which option belongs to Current Affairs?,integer,trade agreement,perspective,satellite,trade agreement,,,text,20,12,true
Current Affairs,easy,Which of these is related to Current Affairs?,wearable,Arctic Ocean,international summit,society,international summit,,,text,20,12,true
Current Affairs,medium,Pick the concept that best matches Current Affairs.,linguistics,runway,education reform,block,education reform,,,text,40,10,true
Current Affairs,medium,Which option is a key concept in Current Affairs?,philanthropist,bowler,trade agreement,area under curve,trade agreement,,,text,40,10,true
Current Affairs,medium,Which option is a key concept in Current Affairs?,endangered,diplomacy,lighting,spacecraft,diplomacy,,,text,40,10,true
Current Affairs,medium,Pick the concept that best matches Current Affairs.,climate policy,Sumatra,Iceland,charger,climate policy,,,text,40,10,true
Current Affairs,medium,Select the most relevant term for Current Affairs.,election cycle,responsive design,dictionary,rally,election cycle,,,text,40,10,true
Current Affairs,medium,Pick the concept that best matches Current Affairs.,narrator,diplomacy,inequality,flowerbed,diplomacy,,,text,40,10,true
Current Affairs,medium,Which option is a key concept in Current Affairs?,emissions,infrastructure,dosage,stanza,infrastructure,,,text,40,10,true
Current Affairs,medium,Pick the concept that best matches Current Affairs.,light-year,education reform,Hera,Nobel Prize,education reform,,,text,40,10,true
Current Affairs,medium,Select the most relevant term for Current Affairs.,Bollywood,metaphor,global economy,Harappa,global economy,,,text,40,10,true
Current Affairs,medium,Select the most relevant term for Current Affairs.,symbol,climate policy,Assyrians,Ganga,climate policy,,,text,40,10,true
Current Affairs,medium,Pick the concept that best matches Current Affairs.,portrait,diplomacy,genre,Africa,diplomacy,,,text,40,10,true
Current Affairs,medium,Which term is most commonly used in Current Affairs?,Tamil Nadu,Valhalla,device,international summit,international summit,,,text,40,10,true
Current Affairs,medium,Which term is most commonly used in Current Affairs?,public health,exchange rate,hemisphere,crest,public health,,,text,40,10,true
Current Affairs,medium,Select the most relevant term for Current Affairs.,Best Actor,Plassey,election cycle,identity,election cycle,,,text,40,10,true
Current Affairs,medium,Pick the concept that best matches Current Affairs.,tablet,public health,Red Sea,classification,public health,,,text,40,10,true
Current Affairs,medium,Select the most relevant term for Current Affairs.,backhand,currency symbol,cell,policy debate,policy debate,,,text,40,10,true
Current Affairs,medium,Select the most relevant term for Current Affairs.,Danube,continent,director,global economy,global economy,,,text,40,10,true
Current Affairs,medium,Pick the concept that best matches Current Affairs.,diplomacy,share,records,mulch,diplomacy,,,text,40,10,true
Current Affairs,hard,Which option best characterizes Current Affairs?,merger,floor plan,election cycle,microscope,election cycle,,,text,80,8,true
Current Affairs,hard,Pick the most specific concept tied to Current Affairs.,exoplanet,global economy,compiler,midfielder,global economy,,,text,80,8,true
Current Affairs,hard,Which option best characterizes Current Affairs?,Lakshmi,education reform,filmfare,adverb,education reform,,,text,80,8,true
Current Affairs,hard,Select the most precise term for Current Affairs.,election cycle,reaction,Mohenjo-daro,fertilizer,election cycle,,,text,80,8,true
Current Affairs,hard,Select the most precise term for Current Affairs.,expert system,policy debate,LBW,optimization,policy debate,,,text,80,8,true
Current Affairs,hard,Select the most precise term for Current Affairs.,education reform,package,satellite,Antarctica,education reform,,,text,80,8,true
Current Affairs,hard,Select the most precise term for Current Affairs.,sedan,ecosystem,public health,author,public health,,,text,80,8,true
Current Affairs,hard,Which term is most specifically associated with Current Affairs?,public health,adjective,push notification,ecology,public health,,,text,80,8,true
Current Affairs,hard,Pick the most specific concept tied to Current Affairs.,goal,philanthropist,JavaScript,global economy,global economy,,,text,80,8,true
Current Affairs,hard,Which option best characterizes Current Affairs?,encryption,trade agreement,engagement,euro,trade agreement,,,text,80,8,true
Current Affairs,hard,Select the most precise term for Current Affairs.,costume,level,brand identity,infrastructure,infrastructure,,,text,80,8,true
Current Affairs,hard,Pick the most specific concept tied to Current Affairs.,phonetics,subject,concerto,international summit,international summit,,,text,80,8,true
Current Affairs,hard,Which term is most specifically associated with Current Affairs?,share,climate policy,app,compost,climate policy,,,text,80,8,true
Current Affairs,hard,Which option best characterizes Current Affairs?,biodiversity,ecosystem,pip,global economy,global economy,,,text,80,8,true
Current Affairs,hard,Select the most precise term for Current Affairs.,molecule,global economy,accuracy,mining,global economy,,,text,80,8,true
Current Affairs,hard,Pick the most specific concept tied to Current Affairs.,Maurya Empire,muscular system,international summit,slope,international summit,,,text,80,8,true
Current Affairs,hard,Pick the most specific concept tied to Current Affairs.,blueprint,climate policy,seed,syntax,climate policy,,,text,80,8,true
Current Affairs,hard,Which term is most specifically associated with Current Affairs?,infrastructure,Mediterranean Sea,respiratory system,trend,infrastructure,,,text,80,8,true
Current Affairs,hard,Pick the most specific concept tied to Current Affairs.,Stockholm,engine,autonomy,global economy,global economy,,,text,80,8,true
Current Affairs,hard,Select the most precise term for Current Affairs.,network,climate policy,designer,asset,climate policy,,,text,80,8,true
Current Affairs,hard,Which option best characterizes Current Affairs?,protocol,infrastructure,heart,product page,infrastructure,,,text,80,8,true
Current Affairs,hard,Which option best characterizes Current Affairs?,banknote,Phoenicians,education reform,livestock,education reform,,,text,80,8,true
Current Affairs,hard,Which option best characterizes Current Affairs?,policy debate,watering,decolonization,franchise,policy debate,,,text,80,8,true
Current Affairs,hard,Select the most precise term for Current Affairs.,batsman,Asia,device,trade agreement,trade agreement,,,text,80,8,true
Mythology (Greek),easy,Pick the correct term for Mythology (Greek).,infrastructure,firewall,socialization,Apollo,Apollo,,,text,20,12,true
Mythology (Greek),easy,Pick the correct term for Mythology (Greek).,Olympus,archipelago,Hindi cinema,circulatory system,Olympus,,,text,20,12,true
Mythology (Greek),easy,Which of these is related to Mythology (Greek)?,epic,Athena,album,protocol,Athena,,,text,20,12,true
Mythology (Greek),easy,Which option belongs to Mythology (Greek)?,demand,adjective,myth,compound,myth,,,text,20,12,true
Mythology (Greek),easy,Which option belongs to Mythology (Greek)?,Hades,leadership,malware,habitat,Hades,,,text,20,12,true
Mythology (Greek),easy,Which option belongs to Mythology (Greek)?,playback,adjective,Apollo,soil,Apollo,,,text,20,12,true
Mythology (Greek),easy,Pick the correct term for Mythology (Greek).,laureate,myth,atoll,argument,myth,,,text,20,12,true
Mythology (Greek),easy,Pick the correct term for Mythology (Greek).,Red Sea,Apollo,group,conglomerate,Apollo,,,text,20,12,true
Mythology (Greek),easy,Pick the correct term for Mythology (Greek).,color,Zeus,prescription,hashtag,Zeus,,,text,20,12,true
Mythology (Greek),easy,Which option belongs to Mythology (Greek)?,variable,orbit,algorithm,hero,hero,,,text,20,12,true
Mythology (Greek),easy,Pick the correct term for Mythology (Greek).,DNS,Olympus,longitude,network,Olympus,,,text,20,12,true
Mythology (Greek),easy,Which option belongs to Mythology (Greek)?,monarch,semi-arid,Athena,seed,Athena,,,text,20,12,true
Mythology (Greek),easy,Pick the correct term for Mythology (Greek).,servo,Zeus,playback,re-entry,Zeus,,,text,20,12,true
Mythology (Greek),easy,Which of these is related to Mythology (Greek)?,Olympus,ceremony,story arc,Bluetooth,Olympus,,,text,20,12,true
Mythology (Greek),easy,Pick the correct term for Mythology (Greek).,Ares,narrator,adjective,vulnerability,Ares,,,text,20,12,true
Mythology (Greek),easy,Which of these is related to Mythology (Greek)?,soil,flagpole,Ares,Valkyrie,Ares,,,text,20,12,true
Mythology (Greek),easy,Select a term associated with Mythology (Greek).,stalemate,globe,vocabulary,Ares,Ares,,,text,20,12,true
Mythology (Greek),easy,Pick the correct term for Mythology (Greek).,firewall,Bihar,Harappa,Athena,Athena,,,text,20,12,true
Mythology (Greek),medium,Select the most relevant term for Mythology (Greek).,dance,pH,training data,hero,hero,,,text,40,10,true
Mythology (Greek),medium,Select the most relevant term for Mythology (Greek).,flexibility,hero,ink,soil,hero,,,text,40,10,true
Mythology (Greek),medium,Select the most relevant term for Mythology (Greek).,hero,balance,freight,mulch,hero,,,text,40,10,true
Mythology (Greek),medium,Which option is a key concept in Mythology (Greek)?,expert system,bandwidth,Zeus,consensus,Zeus,,,text,40,10,true
Mythology (Greek),medium,Pick the concept that best matches Mythology (Greek).,inventory,Karnataka,Apollo,Iliad,Apollo,,,text,40,10,true
Mythology (Greek),medium,Pick the concept that best matches Mythology (Greek).,globe,Zeus,group,identity,Zeus,,,text,40,10,true
Mythology (Greek),medium,Select the most relevant term for Mythology (Greek).,haiku,autonomy,Olympus,algorithm,Olympus,,,text,40,10,true
Mythology (Greek),medium,Which term is most commonly used in Mythology (Greek)?,dish,Ares,design,three-pointer,Ares,,,text,40,10,true
Mythology (Greek),medium,Select the most relevant term for Mythology (Greek).,symphony,shipping,Poseidon,indentation,Poseidon,,,text,40,10,true
Mythology (Greek),medium,Pick the concept that best matches Mythology (Greek).,complexity,GDP,Zeus,forehand,Zeus,,,text,40,10,true
Mythology (Greek),medium,Which option is a key concept in Mythology (Greek)?,area,trend,dollar,myth,myth,,,text,40,10,true
Mythology (Greek),medium,Which term is most commonly used in Mythology (Greek)?,integer,hero,camera,radio,hero,,,text,40,10,true
Mythology (Greek),medium,Select the most relevant term for Mythology (Greek).,habitat,pattern,nebula,hero,hero,,,text,40,10,true
Mythology (Greek),medium,Which term is most commonly used in Mythology (Greek)?,Apollo,cookie,decorator,processor,Apollo,,,text,40,10,true
Mythology (Greek),medium,Which option is a key concept in Mythology (Greek)?,intrusion,hero,latency,continuity,hero,,,text,40,10,true
Mythology (Greek),medium,Select the most relevant term for Mythology (Greek).,Indian Ocean,laureate,hero,heuristic,hero,,,text,40,10,true
Mythology (Greek),medium,Select the most relevant term for Mythology (Greek).,Olympus,wellness,filmfare,crest,Olympus,,,text,40,10,true
Mythology (Greek),medium,Which term is most commonly used in Mythology (Greek)?,spacecraft,Olympus,platform,hemisphere,Olympus,,,text,40,10,true
Mythology (Greek),hard,Pick the most specific concept tied to Mythology (Greek).,decorator,Olympus,expression,flavor,Olympus,,,text,80,8,true
Mythology (Greek),hard,Select the most precise term for Mythology (Greek).,range,Bihar,Olympus,control system,Olympus,,,text,80,8,true
Mythology (Greek),hard,Which term is most specifically associated with Mythology (Greek)?,continuity,engagement,serve,Zeus,Zeus,,,text,80,8,true
Mythology (Greek),hard,Which option best characterizes Mythology (Greek)?,Olympus,masala,blue chip,thread,Olympus,,,text,80,8,true
Mythology (Greek),hard,Select the most precise term for Mythology (Greek).,thermodynamics,Ares,decor,Cold War,Ares,,,text,80,8,true
Mythology (Greek),hard,Which term is most specifically associated with Mythology (Greek)?,Ares,soil,Midgard,irrigation,Ares,,,text,80,8,true
Mythology (Greek),hard,Pick the most specific concept tied to Mythology (Greek).,host city,hero,texture,novel,hero,,,text,80,8,true
Mythology (Greek),hard,Which term is most specifically associated with Mythology (Greek)?,graphic novel,myth,Stockholm,Peace,myth,,,text,80,8,true
Mythology (Greek),hard,Which term is most specifically associated with Mythology (Greek)?,Ares,prescription,Treaty of Versailles,emotion,Ares,,,text,80,8,true
Mythology (Greek),hard,Which term is most specifically associated with Mythology (Greek)?,spice,myth,brand identity,Andes,myth,,,text,80,8,true
Mythology (Greek),hard,Select the most precise term for Mythology (Greek).,verse,Ares,CSS,clause,Ares,,,text,80,8,true
Mythology (Greek),hard,Select the most precise term for Mythology (Greek).,palette,coin,Hera,Assyrians,Hera,,,text,80,8,true
Mythology (Greek),hard,Which term is most specifically associated with Mythology (Greek)?,Assam,exception,Olympus,equator,Olympus,,,text,80,8,true
Mythology (Greek),hard,Which term is most specifically associated with Mythology (Greek)?,slogan,homeostasis,Apollo,compound,Apollo,,,text,80,8,true
Mythology (Greek),hard,Select the most precise term for Mythology (Greek).,Android,planting,Poseidon,behavior,Poseidon,,,text,80,8,true
Mythology (Greek),hard,Which term is most specifically associated with Mythology (Greek)?,Apollo,Mesopotamia,brush,aperture,Apollo,,,text,80,8,true
Mythology (Greek),hard,Select the most precise term for Mythology (Greek).,dish,epic,angle,Zeus,Zeus,,,text,80,8,true
Mythology (Greek),hard,Which option best characterizes Mythology (Greek)?,Zeus,pranayama,parliament,email,Zeus,,,text,80,8,true
Mythology (Greek),hard,Pick the most specific concept tied to Mythology (Greek).,wardrobe,virtue,catalyst,hero,hero,,,text,80,8,true
Mythology (Greek),hard,Which term is most specifically associated with Mythology (Greek)?,Olympiad,merger,diplomacy,Zeus,Zeus,,,text,80,8,true
Mythology (Greek),hard,Pick the most specific concept tied to Mythology (Greek).,robot arm,forehand,target audience,Hera,Hera,,,text,80,8,true
Mythology (Greek),hard,Select the most precise term for Mythology (Greek).,mind,Champaran,Poseidon,triangle,Poseidon,,,text,80,8,true
Mythology (Greek),hard,Which option best characterizes Mythology (Greek)?,Caribbean Sea,serve,Hades,Sumatra,Hades,,,text,80,8,true
Mythology (Greek),hard,Which option best characterizes Mythology (Greek)?,Apollo,inflation,blockbuster,TCP,Apollo,,,text,80,8,true
Mythology (Indian),easy,Pick the correct term for Mythology (Indian).,angle,Rama,ethics,automation,Rama,,,text,20,12,true
Mythology (Indian),easy,Which of these is related to Mythology (Indian)?,Babylon,Economics,Vishnu,flag ratio,Vishnu,,,text,20,12,true
Mythology (Indian),easy,Which of these is related to Mythology (Indian)?,batsman,deity,pivot,merger,deity,,,text,20,12,true
Mythology (Indian),easy,Which of these is related to Mythology (Indian)?,Brahma,defender,innings,dystopia,Brahma,,,text,20,12,true
Mythology (Indian),easy,Which option belongs to Mythology (Indian)?,Shiva,virtue,Valhalla,oxidation,Shiva,,,text,20,12,true
Mythology (Indian),easy,Select a term associated with Mythology (Indian).,Hamlet,internet,Lakshmi,illustration,Lakshmi,,,text,20,12,true
Mythology (Indian),easy,Select a term associated with Mythology (Indian).,athletics,slogan,Krishna,session,Krishna,,,text,20,12,true
Mythology (Indian),easy,Which option belongs to Mythology (Indian)?,Zeus,culture,prescription,Vishnu,Vishnu,,,text,20,12,true
Mythology (Indian),easy,Which option belongs to Mythology (Indian)?,myth,digestive system,deity,justice,deity,,,text,20,12,true
Mythology (Indian),easy,Select a term associated with Mythology (Indian).,venture capital,prize,planning,Krishna,Krishna,,,text,20,12,true
Mythology (Indian),easy,Select a term associated with Mythology (Indian).,Brahma,fraction,space planning,trail,Brahma,,,text,20,12,true
Mythology (Indian),easy,Select a term associated with Mythology (Indian).,slogan,deity,election cycle,Mohenjo-daro,deity,,,text,20,12,true
Mythology (Indian),easy,Select a term associated with Mythology (Indian).,Krishna,Sahara,altitude,therapy,Krishna,,,text,20,12,true
Mythology (Indian),easy,Pick the correct term for Mythology (Indian).,authorization,firewall,Brahma,HTTP,Brahma,,,text,20,12,true
Mythology (Indian),easy,Pick the correct term for Mythology (Indian).,ethics,Krishna,studio,group,Krishna,,,text,20,12,true
Mythology (Indian),easy,Which option belongs to Mythology (Indian)?,illustration,integral,Rama,function,Rama,,,text,20,12,true
Mythology (Indian),easy,Pick the correct term for Mythology (Indian).,canvas,Rama,vaccination,switch,Rama,,,text,20,12,true
Mythology (Indian),easy,Pick the correct term for Mythology (Indian).,Hades,Oscar,Lake Superior,Rama,Rama,,,text,20,12,true
Mythology (Indian),medium,Which option is a key concept in Mythology (Indian)?,stretch,Vishnu,share,receptor,Vishnu,,,text,40,10,true
Mythology (Indian),medium,Which option is a key concept in Mythology (Indian)?,slope,director,Brahma,Medicine,Brahma,,,text,40,10,true
Mythology (Indian),medium,Pick the concept that best matches Mythology (Indian).,tragedy,pawn,iterator,Ramayana,Ramayana,,,text,40,10,true
Mythology (Indian),medium,Select the most relevant term for Mythology (Indian).,phonetics,prescription,pattern,Vishnu,Vishnu,,,text,40,10,true
Mythology (Indian),medium,Which term is most commonly used in Mythology (Indian)?,deity,rebrand,endgame,pitch,deity,,,text,40,10,true
Mythology (Indian),medium,Which option is a key concept in Mythology (Indian)?,Rama,Indus Valley,concerto,satellite,Rama,,,text,40,10,true
Mythology (Indian),medium,Pick the concept that best matches Mythology (Indian).,Rama,cockpit,Alps,equator,Rama,,,text,40,10,true
Mythology (Indian),medium,Which option is a key concept in Mythology (Indian)?,Shiva,online store,stream of consciousness,global economy,Shiva,,,text,40,10,true
Mythology (Indian),medium,Which term is most commonly used in Mythology (Indian)?,illustration,Shiva,flag ratio,biodiversity,Shiva,,,text,40,10,true
Mythology (Indian),medium,Which term is most commonly used in Mythology (Indian)?,Ramayana,Egyptians,steam engine,graphic novel,Ramayana,,,text,40,10,true
Mythology (Indian),medium,Which option is a key concept in Mythology (Indian)?,arch,producer,Vishnu,altitude,Vishnu,,,text,40,10,true
Mythology (Indian),medium,Which option is a key concept in Mythology (Indian)?,internet,Harappa,Zeus,Ramayana,Ramayana,,,text,40,10,true
Mythology (Indian),medium,Which term is most commonly used in Mythology (Indian)?,atoll,tangent,satellite,Durga,Durga,,,text,40,10,true
Mythology (Indian),medium,Which option is a key concept in Mythology (Indian)?,pesticide,Rama,producer,startup,Rama,,,text,40,10,true
Mythology (Indian),medium,Which term is most commonly used in Mythology (Indian)?,cuisine,dictionary,evolution,Durga,Durga,,,text,40,10,true
Mythology (Indian),medium,Select the most relevant term for Mythology (Indian).,equation,subnet,emissions,Durga,Durga,,,text,40,10,true
Mythology (Indian),medium,Pick the concept that best matches Mythology (Indian).,penalty,species,Krishna,Hindi cinema,Krishna,,,text,40,10,true
Mythology (Indian),medium,Which term is most commonly used in Mythology (Indian)?,Brahma,South America,binary,electricity,Brahma,,,text,40,10,true
Mythology (Indian),hard,Select the most precise term for Mythology (Indian).,Mahabharata,pronoun,transaction,brush,Mahabharata,,,text,80,8,true
Mythology (Indian),hard,Which option best characterizes Mythology (Indian)?,superhero,Ramayana,free throw,verb,Ramayana,,,text,80,8,true
Mythology (Indian),hard,Pick the most specific concept tied to Mythology (Indian).,share,harvest,Ramayana,prayer,Ramayana,,,text,80,8,true
Mythology (Indian),hard,Select the most precise term for Mythology (Indian).,logic,Durga,Best Picture,quest,Durga,,,text,80,8,true
Mythology (Indian),hard,Pick the most specific concept tied to Mythology (Indian).,Brahma,summit,Yangtze,Bollywood,Brahma,,,text,80,8,true
Mythology (Indian),hard,Select the most precise term for Mythology (Indian).,Shiva,ecosystem,author,podium,Shiva,,,text,80,8,true
Mythology (Indian),hard,Pick the most specific concept tied to Mythology (Indian).,feed,justice,Lakshmi,JVM,Lakshmi,,,text,80,8,true
Mythology (Indian),hard,Pick the most specific concept tied to Mythology (Indian).,data structure,compost,Vishnu,infrastructure,Vishnu,,,text,80,8,true
Mythology (Indian),hard,Which term is most specifically associated with Mythology (Indian)?,Krishna,panel,minimalism,protocol,Krishna,,,text,80,8,true
Mythology (Indian),hard,Select the most precise term for Mythology (Indian).,rally,ISP,dystopia,Mahabharata,Mahabharata,,,text,80,8,true
Mythology (Indian),hard,Pick the most specific concept tied to Mythology (Indian).,seed,verse,publisher,Ramayana,Ramayana,,,text,80,8,true
Mythology (Indian),hard,Select the most precise term for Mythology (Indian).,palette,sanctuary,area under curve,Shiva,Shiva,,,text,80,8,true
Mythology (Indian),hard,Which option best characterizes Mythology (Indian)?,harvest,Shiva,bishop,iOS,Shiva,,,text,80,8,true
Mythology (Indian),hard,Pick the most specific concept tied to Mythology (Indian).,Vishnu,chassis,shot clock,diplomacy,Vishnu,,,text,80,8,true
Mythology (Indian),hard,Which term is most specifically associated with Mythology (Indian)?,altitude,concerto,legislature,Lakshmi,Lakshmi,,,text,80,8,true
Mythology (Indian),hard,Pick the most specific concept tied to Mythology (Indian).,derivative,epistemology,asana,deity,deity,,,text,80,8,true
Mythology (Indian),hard,Select the most precise term for Mythology (Indian).,Vishnu,ISO,monotheism,Mesopotamia,Vishnu,,,text,80,8,true
Mythology (Indian),hard,Which term is most specifically associated with Mythology (Indian)?,ISP,Bluetooth,dictionary,Rama,Rama,,,text,80,8,true
Mythology (Indian),hard,Pick the most specific concept tied to Mythology (Indian).,patch,responsive design,Shiva,pronoun,Shiva,,,text,80,8,true
Mythology (Indian),hard,Which term is most specifically associated with Mythology (Indian)?,Indus Valley,Durga,dot-com,banknote,Durga,,,text,80,8,true
Mythology (Indian),hard,Which term is most specifically associated with Mythology (Indian)?,launch vehicle,monopoly,Shiva,database,Shiva,,,text,80,8,true
Mythology (Indian),hard,Pick the most specific concept tied to Mythology (Indian).,Brahma,fabric,period,scientist,Brahma,,,text,80,8,true
Mythology (Indian),hard,Which option best characterizes Mythology (Indian)?,clergy,Tamil Nadu,logic,Rama,Rama,,,text,80,8,true
Mythology (Indian),hard,Which option best characterizes Mythology (Indian)?,iterator,Poseidon,Vishnu,fuel,Vishnu,,,text,80,8,true
Mythology (Norse),easy,Select a term associated with Mythology (Norse).,Odin,irrigation,search,hash,Odin,,,text,20,12,true
Mythology (Norse),easy,Which option belongs to Mythology (Norse)?,myth,block,wicket,subject,myth,,,text,20,12,true
Mythology (Norse),easy,Which of these is related to Mythology (Norse)?,epistemology,hospital,watercolor,myth,myth,,,text,20,12,true
Mythology (Norse),easy,Which option belongs to Mythology (Norse)?,Aeneid,Midgard,trend,memory,Midgard,,,text,20,12,true
Mythology (Norse),easy,Which option belongs to Mythology (Norse)?,United Nations,Yggdrasil,summit,Industrial Revolution,Yggdrasil,,,text,20,12,true
Mythology (Norse),easy,Pick the correct term for Mythology (Norse).,opening,Valkyrie,personality,Arctic Ocean,Valkyrie,,,text,20,12,true
Mythology (Norse),easy,Which option belongs to Mythology (Norse)?,oasis,clinical,archipelago,Asgard,Asgard,,,text,20,12,true
Mythology (Norse),easy,Pick the correct term for Mythology (Norse).,Everest,wearable,product page,Loki,Loki,,,text,20,12,true
Mythology (Norse),easy,Pick the correct term for Mythology (Norse).,Thor,bishop,cash flow,adaptation,Thor,,,text,20,12,true
Mythology (Norse),easy,Select a term associated with Mythology (Norse).,fertilizer,myth,frame,Android,myth,,,text,20,12,true
Mythology (Norse),easy,Pick the correct term for Mythology (Norse).,Yggdrasil,pollution,protected area,dictionary,Yggdrasil,,,text,20,12,true
Mythology (Norse),easy,Which option belongs to Mythology (Norse)?,prey,playlist,fertilizer,Thor,Thor,,,text,20,12,true
Mythology (Norse),easy,Which option belongs to Mythology (Norse)?,realism,superhero,Ragnarok,monopoly,Ragnarok,,,text,20,12,true
Mythology (Norse),easy,Which option belongs to Mythology (Norse)?,supply,prime minister,Midgard,strings,Midgard,,,text,20,12,true
Mythology (Norse),easy,Which of these is related to Mythology (Norse)?,tricolor,song sequence,Thor,foundation,Thor,,,text,20,12,true
Mythology (Norse),easy,Pick the correct term for Mythology (Norse).,festivals,Midgard,metaphysics,superhero,Midgard,,,text,20,12,true
Mythology (Norse),easy,Which option belongs to Mythology (Norse)?,latitude,Caribbean Sea,orchestra,Valhalla,Valhalla,,,text,20,12,true
Mythology (Norse),easy,Select a term associated with Mythology (Norse).,Odin,haiku,Odyssey,volatility,Odin,,,text,20,12,true
Mythology (Norse),medium,Which option is a key concept in Mythology (Norse)?,bias,Thor,operating system,striker,Thor,,,text,40,10,true
Mythology (Norse),medium,Which term is most commonly used in Mythology (Norse)?,Asgard,like,lifecycle,evolution,Asgard,,,text,40,10,true
Mythology (Norse),medium,Which option is a key concept in Mythology (Norse)?,imagery,emissions,match point,myth,myth,,,text,40,10,true
Mythology (Norse),medium,Select the most relevant term for Mythology (Norse).,homeostasis,Asgard,asset,judiciary,Asgard,,,text,40,10,true
Mythology (Norse),medium,Select the most relevant term for Mythology (Norse).,South America,goal,planting,myth,myth,,,text,40,10,true
Mythology (Norse),medium,Pick the concept that best matches Mythology (Norse).,Thar,perception,Odin,rebound,Odin,,,text,40,10,true
Mythology (Norse),medium,Which option is a key concept in Mythology (Norse)?,promotion,Nobel Prize,Valhalla,muscular system,Valhalla,,,text,40,10,true
Mythology (Norse),medium,Which term is most commonly used in Mythology (Norse)?,Loki,torque,bear market,virtue,Loki,,,text,40,10,true
Mythology (Norse),medium,Which option is a key concept in Mythology (Norse)?,rook,fraction,Loki,Phoenicians,Loki,,,text,40,10,true
Mythology (Norse),medium,Which option is a key concept in Mythology (Norse)?,qualifier,Assyrians,textile,myth,myth,,,text,40,10,true
Mythology (Norse),medium,Which term is most commonly used in Mythology (Norse)?,symbol,climate model,Asgard,mining,Asgard,,,text,40,10,true
Mythology (Norse),medium,Select the most relevant term for Mythology (Norse).,Asgard,Red Sea,JavaScript,UI thread,Asgard,,,text,40,10,true
Mythology (Norse),medium,Which option is a key concept in Mythology (Norse)?,myth,sea level,qualifier,hero,myth,,,text,40,10,true
Mythology (Norse),medium,Select the most relevant term for Mythology (Norse).,brain,prey,species,Midgard,Midgard,,,text,40,10,true
Mythology (Norse),medium,Pick the concept that best matches Mythology (Norse).,air traffic,modem,cash flow,Valkyrie,Valkyrie,,,text,40,10,true
Mythology (Norse),medium,Which term is most commonly used in Mythology (Norse)?,quest,culture,Asgard,level,Asgard,,,text,40,10,true
Mythology (Norse),medium,Select the most relevant term for Mythology (Norse).,ethics,Asgard,Africa,flag ratio,Asgard,,,text,40,10,true
Mythology (Norse),medium,Which term is most commonly used in Mythology (Norse)?,Valhalla,knowledge base,responsive design,grammar,Valhalla,,,text,40,10,true
Mythology (Norse),hard,Pick the most specific concept tied to Mythology (Norse).,story arc,myth,Karnataka,pattern,myth,,,text,80,8,true
Mythology (Norse),hard,Which option best characterizes Mythology (Norse)?,Asgard,linear,wildlife reserve,adverb,Asgard,,,text,80,8,true
Mythology (Norse),hard,Pick the most specific concept tied to Mythology (Norse).,Zeus,World Wide Web,push notification,Ragnarok,Ragnarok,,,text,80,8,true
Mythology (Norse),hard,Which term is most specifically associated with Mythology (Norse)?,Loki,executive,set,palette,Loki,,,text,80,8,true
Mythology (Norse),hard,Which term is most specifically associated with Mythology (Norse)?,carbon footprint,processor,Yggdrasil,prime number,Yggdrasil,,,text,80,8,true
Mythology (Norse),hard,Which term is most specifically associated with Mythology (Norse)?,noun,polytheism,verse,Asgard,Asgard,,,text,80,8,true
Mythology (Norse),hard,Which option best characterizes Mythology (Norse)?,continent,Loki,dictionary,orbit,Loki,,,text,80,8,true
Mythology (Norse),hard,Pick the most specific concept tied to Mythology (Norse).,head of state,post,Ragnarok,pesticide,Ragnarok,,,text,80,8,true
Mythology (Norse),hard,Which term is most specifically associated with Mythology (Norse)?,legislature,Ragnarok,constellation,Best Actor,Ragnarok,,,text,80,8,true
Mythology (Norse),hard,Which term is most specifically associated with Mythology (Norse)?,robot,respiratory system,conductor,Loki,Loki,,,text,80,8,true
Mythology (Norse),hard,Which term is most specifically associated with Mythology (Norse)?,conglomerate,Odin,angle,habitat,Odin,,,text,80,8,true
Mythology (Norse),hard,Which term is most specifically associated with Mythology (Norse)?,Ragnarok,acquisition,printing press,over,Ragnarok,,,text,80,8,true
Mythology (Norse),hard,Select the most precise term for Mythology (Norse).,robot,Midgard,optimization,LBW,Midgard,,,text,80,8,true
Mythology (Norse),hard,Select the most precise term for Mythology (Norse).,myth,portrait,tangent line,remix,myth,,,text,80,8,true
Mythology (Norse),hard,Select the most precise term for Mythology (Norse).,meditation,cuisine,myth,inequality,myth,,,text,80,8,true
Mythology (Norse),hard,Which term is most specifically associated with Mythology (Norse)?,subject,brand equity,Ragnarok,hashtag,Ragnarok,,,text,80,8,true
Mythology (Norse),hard,Which option best characterizes Mythology (Norse)?,Loki,Ares,cash flow,host city,Loki,,,text,80,8,true
Mythology (Norse),hard,Which term is most specifically associated with Mythology (Norse)?,mission control,jet engine,realism,Valhalla,Valhalla,,,text,80,8,true
Mythology (Norse),hard,Pick the most specific concept tied to Mythology (Norse).,Gujarat,robot arm,IP address,Asgard,Asgard,,,text,80,8,true
Mythology (Norse),hard,Pick the most specific concept tied to Mythology (Norse).,Pacific Ocean,exchange rate,fabric,Valhalla,Valhalla,,,text,80,8,true
Mythology (Norse),hard,Select the most precise term for Mythology (Norse).,CEO,cape,president,Valhalla,Valhalla,,,text,80,8,true
Mythology (Norse),hard,Which term is most specifically associated with Mythology (Norse)?,justice,pronoun,Yggdrasil,conversion,Yggdrasil,,,text,80,8,true
Mythology (Norse),hard,Which term is most specifically associated with Mythology (Norse)?,yen,Valkyrie,wearable,payment gateway,Valkyrie,,,text,80,8,true
Mythology (Norse),hard,Select the most precise term for Mythology (Norse).,inequality,magnetism,Yggdrasil,narrator,Yggdrasil,,,text,80,8,true
Languages,easy,Which of these is related to Languages?,brush,hemisphere,grammar,Indus Valley,grammar,,,text,20,12,true
Languages,easy,Which option belongs to Languages?,grill,energy,linguistics,athlete,linguistics,,,text,20,12,true
Languages,easy,Which option belongs to Languages?,personality,protocol,recycling,semantics,semantics,,,text,20,12,true
Languages,easy,Select a term associated with Languages.,DOM,arch,opera,script,script,,,text,20,12,true
Languages,easy,Which of these is related to Languages?,vocabulary,structural,deity,product page,vocabulary,,,text,20,12,true
Languages,easy,Pick the correct term for Languages.,Harappa,entrepreneur,skeletal system,syntax,syntax,,,text,20,12,true
Languages,easy,Pick the correct term for Languages.,grammar,hash,comic,wearable,grammar,,,text,20,12,true
Languages,easy,Pick the correct term for Languages.,conservation,logo,label,linguistics,linguistics,,,text,20,12,true
Languages,easy,Which of these is related to Languages?,bytecode,album,alphabet,emulator,alphabet,,,text,20,12,true
Languages,easy,Pick the correct term for Languages.,post,grammar,oxidation,overfitting,grammar,,,text,20,12,true
Languages,easy,Which option belongs to Languages?,habitat,expression,linguistics,noun,linguistics,,,text,20,12,true
Languages,easy,Which option belongs to Languages?,market,statuette,aerodynamics,phonetics,phonetics,,,text,20,12,true
Languages,easy,Which of these is related to Languages?,malware,wilderness,flooring,vocabulary,vocabulary,,,text,20,12,true
Languages,easy,Pick the correct term for Languages.,torque,binary,phonetics,momentum,phonetics,,,text,20,12,true
Languages,easy,Which option belongs to Languages?,layout,parliament,training data,semantics,semantics,,,text,20,12,true
Languages,easy,Select a term associated with Languages.,periodic table,Best Actress,syntax,quadratic,syntax,,,text,20,12,true
Languages,easy,Pick the correct term for Languages.,euro,alphabet,culture,Literature,alphabet,,,text,20,12,true
Languages,easy,Which of these is related to Languages?,routing,UDP,adjective,phonetics,phonetics,,,text,20,12,true
Languages,medium,Which term is most commonly used in Languages?,pollution,hemisphere,phonetics,orchestra,phonetics,,,text,40,10,true
Languages,medium,Select the most relevant term for Languages.,vocabulary,wave,set,grill,vocabulary,,,text,40,10,true
Languages,medium,Pick the concept that best matches Languages.,alphabet,sauce,texture,bake,alphabet,,,text,40,10,true
Languages,medium,Pick the concept that best matches Languages.,grammar,migration,mindfulness,knowledge base,grammar,,,text,40,10,true
Languages,medium,Which term is most commonly used in Languages?,intrusion,Tamil Nadu,prize,translation,translation,,,text,40,10,true
Languages,medium,Which option is a key concept in Languages?,script,temple,Ganga,polygon,script,,,text,40,10,true
Languages,medium,Which option is a key concept in Languages?,Mesopotamia,sine,alphabet,angle,alphabet,,,text,40,10,true
Languages,medium,Select the most relevant term for Languages.,pH,bake,Ares,phonetics,phonetics,,,text,40,10,true
Languages,medium,Pick the concept that best matches Languages.,translation,Vishnu,myth,policy,translation,,,text,40,10,true
Languages,medium,Pick the concept that best matches Languages.,syntax,exposure,cockpit,billboard,syntax,,,text,40,10,true
Languages,medium,Select the most relevant term for Languages.,exoplanet,Yangtze,silhouette,script,script,,,text,40,10,true
Languages,medium,Which term is most commonly used in Languages?,mission control,vault,quadratic,alphabet,alphabet,,,text,40,10,true
Languages,medium,Which term is most commonly used in Languages?,castling,vocabulary,pawn,range,vocabulary,,,text,40,10,true
Languages,medium,Which option is a key concept in Languages?,vocabulary,SEO,perspective,executive,vocabulary,,,text,40,10,true
Languages,medium,Select the most relevant term for Languages.,deuce,fertilizer,Midgard,grammar,grammar,,,text,40,10,true
Languages,medium,Select the most relevant term for Languages.,search,fertilizer,flexibility,grammar,grammar,,,text,40,10,true
Languages,medium,Which term is most commonly used in Languages?,superpower,carbon dioxide,assist,vocabulary,vocabulary,,,text,40,10,true
Languages,medium,Which term is most commonly used in Languages?,integral,supply chain,phonetics,Odyssey,phonetics,,,text,40,10,true
Languages,hard,Pick the most specific concept tied to Languages.,reaction,phonetics,stripe,printing press,phonetics,,,text,80,8,true
Languages,hard,Which option best characterizes Languages?,Africa,momentum,translation,mission control,translation,,,text,80,8,true
Languages,hard,Which option best characterizes Languages?,pitch,perspective,dialect,Rajasthan,dialect,,,text,80,8,true
Languages,hard,Which option best characterizes Languages?,script,landing gear,focus,Akbar,script,,,text,80,8,true
Languages,hard,Select the most precise term for Languages.,emissions,fuel,Best Actress,alphabet,alphabet,,,text,80,8,true
Languages,hard,Pick the most specific concept tied to Languages.,catalyst,servo,dialect,Madagascar,dialect,,,text,80,8,true
Languages,hard,Which option best characterizes Languages?,semantics,factor,harvest,chorus,semantics,,,text,80,8,true
Languages,hard,Which option best characterizes Languages?,alphabet,Chemistry,stump,IPO,alphabet,,,text,80,8,true
Languages,hard,Which term is most specifically associated with Languages?,script,equation,constellation,HTML,script,,,text,80,8,true
Languages,hard,Which term is most specifically associated with Languages?,phonetics,simile,expert system,elasticity,phonetics,,,text,80,8,true
Languages,hard,Select the most precise term for Languages.,syntax,angle,bowler,Kalahari,syntax,,,text,80,8,true
Languages,hard,Pick the most specific concept tied to Languages.,script,Olympiad,promotion,campground,script,,,text,80,8,true
Languages,hard,Which term is most specifically associated with Languages?,Cold War,North America,linguistics,tributary,linguistics,,,text,80,8,true
Languages,hard,Select the most precise term for Languages.,clause,dialect,generator,heuristic,dialect,,,text,80,8,true
Languages,hard,Which option best characterizes Languages?,ISP,Everest,radian,grammar,grammar,,,text,80,8,true
Languages,hard,Which option best characterizes Languages?,panel,phonetics,election cycle,deviance,phonetics,,,text,80,8,true
Languages,hard,Which term is most specifically associated with Languages?,protocol,servo,alphabet,heuristic,alphabet,,,text,80,8,true
Languages,hard,Pick the most specific concept tied to Languages.,semantics,textile,exchange rate,camera,semantics,,,text,80,8,true
Languages,hard,Which option best characterizes Languages?,abstract,dialect,trade agreement,Stockholm,dialect,,,text,80,8,true
Languages,hard,Which option best characterizes Languages?,syntax,composer,ISO,box office,syntax,,,text,80,8,true
Languages,hard,Which term is most specifically associated with Languages?,World Wide Web,syntax,public health,longitude,syntax,,,text,80,8,true
Languages,hard,Which term is most specifically associated with Languages?,rebound,silhouette,derivative,grammar,grammar,,,text,80,8,true
Languages,hard,Which option best characterizes Languages?,dialect,leadership,strings,coin,dialect,,,text,80,8,true
Languages,hard,Which term is most specifically associated with Languages?,payment gateway,semantics,Plassey,culture,semantics,,,text,80,8,true
Indian States,easy,Which of these is related to Indian States?,suspension,liability,sustainability,Karnataka,Karnataka,,,text,20,12,true
Indian States,easy,Pick the correct term for Indian States.,Uttar Pradesh,linguistics,mind,Literature,Uttar Pradesh,,,text,20,12,true
Indian States,easy,Which option belongs to Indian States?,Assam,sustainability,app,Hindi cinema,Assam,,,text,20,12,true
Indian States,easy,Which of these is related to Indian States?,qualifier,Tamil Nadu,servo,perspective,Tamil Nadu,,,text,20,12,true
Indian States,easy,Which of these is related to Indian States?,villain,Karnataka,Mississippi,Rockies,Karnataka,,,text,20,12,true
Indian States,easy,Which of these is related to Indian States?,Valkyrie,inventor,Kerala,protein,Kerala,,,text,20,12,true
Indian States,easy,Which of these is related to Indian States?,Punjab,Borneo,hero,checkout,Punjab,,,text,20,12,true
Indian States,easy,Which of these is related to Indian States?,longitude,Gujarat,Best Picture,Mughal Empire,Gujarat,,,text,20,12,true
Indian States,easy,Select a term associated with Indian States.,light-year,metabolism,mitochondria,Uttar Pradesh,Uttar Pradesh,,,text,20,12,true
Indian States,easy,Which of these is related to Indian States?,Australia,Uttar Pradesh,Oscar,achievement,Uttar Pradesh,,,text,20,12,true
Indian States,easy,Select a term associated with Indian States.,Bihar,Mediterranean Sea,Sumatra,galaxy,Bihar,,,text,20,12,true
Indian States,easy,Which option belongs to Indian States?,nervous system,Bihar,Olympus,rhyme,Bihar,,,text,20,12,true
Indian States,easy,Pick the correct term for Indian States.,Chemistry,altitude,gravity,Karnataka,Karnataka,,,text,20,12,true
Indian States,easy,Select a term associated with Indian States.,gallery,Gujarat,Gupta Empire,World War I,Gujarat,,,text,20,12,true
Indian States,easy,Which of these is related to Indian States?,area under curve,Kerala,decolonization,South America,Kerala,,,text,20,12,true
Indian States,easy,Which option belongs to Indian States?,jet engine,elasticity,Gujarat,conservation,Gujarat,,,text,20,12,true
Indian States,easy,Which option belongs to Indian States?,Arctic Ocean,Kerala,tangent line,diplomacy,Kerala,,,text,20,12,true
Indian States,easy,Pick the correct term for Indian States.,international summit,Rajasthan,campaign,latency,Rajasthan,,,text,20,12,true
Indian States,medium,Which option is a key concept in Indian States?,suspension,bake,Maharashtra,aerodynamics,Maharashtra,,,text,40,10,true
Indian States,medium,Which option is a key concept in Indian States?,responsive design,Hollywood,Ramayana,Kerala,Kerala,,,text,40,10,true
Indian States,medium,Pick the concept that best matches Indian States.,offside,Best Actress,Punjab,accuracy,Punjab,,,text,40,10,true
Indian States,medium,Select the most relevant term for Indian States.,engine,Red Sea,Uttar Pradesh,area under curve,Uttar Pradesh,,,text,40,10,true
Indian States,medium,Which option is a key concept in Indian States?,monarch,Bihar,overfitting,column,Bihar,,,text,40,10,true
Indian States,medium,Which option is a key concept in Indian States?,Everest,sanctuary,Don Quixote,Tamil Nadu,Tamil Nadu,,,text,40,10,true
Indian States,medium,Pick the concept that best matches Indian States.,online store,optimization,preposition,Gujarat,Gujarat,,,text,40,10,true
Indian States,medium,Which term is most commonly used in Indian States?,Thar,nervous system,Gujarat,decorator,Gujarat,,,text,40,10,true
Indian States,medium,Which term is most commonly used in Indian States?,Zeus,depth of field,Tamil Nadu,label,Tamil Nadu,,,text,40,10,true
Indian States,medium,Select the most relevant term for Indian States.,Rajasthan,automation,authorization,spacewalk,Rajasthan,,,text,40,10,true
Indian States,medium,Which term is most commonly used in Indian States?,Tamil Nadu,therapy,athlete,coefficient,Tamil Nadu,,,text,40,10,true
Indian States,medium,Pick the concept that best matches Indian States.,responsive design,gesture,cosine,Bihar,Bihar,,,text,40,10,true
Indian States,medium,Which option is a key concept in Indian States?,lambda,memory,Sri Lanka,Maharashtra,Maharashtra,,,text,40,10,true
Indian States,medium,Pick the concept that best matches Indian States.,Midgard,gravity,Gujarat,Ramayana,Gujarat,,,text,40,10,true
Indian States,medium,Pick the concept that best matches Indian States.,depth of field,prescription,latitude,Maharashtra,Maharashtra,,,text,40,10,true
Indian States,medium,Which term is most commonly used in Indian States?,Rajasthan,explorer,argument,generator,Rajasthan,,,text,40,10,true
Indian States,medium,Which option is a key concept in Indian States?,rhyme,institution,Gujarat,Delhi Sultanate,Gujarat,,,text,40,10,true
Indian States,medium,Which term is most commonly used in Indian States?,liability,horsepower,thread,Bihar,Bihar,,,text,40,10,true
Indian States,hard,Which option best characterizes Indian States?,free throw,feature,foul,Punjab,Punjab,,,text,80,8,true
Indian States,hard,Which term is most specifically associated with Indian States?,foundation,delta,Punjab,aerodynamics,Punjab,,,text,80,8,true
Indian States,hard,Select the most precise term for Indian States.,K2,returns,Rajasthan,space station,Rajasthan,,,text,80,8,true
Indian States,hard,Pick the most specific concept tied to Indian States.,Kerala,garbage collection,formation,myth,Kerala,,,text,80,8,true
Indian States,hard,Select the most precise term for Indian States.,behavior,angle,covalent bond,Karnataka,Karnataka,,,text,80,8,true
Indian States,hard,Which term is most specifically associated with Indian States?,Maharashtra,predator,Ganga,heuristic,Maharashtra,,,text,80,8,true
Indian States,hard,Which option best characterizes Indian States?,gesture,dystopia,Bihar,period,Bihar,,,text,80,8,true
Indian States,hard,Select the most precise term for Indian States.,endgame,Uttar Pradesh,symphony,diplomacy,Uttar Pradesh,,,text,80,8,true
Indian States,hard,Select the most precise term for Indian States.,franchise,constellation,Uttar Pradesh,inequality,Uttar Pradesh,,,text,80,8,true
Indian States,hard,Select the most precise term for Indian States.,realism,Hittites,prescription,Bihar,Bihar,,,text,80,8,true
Indian States,hard,Which option best characterizes Indian States?,Maharashtra,festivals,latency,yen,Maharashtra,,,text,80,8,true
Indian States,hard,Which option best characterizes Indian States?,Beowulf,Lakshmi,vault,Rajasthan,Rajasthan,,,text,80,8,true
Indian States,hard,Select the most precise term for Indian States.,graphics,frame,clergy,Uttar Pradesh,Uttar Pradesh,,,text,80,8,true
Indian States,hard,Which option best characterizes Indian States?,internet,Kerala,Sumatra,Southern Ocean,Kerala,,,text,80,8,true
Indian States,hard,Select the most precise term for Indian States.,dish,triangle,Red Sea,Rajasthan,Rajasthan,,,text,80,8,true
Indian States,hard,Which option best characterizes Indian States?,brain,identity,memory,Gujarat,Gujarat,,,text,80,8,true
Indian States,hard,Which option best characterizes Indian States?,merger,syntax,Karnataka,factorization,Karnataka,,,text,80,8,true
Indian States,hard,Select the most precise term for Indian States.,campaign,rhyme,branding,Bihar,Bihar,,,text,80,8,true
Indian States,hard,Select the most precise term for Indian States.,sensor,toxicity,continuity,Maharashtra,Maharashtra,,,text,80,8,true
Indian States,hard,Pick the most specific concept tied to Indian States.,bioavailability,Tamil Nadu,goalkeeper,lens,Tamil Nadu,,,text,80,8,true
Indian States,hard,Select the most precise term for Indian States.,DNS,internet,stream of consciousness,Rajasthan,Rajasthan,,,text,80,8,true
Indian States,hard,Which term is most specifically associated with Indian States?,Tamil Nadu,baroque,achievement,premiere,Tamil Nadu,,,text,80,8,true
Indian States,hard,Which option best characterizes Indian States?,scripture,Kerala,Valhalla,therapy,Kerala,,,text,80,8,true
Indian States,hard,Pick the most specific concept tied to Indian States.,Gujarat,director,regression,star,Gujarat,,,text,80,8,true
World Continents,easy,Which option belongs to World Continents?,meter,space station,strings,South America,South America,,,text,20,12,true
World Continents,easy,Which option belongs to World Continents?,smart contract,authentication,Antarctica,wallet,Antarctica,,,text,20,12,true
World Continents,easy,Select a term associated with World Continents.,Antarctica,studio,ritual,transmission,Antarctica,,,text,20,12,true
World Continents,easy,Select a term associated with World Continents.,fiscal policy,market,continent,vocabulary,continent,,,text,20,12,true
World Continents,easy,Which option belongs to World Continents?,machine,aperture,firewall,Australia,Australia,,,text,20,12,true
World Continents,easy,Which of these is related to World Continents?,striker,fertilizer,democracy,Australia,Australia,,,text,20,12,true
World Continents,easy,Which option belongs to World Continents?,Asia,prey,percentage,Mars rover,Asia,,,text,20,12,true
World Continents,easy,Which option belongs to World Continents?,hemisphere,pivot,enzyme,deuce,hemisphere,,,text,20,12,true
World Continents,easy,Which of these is related to World Continents?,controller,election cycle,campground,South America,South America,,,text,20,12,true
World Continents,easy,Pick the correct term for World Continents.,Antarctica,wicket,sine,hemisphere,Antarctica,,,text,20,12,true
World Continents,easy,Which of these is related to World Continents?,Europe,inflection,knight,graphic novel,Europe,,,text,20,12,true
World Continents,easy,Which of these is related to World Continents?,robot,share,sanctuary,North America,North America,,,text,20,12,true
World Continents,easy,Which option belongs to World Continents?,integer,issue,compiler,Asia,Asia,,,text,20,12,true
World Continents,easy,Which option belongs to World Continents?,Africa,Physics,modernism,superpower,Africa,,,text,20,12,true
World Continents,easy,Select a term associated with World Continents.,clause,biodiversity,plate,adjective,plate,,,text,20,12,true
World Continents,easy,Select a term associated with World Continents.,Ragnarok,engagement,South America,hypotenuse,South America,,,text,20,12,true
World Continents,easy,Which option belongs to World Continents?,alliteration,logo,Australia,Krishna,Australia,,,text,20,12,true
World Continents,easy,Which of these is related to World Continents?,Europe,entrepreneur,garbage collection,pound,Europe,,,text,20,12,true
World Continents,medium,Which option is a key concept in World Continents?,authentication,goalkeeper,screen,continent,continent,,,text,40,10,true
World Continents,medium,Select the most relevant term for World Continents.,hemisphere,nervous system,router,console,hemisphere,,,text,40,10,true
World Continents,medium,Pick the concept that best matches World Continents.,asana,steam engine,sequence,Antarctica,Antarctica,,,text,40,10,true
World Continents,medium,Which term is most commonly used in World Continents?,email,achievement,Antarctica,level,Antarctica,,,text,40,10,true
World Continents,medium,Which term is most commonly used in World Continents?,South America,triangle,comment,entrepreneur,South America,,,text,40,10,true
World Continents,medium,Pick the concept that best matches World Continents.,Peace,brand equity,texture,continent,continent,,,text,40,10,true
World Continents,medium,Pick the concept that best matches World Continents.,processor,brake,Australia,playlist,Australia,,,text,40,10,true
World Continents,medium,Pick the concept that best matches World Continents.,thermodynamics,North America,blue chip,database,North America,,,text,40,10,true
World Continents,medium,Select the most relevant term for World Continents.,behavior,pranayama,plate,Uttar Pradesh,plate,,,text,40,10,true
World Continents,medium,Select the most relevant term for World Continents.,dance,conglomerate,slogan,plate,plate,,,text,40,10,true
World Continents,medium,Select the most relevant term for World Continents.,conservation,Europe,palette,fuel,Europe,,,text,40,10,true
World Continents,medium,Select the most relevant term for World Continents.,plate,norms,planet,publisher,plate,,,text,40,10,true
World Continents,medium,Which option is a key concept in World Continents?,robot arm,Antarctica,public health,smartphone,Antarctica,,,text,40,10,true
World Continents,medium,Select the most relevant term for World Continents.,tangent line,North America,venture capital,taste,North America,,,text,40,10,true
World Continents,medium,Which option is a key concept in World Continents?,Mississippi,continent,conditioning,wildlife reserve,continent,,,text,40,10,true
World Continents,medium,Select the most relevant term for World Continents.,Bihar,villain,election,Antarctica,Antarctica,,,text,40,10,true
World Continents,medium,Select the most relevant term for World Continents.,Africa,payment gateway,Hollywood,realism,Africa,,,text,40,10,true
World Continents,medium,Pick the concept that best matches World Continents.,Europe,oil paint,records,Lake Superior,Europe,,,text,40,10,true
World Continents,hard,Pick the most specific concept tied to World Continents.,balance,song sequence,function,plate,plate,,,text,80,8,true
World Continents,hard,Select the most precise term for World Continents.,pivot,hemisphere,epic,angle,hemisphere,,,text,80,8,true
World Continents,hard,Select the most precise term for World Continents.,SEO,frame,Asia,market cap,Asia,,,text,80,8,true
World Continents,hard,Pick the most specific concept tied to World Continents.,star,Antarctica,perception,mining,Antarctica,,,text,80,8,true
World Continents,hard,Which term is most specifically associated with World Continents?,servo,market research,hemisphere,movement,hemisphere,,,text,80,8,true
World Continents,hard,Which term is most specifically associated with World Continents?,monotheism,market cap,interface,Europe,Europe,,,text,80,8,true
World Continents,hard,Which option best characterizes World Continents?,magnetism,ionic bond,bull market,Asia,Asia,,,text,80,8,true
World Continents,hard,Which term is most specifically associated with World Continents?,banner,farm,Europe,shipping,Europe,,,text,80,8,true
World Continents,hard,Which term is most specifically associated with World Continents?,federalism,Antarctica,adverb,inventor,Antarctica,,,text,80,8,true
World Continents,hard,Select the most precise term for World Continents.,satellite,SEO,posture,Africa,Africa,,,text,80,8,true
World Continents,hard,Pick the most specific concept tied to World Continents.,mitigation,control system,PEP 8,North America,North America,,,text,80,8,true
World Continents,hard,Select the most precise term for World Continents.,opportunity cost,polytheism,North America,Rajasthan,North America,,,text,80,8,true
World Continents,hard,Which option best characterizes World Continents?,validation,engagement,dividend,Asia,Asia,,,text,80,8,true
World Continents,hard,Which term is most specifically associated with World Continents?,plate,entrepreneur,coefficient,block,plate,,,text,80,8,true
World Continents,hard,Which option best characterizes World Continents?,Best Picture,time zone,hemisphere,continuity,hemisphere,,,text,80,8,true
World Continents,hard,Which term is most specifically associated with World Continents?,range,continent,wilderness,entrepreneur,continent,,,text,80,8,true
World Continents,hard,Select the most precise term for World Continents.,JVM,rally,hemisphere,predicate,hemisphere,,,text,80,8,true
World Continents,hard,Which option best characterizes World Continents?,Valkyrie,United Nations,email,North America,North America,,,text,80,8,true
World Continents,hard,Which term is most specifically associated with World Continents?,mining,sedan,Peace,plate,plate,,,text,80,8,true
World Continents,hard,Which term is most specifically associated with World Continents?,hook,Africa,studio,polytheism,Africa,,,text,80,8,true
World Continents,hard,Which term is most specifically associated with World Continents?,Borneo,polymorphism,hemisphere,rupee,hemisphere,,,text,80,8,true
World Continents,hard,Which option best characterizes World Continents?,dosage,Africa,predicate,JVM,Africa,,,text,80,8,true
World Continents,hard,Which option best characterizes World Continents?,focus,stratification,Industrial Revolution,Europe,Europe,,,text,80,8,true
World Continents,hard,Which term is most specifically associated with World Continents?,toxicity,leadership,continent,Berlin Wall,continent,,,text,80,8,true
Oceans & Seas,easy,Select a term associated with Oceans & Seas.,Mediterranean Sea,Loki,pound,arid,Mediterranean Sea,,,text,20,12,true
Oceans & Seas,easy,Which of these is related to Oceans & Seas?,Southern Ocean,printing press,class,spacecraft,Southern Ocean,,,text,20,12,true
Oceans & Seas,easy,Which of these is related to Oceans & Seas?,Red Sea,plate,forehand,return,Red Sea,,,text,20,12,true
Oceans & Seas,easy,Which of these is related to Oceans & Seas?,Olympiad,sea,skyscraper,gene,sea,,,text,20,12,true
Oceans & Seas,easy,Which option belongs to Oceans & Seas?,Europe,run rate,decorator,Red Sea,Red Sea,,,text,20,12,true
Oceans & Seas,easy,Select a term associated with Oceans & Seas.,target audience,Mediterranean Sea,classification,fiscal policy,Mediterranean Sea,,,text,20,12,true
Oceans & Seas,easy,Pick the correct term for Oceans & Seas.,rhyme,Ganga,Southern Ocean,sanctuary,Southern Ocean,,,text,20,12,true
Oceans & Seas,easy,Pick the correct term for Oceans & Seas.,sensor,brand identity,League of Nations,Caribbean Sea,Caribbean Sea,,,text,20,12,true
Oceans & Seas,easy,Select a term associated with Oceans & Seas.,vulnerability,habitat,cookie,Atlantic Ocean,Atlantic Ocean,,,text,20,12,true
Oceans & Seas,easy,Which of these is related to Oceans & Seas?,online store,electricity,Caribbean Sea,equation,Caribbean Sea,,,text,20,12,true
Oceans & Seas,easy,Select a term associated with Oceans & Seas.,wave,deviance,Atlantic Ocean,sustainability,Atlantic Ocean,,,text,20,12,true
Oceans & Seas,easy,Pick the correct term for Oceans & Seas.,opening ceremony,sea,list comprehension,Olympiad,sea,,,text,20,12,true
Oceans & Seas,easy,Select a term associated with Oceans & Seas.,brand identity,head of state,Arctic Ocean,supply chain,Arctic Ocean,,,text,20,12,true
Oceans & Seas,easy,Which option belongs to Oceans & Seas?,gearbox,concert,Caribbean Sea,sovereignty,Caribbean Sea,,,text,20,12,true
Oceans & Seas,easy,Which of these is related to Oceans & Seas?,engagement,sea,inheritance,offside,sea,,,text,20,12,true
Oceans & Seas,easy,Which option belongs to Oceans & Seas?,inflation,Atlantic Ocean,furniture,portrait,Atlantic Ocean,,,text,20,12,true
Oceans & Seas,easy,Pick the correct term for Oceans & Seas.,short story,Atlantic Ocean,compiler,data structure,Atlantic Ocean,,,text,20,12,true
Oceans & Seas,easy,Select a term associated with Oceans & Seas.,Southern Ocean,satellite,control system,share,Southern Ocean,,,text,20,12,true
Oceans & Seas,medium,Select the most relevant term for Oceans & Seas.,exposure,temple,Southern Ocean,farm,Southern Ocean,,,text,40,10,true
Oceans & Seas,medium,Select the most relevant term for Oceans & Seas.,intrusion,Madagascar,entrepreneur,Caribbean Sea,Caribbean Sea,,,text,40,10,true
Oceans & Seas,medium,Which option is a key concept in Oceans & Seas?,sea,prescription,verse,Ganga,sea,,,text,40,10,true
Oceans & Seas,medium,Which term is most commonly used in Oceans & Seas?,sea,Hera,altitude,spacecraft,sea,,,text,40,10,true
Oceans & Seas,medium,Which option is a key concept in Oceans & Seas?,compound,icon,dialect,Indian Ocean,Indian Ocean,,,text,40,10,true
Oceans & Seas,medium,Which term is most commonly used in Oceans & Seas?,Gulf,monopoly,volume,logic,Gulf,,,text,40,10,true
Oceans & Seas,medium,Which term is most commonly used in Oceans & Seas?,training data,transmission,sea,policy,sea,,,text,40,10,true
Oceans & Seas,medium,Select the most relevant term for Oceans & Seas.,Mediterranean Sea,Sahara,president,campaign,Mediterranean Sea,,,text,40,10,true
Oceans & Seas,medium,Select the most relevant term for Oceans & Seas.,studio,Gulf,producer,vaccine,Gulf,,,text,40,10,true
Oceans & Seas,medium,Which option is a key concept in Oceans & Seas?,epistemology,Southern Ocean,intrusion,biodiversity,Southern Ocean,,,text,40,10,true
Oceans & Seas,medium,Which term is most commonly used in Oceans & Seas?,Arctic Ocean,angle,deviance,skeletal system,Arctic Ocean,,,text,40,10,true
Oceans & Seas,medium,Select the most relevant term for Oceans & Seas.,sauce,corner kick,norms,Southern Ocean,Southern Ocean,,,text,40,10,true
Oceans & Seas,medium,Select the most relevant term for Oceans & Seas.,Atlantic Ocean,shipping,Yangtze,gold medal,Atlantic Ocean,,,text,40,10,true
Oceans & Seas,medium,Pick the concept that best matches Oceans & Seas.,deuce,Mediterranean Sea,launch vehicle,diplomacy,Mediterranean Sea,,,text,40,10,true
Oceans & Seas,medium,Pick the concept that best matches Oceans & Seas.,sea,ionic bond,farm,radian,sea,,,text,40,10,true
Oceans & Seas,medium,Which term is most commonly used in Oceans & Seas?,Pacific Ocean,semi-arid,stream of consciousness,radio,Pacific Ocean,,,text,40,10,true
Oceans & Seas,medium,Which option is a key concept in Oceans & Seas?,forehand,villain,Arctic Ocean,inflation,Arctic Ocean,,,text,40,10,true
Oceans & Seas,medium,Pick the concept that best matches Oceans & Seas.,Indian Ocean,innovation,ARPANET,transmission,Indian Ocean,,,text,40,10,true
Oceans & Seas,hard,Which term is most specifically associated with Oceans & Seas?,relay,camera,Atlantic Ocean,chain rule,Atlantic Ocean,,,text,80,8,true
Oceans & Seas,hard,Pick the most specific concept tied to Oceans & Seas.,Southern Ocean,engagement,share,nominee,Southern Ocean,,,text,80,8,true
Oceans & Seas,hard,Which option best characterizes Oceans & Seas?,dividend,Arctic Ocean,comment,sine,Arctic Ocean,,,text,80,8,true
Oceans & Seas,hard,Which option best characterizes Oceans & Seas?,model,Caribbean Sea,zero trust,fertilizer,Caribbean Sea,,,text,80,8,true
Oceans & Seas,hard,Select the most precise term for Oceans & Seas.,Pacific Ocean,free throw,carbon footprint,zero trust,Pacific Ocean,,,text,80,8,true
Oceans & Seas,hard,Which term is most specifically associated with Oceans & Seas?,Gulf,accuracy,Everest,feed,Gulf,,,text,80,8,true
Oceans & Seas,hard,Which option best characterizes Oceans & Seas?,planting,Gulf,planning,rook,Gulf,,,text,80,8,true
Oceans & Seas,hard,Pick the most specific concept tied to Oceans & Seas.,radian,phishing,diagnosis,Caribbean Sea,Caribbean Sea,,,text,80,8,true
Oceans & Seas,hard,Select the most precise term for Oceans & Seas.,SEO,Atlantic Ocean,dividend yield,stanza,Atlantic Ocean,,,text,80,8,true
Oceans & Seas,hard,Pick the most specific concept tied to Oceans & Seas.,semantics,Red Sea,sonata,graphic novel,Red Sea,,,text,80,8,true
Oceans & Seas,hard,Which term is most specifically associated with Oceans & Seas?,magnetism,Mediterranean Sea,package,group,Mediterranean Sea,,,text,80,8,true
Oceans & Seas,hard,Which option best characterizes Oceans & Seas?,bishop,Indian Ocean,viral,alliteration,Indian Ocean,,,text,80,8,true
Oceans & Seas,hard,Pick the most specific concept tied to Oceans & Seas.,graphic novel,rebound,Atlantic Ocean,periodic table,Atlantic Ocean,,,text,80,8,true
Oceans & Seas,hard,Select the most precise term for Oceans & Seas.,short story,sea,prey,policy,sea,,,text,80,8,true
Oceans & Seas,hard,Which term is most specifically associated with Oceans & Seas?,chassis,velocity,logo,Southern Ocean,Southern Ocean,,,text,80,8,true
Oceans & Seas,hard,Pick the most specific concept tied to Oceans & Seas.,Arctic Ocean,foundation,Hades,Beowulf,Arctic Ocean,,,text,80,8,true
Oceans & Seas,hard,Which term is most specifically associated with Oceans & Seas?,tangent line,slope,Southern Ocean,circulatory system,Southern Ocean,,,text,80,8,true
Oceans & Seas,hard,Select the most precise term for Oceans & Seas.,chassis,Mughal Empire,return,Caribbean Sea,Caribbean Sea,,,text,80,8,true
Oceans & Seas,hard,Select the most precise term for Oceans & Seas.,Punjab,Poseidon,sea,filmfare,sea,,,text,80,8,true
Oceans & Seas,hard,Which option best characterizes Oceans & Seas?,device,diplomacy,Rajasthan,Arctic Ocean,Arctic Ocean,,,text,80,8,true
Oceans & Seas,hard,Which term is most specifically associated with Oceans & Seas?,Mediterranean Sea,sonnet,qualifier,database,Mediterranean Sea,,,text,80,8,true
Oceans & Seas,hard,Select the most precise term for Oceans & Seas.,Hamlet,Lake Superior,Red Sea,angle,Red Sea,,,text,80,8,true
Oceans & Seas,hard,Which option best characterizes Oceans & Seas?,Caribbean Sea,planet,Oscar,emblem,Caribbean Sea,,,text,80,8,true
Oceans & Seas,hard,Pick the most specific concept tied to Oceans & Seas.,Apollo,stump,side effect,Atlantic Ocean,Atlantic Ocean,,,text,80,8,true
Mountains & Peaks,easy,Which option belongs to Mountains & Peaks?,range,angle,rally,international summit,range,,,text,20,12,true
Mountains & Peaks,easy,Which of these is related to Mountains & Peaks?,farm,explorer,Alps,trail,Alps,,,text,20,12,true
Mountains & Peaks,easy,Pick the correct term for Mountains & Peaks.,carbon dioxide,Himalayas,abstract,conductor,Himalayas,,,text,20,12,true
Mountains & Peaks,easy,Which option belongs to Mountains & Peaks?,furniture,Himalayas,story arc,TCP,Himalayas,,,text,20,12,true
Mountains & Peaks,easy,Which of these is related to Mountains & Peaks?,homeostasis,altitude,epistemology,GDP,altitude,,,text,20,12,true
Mountains & Peaks,easy,Which of these is related to Mountains & Peaks?,share,Alps,brand identity,Durga,Alps,,,text,20,12,true
Mountains & Peaks,easy,Pick the correct term for Mountains & Peaks.,judiciary,species,IPO,altitude,altitude,,,text,20,12,true
Mountains & Peaks,easy,Select a term associated with Mountains & Peaks.,summit,exoplanet,wearable,REST,summit,,,text,20,12,true
Mountains & Peaks,easy,Which option belongs to Mountains & Peaks?,prime minister,bake,seed,range,range,,,text,20,12,true
Mountains & Peaks,easy,Which option belongs to Mountains & Peaks?,angle,recognition,Berlin Wall,K2,K2,,,text,20,12,true
Mountains & Peaks,easy,Which of these is related to Mountains & Peaks?,catalyst,achievement,reaction,altitude,altitude,,,text,20,12,true
Mountains & Peaks,easy,Which option belongs to Mountains & Peaks?,Alps,modernism,gold medal,tragedy,Alps,,,text,20,12,true
Mountains & Peaks,easy,Select a term associated with Mountains & Peaks.,fiscal policy,endangered,peak,exception,peak,,,text,20,12,true
Mountains & Peaks,easy,Pick the correct term for Mountains & Peaks.,Andes,cell,muscular system,Thar,Andes,,,text,20,12,true
Mountains & Peaks,easy,Pick the correct term for Mountains & Peaks.,altitude,brand equity,HTTP,liability,altitude,,,text,20,12,true
Mountains & Peaks,easy,Which option belongs to Mountains & Peaks?,Himalayas,triangle,athletics,flavor,Himalayas,,,text,20,12,true
Mountains & Peaks,easy,Which option belongs to Mountains & Peaks?,epic,magnetism,Alps,predator,Alps,,,text,20,12,true
Mountains & Peaks,easy,Which option belongs to Mountains & Peaks?,overfitting,equation,façade,peak,peak,,,text,20,12,true
Mountains & Peaks,medium,Which term is most commonly used in Mountains & Peaks?,forehand,Andes,gravity,monarch,Andes,,,text,40,10,true
Mountains & Peaks,medium,Which option is a key concept in Mountains & Peaks?,Andes,ecosystem,panel,Peace,Andes,,,text,40,10,true
Mountains & Peaks,medium,Which term is most commonly used in Mountains & Peaks?,inference,tablet,range,charger,range,,,text,40,10,true
Mountains & Peaks,medium,Which term is most commonly used in Mountains & Peaks?,flooring,robot,Andes,engagement,Andes,,,text,40,10,true
Mountains & Peaks,medium,Select the most relevant term for Mountains & Peaks.,franchise,Everest,esports,catalyst,Everest,,,text,40,10,true
Mountains & Peaks,medium,Select the most relevant term for Mountains & Peaks.,graphic novel,level,semi-arid,K2,K2,,,text,40,10,true
Mountains & Peaks,medium,Which option is a key concept in Mountains & Peaks?,Greenland,demand,percentage,range,range,,,text,40,10,true
Mountains & Peaks,medium,Which term is most commonly used in Mountains & Peaks?,visitor center,diplomacy,K2,planet,K2,,,text,40,10,true
Mountains & Peaks,medium,Select the most relevant term for Mountains & Peaks.,innovation,Rockies,pattern,node,Rockies,,,text,40,10,true
Mountains & Peaks,medium,Which term is most commonly used in Mountains & Peaks?,portfolio,Andes,blueprint,gesture,Andes,,,text,40,10,true
Mountains & Peaks,medium,Which term is most commonly used in Mountains & Peaks?,lungs,pesticide,landscape,Everest,Everest,,,text,40,10,true
Mountains & Peaks,medium,Which term is most commonly used in Mountains & Peaks?,IP address,tragedy,phishing,range,range,,,text,40,10,true
Mountains & Peaks,medium,Which term is most commonly used in Mountains & Peaks?,infrastructure,president,corner kick,Andes,Andes,,,text,40,10,true
Mountains & Peaks,medium,Select the most relevant term for Mountains & Peaks.,tricolor,Andes,planet,philanthropist,Andes,,,text,40,10,true
Mountains & Peaks,medium,Pick the concept that best matches Mountains & Peaks.,generator,Uttar Pradesh,recycling,summit,summit,,,text,40,10,true
Mountains & Peaks,medium,Which option is a key concept in Mountains & Peaks?,Asgard,Alps,rebound,festivals,Alps,,,text,40,10,true
Mountains & Peaks,medium,Select the most relevant term for Mountains & Peaks.,Everest,jet engine,toxicity,checkout,Everest,,,text,40,10,true
Mountains & Peaks,medium,Select the most relevant term for Mountains & Peaks.,Champaran,Himalayas,Academy Awards,set,Himalayas,,,text,40,10,true
Mountains & Peaks,hard,Pick the most specific concept tied to Mountains & Peaks.,supply,smart contract,Alps,Best Actor,Alps,,,text,80,8,true
Mountains & Peaks,hard,Pick the most specific concept tied to Mountains & Peaks.,Academy Awards,asana,Andes,trademark,Andes,,,text,80,8,true
Mountains & Peaks,hard,Which option best characterizes Mountains & Peaks?,cabinet,patent,feed,Alps,Alps,,,text,80,8,true
Mountains & Peaks,hard,Select the most precise term for Mountains & Peaks.,Himalayas,over,wallet,design,Himalayas,,,text,80,8,true
Mountains & Peaks,hard,Which option best characterizes Mountains & Peaks?,vulnerability,Rama,peak,director,peak,,,text,80,8,true
Mountains & Peaks,hard,Which option best characterizes Mountains & Peaks?,data structure,range,conversion,Bollywood,range,,,text,80,8,true
Mountains & Peaks,hard,Pick the most specific concept tied to Mountains & Peaks.,dish,Himalayas,norms,carbon footprint,Himalayas,,,text,80,8,true
Mountains & Peaks,hard,Which option best characterizes Mountains & Peaks?,Ganga,Himalayas,order,Amazon,Himalayas,,,text,80,8,true
Mountains & Peaks,hard,Pick the most specific concept tied to Mountains & Peaks.,Alps,Hades,GDP,chassis,Alps,,,text,80,8,true
Mountains & Peaks,hard,Pick the most specific concept tied to Mountains & Peaks.,sensor,furniture,pH,altitude,altitude,,,text,80,8,true
Mountains & Peaks,hard,Which option best characterizes Mountains & Peaks?,pawn,DOM,Andes,sovereignty,Andes,,,text,80,8,true
Mountains & Peaks,hard,Pick the most specific concept tied to Mountains & Peaks.,midfielder,ecosystem,Everest,enzyme,Everest,,,text,80,8,true
Mountains & Peaks,hard,Select the most precise term for Mountains & Peaks.,short story,Rockies,ingredient,electricity,Rockies,,,text,80,8,true
Mountains & Peaks,hard,Pick the most specific concept tied to Mountains & Peaks.,range,vulnerability,ratio,recognition,range,,,text,80,8,true
Mountains & Peaks,hard,Select the most precise term for Mountains & Peaks.,altitude,pranayama,iOS,novel,altitude,,,text,80,8,true
Mountains & Peaks,hard,Pick the most specific concept tied to Mountains & Peaks.,peak,exposure,Ragnarok,superpower,peak,,,text,80,8,true
Mountains & Peaks,hard,Which option best characterizes Mountains & Peaks?,UI thread,single,graphic novel,peak,peak,,,text,80,8,true
Mountains & Peaks,hard,Select the most precise term for Mountains & Peaks.,DOM,gold medal,Alps,multiplayer,Alps,,,text,80,8,true
Mountains & Peaks,hard,Which option best characterizes Mountains & Peaks?,Bollywood,list comprehension,range,flag ratio,range,,,text,80,8,true
Mountains & Peaks,hard,Pick the most specific concept tied to Mountains & Peaks.,temple,subnet,Rockies,island chain,Rockies,,,text,80,8,true
Mountains & Peaks,hard,Which term is most specifically associated with Mountains & Peaks?,prescription,election cycle,garbage collection,Everest,Everest,,,text,80,8,true
Mountains & Peaks,hard,Which option best characterizes Mountains & Peaks?,range,novel,altitude,depth of field,range,,,text,80,8,true
Mountains & Peaks,hard,Select the most precise term for Mountains & Peaks.,variable,flexibility,Andes,Don Quixote,Andes,,,text,80,8,true
Mountains & Peaks,hard,Pick the most specific concept tied to Mountains & Peaks.,linear,Peace,fulfillment,range,range,,,text,80,8,true
Rivers & Lakes,easy,Which option belongs to Rivers & Lakes?,Danube,defender,optimization,smartphone,Danube,,,text,20,12,true
Rivers & Lakes,easy,Select a term associated with Rivers & Lakes.,tributary,director,adverb,icon,tributary,,,text,20,12,true
Rivers & Lakes,easy,Select a term associated with Rivers & Lakes.,Nobel Prize,author,Danube,composer,Danube,,,text,20,12,true
Rivers & Lakes,easy,Pick the correct term for Rivers & Lakes.,floor plan,Lake Superior,wilderness,index,Lake Superior,,,text,20,12,true
Rivers & Lakes,easy,Which of these is related to Rivers & Lakes?,Danube,Gobi,globalization,inference,Danube,,,text,20,12,true
Rivers & Lakes,easy,Select a term associated with Rivers & Lakes.,automation,Yangtze,verb,pattern,Yangtze,,,text,20,12,true
Rivers & Lakes,easy,Which of these is related to Rivers & Lakes?,Ganga,Himalayas,summit,engine,Ganga,,,text,20,12,true
Rivers & Lakes,easy,Pick the correct term for Rivers & Lakes.,delta,lungs,remix,epistemology,delta,,,text,20,12,true
Rivers & Lakes,easy,Which of these is related to Rivers & Lakes?,Lake Victoria,carbon dioxide,goal,wilderness,Lake Victoria,,,text,20,12,true
Rivers & Lakes,easy,Which option belongs to Rivers & Lakes?,World War II,Amazon,autonomy,Midgard,Amazon,,,text,20,12,true
Rivers & Lakes,easy,Pick the correct term for Rivers & Lakes.,orbit,Everest,South America,delta,delta,,,text,20,12,true
Rivers & Lakes,easy,Select a term associated with Rivers & Lakes.,Lake Superior,endgame,Lakshmi,habitat,Lake Superior,,,text,20,12,true
Rivers & Lakes,easy,Which of these is related to Rivers & Lakes?,Lake Superior,conductor,telescope,epic,Lake Superior,,,text,20,12,true
Rivers & Lakes,easy,Which of these is related to Rivers & Lakes?,feature,planning,delta,norms,delta,,,text,20,12,true
Rivers & Lakes,easy,Which of these is related to Rivers & Lakes?,Ganga,flag ratio,encryption,pound,Ganga,,,text,20,12,true
Rivers & Lakes,easy,Which of these is related to Rivers & Lakes?,Danube,polynomial,baseline,multiple,Danube,,,text,20,12,true
Rivers & Lakes,easy,Pick the correct term for Rivers & Lakes.,costume,Yangtze,firewall,sovereignty,Yangtze,,,text,20,12,true
Rivers & Lakes,easy,Which option belongs to Rivers & Lakes?,continent,distribution,delta,ace,delta,,,text,20,12,true
Rivers & Lakes,medium,Select the most relevant term for Rivers & Lakes.,wilderness,ink,market research,Danube,Danube,,,text,40,10,true
Rivers & Lakes,medium,Which term is most commonly used in Rivers & Lakes?,integral,delta,dividend yield,demography,delta,,,text,40,10,true
Rivers & Lakes,medium,Select the most relevant term for Rivers & Lakes.,package,assist,delta,Best Actor,delta,,,text,40,10,true
Rivers & Lakes,medium,Which term is most commonly used in Rivers & Lakes?,lifecycle,inference,Danube,freight,Danube,,,text,40,10,true
Rivers & Lakes,medium,Select the most relevant term for Rivers & Lakes.,leader,URL,Ganga,programming,Ganga,,,text,40,10,true
Rivers & Lakes,medium,Pick the concept that best matches Rivers & Lakes.,optimization,planet,Danube,Aeneid,Danube,,,text,40,10,true
Rivers & Lakes,medium,Which option is a key concept in Rivers & Lakes?,stump,phishing,unit circle,tributary,tributary,,,text,40,10,true
Rivers & Lakes,medium,Which term is most commonly used in Rivers & Lakes?,Mesopotamia,Lake Superior,focus,Economics,Lake Superior,,,text,40,10,true
Rivers & Lakes,medium,Pick the concept that best matches Rivers & Lakes.,K2,Mississippi,motivation,formation,Mississippi,,,text,40,10,true
Rivers & Lakes,medium,Select the most relevant term for Rivers & Lakes.,blockbuster,hemisphere,hero,Ganga,Ganga,,,text,40,10,true
Rivers & Lakes,medium,Which option is a key concept in Rivers & Lakes?,free throw,delta,ethics,function,delta,,,text,40,10,true
Rivers & Lakes,medium,Select the most relevant term for Rivers & Lakes.,JVM,behavior,Lake Victoria,intrusion,Lake Victoria,,,text,40,10,true
Rivers & Lakes,medium,Which option is a key concept in Rivers & Lakes?,North America,ledger,net,Danube,Danube,,,text,40,10,true
Rivers & Lakes,medium,Select the most relevant term for Rivers & Lakes.,delta,transaction,Athena,premiere,delta,,,text,40,10,true
Rivers & Lakes,medium,Select the most relevant term for Rivers & Lakes.,homeostasis,tangent,Lake Superior,perspective,Lake Superior,,,text,40,10,true
Rivers & Lakes,medium,Pick the concept that best matches Rivers & Lakes.,dollar,ingredient,search,delta,delta,,,text,40,10,true
Rivers & Lakes,medium,Which term is most commonly used in Rivers & Lakes?,Ganga,Valhalla,baroque,graphic novel,Ganga,,,text,40,10,true
Rivers & Lakes,medium,Which term is most commonly used in Rivers & Lakes?,adaptation,Ganga,group,oasis,Ganga,,,text,40,10,true
Rivers & Lakes,hard,Select the most precise term for Rivers & Lakes.,biodiversity,delta,flowerbed,Everest,delta,,,text,80,8,true
Rivers & Lakes,hard,Select the most precise term for Rivers & Lakes.,Chemistry,rocket,Lake Victoria,ARPANET,Lake Victoria,,,text,80,8,true
Rivers & Lakes,hard,Pick the most specific concept tied to Rivers & Lakes.,digestive system,variable,subject,tributary,tributary,,,text,80,8,true
Rivers & Lakes,hard,Pick the most specific concept tied to Rivers & Lakes.,actuator,Yangtze,session,spice,Yangtze,,,text,80,8,true
Rivers & Lakes,hard,Which term is most specifically associated with Rivers & Lakes?,network,merger,Nile,opera,Nile,,,text,80,8,true
Rivers & Lakes,hard,Which option best characterizes Rivers & Lakes?,star,optimization,Danube,brand equity,Danube,,,text,80,8,true
Rivers & Lakes,hard,Pick the most specific concept tied to Rivers & Lakes.,Lake Superior,Vishnu,ingredient,premiere,Lake Superior,,,text,80,8,true
Rivers & Lakes,hard,Select the most precise term for Rivers & Lakes.,bond,adverb,layout,Yangtze,Yangtze,,,text,80,8,true
Rivers & Lakes,hard,Which option best characterizes Rivers & Lakes?,Punjab,longitude,operating system,Lake Superior,Lake Superior,,,text,80,8,true
Rivers & Lakes,hard,Select the most precise term for Rivers & Lakes.,Ganga,vaccine,hashtag,expert system,Ganga,,,text,80,8,true
Rivers & Lakes,hard,Which option best characterizes Rivers & Lakes?,Gobi,Hera,Lake Superior,blue chip,Lake Superior,,,text,80,8,true
Rivers & Lakes,hard,Which option best characterizes Rivers & Lakes?,Mississippi,Gupta Empire,proof of work,JVM,Mississippi,,,text,80,8,true
Rivers & Lakes,hard,Select the most precise term for Rivers & Lakes.,advertising,batsman,Nile,gold medal,Nile,,,text,80,8,true
Rivers & Lakes,hard,Which term is most specifically associated with Rivers & Lakes?,couture,Mississippi,Europe,gene,Mississippi,,,text,80,8,true
Rivers & Lakes,hard,Select the most precise term for Rivers & Lakes.,structural,crest,side effect,Yangtze,Yangtze,,,text,80,8,true
Rivers & Lakes,hard,Which option best characterizes Rivers & Lakes?,recipe,delta,comic,supply chain,delta,,,text,80,8,true
Rivers & Lakes,hard,Which term is most specifically associated with Rivers & Lakes?,portrait,consensus,Amazon,campground,Amazon,,,text,80,8,true
Rivers & Lakes,hard,Which term is most specifically associated with Rivers & Lakes?,Hera,target audience,conservation,Danube,Danube,,,text,80,8,true
Rivers & Lakes,hard,Select the most precise term for Rivers & Lakes.,Lake Victoria,protein,thermodynamics,frame,Lake Victoria,,,text,80,8,true
Rivers & Lakes,hard,Pick the most specific concept tied to Rivers & Lakes.,unit circle,ledger,Yangtze,aperture,Yangtze,,,text,80,8,true
Rivers & Lakes,hard,Which option best characterizes Rivers & Lakes?,breathing,Asia,issue,Nile,Nile,,,text,80,8,true
Rivers & Lakes,hard,Select the most precise term for Rivers & Lakes.,Lake Superior,ionic bond,exoplanet,campground,Lake Superior,,,text,80,8,true
Rivers & Lakes,hard,Which option best characterizes Rivers & Lakes?,prayer,Danube,optimization,lighting,Danube,,,text,80,8,true
Rivers & Lakes,hard,Pick the most specific concept tied to Rivers & Lakes.,freight,printing press,Amazon,torch,Amazon,,,text,80,8,true
Deserts,easy,Select a term associated with Deserts.,plate,Atacama,guild,consensus,Atacama,,,text,20,12,true
Deserts,easy,Select a term associated with Deserts.,meter,Gobi,frame,election,Gobi,,,text,20,12,true
Deserts,easy,Pick the correct term for Deserts.,database,dune,training data,warehouse,dune,,,text,20,12,true
Deserts,easy,Which of these is related to Deserts?,Kalahari,perception,education reform,digestive system,Kalahari,,,text,20,12,true
Deserts,easy,Select a term associated with Deserts.,floor plan,Thar,pitch,Egyptians,Thar,,,text,20,12,true
Deserts,easy,Which of these is related to Deserts?,space station,investor,actuator,Gobi,Gobi,,,text,20,12,true
Deserts,easy,Which of these is related to Deserts?,brain,Thar,society,tangent,Thar,,,text,20,12,true
Deserts,easy,Which of these is related to Deserts?,Mojave,Literature,sidekick,chorus,Mojave,,,text,20,12,true
Deserts,easy,Which of these is related to Deserts?,Atacama,pharmacokinetics,leader,forehand,Atacama,,,text,20,12,true
Deserts,easy,Which option belongs to Deserts?,inheritance,semi-arid,soil,Delhi Sultanate,semi-arid,,,text,20,12,true
Deserts,easy,Select a term associated with Deserts.,bias,steam engine,Sahara,baroque,Sahara,,,text,20,12,true
Deserts,easy,Which of these is related to Deserts?,filmfare,Champaran,conditioning,oasis,oasis,,,text,20,12,true
Deserts,easy,Pick the correct term for Deserts.,graphics,arid,Plassey,Andes,arid,,,text,20,12,true
Deserts,easy,Which option belongs to Deserts?,color,Gobi,prayer,volcanic island,Gobi,,,text,20,12,true
Deserts,easy,Which of these is related to Deserts?,feed,arid,inference,infrastructure,arid,,,text,20,12,true
Deserts,easy,Select a term associated with Deserts.,acquisition,tangent,linguistics,Kalahari,Kalahari,,,text,20,12,true
Deserts,easy,Select a term associated with Deserts.,light-year,covalent bond,Mojave,startup,Mojave,,,text,20,12,true
Deserts,easy,Select a term associated with Deserts.,altitude,Kalahari,IP address,spice,Kalahari,,,text,20,12,true
Deserts,medium,Which term is most commonly used in Deserts?,market research,Medicine,exoplanet,Gobi,Gobi,,,text,40,10,true
Deserts,medium,Select the most relevant term for Deserts.,Mojave,blue chip,TCP,modem,Mojave,,,text,40,10,true
Deserts,medium,Select the most relevant term for Deserts.,playlist,fuel,crop,semi-arid,semi-arid,,,text,40,10,true
Deserts,medium,Select the most relevant term for Deserts.,oasis,Sumatra,angle,pH,oasis,,,text,40,10,true
Deserts,medium,Select the most relevant term for Deserts.,mulch,society,relay,Sahara,Sahara,,,text,40,10,true
Deserts,medium,Pick the concept that best matches Deserts.,banknote,volcanic island,Kalahari,inflection,Kalahari,,,text,40,10,true
Deserts,medium,Which term is most commonly used in Deserts?,Thar,therapy,Valhalla,classification,Thar,,,text,40,10,true
Deserts,medium,Which option is a key concept in Deserts?,radio,bandwidth,dune,derivative,dune,,,text,40,10,true
Deserts,medium,Which option is a key concept in Deserts?,volatility,Sahara,inflection,knight,Sahara,,,text,40,10,true
Deserts,medium,Which term is most commonly used in Deserts?,identity,floor plan,oasis,symptom,oasis,,,text,40,10,true
Deserts,medium,Select the most relevant term for Deserts.,Sahara,election,derivative,UDP,Sahara,,,text,40,10,true
Deserts,medium,Which term is most commonly used in Deserts?,CEO,oasis,coin,Andes,oasis,,,text,40,10,true
Deserts,medium,Select the most relevant term for Deserts.,arid,Industrial Revolution,galaxy,conditioning,arid,,,text,40,10,true
Deserts,medium,Select the most relevant term for Deserts.,Atacama,console,ARPANET,boundary,Atacama,,,text,40,10,true
Deserts,medium,Pick the concept that best matches Deserts.,pivot,Mojave,covalent bond,DNA,Mojave,,,text,40,10,true
Deserts,medium,Select the most relevant term for Deserts.,Thar,automation,magnetism,latency,Thar,,,text,40,10,true
Deserts,medium,Which option is a key concept in Deserts?,launch vehicle,Sri Lanka,return,Sahara,Sahara,,,text,40,10,true
Deserts,medium,Which option is a key concept in Deserts?,philanthropist,oasis,cart,alter ego,oasis,,,text,40,10,true
Deserts,hard,Pick the most specific concept tied to Deserts.,market,Thar,asana,HTTP,Thar,,,text,80,8,true
Deserts,hard,Select the most precise term for Deserts.,Mojave,tangent,leadership,payment gateway,Mojave,,,text,80,8,true
Deserts,hard,Which option best characterizes Deserts?,Gobi,cosine,heuristic,ethics,Gobi,,,text,80,8,true
Deserts,hard,Which term is most specifically associated with Deserts?,origin,assist,rupee,Sahara,Sahara,,,text,80,8,true
Deserts,hard,Which term is most specifically associated with Deserts?,Sahara,internet,receptor,Akbar,Sahara,,,text,80,8,true
Deserts,hard,Select the most precise term for Deserts.,share,Atacama,baseline,hospital,Atacama,,,text,80,8,true
Deserts,hard,Which term is most specifically associated with Deserts?,posture,harvest,arid,leader,arid,,,text,80,8,true
Deserts,hard,Select the most precise term for Deserts.,infrastructure,seed,Sahara,telescope,Sahara,,,text,80,8,true
Deserts,hard,Select the most precise term for Deserts.,semi-arid,couture,fuselage,Red Sea,semi-arid,,,text,80,8,true
Deserts,hard,Pick the most specific concept tied to Deserts.,perimeter,Gobi,records,greenhouse gases,Gobi,,,text,80,8,true
Deserts,hard,Select the most precise term for Deserts.,Sahara,sonata,democracy,chancellor,Sahara,,,text,80,8,true
Deserts,hard,Which option best characterizes Deserts?,magnetism,Yangtze,Thar,pranayama,Thar,,,text,80,8,true
Deserts,hard,Pick the most specific concept tied to Deserts.,archipelago,semi-arid,floor plan,reaction,semi-arid,,,text,80,8,true
Deserts,hard,Which term is most specifically associated with Deserts?,respiratory system,alliteration,Gobi,wildlife reserve,Gobi,,,text,80,8,true
Deserts,hard,Select the most precise term for Deserts.,star,peak,oasis,inventor,oasis,,,text,80,8,true
Deserts,hard,Select the most precise term for Deserts.,semi-arid,circle,continent,aerodynamics,semi-arid,,,text,80,8,true
Deserts,hard,Which option best characterizes Deserts?,Sahara,nebula,character,Lake Superior,Sahara,,,text,80,8,true
Deserts,hard,Pick the most specific concept tied to Deserts.,semi-arid,Plassey,tributary,livestock,semi-arid,,,text,80,8,true
Deserts,hard,Which term is most specifically associated with Deserts?,queen,Atacama,enzyme,prayer,Atacama,,,text,80,8,true
Deserts,hard,Which term is most specifically associated with Deserts?,Africa,Thar,simile,strings,Thar,,,text,80,8,true
Deserts,hard,Which term is most specifically associated with Deserts?,Mojave,masala,checkout,continent,Mojave,,,text,80,8,true
Deserts,hard,Pick the most specific concept tied to Deserts.,modernism,Atacama,fulfillment,Zeus,Atacama,,,text,80,8,true
Deserts,hard,Pick the most specific concept tied to Deserts.,balance,dune,acceleration,wardrobe,dune,,,text,80,8,true
Deserts,hard,Pick the most specific concept tied to Deserts.,crest,Mojave,canvas,parallel,Mojave,,,text,80,8,true
Islands,easy,Which option belongs to Islands?,Iceland,policy,ecology,nebula,Iceland,,,text,20,12,true
Islands,easy,Which of these is related to Islands?,cart,inventory,Iceland,currency symbol,Iceland,,,text,20,12,true
Islands,easy,Pick the correct term for Islands.,volcanic island,euro,education reform,garbage collection,volcanic island,,,text,20,12,true
Islands,easy,Select a term associated with Islands.,Industrial Revolution,atoll,symbol,trademark,atoll,,,text,20,12,true
Islands,easy,Which option belongs to Islands?,mission control,viral,archipelago,Gulf,archipelago,,,text,20,12,true
Islands,easy,Pick the correct term for Islands.,character,Borneo,prescription,judiciary,Borneo,,,text,20,12,true
Islands,easy,Pick the correct term for Islands.,flag ratio,Borneo,gradient descent,nominee,Borneo,,,text,20,12,true
Islands,easy,Pick the correct term for Islands.,fuselage,dunk,Greenland,vault,Greenland,,,text,20,12,true
Islands,easy,Which option belongs to Islands?,Borneo,genre,box office,vault,Borneo,,,text,20,12,true
Islands,easy,Select a term associated with Islands.,innovation,Alps,automation,Sri Lanka,Sri Lanka,,,text,20,12,true
Islands,easy,Which option belongs to Islands?,Everest,run rate,volcanic island,myth,volcanic island,,,text,20,12,true
Islands,easy,Pick the correct term for Islands.,Sri Lanka,distribution,crest,socialization,Sri Lanka,,,text,20,12,true
Islands,easy,Which of these is related to Islands?,percentage,printing press,Mesopotamia,volcanic island,volcanic island,,,text,20,12,true
Islands,easy,Which option belongs to Islands?,phonetics,taste,atoll,coefficient,atoll,,,text,20,12,true
Islands,easy,Pick the correct term for Islands.,wave,archipelago,color,API,archipelago,,,text,20,12,true
Islands,easy,Select a term associated with Islands.,AI,Uttar Pradesh,free throw,Madagascar,Madagascar,,,text,20,12,true
Islands,easy,Pick the correct term for Islands.,ecology,respiratory system,esports,Sri Lanka,Sri Lanka,,,text,20,12,true
Islands,easy,Pick the correct term for Islands.,Iceland,emblem,warehouse,portfolio,Iceland,,,text,20,12,true
Islands,medium,Select the most relevant term for Islands.,South America,Iceland,scripture,stalemate,Iceland,,,text,40,10,true
Islands,medium,Which term is most commonly used in Islands?,records,lead time,island chain,playlist,island chain,,,text,40,10,true
Islands,medium,Pick the concept that best matches Islands.,illustration,emotion,volcanic island,session,volcanic island,,,text,40,10,true
Islands,medium,Pick the concept that best matches Islands.,scientist,Borneo,wave,circle,Borneo,,,text,40,10,true
Islands,medium,Pick the concept that best matches Islands.,therapy,Thar,foundation,archipelago,archipelago,,,text,40,10,true
Islands,medium,Pick the concept that best matches Islands.,exposure,Sumatra,cash flow,metaphor,Sumatra,,,text,40,10,true
Islands,medium,Which option is a key concept in Islands?,patent,island chain,greenhouse,quest,island chain,,,text,40,10,true
Islands,medium,Select the most relevant term for Islands.,volcanic island,continent,yen,checkmate,volcanic island,,,text,40,10,true
Islands,medium,Which term is most commonly used in Islands?,emblem,atoll,box office,dune,atoll,,,text,40,10,true
Islands,medium,Which term is most commonly used in Islands?,archipelago,ethics,patent,Best Picture,archipelago,,,text,40,10,true
Islands,medium,Which term is most commonly used in Islands?,verb,telescope,Uttar Pradesh,Madagascar,Madagascar,,,text,40,10,true
Islands,medium,Select the most relevant term for Islands.,atoll,match point,Himalayas,launch vehicle,atoll,,,text,40,10,true
Islands,medium,Which option is a key concept in Islands?,trademark,volcanic island,rupee,foul,volcanic island,,,text,40,10,true
Islands,medium,Select the most relevant term for Islands.,semi-arid,Sri Lanka,checkout,electricity,Sri Lanka,,,text,40,10,true
Islands,medium,Which option is a key concept in Islands?,bias,Harappa,monarch,archipelago,archipelago,,,text,40,10,true
Islands,medium,Pick the concept that best matches Islands.,galaxy,entrepreneur,digestive system,island chain,island chain,,,text,40,10,true
Islands,medium,Pick the concept that best matches Islands.,global warming,Iceland,product page,ethics,Iceland,,,text,40,10,true
Islands,medium,Which term is most commonly used in Islands?,Ashoka,Madagascar,venture capital,periodic table,Madagascar,,,text,40,10,true
Islands,hard,Pick the most specific concept tied to Islands.,momentum,banknote,spice,Sumatra,Sumatra,,,text,80,8,true
Islands,hard,Which option best characterizes Islands?,archipelago,pivot,tangent,conservation,archipelago,,,text,80,8,true
Islands,hard,Which term is most specifically associated with Islands?,species,metaphor,dosage,Sri Lanka,Sri Lanka,,,text,80,8,true
Islands,hard,Which term is most specifically associated with Islands?,reason,malware,prime minister,atoll,atoll,,,text,80,8,true
Islands,hard,Pick the most specific concept tied to Islands.,archipelago,cosine,leader,velocity,archipelago,,,text,80,8,true
Islands,hard,Which option best characterizes Islands?,World Wide Web,volcanic island,Durga,hemisphere,volcanic island,,,text,80,8,true
Islands,hard,Which term is most specifically associated with Islands?,garbage collection,livestock,franchise,archipelago,archipelago,,,text,80,8,true
Islands,hard,Which option best characterizes Islands?,Borneo,habitat,interest,Yangtze,Borneo,,,text,80,8,true
Islands,hard,Pick the most specific concept tied to Islands.,island chain,tragedy,sauce,slogan,island chain,,,text,80,8,true
Islands,hard,Pick the most specific concept tied to Islands.,archipelago,volume,chorus,box office,archipelago,,,text,80,8,true
Islands,hard,Which term is most specifically associated with Islands?,achievement,Madagascar,diagnosis,designer,Madagascar,,,text,80,8,true
Islands,hard,Select the most precise term for Islands.,conversion,Madagascar,Physics,market research,Madagascar,,,text,80,8,true
Islands,hard,Which term is most specifically associated with Islands?,pronoun,Madagascar,Mahabharata,myth,Madagascar,,,text,80,8,true
Islands,hard,Pick the most specific concept tied to Islands.,Iceland,Tamil Nadu,institution,exposure,Iceland,,,text,80,8,true
Islands,hard,Select the most precise term for Islands.,Ares,tributary,metabolism,island chain,island chain,,,text,80,8,true
Islands,hard,Which option best characterizes Islands?,Borneo,equation,slogan,ecosystem,Borneo,,,text,80,8,true
Islands,hard,Which term is most specifically associated with Islands?,Borneo,lead time,map scale,simile,Borneo,,,text,80,8,true
Islands,hard,Which term is most specifically associated with Islands?,slope,executive,Sri Lanka,Punjab,Sri Lanka,,,text,80,8,true
Islands,hard,Which term is most specifically associated with Islands?,triangle,noun,evolution,island chain,island chain,,,text,80,8,true
Islands,hard,Select the most precise term for Islands.,IP address,battery,Iceland,mitigation,Iceland,,,text,80,8,true
Islands,hard,Select the most precise term for Islands.,spacewalk,flooring,Mughal Empire,Borneo,Borneo,,,text,80,8,true
Islands,hard,Which option best characterizes Islands?,premiere,head of state,irrigation,Madagascar,Madagascar,,,text,80,8,true
Islands,hard,Pick the most specific concept tied to Islands.,meter,fulfillment,Madagascar,velocity,Madagascar,,,text,80,8,true
Islands,hard,Which term is most specifically associated with Islands?,festivals,platform,island chain,alphabet,island chain,,,text,80,8,true
National Flags,easy,Select a term associated with National Flags.,recognition,banner,Red Sea,launch vehicle,banner,,,text,20,12,true
National Flags,easy,Which option belongs to National Flags?,UI thread,flagpole,AI,time zone,flagpole,,,text,20,12,true
National Flags,easy,Pick the correct term for National Flags.,lighting,stock exchange,symbol,Antarctica,symbol,,,text,20,12,true
National Flags,easy,Select a term associated with National Flags.,database,tricolor,bake,texture,tricolor,,,text,20,12,true
National Flags,easy,Which of these is related to National Flags?,sonata,flagpole,euro,South America,flagpole,,,text,20,12,true
National Flags,easy,Which option belongs to National Flags?,emblem,adverb,pranayama,hemisphere,emblem,,,text,20,12,true
National Flags,easy,Select a term associated with National Flags.,emblem,acceleration,narrator,wave,emblem,,,text,20,12,true
National Flags,easy,Select a term associated with National Flags.,composer,range,aircraft,star,star,,,text,20,12,true
National Flags,easy,Select a term associated with National Flags.,radius,tricolor,superhero,space station,tricolor,,,text,20,12,true
National Flags,easy,Pick the correct term for National Flags.,modernism,flag ratio,lens,Ramayana,flag ratio,,,text,20,12,true
National Flags,easy,Which option belongs to National Flags?,forehand,pawn,symbol,relay,symbol,,,text,20,12,true
National Flags,easy,Select a term associated with National Flags.,stripe,sovereignty,chorus,election,stripe,,,text,20,12,true
National Flags,easy,Which of these is related to National Flags?,Indus Valley,symbol,tangent,habitat,symbol,,,text,20,12,true
National Flags,easy,Pick the correct term for National Flags.,emblem,trend,corner kick,textile,emblem,,,text,20,12,true
National Flags,easy,Which of these is related to National Flags?,color,assist,Loki,epistemology,color,,,text,20,12,true
National Flags,easy,Which option belongs to National Flags?,control system,stripe,prime minister,Rama,stripe,,,text,20,12,true
National Flags,easy,Pick the correct term for National Flags.,habitat,panel,flagpole,GDP,flagpole,,,text,20,12,true
National Flags,easy,Which of these is related to National Flags?,banner,sanctuary,South America,Iliad,banner,,,text,20,12,true
National Flags,medium,Select the most relevant term for National Flags.,electricity,vaccination,expression,symbol,symbol,,,text,40,10,true
National Flags,medium,Select the most relevant term for National Flags.,irrigation,flag ratio,playback,clinical,flag ratio,,,text,40,10,true
National Flags,medium,Which term is most commonly used in National Flags?,sonata,feature,star,recursion,star,,,text,40,10,true
National Flags,medium,Which term is most commonly used in National Flags?,ISO,Mojave,flag ratio,lead time,flag ratio,,,text,40,10,true
National Flags,medium,Which option is a key concept in National Flags?,migration,crest,wave,marketing,crest,,,text,40,10,true
National Flags,medium,Which option is a key concept in National Flags?,meditation,flagpole,wilderness,servo,flagpole,,,text,40,10,true
National Flags,medium,Pick the concept that best matches National Flags.,free throw,color,switch,movement,color,,,text,40,10,true
National Flags,medium,Which option is a key concept in National Flags?,emulator,Rama,star,entrepreneur,star,,,text,40,10,true
National Flags,medium,Which option is a key concept in National Flags?,Punjab,rhyme,banner,polynomial,banner,,,text,40,10,true
National Flags,medium,Select the most relevant term for National Flags.,Antarctica,authentication,run rate,star,star,,,text,40,10,true
National Flags,medium,Which term is most commonly used in National Flags?,training data,stripe,Andes,firewall,stripe,,,text,40,10,true
National Flags,medium,Which option is a key concept in National Flags?,covalent bond,Peace,emblem,continuity,emblem,,,text,40,10,true
National Flags,medium,Select the most relevant term for National Flags.,star,brand identity,illustration,hash,star,,,text,40,10,true
National Flags,medium,Select the most relevant term for National Flags.,adaptation,stripe,authorization,share,stripe,,,text,40,10,true
National Flags,medium,Select the most relevant term for National Flags.,crest,philanthropist,hypotenuse,class,crest,,,text,40,10,true
National Flags,medium,Which option is a key concept in National Flags?,Stockholm,product page,wearable,star,star,,,text,40,10,true
National Flags,medium,Which term is most commonly used in National Flags?,emblem,sequence,protocol,variable,emblem,,,text,40,10,true
National Flags,medium,Which term is most commonly used in National Flags?,Delhi Sultanate,stripe,fuel,limit,stripe,,,text,40,10,true
National Flags,hard,Pick the most specific concept tied to National Flags.,trade agreement,mindfulness,star,HTML,star,,,text,80,8,true
National Flags,hard,Which term is most specifically associated with National Flags?,investor,volume,transmission,star,star,,,text,80,8,true
National Flags,hard,Which term is most specifically associated with National Flags?,meditation,crest,supply chain,Odyssey,crest,,,text,80,8,true
National Flags,hard,Which option best characterizes National Flags?,design,forehand,archipelago,stripe,stripe,,,text,80,8,true
National Flags,hard,Which option best characterizes National Flags?,Shiva,boundary,feed,color,color,,,text,80,8,true
National Flags,hard,Select the most precise term for National Flags.,recycling,stripe,innings,mitochondria,stripe,,,text,80,8,true
National Flags,hard,Which term is most specifically associated with National Flags?,lens,flagpole,quest,policy debate,flagpole,,,text,80,8,true
National Flags,hard,Which option best characterizes National Flags?,cookie,epistemology,stanza,star,star,,,text,80,8,true
National Flags,hard,Select the most precise term for National Flags.,symbol,records,Odyssey,Maharashtra,symbol,,,text,80,8,true
National Flags,hard,Pick the most specific concept tied to National Flags.,Uttar Pradesh,compound,prescription,banner,banner,,,text,80,8,true
National Flags,hard,Select the most precise term for National Flags.,stretch,billionaire,flag ratio,Rajasthan,flag ratio,,,text,80,8,true
National Flags,hard,Select the most precise term for National Flags.,movement,Pacific Ocean,emblem,design,emblem,,,text,80,8,true
National Flags,hard,Which option best characterizes National Flags?,JVM,oxidation,Olympiad,symbol,symbol,,,text,80,8,true
National Flags,hard,Select the most precise term for National Flags.,composer,stripe,level,altitude,stripe,,,text,80,8,true
National Flags,hard,Select the most precise term for National Flags.,runway,sensor,interest,stripe,stripe,,,text,80,8,true
National Flags,hard,Which term is most specifically associated with National Flags?,flag ratio,guild,autonomy,supply,flag ratio,,,text,80,8,true
National Flags,hard,Which option best characterizes National Flags?,tricolor,myth,pruning,group,tricolor,,,text,80,8,true
National Flags,hard,Which option best characterizes National Flags?,inflation,tricolor,villain,shipping,tricolor,,,text,80,8,true
National Flags,hard,Which term is most specifically associated with National Flags?,flag ratio,DNS,fulfillment,fertilizer,flag ratio,,,text,80,8,true
National Flags,hard,Select the most precise term for National Flags.,decor,suspension,receptor,crest,crest,,,text,80,8,true
National Flags,hard,Pick the most specific concept tied to National Flags.,SEO,tricolor,metabolism,flowerbed,tricolor,,,text,80,8,true
National Flags,hard,Which option best characterizes National Flags?,tricolor,watercolor,alter ego,CEO,tricolor,,,text,80,8,true
National Flags,hard,Select the most precise term for National Flags.,pH,tricolor,app,angle,tricolor,,,text,80,8,true
National Flags,hard,Pick the most specific concept tied to National Flags.,target audience,IPO,tricolor,controller,tricolor,,,text,80,8,true
Currencies,easy,Which of these is related to Currencies?,portfolio,Athena,inflation,oxidation,inflation,,,text,20,12,true
Currencies,easy,Pick the correct term for Currencies.,ethics,banknote,Ashoka,Sumatra,banknote,,,text,20,12,true
Currencies,easy,Which of these is related to Currencies?,climate model,continuity,inflation,radio,inflation,,,text,20,12,true
Currencies,easy,Which option belongs to Currencies?,compiler,Indian Ocean,currency symbol,Africa,currency symbol,,,text,20,12,true
Currencies,easy,Which option belongs to Currencies?,currency symbol,venture capital,role,conservation,currency symbol,,,text,20,12,true
Currencies,easy,Which of these is related to Currencies?,spacecraft,vocabulary,currency symbol,podium,currency symbol,,,text,20,12,true
Currencies,easy,Which option belongs to Currencies?,subject,scripture,movement,banknote,banknote,,,text,20,12,true
Currencies,easy,Which of these is related to Currencies?,checkout,generator,Antarctica,pound,pound,,,text,20,12,true
Currencies,easy,Which of these is related to Currencies?,data structure,gesture,inflation,billboard,inflation,,,text,20,12,true
Currencies,easy,Select a term associated with Currencies.,exchange rate,printing press,Pacific Ocean,electricity,exchange rate,,,text,20,12,true
Currencies,easy,Pick the correct term for Currencies.,lens,rupee,area under curve,recognition,rupee,,,text,20,12,true
Currencies,easy,Which of these is related to Currencies?,velocity,composer,Valhalla,rupee,rupee,,,text,20,12,true
Currencies,easy,Which of these is related to Currencies?,banknote,Best Picture,flagpole,sustainability,banknote,,,text,20,12,true
Currencies,easy,Pick the correct term for Currencies.,payment gateway,canvas,yen,SEO,yen,,,text,20,12,true
Currencies,easy,Which of these is related to Currencies?,radian,sea level,inflation,email,inflation,,,text,20,12,true
Currencies,easy,Select a term associated with Currencies.,stock exchange,Kalahari,inflation,pivot,inflation,,,text,20,12,true
Currencies,easy,Select a term associated with Currencies.,iOS,PEP 8,conversion,inflation,inflation,,,text,20,12,true
Currencies,easy,Which option belongs to Currencies?,perimeter,toxicity,trade agreement,yen,yen,,,text,20,12,true
Currencies,medium,Which option is a key concept in Currencies?,exchange rate,ecosystem,session,alphabet,exchange rate,,,text,40,10,true
Currencies,medium,Which term is most commonly used in Currencies?,Bihar,ethics,inflation,angle,inflation,,,text,40,10,true
Currencies,medium,Which option is a key concept in Currencies?,theme,translation,pound,aerodynamics,pound,,,text,40,10,true
Currencies,medium,Which option is a key concept in Currencies?,yen,dot-com,JavaScript,minimalism,yen,,,text,40,10,true
Currencies,medium,Pick the concept that best matches Currencies.,banknote,area under curve,shutter speed,hemisphere,banknote,,,text,40,10,true
Currencies,medium,Pick the concept that best matches Currencies.,viral,microscope,operating system,inflation,inflation,,,text,40,10,true
Currencies,medium,Pick the concept that best matches Currencies.,packaging,linear,alter ego,banknote,banknote,,,text,40,10,true
Currencies,medium,Which term is most commonly used in Currencies?,Assam,dollar,novel,meditation,dollar,,,text,40,10,true
Currencies,medium,Which term is most commonly used in Currencies?,cookie,director,inflation,runway,inflation,,,text,40,10,true
Currencies,medium,Pick the concept that best matches Currencies.,muscular system,penalty,rupee,dance,rupee,,,text,40,10,true
Currencies,medium,Pick the concept that best matches Currencies.,culture,accessory,controller,euro,euro,,,text,40,10,true
Currencies,medium,Which term is most commonly used in Currencies?,breathing,coin,dictionary,pharmacokinetics,coin,,,text,40,10,true
Currencies,medium,Select the most relevant term for Currencies.,exchange rate,composer,globe,risk,exchange rate,,,text,40,10,true
Currencies,medium,Pick the concept that best matches Currencies.,superpower,euro,zero trust,vulnerability,euro,,,text,40,10,true
Currencies,medium,Which term is most commonly used in Currencies?,drug,Borneo,palette,inflation,inflation,,,text,40,10,true
Currencies,medium,Select the most relevant term for Currencies.,demand,banknote,shutter speed,planet,banknote,,,text,40,10,true
Currencies,medium,Select the most relevant term for Currencies.,Southern Ocean,polymorphism,inflation,Australia,inflation,,,text,40,10,true
Currencies,medium,Which option is a key concept in Currencies?,Himalayas,grill,product page,yen,yen,,,text,40,10,true
Currencies,hard,Select the most precise term for Currencies.,exchange rate,compiler,director,volume,exchange rate,,,text,80,8,true
Currencies,hard,Pick the most specific concept tied to Currencies.,exchange rate,App Store,athlete,conversion,exchange rate,,,text,80,8,true
Currencies,hard,Pick the most specific concept tied to Currencies.,Mahabharata,United Nations,pesticide,euro,euro,,,text,80,8,true
Currencies,hard,Which term is most specifically associated with Currencies?,philanthropist,innings,trend,yen,yen,,,text,80,8,true
Currencies,hard,Select the most precise term for Currencies.,inflation,evolution,gearbox,brake,inflation,,,text,80,8,true
Currencies,hard,Pick the most specific concept tied to Currencies.,hero,inflation,boundary,posture,inflation,,,text,80,8,true
Currencies,hard,Which term is most specifically associated with Currencies?,hemisphere,patch,interest,exchange rate,exchange rate,,,text,80,8,true
Currencies,hard,Select the most precise term for Currencies.,area under curve,subject,charger,euro,euro,,,text,80,8,true
Currencies,hard,Which term is most specifically associated with Currencies?,battery,exchange rate,demography,façade,exchange rate,,,text,80,8,true
Currencies,hard,Which term is most specifically associated with Currencies?,shipping,HTML,currency symbol,interest,currency symbol,,,text,80,8,true
Currencies,hard,Pick the most specific concept tied to Currencies.,conversion,dollar,fossil fuels,Hamlet,dollar,,,text,80,8,true
Currencies,hard,Pick the most specific concept tied to Currencies.,symbol,exchange rate,wicket,star,exchange rate,,,text,80,8,true
Currencies,hard,Select the most precise term for Currencies.,Ramayana,root,yen,checkout,yen,,,text,80,8,true
Currencies,hard,Which option best characterizes Currencies?,Hittites,euro,pip,inflation,euro,,,text,80,8,true
Currencies,hard,Which option best characterizes Currencies?,cart,spice,policy,rupee,rupee,,,text,80,8,true
Currencies,hard,Select the most precise term for Currencies.,conservation,algorithm,pound,Treaty of Versailles,pound,,,text,80,8,true
Currencies,hard,Which option best characterizes Currencies?,metaphysics,aerodynamics,dollar,façade,dollar,,,text,80,8,true
Currencies,hard,Which term is most specifically associated with Currencies?,euro,like,inventor,perspective,euro,,,text,80,8,true
Currencies,hard,Which term is most specifically associated with Currencies?,batsman,banknote,operating system,demand,banknote,,,text,80,8,true
Currencies,hard,Which option best characterizes Currencies?,Phoenicians,prescription,coin,vault,coin,,,text,80,8,true
Currencies,hard,Select the most precise term for Currencies.,planting,exchange rate,athletics,programming,exchange rate,,,text,80,8,true
Currencies,hard,Which option best characterizes Currencies?,playlist,microscope,coin,ethics,coin,,,text,80,8,true
Currencies,hard,Pick the most specific concept tied to Currencies.,subnet,coin,franchise,suspension,coin,,,text,80,8,true
Currencies,hard,Which term is most specifically associated with Currencies?,premiere,coin,Himalayas,operating system,coin,,,text,80,8,true
Awards (Nobel),easy,Pick the correct term for Awards (Nobel).,Medicine,fuselage,meditation,satellite,Medicine,,,text,20,12,true
Awards (Nobel),easy,Which option belongs to Awards (Nobel)?,Literature,character,investor,League of Nations,Literature,,,text,20,12,true
Awards (Nobel),easy,Select a term associated with Awards (Nobel).,dosage,Physics,composition,watercolor,Physics,,,text,20,12,true
Awards (Nobel),easy,Which option belongs to Awards (Nobel)?,altitude,tense,Physics,recipe,Physics,,,text,20,12,true
Awards (Nobel),easy,Which option belongs to Awards (Nobel)?,baroque,cabinet,Stockholm,free throw,Stockholm,,,text,20,12,true
Awards (Nobel),easy,Which option belongs to Awards (Nobel)?,zero trust,Bluetooth,mission control,Medicine,Medicine,,,text,20,12,true
Awards (Nobel),easy,Select a term associated with Awards (Nobel).,dialect,decolonization,Stockholm,launch vehicle,Stockholm,,,text,20,12,true
Awards (Nobel),easy,Which of these is related to Awards (Nobel)?,watercolor,Medicine,iterator,couture,Medicine,,,text,20,12,true
Awards (Nobel),easy,Which of these is related to Awards (Nobel)?,League of Nations,laureate,villain,rebrand,laureate,,,text,20,12,true
Awards (Nobel),easy,Which option belongs to Awards (Nobel)?,Literature,South America,pawn,conditioning,Literature,,,text,20,12,true
Awards (Nobel),easy,Which option belongs to Awards (Nobel)?,frame,climate policy,Peace,electricity,Peace,,,text,20,12,true
Awards (Nobel),easy,Which option belongs to Awards (Nobel)?,latitude,Medicine,author,subject,Medicine,,,text,20,12,true
Awards (Nobel),easy,Which option belongs to Awards (Nobel)?,Stockholm,returns,red carpet,Plassey,Stockholm,,,text,20,12,true
Awards (Nobel),easy,Which option belongs to Awards (Nobel)?,black hole,prize,inequality,pollution,prize,,,text,20,12,true
Awards (Nobel),easy,Select a term associated with Awards (Nobel).,Medicine,crop,prime number,smart contract,Medicine,,,text,20,12,true
Awards (Nobel),easy,Which option belongs to Awards (Nobel)?,lighting,Chemistry,protocol,black hole,Chemistry,,,text,20,12,true
Awards (Nobel),easy,Pick the correct term for Awards (Nobel).,servo,accessory,pharmacokinetics,Medicine,Medicine,,,text,20,12,true
Awards (Nobel),easy,Pick the correct term for Awards (Nobel).,LBW,elasticity,esports,prize,prize,,,text,20,12,true
Awards (Nobel),medium,Which term is most commonly used in Awards (Nobel)?,warehouse,Literature,wellness,syntax,Literature,,,text,40,10,true
Awards (Nobel),medium,Which option is a key concept in Awards (Nobel)?,baseline,legislature,volatility,Chemistry,Chemistry,,,text,40,10,true
Awards (Nobel),medium,Which term is most commonly used in Awards (Nobel)?,Stockholm,oxidation,compost,emissions,Stockholm,,,text,40,10,true
Awards (Nobel),medium,Which option is a key concept in Awards (Nobel)?,theme,Economics,Yangtze,portfolio,Economics,,,text,40,10,true
Awards (Nobel),medium,Which term is most commonly used in Awards (Nobel)?,shipping,Stockholm,APK,motivation,Stockholm,,,text,40,10,true
Awards (Nobel),medium,Select the most relevant term for Awards (Nobel).,Economics,athletics,Cold War,paradox,Economics,,,text,40,10,true
Awards (Nobel),medium,Which term is most commonly used in Awards (Nobel)?,Stockholm,target audience,internet,predator,Stockholm,,,text,40,10,true
Awards (Nobel),medium,Which option is a key concept in Awards (Nobel)?,tragedy,fossil fuels,Peace,pruning,Peace,,,text,40,10,true
Awards (Nobel),medium,Pick the concept that best matches Awards (Nobel).,narrator,prize,protected area,election cycle,prize,,,text,40,10,true
Awards (Nobel),medium,Select the most relevant term for Awards (Nobel).,campground,black hole,Economics,rally,Economics,,,text,40,10,true
Awards (Nobel),medium,Which option is a key concept in Awards (Nobel)?,Stockholm,Ramayana,root,executive,Stockholm,,,text,40,10,true
Awards (Nobel),medium,Which term is most commonly used in Awards (Nobel)?,intrusion,Peace,constellation,encryption,Peace,,,text,40,10,true
Awards (Nobel),medium,Pick the concept that best matches Awards (Nobel).,dot-com,laureate,radius,radian,laureate,,,text,40,10,true
Awards (Nobel),medium,Which option is a key concept in Awards (Nobel)?,ledger,velocity,Stockholm,free throw,Stockholm,,,text,40,10,true
Awards (Nobel),medium,Which option is a key concept in Awards (Nobel)?,Peace,class,horsepower,metaphor,Peace,,,text,40,10,true
Awards (Nobel),medium,Which option is a key concept in Awards (Nobel)?,asset,machine,printing press,Stockholm,Stockholm,,,text,40,10,true
Awards (Nobel),medium,Which option is a key concept in Awards (Nobel)?,receptor,exoplanet,recipe,prize,prize,,,text,40,10,true
Awards (Nobel),medium,Pick the concept that best matches Awards (Nobel).,Medicine,comment,receptor,checkmate,Medicine,,,text,40,10,true
Awards (Nobel),hard,Pick the most specific concept tied to Awards (Nobel).,latency,Plassey,goal,prize,prize,,,text,80,8,true
Awards (Nobel),hard,Pick the most specific concept tied to Awards (Nobel).,sovereignty,zero trust,conversion,Physics,Physics,,,text,80,8,true
Awards (Nobel),hard,Select the most precise term for Awards (Nobel).,Alps,Medicine,pruning,backboard,Medicine,,,text,80,8,true
Awards (Nobel),hard,Which term is most specifically associated with Awards (Nobel)?,multiplayer,Nobel Prize,inequality,species,Nobel Prize,,,text,80,8,true
Awards (Nobel),hard,Pick the most specific concept tied to Awards (Nobel).,graphic novel,kidney,Stockholm,gold medal,Stockholm,,,text,80,8,true
Awards (Nobel),hard,Select the most precise term for Awards (Nobel).,Stockholm,playback,rupee,RPG,Stockholm,,,text,80,8,true
Awards (Nobel),hard,Which term is most specifically associated with Awards (Nobel)?,summit,Cold War,Physics,angle,Physics,,,text,80,8,true
Awards (Nobel),hard,Pick the most specific concept tied to Awards (Nobel).,Literature,complexity,compost,dish,Literature,,,text,80,8,true
Awards (Nobel),hard,Select the most precise term for Awards (Nobel).,covalent bond,packaging,prey,laureate,laureate,,,text,80,8,true
Awards (Nobel),hard,Which option best characterizes Awards (Nobel)?,alliteration,Peace,chassis,heart,Peace,,,text,80,8,true
Awards (Nobel),hard,Pick the most specific concept tied to Awards (Nobel).,Physics,integer,oasis,portrait,Physics,,,text,80,8,true
Awards (Nobel),hard,Which option best characterizes Awards (Nobel)?,Medicine,planet,trail,Andes,Medicine,,,text,80,8,true
Awards (Nobel),hard,Which option best characterizes Awards (Nobel)?,prize,nebula,foul,exchange rate,prize,,,text,80,8,true
Awards (Nobel),hard,Select the most precise term for Awards (Nobel).,semi-arid,existence,deuce,Stockholm,Stockholm,,,text,80,8,true
Awards (Nobel),hard,Which term is most specifically associated with Awards (Nobel)?,Loki,diagnosis,prize,volume,prize,,,text,80,8,true
Awards (Nobel),hard,Which term is most specifically associated with Awards (Nobel)?,skeletal system,laureate,ISP,Pacific Ocean,laureate,,,text,80,8,true
Awards (Nobel),hard,Select the most precise term for Awards (Nobel).,like,therapy,postmodern,Peace,Peace,,,text,80,8,true
Awards (Nobel),hard,Select the most precise term for Awards (Nobel).,cart,masala,phonetics,Economics,Economics,,,text,80,8,true
Awards (Nobel),hard,Pick the most specific concept tied to Awards (Nobel).,Valhalla,foundation,recycling,Nobel Prize,Nobel Prize,,,text,80,8,true
Awards (Nobel),hard,Which option best characterizes Awards (Nobel)?,Literature,operating system,relay,URL,Literature,,,text,80,8,true
Awards (Nobel),hard,Pick the most specific concept tied to Awards (Nobel).,bioavailability,Australia,norms,Physics,Physics,,,text,80,8,true
Awards (Nobel),hard,Pick the most specific concept tied to Awards (Nobel).,LBW,Antarctica,REST,Nobel Prize,Nobel Prize,,,text,80,8,true
Awards (Nobel),hard,Which term is most specifically associated with Awards (Nobel)?,texture,SEO,ice melt,Stockholm,Stockholm,,,text,80,8,true
Awards (Nobel),hard,Which option best characterizes Awards (Nobel)?,Physics,chain rule,Maharashtra,Olympiad,Physics,,,text,80,8,true
Awards (Oscars),easy,Which option belongs to Awards (Oscars)?,personality,mulch,vaccine,director,director,,,text,20,12,true
Awards (Oscars),easy,Pick the correct term for Awards (Oscars).,perspective,multiplayer,red carpet,risk,red carpet,,,text,20,12,true
Awards (Oscars),easy,Which option belongs to Awards (Oscars)?,protected area,wellness,education reform,Hollywood,Hollywood,,,text,20,12,true
Awards (Oscars),easy,Which option belongs to Awards (Oscars)?,quest,election cycle,Best Actor,portfolio,Best Actor,,,text,20,12,true
Awards (Oscars),easy,Select a term associated with Awards (Oscars).,REST,CSS,Best Picture,grammar,Best Picture,,,text,20,12,true
Awards (Oscars),easy,Which option belongs to Awards (Oscars)?,red carpet,qualifier,concerto,goal,red carpet,,,text,20,12,true
Awards (Oscars),easy,Which option belongs to Awards (Oscars)?,ionic bond,modernism,Hollywood,bytecode,Hollywood,,,text,20,12,true
Awards (Oscars),easy,Which option belongs to Awards (Oscars)?,bioavailability,monarch,socialization,ceremony,ceremony,,,text,20,12,true
Awards (Oscars),easy,Select a term associated with Awards (Oscars).,compost,Hollywood,assist,Uttar Pradesh,Hollywood,,,text,20,12,true
Awards (Oscars),easy,Which option belongs to Awards (Oscars)?,Hollywood,Apollo,diameter,flag ratio,Hollywood,,,text,20,12,true
Awards (Oscars),easy,Which option belongs to Awards (Oscars)?,iOS,election,nominee,energy,nominee,,,text,20,12,true
Awards (Oscars),easy,Which option belongs to Awards (Oscars)?,ingredient,inventory,camera,nominee,nominee,,,text,20,12,true
Awards (Oscars),easy,Which option belongs to Awards (Oscars)?,processor,generator,nominee,pound,nominee,,,text,20,12,true
Awards (Oscars),easy,Select a term associated with Awards (Oscars).,Industrial Revolution,modem,Literature,nominee,nominee,,,text,20,12,true
Awards (Oscars),easy,Which of these is related to Awards (Oscars)?,Sri Lanka,virtue,director,tense,director,,,text,20,12,true
Awards (Oscars),easy,Select a term associated with Awards (Oscars).,sequence,stripe,Best Actress,hash,Best Actress,,,text,20,12,true
Awards (Oscars),easy,Which of these is related to Awards (Oscars)?,symptom,Best Actor,comic,Mojave,Best Actor,,,text,20,12,true
Awards (Oscars),easy,Which of these is related to Awards (Oscars)?,billboard,Academy Awards,Hera,smart contract,Academy Awards,,,text,20,12,true
Awards (Oscars),medium,Which term is most commonly used in Awards (Oscars)?,Hollywood,freight,responsive layout,robot arm,Hollywood,,,text,40,10,true
Awards (Oscars),medium,Which term is most commonly used in Awards (Oscars)?,sauce,Best Picture,couture,Plassey,Best Picture,,,text,40,10,true
Awards (Oscars),medium,Select the most relevant term for Awards (Oscars).,Babylon,memory,statuette,Phoenicians,statuette,,,text,40,10,true
Awards (Oscars),medium,Pick the concept that best matches Awards (Oscars).,democracy,Academy Awards,patch,monopoly,Academy Awards,,,text,40,10,true
Awards (Oscars),medium,Which option is a key concept in Awards (Oscars)?,Best Actress,funnel,short story,rocket,Best Actress,,,text,40,10,true
Awards (Oscars),medium,Select the most relevant term for Awards (Oscars).,enzyme,programming,Best Actress,conditioning,Best Actress,,,text,40,10,true
Awards (Oscars),medium,Which term is most commonly used in Awards (Oscars)?,Best Picture,conglomerate,reaction,altitude,Best Picture,,,text,40,10,true
Awards (Oscars),medium,Which option is a key concept in Awards (Oscars)?,judiciary,summit,aircraft,director,director,,,text,40,10,true
Awards (Oscars),medium,Pick the concept that best matches Awards (Oscars).,Best Picture,cabinet,records,knight,Best Picture,,,text,40,10,true
Awards (Oscars),medium,Pick the concept that best matches Awards (Oscars).,bowler,greenhouse gases,Hollywood,indentation,Hollywood,,,text,40,10,true
Awards (Oscars),medium,Select the most relevant term for Awards (Oscars).,aerodynamics,Greenland,red carpet,billboard,red carpet,,,text,40,10,true
Awards (Oscars),medium,Select the most relevant term for Awards (Oscars).,suspension,automation,Best Picture,net,Best Picture,,,text,40,10,true
Awards (Oscars),medium,Pick the concept that best matches Awards (Oscars).,nominee,verse,bias,summit,nominee,,,text,40,10,true
Awards (Oscars),medium,Which term is most commonly used in Awards (Oscars)?,climate policy,subnet,palette,Best Actor,Best Actor,,,text,40,10,true
Awards (Oscars),medium,Which option is a key concept in Awards (Oscars)?,story arc,recursion,network,Hollywood,Hollywood,,,text,40,10,true
Awards (Oscars),medium,Select the most relevant term for Awards (Oscars).,box office,match point,Best Actor,Champaran,Best Actor,,,text,40,10,true
Awards (Oscars),medium,Which term is most commonly used in Awards (Oscars)?,tablet,director,kidney,iOS,director,,,text,40,10,true
Awards (Oscars),medium,Pick the concept that best matches Awards (Oscars).,Hollywood,three-pointer,achievement,remix,Hollywood,,,text,40,10,true
Awards (Oscars),hard,Which option best characterizes Awards (Oscars)?,studio,atom,Best Actress,opera,Best Actress,,,text,80,8,true
Awards (Oscars),hard,Which option best characterizes Awards (Oscars)?,IP address,side effect,acceleration,red carpet,red carpet,,,text,80,8,true
Awards (Oscars),hard,Select the most precise term for Awards (Oscars).,dollar,Europe,Hollywood,tangent line,Hollywood,,,text,80,8,true
Awards (Oscars),hard,Select the most precise term for Awards (Oscars).,penalty,Best Actor,habitat,Champaran,Best Actor,,,text,80,8,true
Awards (Oscars),hard,Which option best characterizes Awards (Oscars)?,flexibility,seed,horsepower,Best Picture,Best Picture,,,text,80,8,true
Awards (Oscars),hard,Pick the most specific concept tied to Awards (Oscars).,festivals,grill,movement,Best Actress,Best Actress,,,text,80,8,true
Awards (Oscars),hard,Select the most precise term for Awards (Oscars).,receptor,electricity,studio,ceremony,ceremony,,,text,80,8,true
Awards (Oscars),hard,Which term is most specifically associated with Awards (Oscars)?,statuette,dosage,Sumatra,volume,statuette,,,text,80,8,true
Awards (Oscars),hard,Which option best characterizes Awards (Oscars)?,coefficient,Medicine,conglomerate,red carpet,red carpet,,,text,80,8,true
Awards (Oscars),hard,Pick the most specific concept tied to Awards (Oscars).,archipelago,ceremony,acceleration,perception,ceremony,,,text,80,8,true
Awards (Oscars),hard,Which term is most specifically associated with Awards (Oscars)?,Academy Awards,conversion,modernism,defender,Academy Awards,,,text,80,8,true
Awards (Oscars),hard,Pick the most specific concept tied to Awards (Oscars).,Hollywood,grammar,pound,reaction,Hollywood,,,text,80,8,true
Awards (Oscars),hard,Pick the most specific concept tied to Awards (Oscars).,accessory,defender,Best Actor,globalization,Best Actor,,,text,80,8,true
Awards (Oscars),hard,Select the most precise term for Awards (Oscars).,focus,conservation,Best Picture,watercolor,Best Picture,,,text,80,8,true
Awards (Oscars),hard,Which option best characterizes Awards (Oscars)?,executive,molecule,Bihar,Best Actor,Best Actor,,,text,80,8,true
Awards (Oscars),hard,Which option best characterizes Awards (Oscars)?,SEO,product page,nominee,logic,nominee,,,text,80,8,true
Awards (Oscars),hard,Which term is most specifically associated with Awards (Oscars)?,producer,processor,studio,Best Actor,Best Actor,,,text,80,8,true
Awards (Oscars),hard,Pick the most specific concept tied to Awards (Oscars).,push notification,greenhouse,statuette,epic,statuette,,,text,80,8,true
Awards (Oscars),hard,Select the most precise term for Awards (Oscars).,Amazon,RPG,aperture,Academy Awards,Academy Awards,,,text,80,8,true
Awards (Oscars),hard,Select the most precise term for Awards (Oscars).,phishing,Academy Awards,aircraft,cuisine,Academy Awards,,,text,80,8,true
Awards (Oscars),hard,Which option best characterizes Awards (Oscars)?,sea,Best Actor,payment gateway,South America,Best Actor,,,text,80,8,true
Awards (Oscars),hard,Which option best characterizes Awards (Oscars)?,automation,Best Actress,noun,patch,Best Actress,,,text,80,8,true
Awards (Oscars),hard,Select the most precise term for Awards (Oscars).,share,rocket,Academy Awards,reason,Academy Awards,,,text,80,8,true
Awards (Oscars),hard,Which option best characterizes Awards (Oscars)?,viral,investor,statuette,reaction,statuette,,,text,80,8,true
Agriculture,easy,Select a term associated with Agriculture.,star,yield,planet,Delhi Sultanate,yield,,,text,20,12,true
Agriculture,easy,Select a term associated with Agriculture.,flagpole,gold medal,crop,kidney,crop,,,text,20,12,true
Agriculture,easy,Select a term associated with Agriculture.,island chain,metaphor,percentage,harvest,harvest,,,text,20,12,true
Agriculture,easy,Which option belongs to Agriculture?,magnetism,index,vocabulary,fertilizer,fertilizer,,,text,20,12,true
Agriculture,easy,Which option belongs to Agriculture?,catalyst,crop,nervous system,panel,crop,,,text,20,12,true
Agriculture,easy,Select a term associated with Agriculture.,masala,harvest,API,constellation,harvest,,,text,20,12,true
Agriculture,easy,Which option belongs to Agriculture?,crop,trademark,emulator,flag ratio,crop,,,text,20,12,true
Agriculture,easy,Pick the correct term for Agriculture.,harvest,level,novel,phishing,harvest,,,text,20,12,true
Agriculture,easy,Which of these is related to Agriculture?,irrigation,promotion,island chain,compound,irrigation,,,text,20,12,true
Agriculture,easy,Select a term associated with Agriculture.,variable,Stockholm,fertilizer,story arc,fertilizer,,,text,20,12,true
Agriculture,easy,Which of these is related to Agriculture?,portfolio,adverb,ISO,livestock,livestock,,,text,20,12,true
Agriculture,easy,Which of these is related to Agriculture?,energy,fuselage,console,irrigation,irrigation,,,text,20,12,true
Agriculture,easy,Select a term associated with Agriculture.,like,seed,gallery,Stockholm,seed,,,text,20,12,true
Agriculture,easy,Which option belongs to Agriculture?,director,variable,CEO,fertilizer,fertilizer,,,text,20,12,true
Agriculture,easy,Pick the correct term for Agriculture.,costume,fertilizer,Yangtze,sine,fertilizer,,,text,20,12,true
Agriculture,easy,Which option belongs to Agriculture?,scarcity,livestock,Delhi Sultanate,run rate,livestock,,,text,20,12,true
Agriculture,easy,Pick the correct term for Agriculture.,verse,livestock,air traffic,climate model,livestock,,,text,20,12,true
Agriculture,easy,Which option belongs to Agriculture?,polymorphism,harvest,HTML,ink,harvest,,,text,20,12,true
Agriculture,medium,Select the most relevant term for Agriculture.,crop,perception,Greenland,index,crop,,,text,40,10,true
Agriculture,medium,Which option is a key concept in Agriculture?,parallel,personality,seed,hemisphere,seed,,,text,40,10,true
Agriculture,medium,Pick the concept that best matches Agriculture.,crop,ingredient,perimeter,Ares,crop,,,text,40,10,true
Agriculture,medium,Select the most relevant term for Agriculture.,seed,explorer,star,period,seed,,,text,40,10,true
Agriculture,medium,Which term is most commonly used in Agriculture?,App Store,harvest,rocket,innings,harvest,,,text,40,10,true
Agriculture,medium,Which term is most commonly used in Agriculture?,polygon,toxicity,feature,harvest,harvest,,,text,40,10,true
Agriculture,medium,Which option is a key concept in Agriculture?,crop,ink,cinematography,Athena,crop,,,text,40,10,true
Agriculture,medium,Which term is most commonly used in Agriculture?,search,fertilizer,sensor,complexity,fertilizer,,,text,40,10,true
Agriculture,medium,Which option is a key concept in Agriculture?,crop,flowerbed,quadratic,Hittites,crop,,,text,40,10,true
Agriculture,medium,Which option is a key concept in Agriculture?,volatility,role,intrusion,soil,soil,,,text,40,10,true
Agriculture,medium,Which term is most commonly used in Agriculture?,crop,decolonization,thread,Lakshmi,crop,,,text,40,10,true
Agriculture,medium,Which term is most commonly used in Agriculture?,supply,livestock,biodiversity,explorer,livestock,,,text,40,10,true
Agriculture,medium,Which option is a key concept in Agriculture?,semi-arid,irrigation,acquisition,dictionary,irrigation,,,text,40,10,true
Agriculture,medium,Which option is a key concept in Agriculture?,quest,scripture,yield,polytheism,yield,,,text,40,10,true
Agriculture,medium,Pick the concept that best matches Agriculture.,expression,villain,nominee,harvest,harvest,,,text,40,10,true
Agriculture,medium,Which term is most commonly used in Agriculture?,toxicity,farm,bias,encryption,farm,,,text,40,10,true
Agriculture,medium,Which term is most commonly used in Agriculture?,conservation,farm,compound,sustainability,farm,,,text,40,10,true
Agriculture,medium,Which option is a key concept in Agriculture?,yield,angle,trade agreement,cinematography,yield,,,text,40,10,true
Agriculture,hard,Which term is most specifically associated with Agriculture?,publisher,smart contract,block,harvest,harvest,,,text,80,8,true
Agriculture,hard,Which term is most specifically associated with Agriculture?,Industrial Revolution,irrigation,expression,programming,irrigation,,,text,80,8,true
Agriculture,hard,Which option best characterizes Agriculture?,soil,session,vault,campaign,soil,,,text,80,8,true
Agriculture,hard,Pick the most specific concept tied to Agriculture.,launch vehicle,justice,stratification,seed,seed,,,text,80,8,true
Agriculture,hard,Select the most precise term for Agriculture.,fertilizer,protocol,structural,yen,fertilizer,,,text,80,8,true
Agriculture,hard,Select the most precise term for Agriculture.,habitat,list comprehension,theme,crop,crop,,,text,80,8,true
Agriculture,hard,Pick the most specific concept tied to Agriculture.,yield,banner,alter ego,foul,yield,,,text,80,8,true
Agriculture,hard,Which term is most specifically associated with Agriculture?,livestock,volume,Madagascar,iOS,livestock,,,text,80,8,true
Agriculture,hard,Which option best characterizes Agriculture?,farm,torque,force,JavaScript,farm,,,text,80,8,true
Agriculture,hard,Which option best characterizes Agriculture?,song sequence,block,hemisphere,farm,farm,,,text,80,8,true
Agriculture,hard,Pick the most specific concept tied to Agriculture.,bishop,factorization,pesticide,data structure,pesticide,,,text,80,8,true
Agriculture,hard,Pick the most specific concept tied to Agriculture.,yield,iOS,genre,bake,yield,,,text,80,8,true
Agriculture,hard,Which option best characterizes Agriculture?,federalism,statuette,crop,diplomacy,crop,,,text,80,8,true
Agriculture,hard,Select the most precise term for Agriculture.,executive,comment,conglomerate,soil,soil,,,text,80,8,true
Agriculture,hard,Pick the most specific concept tied to Agriculture.,map scale,livestock,re-entry,Mohenjo-daro,livestock,,,text,80,8,true
Agriculture,hard,Select the most precise term for Agriculture.,ace,Chemistry,livestock,verb,livestock,,,text,80,8,true
Agriculture,hard,Pick the most specific concept tied to Agriculture.,Europe,seed,DNA,lambda,seed,,,text,80,8,true
Agriculture,hard,Which term is most specifically associated with Agriculture?,inference,knowledge base,norms,yield,yield,,,text,80,8,true
Agriculture,hard,Which term is most specifically associated with Agriculture?,conservation,Gulf,pesticide,integral,pesticide,,,text,80,8,true
Agriculture,hard,Which term is most specifically associated with Agriculture?,routing,continent,soil,temple,soil,,,text,80,8,true
Agriculture,hard,Pick the most specific concept tied to Agriculture.,farm,qualifier,Economics,breathing,farm,,,text,80,8,true
Agriculture,hard,Select the most precise term for Agriculture.,Mississippi,masala,irrigation,launch vehicle,irrigation,,,text,80,8,true
Agriculture,hard,Which term is most specifically associated with Agriculture?,harvest,net,myth,shipping,harvest,,,text,80,8,true
Agriculture,hard,Select the most precise term for Agriculture.,Loki,Asgard,livestock,nebula,livestock,,,text,80,8,true
Food & Cuisine,easy,Select a term associated with Food & Cuisine.,taste,balance,set,validation,taste,,,text,20,12,true
Food & Cuisine,easy,Which option belongs to Food & Cuisine?,flavor,federalism,equation,LBW,flavor,,,text,20,12,true
Food & Cuisine,easy,Which of these is related to Food & Cuisine?,dish,Assyrians,vaccine,balance,dish,,,text,20,12,true
Food & Cuisine,easy,Which of these is related to Food & Cuisine?,cell,composition,bake,app,bake,,,text,20,12,true
Food & Cuisine,easy,Select a term associated with Food & Cuisine.,sauce,behavior,enzyme,Iceland,sauce,,,text,20,12,true
Food & Cuisine,easy,Select a term associated with Food & Cuisine.,tablet,policy,bake,polynomial,bake,,,text,20,12,true
Food & Cuisine,easy,Pick the correct term for Food & Cuisine.,model,equation,Economics,ingredient,ingredient,,,text,20,12,true
Food & Cuisine,easy,Select a term associated with Food & Cuisine.,drug,noun,flavor,red carpet,flavor,,,text,20,12,true
Food & Cuisine,easy,Select a term associated with Food & Cuisine.,grill,landscape,diplomacy,control system,grill,,,text,20,12,true
Food & Cuisine,easy,Select a term associated with Food & Cuisine.,corner kick,galaxy,Iliad,recipe,recipe,,,text,20,12,true
Food & Cuisine,easy,Pick the correct term for Food & Cuisine.,recipe,script,Ares,Thor,recipe,,,text,20,12,true
Food & Cuisine,easy,Select a term associated with Food & Cuisine.,ecology,Caribbean Sea,Mediterranean Sea,sauce,sauce,,,text,20,12,true
Food & Cuisine,easy,Pick the correct term for Food & Cuisine.,grill,dividend yield,Sri Lanka,engagement,grill,,,text,20,12,true
Food & Cuisine,easy,Select a term associated with Food & Cuisine.,exposure,market research,Mohenjo-daro,spice,spice,,,text,20,12,true
Food & Cuisine,easy,Pick the correct term for Food & Cuisine.,liability,percentage,binary,sauce,sauce,,,text,20,12,true
Food & Cuisine,easy,Which of these is related to Food & Cuisine?,latency,sauce,Uttar Pradesh,justice,sauce,,,text,20,12,true
Food & Cuisine,easy,Which option belongs to Food & Cuisine?,taste,inflation,regression,stretch,taste,,,text,20,12,true
Food & Cuisine,easy,Which of these is related to Food & Cuisine?,bake,inflection,turbulence,lead time,bake,,,text,20,12,true
Food & Cuisine,medium,Which option is a key concept in Food & Cuisine?,GDP,brake,sonata,cuisine,cuisine,,,text,40,10,true
Food & Cuisine,medium,Pick the concept that best matches Food & Cuisine.,reason,remix,genre,sauce,sauce,,,text,40,10,true
Food & Cuisine,medium,Select the most relevant term for Food & Cuisine.,asana,spacecraft,Atlantic Ocean,bake,bake,,,text,40,10,true
Food & Cuisine,medium,Pick the concept that best matches Food & Cuisine.,penalty,ingredient,Literature,offside,ingredient,,,text,40,10,true
Food & Cuisine,medium,Select the most relevant term for Food & Cuisine.,microscope,ingredient,sustainability,hero,ingredient,,,text,40,10,true
Food & Cuisine,medium,Select the most relevant term for Food & Cuisine.,dystopia,frame,hero,taste,taste,,,text,40,10,true
Food & Cuisine,medium,Select the most relevant term for Food & Cuisine.,explorer,pawn,ingredient,rebound,ingredient,,,text,40,10,true
Food & Cuisine,medium,Select the most relevant term for Food & Cuisine.,battery,data structure,Atacama,dish,dish,,,text,40,10,true
Food & Cuisine,medium,Select the most relevant term for Food & Cuisine.,backhand,wearable,planning,ingredient,ingredient,,,text,40,10,true
Food & Cuisine,medium,Which term is most commonly used in Food & Cuisine?,monopoly,rocket,constellation,sauce,sauce,,,text,40,10,true
Food & Cuisine,medium,Pick the concept that best matches Food & Cuisine.,monarch,furniture,decor,cuisine,cuisine,,,text,40,10,true
Food & Cuisine,medium,Which option is a key concept in Food & Cuisine?,liability,sauce,index,midfielder,sauce,,,text,40,10,true
Food & Cuisine,medium,Pick the concept that best matches Food & Cuisine.,smartphone,cuisine,linguistics,election cycle,cuisine,,,text,40,10,true
Food & Cuisine,medium,Select the most relevant term for Food & Cuisine.,tricolor,Danube,playlist,sauce,sauce,,,text,40,10,true
Food & Cuisine,medium,Which option is a key concept in Food & Cuisine?,list comprehension,funnel,comment,bake,bake,,,text,40,10,true
Food & Cuisine,medium,Pick the concept that best matches Food & Cuisine.,Indus Valley,flowerbed,cuisine,depth of field,cuisine,,,text,40,10,true
Food & Cuisine,medium,Which option is a key concept in Food & Cuisine?,Lakshmi,taste,actuator,endgame,taste,,,text,40,10,true
Food & Cuisine,medium,Pick the concept that best matches Food & Cuisine.,socialization,Shiva,ingredient,myth,ingredient,,,text,40,10,true
Food & Cuisine,hard,Select the most precise term for Food & Cuisine.,trademark,lungs,ingredient,printing press,ingredient,,,text,80,8,true
Food & Cuisine,hard,Pick the most specific concept tied to Food & Cuisine.,column,fuselage,bake,playlist,bake,,,text,80,8,true
Food & Cuisine,hard,Which option best characterizes Food & Cuisine?,ingredient,batsman,Gobi,goalkeeper,ingredient,,,text,80,8,true
Food & Cuisine,hard,Select the most precise term for Food & Cuisine.,therapy,cuisine,trail,parliament,cuisine,,,text,80,8,true
Food & Cuisine,hard,Which option best characterizes Food & Cuisine?,steam engine,dish,screenplay,forehand,dish,,,text,80,8,true
Food & Cuisine,hard,Which term is most specifically associated with Food & Cuisine?,fuel,package,Karnataka,spice,spice,,,text,80,8,true
Food & Cuisine,hard,Which option best characterizes Food & Cuisine?,programming,alter ego,biodiversity,taste,taste,,,text,80,8,true
Food & Cuisine,hard,Pick the most specific concept tied to Food & Cuisine.,short story,floor plan,panel,dish,dish,,,text,80,8,true
Food & Cuisine,hard,Which option best characterizes Food & Cuisine?,platform,recipe,haiku,Caribbean Sea,recipe,,,text,80,8,true
Food & Cuisine,hard,Pick the most specific concept tied to Food & Cuisine.,taste,consensus,reaction,cognition,taste,,,text,80,8,true
Food & Cuisine,hard,Select the most precise term for Food & Cuisine.,packaging,noun,Atlantic Ocean,ingredient,ingredient,,,text,80,8,true
Food & Cuisine,hard,Which option best characterizes Food & Cuisine?,frame,LBW,sauce,summit,sauce,,,text,80,8,true
Food & Cuisine,hard,Which term is most specifically associated with Food & Cuisine?,mulch,Cold War,angle,ingredient,ingredient,,,text,80,8,true
Food & Cuisine,hard,Which term is most specifically associated with Food & Cuisine?,accessory,electricity,sauce,trail,sauce,,,text,80,8,true
Food & Cuisine,hard,Select the most precise term for Food & Cuisine.,verse,battery,bake,diplomacy,bake,,,text,80,8,true
Food & Cuisine,hard,Which option best characterizes Food & Cuisine?,angle,rook,dish,emblem,dish,,,text,80,8,true
Food & Cuisine,hard,Which term is most specifically associated with Food & Cuisine?,Cold War,Africa,startup,dish,dish,,,text,80,8,true
Food & Cuisine,hard,Which option best characterizes Food & Cuisine?,recipe,epic,argument,over,recipe,,,text,80,8,true
Food & Cuisine,hard,Which term is most specifically associated with Food & Cuisine?,hook,dish,engagement,autonomy,dish,,,text,80,8,true
Food & Cuisine,hard,Select the most precise term for Food & Cuisine.,cockpit,flavor,Valkyrie,athletics,flavor,,,text,80,8,true
Food & Cuisine,hard,Which term is most specifically associated with Food & Cuisine?,climate policy,patient,distribution,spice,spice,,,text,80,8,true
Food & Cuisine,hard,Pick the most specific concept tied to Food & Cuisine.,texture,nebula,flavor,Europe,flavor,,,text,80,8,true
Food & Cuisine,hard,Pick the most specific concept tied to Food & Cuisine.,ingredient,patch,Danube,tense,ingredient,,,text,80,8,true
Food & Cuisine,hard,Which term is most specifically associated with Food & Cuisine?,stratification,patient,bake,area under curve,bake,,,text,80,8,true
Medicine,easy,Select a term associated with Medicine.,therapy,level,constellation,cosine,therapy,,,text,20,12,true
Medicine,easy,Select a term associated with Medicine.,clinical,fulfillment,symbol,area under curve,clinical,,,text,20,12,true
Medicine,easy,Pick the correct term for Medicine.,prescription,innings,disease,patent,disease,,,text,20,12,true
Medicine,easy,Which option belongs to Medicine?,sonnet,imagery,angle,vaccine,vaccine,,,text,20,12,true
Medicine,easy,Pick the correct term for Medicine.,esports,marketing,patient,novel,patient,,,text,20,12,true
Medicine,easy,Which option belongs to Medicine?,textile,Greenland,clinical,firewall,clinical,,,text,20,12,true
Medicine,easy,Which option belongs to Medicine?,sea level,clinical,battery,molecule,clinical,,,text,20,12,true
Medicine,easy,Which of these is related to Medicine?,authentication,studio,diagnosis,Asgard,diagnosis,,,text,20,12,true
Medicine,easy,Which option belongs to Medicine?,wearable,symptom,sonata,director,symptom,,,text,20,12,true
Medicine,easy,Select a term associated with Medicine.,routing,hospital,mission control,infrastructure,hospital,,,text,20,12,true
Medicine,easy,Which option belongs to Medicine?,disease,Android,producer,democracy,disease,,,text,20,12,true
Medicine,easy,Select a term associated with Medicine.,launch vehicle,prescription,metaphysics,coefficient,prescription,,,text,20,12,true
Medicine,easy,Select a term associated with Medicine.,filmfare,rook,symptom,cognition,symptom,,,text,20,12,true
Medicine,easy,Select a term associated with Medicine.,slope,inflection,therapy,perspective,therapy,,,text,20,12,true
Medicine,easy,Pick the correct term for Medicine.,metaphysics,integer,prescription,ISP,prescription,,,text,20,12,true
Medicine,easy,Which option belongs to Medicine?,market cap,polynomial,Vishnu,vaccine,vaccine,,,text,20,12,true
Medicine,easy,Which option belongs to Medicine?,prescription,responsive layout,light-year,migration,prescription,,,text,20,12,true
Medicine,easy,Which of these is related to Medicine?,baseline,robot,therapy,syntax,therapy,,,text,20,12,true
Medicine,medium,Which option is a key concept in Medicine?,norms,Greenland,neural network,symptom,symptom,,,text,40,10,true
Medicine,medium,Which option is a key concept in Medicine?,Sri Lanka,modem,horsepower,vaccine,vaccine,,,text,40,10,true
Medicine,medium,Which option is a key concept in Medicine?,diagnosis,ecosystem,prize,unit circle,diagnosis,,,text,40,10,true
Medicine,medium,Which option is a key concept in Medicine?,hypotenuse,democracy,symptom,microscope,symptom,,,text,40,10,true
Medicine,medium,Pick the concept that best matches Medicine.,lens,volcanic island,silhouette,clinical,clinical,,,text,40,10,true
Medicine,medium,Which option is a key concept in Medicine?,inflation,gearbox,disease,torque,disease,,,text,40,10,true
Medicine,medium,Which option is a key concept in Medicine?,diagnosis,integer,Ragnarok,forehand,diagnosis,,,text,40,10,true
Medicine,medium,Which option is a key concept in Medicine?,sea,diagnosis,emotion,atoll,diagnosis,,,text,40,10,true
Medicine,medium,Which term is most commonly used in Medicine?,hospital,diplomacy,semantics,force,hospital,,,text,40,10,true
Medicine,medium,Select the most relevant term for Medicine.,filmfare,patient,goal,hemisphere,patient,,,text,40,10,true
Medicine,medium,Pick the concept that best matches Medicine.,Mars rover,Europe,symptom,sonnet,symptom,,,text,40,10,true
Medicine,medium,Pick the concept that best matches Medicine.,Peace,disease,acceleration,complexity,disease,,,text,40,10,true
Medicine,medium,Select the most relevant term for Medicine.,comment,therapy,ledger,corner kick,therapy,,,text,40,10,true
Medicine,medium,Which term is most commonly used in Medicine?,therapy,flowerbed,compiler,verse,therapy,,,text,40,10,true
Medicine,medium,Which option is a key concept in Medicine?,floor plan,greenhouse,market cap,therapy,therapy,,,text,40,10,true
Medicine,medium,Which option is a key concept in Medicine?,vaccine,aerodynamics,rook,Mahabharata,vaccine,,,text,40,10,true
Medicine,medium,Which term is most commonly used in Medicine?,prescription,feed,seed,exposure,prescription,,,text,40,10,true
Medicine,medium,Select the most relevant term for Medicine.,ARPANET,castling,symptom,Medicine,symptom,,,text,40,10,true
Medicine,hard,Pick the most specific concept tied to Medicine.,market,intrusion,disease,volatility,disease,,,text,80,8,true
Medicine,hard,Which option best characterizes Medicine?,treatment,species,level,dividend,treatment,,,text,80,8,true
Medicine,hard,Select the most precise term for Medicine.,diagnosis,yen,cape,continuity,diagnosis,,,text,80,8,true
Medicine,hard,Which option best characterizes Medicine?,Egyptians,therapy,brake,symptom,symptom,,,text,80,8,true
Medicine,hard,Pick the most specific concept tied to Medicine.,demography,Maurya Empire,heart,clinical,clinical,,,text,80,8,true
Medicine,hard,Which term is most specifically associated with Medicine?,preposition,diagnosis,clause,hemisphere,diagnosis,,,text,80,8,true
Medicine,hard,Which option best characterizes Medicine?,forehand,data structure,therapy,elasticity,therapy,,,text,80,8,true
Medicine,hard,Which option best characterizes Medicine?,prescription,opening ceremony,set,Mughal Empire,prescription,,,text,80,8,true
Medicine,hard,Which term is most specifically associated with Medicine?,playlist,landing gear,therapy,tangent,therapy,,,text,80,8,true
Medicine,hard,Select the most precise term for Medicine.,prescription,soil,composer,dance,prescription,,,text,80,8,true
Medicine,hard,Which option best characterizes Medicine?,meter,League of Nations,trademark,hospital,hospital,,,text,80,8,true
Medicine,hard,Which term is most specifically associated with Medicine?,radio,servo,pruning,treatment,treatment,,,text,80,8,true
Medicine,hard,Which term is most specifically associated with Medicine?,sequel,target audience,interest,hospital,hospital,,,text,80,8,true
Medicine,hard,Which term is most specifically associated with Medicine?,Rama,disease,Beowulf,lifecycle,disease,,,text,80,8,true
Medicine,hard,Which option best characterizes Medicine?,overfitting,disease,concerto,Shiva,disease,,,text,80,8,true
Medicine,hard,Pick the most specific concept tied to Medicine.,push notification,flexibility,Pacific Ocean,hospital,hospital,,,text,80,8,true
Medicine,hard,Which term is most specifically associated with Medicine?,skeletal system,therapy,Athena,blockbuster,therapy,,,text,80,8,true
Medicine,hard,Which term is most specifically associated with Medicine?,disease,level,Odyssey,gene,disease,,,text,80,8,true
Medicine,hard,Select the most precise term for Medicine.,aerodynamics,transmission,Hittites,hospital,hospital,,,text,80,8,true
Medicine,hard,Which option best characterizes Medicine?,diagnosis,mitochondria,Vishnu,composition,diagnosis,,,text,80,8,true
Medicine,hard,Pick the most specific concept tied to Medicine.,area under curve,hospital,plate,illustration,hospital,,,text,80,8,true
Medicine,hard,Pick the most specific concept tied to Medicine.,vaccine,balance,dollar,tributary,vaccine,,,text,80,8,true
Medicine,hard,Which term is most specifically associated with Medicine?,disease,perception,biodiversity,database,disease,,,text,80,8,true
Medicine,hard,Pick the most specific concept tied to Medicine.,planet,funnel,goalkeeper,diagnosis,diagnosis,,,text,80,8,true
Pharmacology,easy,Which of these is related to Pharmacology?,toxicity,formation,esports,perimeter,toxicity,,,text,20,12,true
Pharmacology,easy,Which of these is related to Pharmacology?,dosage,patch,personality,novel,dosage,,,text,20,12,true
Pharmacology,easy,Select a term associated with Pharmacology.,launch vehicle,toxicity,dialect,Asia,toxicity,,,text,20,12,true
Pharmacology,easy,Select a term associated with Pharmacology.,pharmacokinetics,patch,net,Stockholm,pharmacokinetics,,,text,20,12,true
Pharmacology,easy,Which option belongs to Pharmacology?,receptor,protein,migration,space station,receptor,,,text,20,12,true
Pharmacology,easy,Select a term associated with Pharmacology.,metabolism,programming,area,Amazon,metabolism,,,text,20,12,true
Pharmacology,easy,Pick the correct term for Pharmacology.,controller,prescription,training data,inflation,prescription,,,text,20,12,true
Pharmacology,easy,Which of these is related to Pharmacology?,Ashoka,prescription,Nile,conservation,prescription,,,text,20,12,true
Pharmacology,easy,Which of these is related to Pharmacology?,metabolism,designer,ionic bond,gravity,metabolism,,,text,20,12,true
Pharmacology,easy,Which of these is related to Pharmacology?,pilgrimage,fiscal policy,dosage,wave,dosage,,,text,20,12,true
Pharmacology,easy,Select a term associated with Pharmacology.,pesticide,receptor,accessory,taste,receptor,,,text,20,12,true
Pharmacology,easy,Pick the correct term for Pharmacology.,PEP 8,toxicity,spacewalk,narrator,toxicity,,,text,20,12,true
Pharmacology,easy,Which option belongs to Pharmacology?,toxicity,postmodern,exoplanet,realism,toxicity,,,text,20,12,true
Pharmacology,easy,Which of these is related to Pharmacology?,prescription,Industrial Revolution,iterator,lifecycle,prescription,,,text,20,12,true
Pharmacology,easy,Which of these is related to Pharmacology?,Cold War,optimization,bioavailability,re-entry,bioavailability,,,text,20,12,true
Pharmacology,easy,Which option belongs to Pharmacology?,recipe,receptor,athlete,United Nations,receptor,,,text,20,12,true
Pharmacology,easy,Pick the correct term for Pharmacology.,Apollo,emissions,triangle,pharmacokinetics,pharmacokinetics,,,text,20,12,true
Pharmacology,easy,Which of these is related to Pharmacology?,drug,search,clergy,dish,drug,,,text,20,12,true
Pharmacology,medium,Pick the concept that best matches Pharmacology.,drug,peak,Lake Superior,intrusion,drug,,,text,40,10,true
Pharmacology,medium,Pick the concept that best matches Pharmacology.,sidekick,bioavailability,tense,tablet,bioavailability,,,text,40,10,true
Pharmacology,medium,Pick the concept that best matches Pharmacology.,index,triangle,drug,Treaty of Versailles,drug,,,text,40,10,true
Pharmacology,medium,Pick the concept that best matches Pharmacology.,arid,campground,compound,ink,compound,,,text,40,10,true
Pharmacology,medium,Which option is a key concept in Pharmacology?,stock exchange,stream of consciousness,prescription,branding,prescription,,,text,40,10,true
Pharmacology,medium,Pick the concept that best matches Pharmacology.,runway,side effect,origin story,Karnataka,side effect,,,text,40,10,true
Pharmacology,medium,Pick the concept that best matches Pharmacology.,drug,bowler,international summit,mission control,drug,,,text,40,10,true
Pharmacology,medium,Pick the concept that best matches Pharmacology.,respiratory system,elasticity,compound,campground,compound,,,text,40,10,true
Pharmacology,medium,Which option is a key concept in Pharmacology?,session,metabolism,chorus,concert,metabolism,,,text,40,10,true
Pharmacology,medium,Pick the concept that best matches Pharmacology.,horsepower,oil paint,return,drug,drug,,,text,40,10,true
Pharmacology,medium,Pick the concept that best matches Pharmacology.,summit,institution,distribution,dosage,dosage,,,text,40,10,true
Pharmacology,medium,Pick the concept that best matches Pharmacology.,horsepower,rhyme,bioavailability,billionaire,bioavailability,,,text,40,10,true
Pharmacology,medium,Select the most relevant term for Pharmacology.,derivative,ecology,pharmacokinetics,sequence,pharmacokinetics,,,text,40,10,true
Pharmacology,medium,Which option is a key concept in Pharmacology?,side effect,returns,package,Ragnarok,side effect,,,text,40,10,true
Pharmacology,medium,Pick the concept that best matches Pharmacology.,Assam,pharmacokinetics,Yangtze,wicket,pharmacokinetics,,,text,40,10,true
Pharmacology,medium,Which term is most commonly used in Pharmacology?,bioavailability,international summit,Literature,time zone,bioavailability,,,text,40,10,true
Pharmacology,medium,Which term is most commonly used in Pharmacology?,stanza,pitch,legislature,receptor,receptor,,,text,40,10,true
Pharmacology,medium,Which option is a key concept in Pharmacology?,dialect,federalism,prescription,liability,prescription,,,text,40,10,true
Pharmacology,hard,Select the most precise term for Pharmacology.,pharmacokinetics,fertilizer,planning,CEO,pharmacokinetics,,,text,80,8,true
Pharmacology,hard,Select the most precise term for Pharmacology.,foul,compound,noun,cockpit,compound,,,text,80,8,true
Pharmacology,hard,Pick the most specific concept tied to Pharmacology.,magnetism,Hamlet,education reform,bioavailability,bioavailability,,,text,80,8,true
Pharmacology,hard,Which option best characterizes Pharmacology?,drug,character,hashtag,firewall,drug,,,text,80,8,true
Pharmacology,hard,Which term is most specifically associated with Pharmacology?,crop,orchestra,renewable,metabolism,metabolism,,,text,80,8,true
Pharmacology,hard,Select the most precise term for Pharmacology.,side effect,Vishnu,semi-arid,asset,side effect,,,text,80,8,true
Pharmacology,hard,Which term is most specifically associated with Pharmacology?,myth,identity,pronoun,drug,drug,,,text,80,8,true
Pharmacology,hard,Select the most precise term for Pharmacology.,side effect,intrusion,superpower,covalent bond,side effect,,,text,80,8,true
Pharmacology,hard,Select the most precise term for Pharmacology.,fuselage,boundary,Plassey,prescription,prescription,,,text,80,8,true
Pharmacology,hard,Which option best characterizes Pharmacology?,toxicity,author,limit,penalty,toxicity,,,text,80,8,true
Pharmacology,hard,Pick the most specific concept tied to Pharmacology.,group,Durga,engagement,drug,drug,,,text,80,8,true
Pharmacology,hard,Pick the most specific concept tied to Pharmacology.,model,bake,toxicity,Himalayas,toxicity,,,text,80,8,true
Pharmacology,hard,Pick the most specific concept tied to Pharmacology.,alphabet,bioavailability,parallel,wave,bioavailability,,,text,80,8,true
Pharmacology,hard,Which term is most specifically associated with Pharmacology?,dialect,bioavailability,queen,prize,bioavailability,,,text,80,8,true
Pharmacology,hard,Pick the most specific concept tied to Pharmacology.,receptor,watering,disease,K2,receptor,,,text,80,8,true
Pharmacology,hard,Pick the most specific concept tied to Pharmacology.,adverb,drug,stratification,Peace,drug,,,text,80,8,true
Pharmacology,hard,Pick the most specific concept tied to Pharmacology.,hero,stripe,topography,toxicity,toxicity,,,text,80,8,true
Pharmacology,hard,Pick the most specific concept tied to Pharmacology.,bioavailability,modernism,Ganga,Best Picture,bioavailability,,,text,80,8,true
Pharmacology,hard,Which option best characterizes Pharmacology?,compound,striker,viral,pronoun,compound,,,text,80,8,true
Pharmacology,hard,Select the most precise term for Pharmacology.,character,drug,follower,perimeter,drug,,,text,80,8,true
Pharmacology,hard,Pick the most specific concept tied to Pharmacology.,tragedy,REST,receptor,hypotenuse,receptor,,,text,80,8,true
Pharmacology,hard,Which term is most specifically associated with Pharmacology?,smartphone,Hollywood,arch,metabolism,metabolism,,,text,80,8,true
Pharmacology,hard,Which option best characterizes Pharmacology?,superhero,metabolism,composition,aircraft,metabolism,,,text,80,8,true
Pharmacology,hard,Which option best characterizes Pharmacology?,predicate,bioavailability,decor,Hollywood,bioavailability,,,text,80,8,true
Robotics,easy,Select a term associated with Robotics.,servo,bandwidth,Punjab,pivot,servo,,,text,20,12,true
Robotics,easy,Pick the correct term for Robotics.,postmodern,AI,chancellor,tangent line,AI,,,text,20,12,true
Robotics,easy,Pick the correct term for Robotics.,interest,exception,character,control system,control system,,,text,20,12,true
Robotics,easy,Which of these is related to Robotics?,Midgard,cosine,machine,proof of work,machine,,,text,20,12,true
Robotics,easy,Which of these is related to Robotics?,breathing,prize,head of state,actuator,actuator,,,text,20,12,true
Robotics,easy,Pick the correct term for Robotics.,federalism,machine,turbulence,playback,machine,,,text,20,12,true
Robotics,easy,Which of these is related to Robotics?,Sumer,robot,director,queen,robot,,,text,20,12,true
Robotics,easy,Select a term associated with Robotics.,router,dribble,sequence,servo,servo,,,text,20,12,true
Robotics,easy,Select a term associated with Robotics.,machine,deviance,monotheism,watering,machine,,,text,20,12,true
Robotics,easy,Pick the correct term for Robotics.,machine,investor,parallel,coin,machine,,,text,20,12,true
Robotics,easy,Which option belongs to Robotics?,Odyssey,hospital,autonomy,election,autonomy,,,text,20,12,true
Robotics,easy,Select a term associated with Robotics.,robot,match point,realism,carbon dioxide,robot,,,text,20,12,true
Robotics,easy,Pick the correct term for Robotics.,planet,culture,engagement,AI,AI,,,text,20,12,true
Robotics,easy,Which of these is related to Robotics?,range,toxicity,servo,warehouse,servo,,,text,20,12,true
Robotics,easy,Which option belongs to Robotics?,automation,slope,search,concerto,automation,,,text,20,12,true
Robotics,easy,Which option belongs to Robotics?,Phoenicians,treatment,lifecycle,servo,servo,,,text,20,12,true
Robotics,easy,Which option belongs to Robotics?,sensor,habitat,photosynthesis,premiere,sensor,,,text,20,12,true
Robotics,easy,Which option belongs to Robotics?,director,AI,range,PEP 8,AI,,,text,20,12,true
Robotics,medium,Which term is most commonly used in Robotics?,covalent bond,automation,inequality,relay,automation,,,text,40,10,true
Robotics,medium,Pick the concept that best matches Robotics.,automation,clause,realism,Red Sea,automation,,,text,40,10,true
Robotics,medium,Which term is most commonly used in Robotics?,freight,machine,Indus Valley,Hittites,machine,,,text,40,10,true
Robotics,medium,Select the most relevant term for Robotics.,URL,control system,Stockholm,logic,control system,,,text,40,10,true
Robotics,medium,Select the most relevant term for Robotics.,autonomy,Gobi,Iliad,level,autonomy,,,text,40,10,true
Robotics,medium,Pick the concept that best matches Robotics.,sensor,continuity,automation,institution,sensor,,,text,40,10,true
Robotics,medium,Select the most relevant term for Robotics.,wave,rocket,robot,ecosystem,robot,,,text,40,10,true
Robotics,medium,Which term is most commonly used in Robotics?,autonomy,cockpit,zero trust,ace,autonomy,,,text,40,10,true
Robotics,medium,Pick the concept that best matches Robotics.,World Wide Web,summit,wave,AI,AI,,,text,40,10,true
Robotics,medium,Which term is most commonly used in Robotics?,warehouse,factor,actuator,volcanic island,actuator,,,text,40,10,true
Robotics,medium,Pick the concept that best matches Robotics.,Krishna,machine,merger,posture,machine,,,text,40,10,true
Robotics,medium,Which option is a key concept in Robotics?,GDP,prescription,noun,autonomy,autonomy,,,text,40,10,true
Robotics,medium,Select the most relevant term for Robotics.,movement,vulnerability,deviance,actuator,actuator,,,text,40,10,true
Robotics,medium,Pick the concept that best matches Robotics.,portrait,sensor,branding,brush,sensor,,,text,40,10,true
Robotics,medium,Pick the concept that best matches Robotics.,treatment,statuette,automation,campaign,automation,,,text,40,10,true
Robotics,medium,Pick the concept that best matches Robotics.,frame,automation,Android,app,automation,,,text,40,10,true
Robotics,medium,Pick the concept that best matches Robotics.,AI,firewall,battery,Best Picture,AI,,,text,40,10,true
Robotics,medium,Pick the concept that best matches Robotics.,automation,authorization,globe,queen,automation,,,text,40,10,true
Robotics,hard,Which term is most specifically associated with Robotics?,monarch,theme,polynomial,robot arm,robot arm,,,text,80,8,true
Robotics,hard,Select the most precise term for Robotics.,engagement,Sahara,REST,sensor,sensor,,,text,80,8,true
Robotics,hard,Select the most precise term for Robotics.,control system,bond,texture,switch,control system,,,text,80,8,true
Robotics,hard,Which option best characterizes Robotics?,Lake Victoria,transaction,automation,symbol,automation,,,text,80,8,true
Robotics,hard,Which option best characterizes Robotics?,conservation,chain rule,fulfillment,servo,servo,,,text,80,8,true
Robotics,hard,Select the most precise term for Robotics.,minimalism,slope,pollution,machine,machine,,,text,80,8,true
Robotics,hard,Select the most precise term for Robotics.,taste,servo,IP address,peak,servo,,,text,80,8,true
Robotics,hard,Which option best characterizes Robotics?,soil,automation,expert system,robot arm,robot arm,,,text,80,8,true
Robotics,hard,Select the most precise term for Robotics.,alliteration,automation,postmodern,protocol,automation,,,text,80,8,true
Robotics,hard,Select the most precise term for Robotics.,temple,actuator,campground,binary,actuator,,,text,80,8,true
Robotics,hard,Which option best characterizes Robotics?,achievement,sequence,tangent,autonomy,autonomy,,,text,80,8,true
Robotics,hard,Select the most precise term for Robotics.,decor,clinical,formation,control system,control system,,,text,80,8,true
Robotics,hard,Select the most precise term for Robotics.,ionic bond,over,semantics,AI,AI,,,text,80,8,true
Robotics,hard,Which term is most specifically associated with Robotics?,judiciary,inventor,factor,robot arm,robot arm,,,text,80,8,true
Robotics,hard,Which option best characterizes Robotics?,turbulence,servo,server,Chemistry,servo,,,text,80,8,true
Robotics,hard,Select the most precise term for Robotics.,head of state,servo,knight,fertilizer,servo,,,text,80,8,true
Robotics,hard,Select the most precise term for Robotics.,motivation,Atlantic Ocean,autonomy,justice,autonomy,,,text,80,8,true
Robotics,hard,Which option best characterizes Robotics?,floor plan,root,entrepreneur,robot arm,robot arm,,,text,80,8,true
Robotics,hard,Which option best characterizes Robotics?,hospital,servo,risk,phishing,servo,,,text,80,8,true
Robotics,hard,Pick the most specific concept tied to Robotics.,Europe,control system,aircraft,catalyst,control system,,,text,80,8,true
Robotics,hard,Select the most precise term for Robotics.,machine,parliament,norms,summit,machine,,,text,80,8,true
Robotics,hard,Select the most precise term for Robotics.,rebound,monarch,equation,automation,automation,,,text,80,8,true
Robotics,hard,Pick the most specific concept tied to Robotics.,machine,HTTP,planning,magnetism,machine,,,text,80,8,true
Robotics,hard,Pick the most specific concept tied to Robotics.,AI,emissions,red carpet,trend,AI,,,text,80,8,true
Gadgets,easy,Pick the correct term for Gadgets.,yield,classification,intrusion,processor,processor,,,text,20,12,true
Gadgets,easy,Which of these is related to Gadgets?,decorator,tablet,trade agreement,myth,tablet,,,text,20,12,true
Gadgets,easy,Which option belongs to Gadgets?,Kalahari,processor,net,Gupta Empire,processor,,,text,20,12,true
Gadgets,easy,Which of these is related to Gadgets?,re-entry,campground,hypotenuse,smartphone,smartphone,,,text,20,12,true
Gadgets,easy,Which option belongs to Gadgets?,Atlantic Ocean,ratio,REST,app,app,,,text,20,12,true
Gadgets,easy,Which option belongs to Gadgets?,gravity,batsman,dictionary,Bluetooth,Bluetooth,,,text,20,12,true
Gadgets,easy,Select a term associated with Gadgets.,angle,screen,startup,alliteration,screen,,,text,20,12,true
Gadgets,easy,Which option belongs to Gadgets?,villain,wearable,neural network,tense,wearable,,,text,20,12,true
Gadgets,easy,Which option belongs to Gadgets?,author,smartphone,graphics,market,smartphone,,,text,20,12,true
Gadgets,easy,Which option belongs to Gadgets?,Hera,quest,tablet,branding,tablet,,,text,20,12,true
Gadgets,easy,Pick the correct term for Gadgets.,inflection,endangered,greenhouse gases,app,app,,,text,20,12,true
Gadgets,easy,Pick the correct term for Gadgets.,Mohenjo-daro,radio,processor,Poseidon,processor,,,text,20,12,true
Gadgets,easy,Which of these is related to Gadgets?,filmfare,battery,demography,email,battery,,,text,20,12,true
Gadgets,easy,Select a term associated with Gadgets.,bias,Rockies,charger,president,charger,,,text,20,12,true
Gadgets,easy,Pick the correct term for Gadgets.,Stockholm,printing press,realism,tablet,tablet,,,text,20,12,true
Gadgets,easy,Select a term associated with Gadgets.,deity,operating system,virtualenv,charger,charger,,,text,20,12,true
Gadgets,easy,Select a term associated with Gadgets.,script,rebrand,Bluetooth,chorus,Bluetooth,,,text,20,12,true
Gadgets,easy,Pick the correct term for Gadgets.,SEO,regression,device,Ragnarok,device,,,text,20,12,true
Gadgets,medium,Select the most relevant term for Gadgets.,harvest,charger,monarch,meditation,charger,,,text,40,10,true
Gadgets,medium,Select the most relevant term for Gadgets.,smartphone,Ganga,volatility,bishop,smartphone,,,text,40,10,true
Gadgets,medium,Which option is a key concept in Gadgets?,tablet,composer,crest,credit,tablet,,,text,40,10,true
Gadgets,medium,Which term is most commonly used in Gadgets?,Bihar,logo,engagement,app,app,,,text,40,10,true
Gadgets,medium,Pick the concept that best matches Gadgets.,periodic table,Bluetooth,socialization,layout,Bluetooth,,,text,40,10,true
Gadgets,medium,Select the most relevant term for Gadgets.,run rate,evolution,Arctic Ocean,wearable,wearable,,,text,40,10,true
Gadgets,medium,Select the most relevant term for Gadgets.,torch,protected area,Android,tablet,tablet,,,text,40,10,true
Gadgets,medium,Select the most relevant term for Gadgets.,app,exposure,heuristic,virtualenv,app,,,text,40,10,true
Gadgets,medium,Select the most relevant term for Gadgets.,equation,Bluetooth,personality,fertilizer,Bluetooth,,,text,40,10,true
Gadgets,medium,Select the most relevant term for Gadgets.,landing gear,blueprint,charger,Iceland,charger,,,text,40,10,true
Gadgets,medium,Pick the concept that best matches Gadgets.,publisher,wearable,periodic table,engagement,wearable,,,text,40,10,true
Gadgets,medium,Which option is a key concept in Gadgets?,crop,firewall,charger,altitude,charger,,,text,40,10,true
Gadgets,medium,Select the most relevant term for Gadgets.,frame,endgame,wearable,Mediterranean Sea,wearable,,,text,40,10,true
Gadgets,medium,Which option is a key concept in Gadgets?,processor,pilgrimage,League of Nations,Best Actress,processor,,,text,40,10,true
Gadgets,medium,Which term is most commonly used in Gadgets?,façade,mitigation,tablet,meditation,tablet,,,text,40,10,true
Gadgets,medium,Which term is most commonly used in Gadgets?,firewall,viral,battery,watering,battery,,,text,40,10,true
Gadgets,medium,Which option is a key concept in Gadgets?,device,demography,balance,Kerala,device,,,text,40,10,true
Gadgets,medium,Which term is most commonly used in Gadgets?,app,seed,election,Lake Superior,app,,,text,40,10,true
Gadgets,hard,Pick the most specific concept tied to Gadgets.,bishop,app,box office,inflection,app,,,text,80,8,true
Gadgets,hard,Pick the most specific concept tied to Gadgets.,smartphone,bytecode,Sahara,climate model,smartphone,,,text,80,8,true
Gadgets,hard,Which option best characterizes Gadgets?,election,director,database,battery,battery,,,text,80,8,true
Gadgets,hard,Select the most precise term for Gadgets.,short story,protocol,charger,socialization,charger,,,text,80,8,true
Gadgets,hard,Select the most precise term for Gadgets.,screen,factor,smart contract,branding,screen,,,text,80,8,true
Gadgets,hard,Pick the most specific concept tied to Gadgets.,prize,processor,summit,head of state,processor,,,text,80,8,true
Gadgets,hard,Select the most precise term for Gadgets.,firewall,internet,screen,Poseidon,screen,,,text,80,8,true
Gadgets,hard,Which option best characterizes Gadgets?,muscular system,intrusion,alter ego,app,app,,,text,80,8,true
Gadgets,hard,Which option best characterizes Gadgets?,processor,international summit,soil,launch vehicle,processor,,,text,80,8,true
Gadgets,hard,Which term is most specifically associated with Gadgets?,wearable,education reform,sanctuary,Africa,wearable,,,text,80,8,true
Gadgets,hard,Pick the most specific concept tied to Gadgets.,wearable,stretch,merger,polymorphism,wearable,,,text,80,8,true
Gadgets,hard,Which term is most specifically associated with Gadgets?,velocity,rook,inventory,smartphone,smartphone,,,text,80,8,true
Gadgets,hard,Pick the most specific concept tied to Gadgets.,Gulf,battery,breathing,Loki,battery,,,text,80,8,true
Gadgets,hard,Select the most precise term for Gadgets.,device,parliament,Mughal Empire,Hamlet,device,,,text,80,8,true
Gadgets,hard,Select the most precise term for Gadgets.,recipe,sovereignty,app,cosine,app,,,text,80,8,true
Gadgets,hard,Which option best characterizes Gadgets?,wearable,Assyrians,Olympiad,browser,wearable,,,text,80,8,true
Gadgets,hard,Which term is most specifically associated with Gadgets?,Krishna,continent,screen,indentation,screen,,,text,80,8,true
Gadgets,hard,Which option best characterizes Gadgets?,queen,director,tablet,Yangtze,tablet,,,text,80,8,true
Gadgets,hard,Select the most precise term for Gadgets.,wearable,GDP,receptor,Ashoka,wearable,,,text,80,8,true
Gadgets,hard,Pick the most specific concept tied to Gadgets.,striker,transmission,processor,evolution,processor,,,text,80,8,true
Gadgets,hard,Pick the most specific concept tied to Gadgets.,processor,brain,remix,species,processor,,,text,80,8,true
Gadgets,hard,Which option best characterizes Gadgets?,noun,smartphone,stratification,triangle,smartphone,,,text,80,8,true
Gadgets,hard,Which term is most specifically associated with Gadgets?,heart,encryption,screen,myth,screen,,,text,80,8,true
Gadgets,hard,Which term is most specifically associated with Gadgets?,spacewalk,alphabet,flooring,app,app,,,text,80,8,true
Social Media,easy,Which option belongs to Social Media?,platform,superpower,block,frame,platform,,,text,20,12,true
Social Media,easy,Which option belongs to Social Media?,offside,share,Odyssey,atom,share,,,text,20,12,true
Social Media,easy,Which option belongs to Social Media?,feed,Karnataka,bishop,Mahabharata,feed,,,text,20,12,true
Social Media,easy,Pick the correct term for Social Media.,comment,Ares,Danube,pilgrimage,comment,,,text,20,12,true
Social Media,easy,Pick the correct term for Social Media.,tangent line,rocket,garbage collection,like,like,,,text,20,12,true
Social Media,easy,Which of these is related to Social Media?,dictionary,guild,black hole,feed,feed,,,text,20,12,true
Social Media,easy,Pick the correct term for Social Media.,liability,dance,biodiversity,share,share,,,text,20,12,true
Social Media,easy,Which of these is related to Social Media?,covalent bond,homeostasis,Rama,engagement,engagement,,,text,20,12,true
Social Media,easy,Which of these is related to Social Media?,cockpit,president,aperture,comment,comment,,,text,20,12,true
Social Media,easy,Pick the correct term for Social Media.,semi-arid,offside,feed,election,feed,,,text,20,12,true
Social Media,easy,Which of these is related to Social Media?,ARPANET,platform,ice melt,decor,platform,,,text,20,12,true
Social Media,easy,Pick the correct term for Social Media.,feed,ISP,console,biodiversity,feed,,,text,20,12,true
Social Media,easy,Select a term associated with Social Media.,Sahara,grill,emotion,follower,follower,,,text,20,12,true
Social Media,easy,Which of these is related to Social Media?,JVM,viral,villain,brush,viral,,,text,20,12,true
Social Media,easy,Which option belongs to Social Media?,Pacific Ocean,feed,Arctic Ocean,UDP,feed,,,text,20,12,true
Social Media,easy,Which option belongs to Social Media?,share,memory,platform,species,platform,,,text,20,12,true
Social Media,easy,Which option belongs to Social Media?,package,identity,orchestra,follower,follower,,,text,20,12,true
Social Media,easy,Which of these is related to Social Media?,abstract,hemisphere,comment,conditioning,comment,,,text,20,12,true
Social Media,medium,Select the most relevant term for Social Media.,viral,chancellor,habitat,App Store,viral,,,text,40,10,true
Social Media,medium,Pick the concept that best matches Social Media.,feed,dollar,endgame,order,feed,,,text,40,10,true
Social Media,medium,Pick the concept that best matches Social Media.,engagement,mitochondria,innings,climate policy,engagement,,,text,40,10,true
Social Media,medium,Pick the concept that best matches Social Media.,Punjab,muscular system,platform,marketing,platform,,,text,40,10,true
Social Media,medium,Pick the concept that best matches Social Media.,fertilizer,lungs,force,post,post,,,text,40,10,true
Social Media,medium,Select the most relevant term for Social Media.,playlist,comment,metabolism,Lakshmi,comment,,,text,40,10,true
Social Media,medium,Which option is a key concept in Social Media?,feed,federalism,fuel,patent,feed,,,text,40,10,true
Social Media,medium,Pick the concept that best matches Social Media.,artist,sidekick,Mesopotamia,viral,viral,,,text,40,10,true
Social Media,medium,Which option is a key concept in Social Media?,alliteration,like,runway,star,like,,,text,40,10,true
Social Media,medium,Select the most relevant term for Social Media.,engagement,transaction,inflection,constitution,engagement,,,text,40,10,true
Social Media,medium,Pick the concept that best matches Social Media.,Hera,feed,election cycle,democracy,feed,,,text,40,10,true
Social Media,medium,Select the most relevant term for Social Media.,free kick,prize,panel,platform,platform,,,text,40,10,true
Social Media,medium,Which option is a key concept in Social Media?,comment,regression,exposure,bake,comment,,,text,40,10,true
Social Media,medium,Which option is a key concept in Social Media?,feed,autonomy,warehouse,periodic table,feed,,,text,40,10,true
Social Media,medium,Which term is most commonly used in Social Media?,defender,sea level,modernism,comment,comment,,,text,40,10,true
Social Media,medium,Which term is most commonly used in Social Media?,feed,derivative,Krishna,protocol,feed,,,text,40,10,true
Social Media,medium,Which term is most commonly used in Social Media?,rhyme,share,sonnet,horsepower,share,,,text,40,10,true
Social Media,medium,Select the most relevant term for Social Media.,comment,philanthropist,executive,Beowulf,comment,,,text,40,10,true
Social Media,hard,Which option best characterizes Social Media?,Kerala,hashtag,institution,sea,hashtag,,,text,80,8,true
Social Media,hard,Select the most precise term for Social Media.,opening ceremony,stalemate,layout,post,post,,,text,80,8,true
Social Media,hard,Which term is most specifically associated with Social Media?,textile,viral,PEP 8,freight,viral,,,text,80,8,true
Social Media,hard,Pick the most specific concept tied to Social Media.,platform,radian,stretch,generator,platform,,,text,80,8,true
Social Media,hard,Pick the most specific concept tied to Social Media.,digestive system,design,hashtag,dune,hashtag,,,text,80,8,true
Social Media,hard,Pick the most specific concept tied to Social Media.,stalemate,clinical,post,dividend yield,post,,,text,80,8,true
Social Media,hard,Select the most precise term for Social Media.,follower,Antarctica,pilgrimage,Olympus,follower,,,text,80,8,true
Social Media,hard,Select the most precise term for Social Media.,hashtag,democracy,planet,Krishna,hashtag,,,text,80,8,true
Social Media,hard,Pick the most specific concept tied to Social Media.,Divine Comedy,election,monotheism,engagement,engagement,,,text,80,8,true
Social Media,hard,Which term is most specifically associated with Social Media?,Physics,Greenland,sidekick,hashtag,hashtag,,,text,80,8,true
Social Media,hard,Which term is most specifically associated with Social Media?,engagement,Vishnu,exoplanet,planning,engagement,,,text,80,8,true
Social Media,hard,Which option best characterizes Social Media?,engagement,director,Gulf,cuisine,engagement,,,text,80,8,true
Social Media,hard,Which term is most specifically associated with Social Media?,illustration,feed,blue chip,Academy Awards,feed,,,text,80,8,true
Social Media,hard,Which term is most specifically associated with Social Media?,concerto,sonnet,hash,comment,comment,,,text,80,8,true
Social Media,hard,Which option best characterizes Social Media?,radius,like,villain,processor,like,,,text,80,8,true
Social Media,hard,Pick the most specific concept tied to Social Media.,identity,sequel,illustration,hashtag,hashtag,,,text,80,8,true
Social Media,hard,Pick the most specific concept tied to Social Media.,viral,Divine Comedy,sea,prescription,viral,,,text,80,8,true
Social Media,hard,Select the most precise term for Social Media.,bioavailability,translation,Lake Superior,share,share,,,text,80,8,true
Social Media,hard,Select the most precise term for Social Media.,post,concert,scripture,nebula,post,,,text,80,8,true
Social Media,hard,Pick the most specific concept tied to Social Media.,share,athlete,subject,target audience,share,,,text,80,8,true
Social Media,hard,Which option best characterizes Social Media?,rally,superhero,feed,guild,feed,,,text,80,8,true
Social Media,hard,Select the most precise term for Social Media.,sea level,conservation,share,podium,share,,,text,80,8,true
Social Media,hard,Which option best characterizes Social Media?,Literature,seed,monopoly,viral,viral,,,text,80,8,true
Social Media,hard,Which term is most specifically associated with Social Media?,Delhi Sultanate,Oscar,exception,comment,comment,,,text,80,8,true
Internet History,easy,Select a term associated with Internet History.,protocol,judiciary,longitude,therapy,protocol,,,text,20,12,true
Internet History,easy,Select a term associated with Internet History.,Iliad,server,electricity,garbage collection,server,,,text,20,12,true
Internet History,easy,Which of these is related to Internet History?,protocol,Bihar,cape,Rajasthan,protocol,,,text,20,12,true
Internet History,easy,Pick the correct term for Internet History.,URL,athletics,push notification,composer,URL,,,text,20,12,true
Internet History,easy,Which of these is related to Internet History?,ISP,algorithm,Ashoka,Yangtze,ISP,,,text,20,12,true
Internet History,easy,Pick the correct term for Internet History.,dot-com,pawn,composer,arid,dot-com,,,text,20,12,true
Internet History,easy,Select a term associated with Internet History.,Mars rover,vocabulary,protocol,equation,protocol,,,text,20,12,true
Internet History,easy,Pick the correct term for Internet History.,liability,REST,emotion,modem,modem,,,text,20,12,true
Internet History,easy,Select a term associated with Internet History.,ranger,judiciary,modem,prime number,modem,,,text,20,12,true
Internet History,easy,Which of these is related to Internet History?,premiere,browser,texture,design,browser,,,text,20,12,true
Internet History,easy,Which option belongs to Internet History?,composition,browser,Medicine,orchestra,browser,,,text,20,12,true
Internet History,easy,Which of these is related to Internet History?,browser,app,supply chain,baseline,browser,,,text,20,12,true
Internet History,easy,Which of these is related to Internet History?,modem,returns,Amazon,constitution,modem,,,text,20,12,true
Internet History,easy,Which option belongs to Internet History?,aperture,merger,protocol,climate policy,protocol,,,text,20,12,true
Internet History,easy,Pick the correct term for Internet History.,console,pharmacokinetics,email,Odin,email,,,text,20,12,true
Internet History,easy,Select a term associated with Internet History.,Mississippi,graphic novel,dot-com,DNA,dot-com,,,text,20,12,true
Internet History,easy,Pick the correct term for Internet History.,catalyst,exposure,Uttar Pradesh,email,email,,,text,20,12,true
Internet History,easy,Which option belongs to Internet History?,email,target audience,pip,checkmate,email,,,text,20,12,true
Internet History,medium,Select the most relevant term for Internet History.,protein,rally,orbit,ISP,ISP,,,text,40,10,true
Internet History,medium,Pick the concept that best matches Internet History.,cockpit,dot-com,role,re-entry,dot-com,,,text,40,10,true
Internet History,medium,Select the most relevant term for Internet History.,email,set,Divine Comedy,space station,email,,,text,40,10,true
Internet History,medium,Pick the concept that best matches Internet History.,Android,leadership,URL,archipelago,URL,,,text,40,10,true
Internet History,medium,Pick the concept that best matches Internet History.,yield,PEP 8,dialect,modem,modem,,,text,40,10,true
Internet History,medium,Pick the concept that best matches Internet History.,dot-com,rally,cognition,model,dot-com,,,text,40,10,true
Internet History,medium,Pick the concept that best matches Internet History.,URL,baseline,monotheism,ionic bond,URL,,,text,40,10,true
Internet History,medium,Which option is a key concept in Internet History?,authorization,viral,URL,castling,URL,,,text,40,10,true
Internet History,medium,Select the most relevant term for Internet History.,Best Actress,Rockies,console,ISP,ISP,,,text,40,10,true
Internet History,medium,Which option is a key concept in Internet History?,Iliad,dollar,ISP,telescope,ISP,,,text,40,10,true
Internet History,medium,Which term is most commonly used in Internet History?,DOM,smartphone,species,email,email,,,text,40,10,true
Internet History,medium,Which term is most commonly used in Internet History?,IP address,comment,returns,dot-com,dot-com,,,text,40,10,true
Internet History,medium,Which option is a key concept in Internet History?,relay,corner kick,email,Egyptians,email,,,text,40,10,true
Internet History,medium,Which option is a key concept in Internet History?,dot-com,blueprint,identity,opening,dot-com,,,text,40,10,true
Internet History,medium,Which option is a key concept in Internet History?,responsive design,Mohenjo-daro,dot-com,compound,dot-com,,,text,40,10,true
Internet History,medium,Which term is most commonly used in Internet History?,URL,leadership,stripe,watering,URL,,,text,40,10,true
Internet History,medium,Select the most relevant term for Internet History.,training data,radius,Iceland,World Wide Web,World Wide Web,,,text,40,10,true
Internet History,medium,Pick the concept that best matches Internet History.,billboard,executive,modem,cognition,modem,,,text,40,10,true
Internet History,hard,Which option best characterizes Internet History?,URL,brain,side effect,public health,URL,,,text,80,8,true
Internet History,hard,Which option best characterizes Internet History?,scientist,star,fabric,ARPANET,ARPANET,,,text,80,8,true
Internet History,hard,Which term is most specifically associated with Internet History?,PEP 8,column,cosine,World Wide Web,World Wide Web,,,text,80,8,true
Internet History,hard,Select the most precise term for Internet History.,telescope,database,World War I,protocol,protocol,,,text,80,8,true
Internet History,hard,Pick the most specific concept tied to Internet History.,enzyme,sanctuary,dot-com,dividend,dot-com,,,text,80,8,true
Internet History,hard,Which option best characterizes Internet History?,North America,norms,email,Kalahari,email,,,text,80,8,true
Internet History,hard,Which term is most specifically associated with Internet History?,brush,institution,ARPANET,box office,ARPANET,,,text,80,8,true
Internet History,hard,Select the most precise term for Internet History.,group,email,emissions,lambda,email,,,text,80,8,true
Internet History,hard,Which term is most specifically associated with Internet History?,blueprint,control system,browser,Sri Lanka,browser,,,text,80,8,true
Internet History,hard,Which option best characterizes Internet History?,acceleration,browser,checkmate,conversion,browser,,,text,80,8,true
Internet History,hard,Select the most precise term for Internet History.,email,qualifier,complexity,entrepreneur,email,,,text,80,8,true
Internet History,hard,Pick the most specific concept tied to Internet History.,modem,texture,concert,battery,modem,,,text,80,8,true
Internet History,hard,Which term is most specifically associated with Internet History?,clergy,browser,API,midfielder,browser,,,text,80,8,true
Internet History,hard,Pick the most specific concept tied to Internet History.,modem,flagpole,flag ratio,midfielder,modem,,,text,80,8,true
Internet History,hard,Pick the most specific concept tied to Internet History.,distribution,balance,posture,ISP,ISP,,,text,80,8,true
Internet History,hard,Pick the most specific concept tied to Internet History.,bond,Android,World Wide Web,wallet,World Wide Web,,,text,80,8,true
Internet History,hard,Which option best characterizes Internet History?,protected area,exoplanet,atom,World Wide Web,World Wide Web,,,text,80,8,true
Internet History,hard,Which option best characterizes Internet History?,prize,host city,coin,ARPANET,ARPANET,,,text,80,8,true
Internet History,hard,Select the most precise term for Internet History.,Atlantic Ocean,records,modem,screenplay,modem,,,text,80,8,true
Internet History,hard,Pick the most specific concept tied to Internet History.,sonata,dish,iterator,browser,browser,,,text,80,8,true
Internet History,hard,Pick the most specific concept tied to Internet History.,protein,server,brush,fulfillment,server,,,text,80,8,true
Internet History,hard,Which term is most specifically associated with Internet History?,artist,virtue,reaction,ISP,ISP,,,text,80,8,true
Internet History,hard,Pick the most specific concept tied to Internet History.,URL,control system,Gobi,GDP,URL,,,text,80,8,true
Internet History,hard,Select the most precise term for Internet History.,protocol,prime number,factorization,Europe,protocol,,,text,80,8,true
Gaming,easy,Which option belongs to Gaming?,return,reaction,esports,backboard,esports,,,text,20,12,true
Gaming,easy,Which option belongs to Gaming?,vocabulary,recursion,perimeter,guild,guild,,,text,20,12,true
Gaming,easy,Select a term associated with Gaming.,controller,motivation,portrait,sonata,controller,,,text,20,12,true
Gaming,easy,Which of these is related to Gaming?,Antarctica,controller,nebula,perception,controller,,,text,20,12,true
Gaming,easy,Pick the correct term for Gaming.,graphics,host city,memory,movement,graphics,,,text,20,12,true
Gaming,easy,Pick the correct term for Gaming.,achievement,triangle,blue chip,fiscal policy,achievement,,,text,20,12,true
Gaming,easy,Which of these is related to Gaming?,Valhalla,level,share,GDP,level,,,text,20,12,true
Gaming,easy,Which option belongs to Gaming?,acquisition,controller,column,banner,controller,,,text,20,12,true
Gaming,easy,Which option belongs to Gaming?,quest,backboard,Rama,theme,quest,,,text,20,12,true
Gaming,easy,Which of these is related to Gaming?,fulfillment,achievement,volume,deuce,achievement,,,text,20,12,true
Gaming,easy,Pick the correct term for Gaming.,Africa,iterator,level,livestock,level,,,text,20,12,true
Gaming,easy,Which of these is related to Gaming?,altitude,diplomacy,achievement,compost,achievement,,,text,20,12,true
Gaming,easy,Select a term associated with Gaming.,floor plan,lens,console,Thar,console,,,text,20,12,true
Gaming,easy,Pick the correct term for Gaming.,esports,programming,circulatory system,Mediterranean Sea,esports,,,text,20,12,true
Gaming,easy,Which of these is related to Gaming?,esports,continent,biodiversity,inventor,esports,,,text,20,12,true
Gaming,easy,Which option belongs to Gaming?,engine,Vishnu,level,composition,level,,,text,20,12,true
Gaming,easy,Select a term associated with Gaming.,athletics,compound,achievement,myth,achievement,,,text,20,12,true
Gaming,easy,Which of these is related to Gaming?,RPG,mitochondria,thermodynamics,Egyptians,RPG,,,text,20,12,true
Gaming,medium,Pick the concept that best matches Gaming.,Vishnu,RPG,imagery,decor,RPG,,,text,40,10,true
Gaming,medium,Pick the concept that best matches Gaming.,emulator,Arctic Ocean,esports,forehand,esports,,,text,40,10,true
Gaming,medium,Which term is most commonly used in Gaming?,Bluetooth,Amazon,guild,cuisine,guild,,,text,40,10,true
Gaming,medium,Which option is a key concept in Gaming?,wearable,tangent,cart,level,level,,,text,40,10,true
Gaming,medium,Which term is most commonly used in Gaming?,venture capital,achievement,sine,pound,achievement,,,text,40,10,true
Gaming,medium,Which term is most commonly used in Gaming?,guild,tributary,policy,Treaty of Versailles,guild,,,text,40,10,true
Gaming,medium,Select the most relevant term for Gaming.,Rockies,multiplayer,livestock,bishop,multiplayer,,,text,40,10,true
Gaming,medium,Which term is most commonly used in Gaming?,accuracy,lighting,global economy,esports,esports,,,text,40,10,true
Gaming,medium,Select the most relevant term for Gaming.,integral,brake,Assyrians,esports,esports,,,text,40,10,true
Gaming,medium,Which option is a key concept in Gaming?,guild,network,panel,parliament,guild,,,text,40,10,true
Gaming,medium,Select the most relevant term for Gaming.,Asia,subnet,Sumatra,graphics,graphics,,,text,40,10,true
Gaming,medium,Which term is most commonly used in Gaming?,circulatory system,conductor,esports,hospital,esports,,,text,40,10,true
Gaming,medium,Pick the concept that best matches Gaming.,aperture,achievement,dosage,subject,achievement,,,text,40,10,true
Gaming,medium,Which term is most commonly used in Gaming?,achievement,Valkyrie,opening ceremony,Gobi,achievement,,,text,40,10,true
Gaming,medium,Select the most relevant term for Gaming.,designer,sonata,quest,volcanic island,quest,,,text,40,10,true
Gaming,medium,Which option is a key concept in Gaming?,guild,concert,drug,recycling,guild,,,text,40,10,true
Gaming,medium,Which option is a key concept in Gaming?,Hittites,emissions,carbon dioxide,guild,guild,,,text,40,10,true
Gaming,medium,Pick the concept that best matches Gaming.,time zone,quest,patent,recycling,quest,,,text,40,10,true
Gaming,hard,Select the most precise term for Gaming.,multiplayer,monopoly,public health,protein,multiplayer,,,text,80,8,true
Gaming,hard,Which term is most specifically associated with Gaming?,graphics,fiscal policy,summit,costume,graphics,,,text,80,8,true
Gaming,hard,Pick the most specific concept tied to Gaming.,console,black hole,shipping,chancellor,console,,,text,80,8,true
Gaming,hard,Pick the most specific concept tied to Gaming.,World Wide Web,multiplayer,character,ingredient,multiplayer,,,text,80,8,true
Gaming,hard,Which term is most specifically associated with Gaming?,compiler,engagement,index,console,console,,,text,80,8,true
Gaming,hard,Pick the most specific concept tied to Gaming.,CEO,clinical,sequel,quest,quest,,,text,80,8,true
Gaming,hard,Pick the most specific concept tied to Gaming.,data structure,temple,fiscal policy,guild,guild,,,text,80,8,true
Gaming,hard,Pick the most specific concept tied to Gaming.,esports,monarch,sequel,time zone,esports,,,text,80,8,true
Gaming,hard,Pick the most specific concept tied to Gaming.,console,alter ego,clinical,equator,console,,,text,80,8,true
Gaming,hard,Which option best characterizes Gaming?,Best Actress,RPG,DNS,banknote,RPG,,,text,80,8,true
Gaming,hard,Which term is most specifically associated with Gaming?,gold medal,graphics,share,run rate,graphics,,,text,80,8,true
Gaming,hard,Which term is most specifically associated with Gaming?,level,cart,villain,demography,level,,,text,80,8,true
Gaming,hard,Select the most precise term for Gaming.,Arctic Ocean,controller,magnetism,genre,controller,,,text,80,8,true
Gaming,hard,Pick the most specific concept tied to Gaming.,multiplayer,costume,feed,brake,multiplayer,,,text,80,8,true
Gaming,hard,Which term is most specifically associated with Gaming?,panel,console,bowler,runway,console,,,text,80,8,true
Gaming,hard,Which term is most specifically associated with Gaming?,layout,guild,freight,intrusion,guild,,,text,80,8,true
Gaming,hard,Which term is most specifically associated with Gaming?,thermodynamics,aircraft,console,Economics,console,,,text,80,8,true
Gaming,hard,Select the most precise term for Gaming.,DNA,wardrobe,longitude,console,console,,,text,80,8,true
Gaming,hard,Select the most precise term for Gaming.,recognition,achievement,Olympus,checkout,achievement,,,text,80,8,true
Gaming,hard,Which term is most specifically associated with Gaming?,summit,multiplayer,Karnataka,Assyrians,multiplayer,,,text,80,8,true
Gaming,hard,Which term is most specifically associated with Gaming?,oxidation,re-entry,compound,multiplayer,multiplayer,,,text,80,8,true
Gaming,hard,Which option best characterizes Gaming?,achievement,emotion,email,iOS,achievement,,,text,80,8,true
Gaming,hard,Which option best characterizes Gaming?,guild,director,Amazon,wave,guild,,,text,80,8,true
Gaming,hard,Which term is most specifically associated with Gaming?,server,graphics,lifecycle,Bihar,graphics,,,text,80,8,true
Comic Books,easy,Which of these is related to Comic Books?,Kalahari,origin story,ceremony,radian,origin story,,,text,20,12,true
Comic Books,easy,Which of these is related to Comic Books?,chassis,myth,origin story,velocity,origin story,,,text,20,12,true
Comic Books,easy,Which option belongs to Comic Books?,wearable,logic,share,story arc,story arc,,,text,20,12,true
Comic Books,easy,Which option belongs to Comic Books?,carbon dioxide,author,album,publisher,publisher,,,text,20,12,true
Comic Books,easy,Which of these is related to Comic Books?,telescope,chassis,sensor,ink,ink,,,text,20,12,true
Comic Books,easy,Pick the correct term for Comic Books.,superhero,browser,pronoun,Sumatra,superhero,,,text,20,12,true
Comic Books,easy,Which of these is related to Comic Books?,perception,graphic novel,composer,Hittites,graphic novel,,,text,20,12,true
Comic Books,easy,Select a term associated with Comic Books.,ecosystem,Yggdrasil,composer,ink,ink,,,text,20,12,true
Comic Books,easy,Select a term associated with Comic Books.,chancellor,superhero,infrastructure,bear market,superhero,,,text,20,12,true
Comic Books,easy,Which of these is related to Comic Books?,Uttar Pradesh,publisher,Valhalla,wallet,publisher,,,text,20,12,true
Comic Books,easy,Which option belongs to Comic Books?,Egyptians,funnel,comment,villain,villain,,,text,20,12,true
Comic Books,easy,Which option belongs to Comic Books?,blueprint,ink,limit,conversion,ink,,,text,20,12,true
Comic Books,easy,Which option belongs to Comic Books?,skyscraper,printing press,nominee,ink,ink,,,text,20,12,true
Comic Books,easy,Which of these is related to Comic Books?,prime minister,World War I,superhero,yen,superhero,,,text,20,12,true
Comic Books,easy,Pick the correct term for Comic Books.,ARPANET,issue,defender,circulatory system,issue,,,text,20,12,true
Comic Books,easy,Pick the correct term for Comic Books.,viral,ecosystem,panel,venture capital,panel,,,text,20,12,true
Comic Books,easy,Select a term associated with Comic Books.,story arc,re-entry,homeostasis,modernism,story arc,,,text,20,12,true
Comic Books,easy,Select a term associated with Comic Books.,argument,explorer,re-entry,story arc,story arc,,,text,20,12,true
Comic Books,medium,Which option is a key concept in Comic Books?,encryption,superhero,atoll,Academy Awards,superhero,,,text,40,10,true
Comic Books,medium,Select the most relevant term for Comic Books.,serve,comment,villain,Mohenjo-daro,villain,,,text,40,10,true
Comic Books,medium,Which term is most commonly used in Comic Books?,Best Picture,Atacama,publisher,shot clock,publisher,,,text,40,10,true
Comic Books,medium,Pick the concept that best matches Comic Books.,accuracy,plate,predator,story arc,story arc,,,text,40,10,true
Comic Books,medium,Which term is most commonly used in Comic Books?,wicket,issue,robot,router,issue,,,text,40,10,true
Comic Books,medium,Which option is a key concept in Comic Books?,issue,Yggdrasil,athlete,emblem,issue,,,text,40,10,true
Comic Books,medium,Which option is a key concept in Comic Books?,Egyptians,Arctic Ocean,graphic novel,silhouette,graphic novel,,,text,40,10,true
Comic Books,medium,Which term is most commonly used in Comic Books?,velocity,Best Actor,brain,superhero,superhero,,,text,40,10,true
Comic Books,medium,Pick the concept that best matches Comic Books.,momentum,villain,athletics,venture capital,villain,,,text,40,10,true
Comic Books,medium,Pick the concept that best matches Comic Books.,Berlin Wall,alphabet,illustration,epistemology,illustration,,,text,40,10,true
Comic Books,medium,Which term is most commonly used in Comic Books?,pranayama,feed,turbulence,panel,panel,,,text,40,10,true
Comic Books,medium,Which option is a key concept in Comic Books?,checkout,backhand,superhero,cuisine,superhero,,,text,40,10,true
Comic Books,medium,Select the most relevant term for Comic Books.,bake,responsive layout,checkmate,publisher,publisher,,,text,40,10,true
Comic Books,medium,Which term is most commonly used in Comic Books?,seed,Ragnarok,Mississippi,issue,issue,,,text,40,10,true
Comic Books,medium,Which option is a key concept in Comic Books?,side effect,panel,receptor,biodiversity,panel,,,text,40,10,true
Comic Books,medium,Select the most relevant term for Comic Books.,simile,diplomacy,graphic novel,frame,graphic novel,,,text,40,10,true
Comic Books,medium,Pick the concept that best matches Comic Books.,exchange rate,hero,globe,panel,panel,,,text,40,10,true
Comic Books,medium,Select the most relevant term for Comic Books.,ledger,Rajasthan,monotheism,panel,panel,,,text,40,10,true
Comic Books,hard,Which term is most specifically associated with Comic Books?,DNS,wellness,Tamil Nadu,graphic novel,graphic novel,,,text,80,8,true
Comic Books,hard,Which term is most specifically associated with Comic Books?,venture capital,ink,masala,latency,ink,,,text,80,8,true
Comic Books,hard,Which option best characterizes Comic Books?,strings,panel,Asia,fertilizer,panel,,,text,80,8,true
Comic Books,hard,Which option best characterizes Comic Books?,structural,issue,fuel,argument,issue,,,text,80,8,true
Comic Books,hard,Which term is most specifically associated with Comic Books?,predicate,gene,publisher,international summit,publisher,,,text,80,8,true
Comic Books,hard,Which term is most specifically associated with Comic Books?,illustration,emotion,complexity,jet engine,illustration,,,text,80,8,true
Comic Books,hard,Select the most precise term for Comic Books.,free throw,minimalism,sidekick,origin story,origin story,,,text,80,8,true
Comic Books,hard,Which option best characterizes Comic Books?,panel,globe,semantics,prayer,panel,,,text,80,8,true
Comic Books,hard,Pick the most specific concept tied to Comic Books.,League of Nations,ethics,panel,flooring,panel,,,text,80,8,true
Comic Books,hard,Which option best characterizes Comic Books?,evolution,frame,oxidation,illustration,illustration,,,text,80,8,true
Comic Books,hard,Pick the most specific concept tied to Comic Books.,illustration,asset,stratification,payment gateway,illustration,,,text,80,8,true
Comic Books,hard,Select the most precise term for Comic Books.,superhero,oasis,textile,taste,superhero,,,text,80,8,true
Comic Books,hard,Pick the most specific concept tied to Comic Books.,URL,superhero,postmodern,hook,superhero,,,text,80,8,true
Comic Books,hard,Which term is most specifically associated with Comic Books?,couture,consensus,ecosystem,illustration,illustration,,,text,80,8,true
Comic Books,hard,Pick the most specific concept tied to Comic Books.,head of state,superhero,Caribbean Sea,gearbox,superhero,,,text,80,8,true
Comic Books,hard,Which term is most specifically associated with Comic Books?,symphony,visitor center,Iliad,villain,villain,,,text,80,8,true
Comic Books,hard,Select the most precise term for Comic Books.,superhero,records,Ramayana,pip,superhero,,,text,80,8,true
Comic Books,hard,Pick the most specific concept tied to Comic Books.,sedan,ionic bond,prey,panel,panel,,,text,80,8,true
Comic Books,hard,Which option best characterizes Comic Books?,origin story,emulator,author,delta,origin story,,,text,80,8,true
Comic Books,hard,Which term is most specifically associated with Comic Books?,posture,sidekick,illustration,climate policy,illustration,,,text,80,8,true
Comic Books,hard,Which option best characterizes Comic Books?,operating system,latency,illustration,wildlife reserve,illustration,,,text,80,8,true
Comic Books,hard,Which term is most specifically associated with Comic Books?,product page,linear,illustration,skeletal system,illustration,,,text,80,8,true
Comic Books,hard,Which option best characterizes Comic Books?,expert system,automation,origin story,studio,origin story,,,text,80,8,true
Comic Books,hard,Which option best characterizes Comic Books?,villain,red carpet,enzyme,conglomerate,villain,,,text,80,8,true
Superheroes,easy,Which of these is related to Superheroes?,foul,costume,Bihar,frame,costume,,,text,20,12,true
Superheroes,easy,Select a term associated with Superheroes.,costume,acquisition,AI,torch,costume,,,text,20,12,true
Superheroes,easy,Which option belongs to Superheroes?,Treaty of Versailles,character,goal,cape,cape,,,text,20,12,true
Superheroes,easy,Which of these is related to Superheroes?,startup,pawn,Sahara,costume,costume,,,text,20,12,true
Superheroes,easy,Which of these is related to Superheroes?,superpower,hospital,tributary,president,superpower,,,text,20,12,true
Superheroes,easy,Pick the correct term for Superheroes.,cape,sequel,lead time,comment,cape,,,text,20,12,true
Superheroes,easy,Which of these is related to Superheroes?,generator,prime minister,costume,Alps,costume,,,text,20,12,true
Superheroes,easy,Pick the correct term for Superheroes.,ranger,villain,stump,Cold War,villain,,,text,20,12,true
Superheroes,easy,Which option belongs to Superheroes?,Indus Valley,model,cape,unit circle,cape,,,text,20,12,true
Superheroes,easy,Select a term associated with Superheroes.,delta,longitude,comic,texture,comic,,,text,20,12,true
Superheroes,easy,Which of these is related to Superheroes?,star,comic,theme,offside,comic,,,text,20,12,true
Superheroes,easy,Select a term associated with Superheroes.,Hittites,villain,concert,designer,villain,,,text,20,12,true
Superheroes,easy,Pick the correct term for Superheroes.,hero,root,runway,decolonization,hero,,,text,20,12,true
Superheroes,easy,Which option belongs to Superheroes?,origin,atoll,equation,phonetics,origin,,,text,20,12,true
Superheroes,easy,Which option belongs to Superheroes?,HTTP,Olympus,costume,album,costume,,,text,20,12,true
Superheroes,easy,Which of these is related to Superheroes?,pip,trade agreement,alter ego,Egyptians,alter ego,,,text,20,12,true
Superheroes,easy,Which option belongs to Superheroes?,alter ego,energy,qualifier,globalization,alter ego,,,text,20,12,true
Superheroes,easy,Which of these is related to Superheroes?,inventor,origin,product page,short story,origin,,,text,20,12,true
Superheroes,medium,Which option is a key concept in Superheroes?,decor,Gupta Empire,superpower,modem,superpower,,,text,40,10,true
Superheroes,medium,Which term is most commonly used in Superheroes?,song sequence,hero,Karnataka,checkmate,hero,,,text,40,10,true
Superheroes,medium,Which option is a key concept in Superheroes?,Antarctica,virtue,origin,overfitting,origin,,,text,40,10,true
Superheroes,medium,Select the most relevant term for Superheroes.,statuette,harvest,justice,Industrial Revolution,justice,,,text,40,10,true
Superheroes,medium,Pick the concept that best matches Superheroes.,summit,alter ego,composition,epic,alter ego,,,text,40,10,true
Superheroes,medium,Pick the concept that best matches Superheroes.,Athena,range,norms,cape,cape,,,text,40,10,true
Superheroes,medium,Which option is a key concept in Superheroes?,campground,ink,runway,villain,villain,,,text,40,10,true
Superheroes,medium,Select the most relevant term for Superheroes.,stripe,coefficient,alter ego,illustration,alter ego,,,text,40,10,true
Superheroes,medium,Select the most relevant term for Superheroes.,ecosystem,graphics,Bihar,hero,hero,,,text,40,10,true
Superheroes,medium,Select the most relevant term for Superheroes.,bishop,prescription,cape,sanctuary,cape,,,text,40,10,true
Superheroes,medium,Which term is most commonly used in Superheroes?,side effect,judiciary,villain,Android,villain,,,text,40,10,true
Superheroes,medium,Which term is most commonly used in Superheroes?,gesture,cape,node,red carpet,cape,,,text,40,10,true
Superheroes,medium,Which term is most commonly used in Superheroes?,superpower,wave,issue,realism,superpower,,,text,40,10,true
Superheroes,medium,Which option is a key concept in Superheroes?,comic,Bihar,Valhalla,checkmate,comic,,,text,40,10,true
Superheroes,medium,Select the most relevant term for Superheroes.,asset,mind,light-year,alter ego,alter ego,,,text,40,10,true
Superheroes,medium,Pick the concept that best matches Superheroes.,alter ego,striker,torque,dunk,alter ego,,,text,40,10,true
Superheroes,medium,Which term is most commonly used in Superheroes?,engagement,globalization,vocabulary,origin,origin,,,text,40,10,true
Superheroes,medium,Pick the concept that best matches Superheroes.,Mississippi,gesture,superpower,preposition,superpower,,,text,40,10,true
Superheroes,hard,Which option best characterizes Superheroes?,Medicine,alter ego,Mojave,penalty,alter ego,,,text,80,8,true
Superheroes,hard,Pick the most specific concept tied to Superheroes.,yen,costume,ecosystem,flooring,costume,,,text,80,8,true
Superheroes,hard,Which term is most specifically associated with Superheroes?,order,market,comic,molecule,comic,,,text,80,8,true
Superheroes,hard,Pick the most specific concept tied to Superheroes.,Rama,villain,angle,run rate,villain,,,text,80,8,true
Superheroes,hard,Select the most precise term for Superheroes.,explorer,villain,Athena,Don Quixote,villain,,,text,80,8,true
Superheroes,hard,Pick the most specific concept tied to Superheroes.,decolonization,polytheism,tragedy,cape,cape,,,text,80,8,true
Superheroes,hard,Pick the most specific concept tied to Superheroes.,relay,alter ego,habitat,goalkeeper,alter ego,,,text,80,8,true
Superheroes,hard,Which term is most specifically associated with Superheroes?,distribution,billionaire,metaphysics,cape,cape,,,text,80,8,true
Superheroes,hard,Which option best characterizes Superheroes?,tablet,session,thread,costume,costume,,,text,80,8,true
Superheroes,hard,Pick the most specific concept tied to Superheroes.,identity,cape,black hole,exoplanet,cape,,,text,80,8,true
Superheroes,hard,Select the most precise term for Superheroes.,deity,alter ego,concerto,Divine Comedy,alter ego,,,text,80,8,true
Superheroes,hard,Select the most precise term for Superheroes.,backhand,hero,prescription,director,hero,,,text,80,8,true
Superheroes,hard,Which option best characterizes Superheroes?,sidekick,protocol,planning,gold medal,sidekick,,,text,80,8,true
Superheroes,hard,Which option best characterizes Superheroes?,franchise,alter ego,heart,Olympus,alter ego,,,text,80,8,true
Superheroes,hard,Which term is most specifically associated with Superheroes?,momentum,justice,balance,biodiversity,justice,,,text,80,8,true
Superheroes,hard,Which option best characterizes Superheroes?,superpower,federalism,brake,flooring,superpower,,,text,80,8,true
Superheroes,hard,Select the most precise term for Superheroes.,knight,comic,adjective,radian,comic,,,text,80,8,true
Superheroes,hard,Select the most precise term for Superheroes.,Android,expression,composer,sidekick,sidekick,,,text,80,8,true
Superheroes,hard,Pick the most specific concept tied to Superheroes.,Himalayas,Rajasthan,gene,alter ego,alter ego,,,text,80,8,true
Superheroes,hard,Which term is most specifically associated with Superheroes?,superpower,liability,World War I,emissions,superpower,,,text,80,8,true
Superheroes,hard,Pick the most specific concept tied to Superheroes.,superpower,APK,virtue,feature,superpower,,,text,80,8,true
Superheroes,hard,Select the most precise term for Superheroes.,Lake Superior,routing,costume,canvas,costume,,,text,80,8,true
Superheroes,hard,Select the most precise term for Superheroes.,flag ratio,entrepreneur,phishing,alter ego,alter ego,,,text,80,8,true
Superheroes,hard,Pick the most specific concept tied to Superheroes.,textile,cape,ingredient,hemisphere,cape,,,text,80,8,true
Yoga & Health,easy,Select a term associated with Yoga & Health.,records,rhyme,Hades,breathing,breathing,,,text,20,12,true
Yoga & Health,easy,Select a term associated with Yoga & Health.,linear,freight,posture,Nile,posture,,,text,20,12,true
Yoga & Health,easy,Which of these is related to Yoga & Health?,balance,sanctuary,soil,globe,balance,,,text,20,12,true
Yoga & Health,easy,Select a term associated with Yoga & Health.,wellness,online store,thermodynamics,aerodynamics,wellness,,,text,20,12,true
Yoga & Health,easy,Select a term associated with Yoga & Health.,net,Midgard,subnet,flexibility,flexibility,,,text,20,12,true
Yoga & Health,easy,Select a term associated with Yoga & Health.,pranayama,ratio,delta,push notification,pranayama,,,text,20,12,true
Yoga & Health,easy,Which of these is related to Yoga & Health?,pranayama,bandwidth,Thor,author,pranayama,,,text,20,12,true
Yoga & Health,easy,Pick the correct term for Yoga & Health.,Berlin Wall,protocol,Hittites,mindfulness,mindfulness,,,text,20,12,true
Yoga & Health,easy,Select a term associated with Yoga & Health.,syntax,balance,stock exchange,photosynthesis,balance,,,text,20,12,true
Yoga & Health,easy,Pick the correct term for Yoga & Health.,compiler,greenhouse gases,Athena,meditation,meditation,,,text,20,12,true
Yoga & Health,easy,Select a term associated with Yoga & Health.,multiplayer,habitat,meditation,ISP,meditation,,,text,20,12,true
Yoga & Health,easy,Pick the correct term for Yoga & Health.,consensus,stretch,summit,album,stretch,,,text,20,12,true
Yoga & Health,easy,Which of these is related to Yoga & Health?,pranayama,smart contract,character,email,pranayama,,,text,20,12,true
Yoga & Health,easy,Pick the correct term for Yoga & Health.,side effect,Medicine,pranayama,blue chip,pranayama,,,text,20,12,true
Yoga & Health,easy,Pick the correct term for Yoga & Health.,network,brake,meditation,fertilizer,meditation,,,text,20,12,true
Yoga & Health,easy,Select a term associated with Yoga & Health.,treatment,mindfulness,polygon,Berlin Wall,mindfulness,,,text,20,12,true
Yoga & Health,easy,Which of these is related to Yoga & Health?,wellness,color,assist,logo,wellness,,,text,20,12,true
Yoga & Health,easy,Select a term associated with Yoga & Health.,pranayama,indentation,target audience,engine,pranayama,,,text,20,12,true
Yoga & Health,medium,Pick the concept that best matches Yoga & Health.,mission control,balance,harvest,dish,balance,,,text,40,10,true
Yoga & Health,medium,Pick the concept that best matches Yoga & Health.,risk,Sri Lanka,asana,phonetics,asana,,,text,40,10,true
Yoga & Health,medium,Select the most relevant term for Yoga & Health.,wellness,checkout,steam engine,cockpit,wellness,,,text,40,10,true
Yoga & Health,medium,Which option is a key concept in Yoga & Health?,Plassey,stretch,focus,pH,stretch,,,text,40,10,true
Yoga & Health,medium,Pick the concept that best matches Yoga & Health.,ink,education reform,producer,meditation,meditation,,,text,40,10,true
Yoga & Health,medium,Select the most relevant term for Yoga & Health.,habitat,altitude,mindfulness,Mediterranean Sea,mindfulness,,,text,40,10,true
Yoga & Health,medium,Select the most relevant term for Yoga & Health.,meditation,grill,share,sonnet,meditation,,,text,40,10,true
Yoga & Health,medium,Which option is a key concept in Yoga & Health?,epic,host city,asana,steam engine,asana,,,text,40,10,true
Yoga & Health,medium,Which term is most commonly used in Yoga & Health?,asana,compound,smartphone,continent,asana,,,text,40,10,true
Yoga & Health,medium,Which option is a key concept in Yoga & Health?,oil paint,wellness,behavior,Nile,wellness,,,text,40,10,true
Yoga & Health,medium,Pick the concept that best matches Yoga & Health.,meditation,IPO,pilgrimage,soil,meditation,,,text,40,10,true
Yoga & Health,medium,Pick the concept that best matches Yoga & Health.,orbit,modem,Hera,posture,posture,,,text,40,10,true
Yoga & Health,medium,Which option is a key concept in Yoga & Health?,meditation,tricolor,costume,Brahma,meditation,,,text,40,10,true
Yoga & Health,medium,Select the most relevant term for Yoga & Health.,mindfulness,trade agreement,screen,ARPANET,mindfulness,,,text,40,10,true
Yoga & Health,medium,Which option is a key concept in Yoga & Health?,complexity,wellness,acceleration,wicket,wellness,,,text,40,10,true
Yoga & Health,medium,Pick the concept that best matches Yoga & Health.,catalyst,thread,mindfulness,box office,mindfulness,,,text,40,10,true
Yoga & Health,medium,Select the most relevant term for Yoga & Health.,irrigation,portfolio,circle,pranayama,pranayama,,,text,40,10,true
Yoga & Health,medium,Pick the concept that best matches Yoga & Health.,Africa,dystopia,climate policy,mindfulness,mindfulness,,,text,40,10,true
Yoga & Health,hard,Which term is most specifically associated with Yoga & Health?,posture,façade,vocabulary,market cap,posture,,,text,80,8,true
Yoga & Health,hard,Pick the most specific concept tied to Yoga & Health.,mindfulness,goalkeeper,order,trail,mindfulness,,,text,80,8,true
Yoga & Health,hard,Which option best characterizes Yoga & Health?,blueprint,respiratory system,wellness,conversion,wellness,,,text,80,8,true
Yoga & Health,hard,Pick the most specific concept tied to Yoga & Health.,education reform,meditation,planting,director,meditation,,,text,80,8,true
Yoga & Health,hard,Which term is most specifically associated with Yoga & Health?,posture,chorus,metaphor,sovereignty,posture,,,text,80,8,true
Yoga & Health,hard,Which option best characterizes Yoga & Health?,balance,Loki,hero,fiscal policy,balance,,,text,80,8,true
Yoga & Health,hard,Which term is most specifically associated with Yoga & Health?,ratio,franchise,pranayama,palette,pranayama,,,text,80,8,true
Yoga & Health,hard,Which term is most specifically associated with Yoga & Health?,conditioning,color palette,sea level,breathing,breathing,,,text,80,8,true
Yoga & Health,hard,Pick the most specific concept tied to Yoga & Health.,shutter speed,pranayama,greenhouse,nominee,pranayama,,,text,80,8,true
Yoga & Health,hard,Pick the most specific concept tied to Yoga & Health.,foundation,period,breathing,algorithm,breathing,,,text,80,8,true
Yoga & Health,hard,Select the most precise term for Yoga & Health.,norms,wellness,intrusion,Chemistry,wellness,,,text,80,8,true
Yoga & Health,hard,Pick the most specific concept tied to Yoga & Health.,composer,black hole,World War I,stretch,stretch,,,text,80,8,true
Yoga & Health,hard,Which option best characterizes Yoga & Health?,posture,Asgard,periodic table,equation,posture,,,text,80,8,true
Yoga & Health,hard,Which option best characterizes Yoga & Health?,Athena,ice melt,artist,pranayama,pranayama,,,text,80,8,true
Yoga & Health,hard,Which term is most specifically associated with Yoga & Health?,penalty,Sumer,light-year,mindfulness,mindfulness,,,text,80,8,true
Yoga & Health,hard,Which term is most specifically associated with Yoga & Health?,batsman,perspective,meter,posture,posture,,,text,80,8,true
Yoga & Health,hard,Select the most precise term for Yoga & Health.,Pacific Ocean,wellness,lens,arch,wellness,,,text,80,8,true
Yoga & Health,hard,Pick the most specific concept tied to Yoga & Health.,server,publisher,mindfulness,re-entry,mindfulness,,,text,80,8,true
Yoga & Health,hard,Which term is most specifically associated with Yoga & Health?,pranayama,bond,Mediterranean Sea,hospital,pranayama,,,text,80,8,true
Yoga & Health,hard,Which option best characterizes Yoga & Health?,unit circle,periodic table,flexibility,opera,flexibility,,,text,80,8,true
Yoga & Health,hard,Pick the most specific concept tied to Yoga & Health.,dune,internet,Best Picture,balance,balance,,,text,80,8,true
Yoga & Health,hard,Select the most precise term for Yoga & Health.,Rama,stretch,depth of field,robot,stretch,,,text,80,8,true
Yoga & Health,hard,Which term is most specifically associated with Yoga & Health?,Rockies,stretch,sustainability,paradox,stretch,,,text,80,8,true
Yoga & Health,hard,Select the most precise term for Yoga & Health.,horsepower,festivals,balance,iOS,balance,,,text,80,8,true
Photography,easy,Pick the correct term for Photography.,stump,ranger,oil paint,shutter speed,shutter speed,,,text,20,12,true
Photography,easy,Select a term associated with Photography.,agent,innings,ISO,philanthropist,ISO,,,text,20,12,true
Photography,easy,Pick the correct term for Photography.,fulfillment,knowledge base,focus,volcanic island,focus,,,text,20,12,true
Photography,easy,Select a term associated with Photography.,Alps,market research,Gulf,frame,frame,,,text,20,12,true
Photography,easy,Which option belongs to Photography?,frame,metaphor,behavior,pivot,frame,,,text,20,12,true
Photography,easy,Pick the correct term for Photography.,aperture,altitude,Literature,flexibility,aperture,,,text,20,12,true
Photography,easy,Which option belongs to Photography?,Babylon,cell,depth of field,column,depth of field,,,text,20,12,true
Photography,easy,Which of these is related to Photography?,lens,World War I,innovation,atom,lens,,,text,20,12,true
Photography,easy,Which option belongs to Photography?,soil,red carpet,Mississippi,shutter speed,shutter speed,,,text,20,12,true
Photography,easy,Which of these is related to Photography?,console,depth of field,authorization,complexity,depth of field,,,text,20,12,true
Photography,easy,Select a term associated with Photography.,pip,camera,paradox,comic,camera,,,text,20,12,true
Photography,easy,Which of these is related to Photography?,spacecraft,Berlin Wall,wellness,camera,camera,,,text,20,12,true
Photography,easy,Pick the correct term for Photography.,leader,North America,return,camera,camera,,,text,20,12,true
Photography,easy,Pick the correct term for Photography.,market,frame,graphic novel,space planning,frame,,,text,20,12,true
Photography,easy,Pick the correct term for Photography.,crop,camera,seed,URL,camera,,,text,20,12,true
Photography,easy,Pick the correct term for Photography.,composition,genre,explorer,engagement,composition,,,text,20,12,true
Photography,easy,Which option belongs to Photography?,premiere,Hollywood,ISO,bishop,ISO,,,text,20,12,true
Photography,easy,Select a term associated with Photography.,shutter speed,robot,institution,Gulf,shutter speed,,,text,20,12,true
Photography,medium,Select the most relevant term for Photography.,Africa,Iliad,frame,ink,frame,,,text,40,10,true
Photography,medium,Select the most relevant term for Photography.,ionic bond,lens,session,aircraft,lens,,,text,40,10,true
Photography,medium,Which option is a key concept in Photography?,Medicine,knight,depth of field,hypotenuse,depth of field,,,text,40,10,true
Photography,medium,Pick the concept that best matches Photography.,constitution,hook,multiplayer,focus,focus,,,text,40,10,true
Photography,medium,Which option is a key concept in Photography?,depth of field,gradient descent,greenhouse gases,leadership,depth of field,,,text,40,10,true
Photography,medium,Which term is most commonly used in Photography?,bytecode,wildlife reserve,ISO,entrepreneur,ISO,,,text,40,10,true
Photography,medium,Select the most relevant term for Photography.,ISO,posture,prey,diagnosis,ISO,,,text,40,10,true
Photography,medium,Pick the concept that best matches Photography.,unit circle,hemisphere,exposure,Assyrians,exposure,,,text,40,10,true
Photography,medium,Which term is most commonly used in Photography?,prescription,cinematography,camera,molecule,camera,,,text,40,10,true
Photography,medium,Select the most relevant term for Photography.,liability,composition,knight,World War II,composition,,,text,40,10,true
Photography,medium,Which option is a key concept in Photography?,composer,breathing,Sumatra,frame,frame,,,text,40,10,true
Photography,medium,Pick the concept that best matches Photography.,tangent line,responsive layout,ISO,servo,ISO,,,text,40,10,true
Photography,medium,Which option is a key concept in Photography?,CEO,cape,aperture,orbit,aperture,,,text,40,10,true
Photography,medium,Pick the concept that best matches Photography.,qualifier,spice,push notification,exposure,exposure,,,text,40,10,true
Photography,medium,Which term is most commonly used in Photography?,indentation,exposure,supply,demand,exposure,,,text,40,10,true
Photography,medium,Which term is most commonly used in Photography?,focus,trend,like,rook,focus,,,text,40,10,true
Photography,medium,Pick the concept that best matches Photography.,cart,DOM,lens,playlist,lens,,,text,40,10,true
Photography,medium,Which term is most commonly used in Photography?,brush,automation,exposure,planet,exposure,,,text,40,10,true
Photography,hard,Which option best characterizes Photography?,election,exposure,Oscar,World Wide Web,exposure,,,text,80,8,true
Photography,hard,Select the most precise term for Photography.,rally,camera,Mohenjo-daro,Hades,camera,,,text,80,8,true
Photography,hard,Pick the most specific concept tied to Photography.,bytecode,bake,aperture,baseline,aperture,,,text,80,8,true
Photography,hard,Which option best characterizes Photography?,Africa,Hera,haiku,ISO,ISO,,,text,80,8,true
Photography,hard,Which term is most specifically associated with Photography?,focus,renewable,acceleration,bowler,focus,,,text,80,8,true
Photography,hard,Which term is most specifically associated with Photography?,dance,shutter speed,order,inventory,shutter speed,,,text,80,8,true
Photography,hard,Which term is most specifically associated with Photography?,superpower,shutter speed,banner,atom,shutter speed,,,text,80,8,true
Photography,hard,Which option best characterizes Photography?,level,shutter speed,Asia,skyscraper,shutter speed,,,text,80,8,true
Photography,hard,Pick the most specific concept tied to Photography.,explorer,gold medal,conglomerate,frame,frame,,,text,80,8,true
Photography,hard,Which term is most specifically associated with Photography?,satellite,depth of field,warehouse,inheritance,depth of field,,,text,80,8,true
Photography,hard,Pick the most specific concept tied to Photography.,covalent bond,depth of field,landscape,encryption,depth of field,,,text,80,8,true
Photography,hard,Select the most precise term for Photography.,trail,arch,billboard,ISO,ISO,,,text,80,8,true
Photography,hard,Which option best characterizes Photography?,branding,Apollo,diplomacy,composition,composition,,,text,80,8,true
Photography,hard,Select the most precise term for Photography.,intrusion,exposure,president,cash flow,exposure,,,text,80,8,true
Photography,hard,Pick the most specific concept tied to Photography.,syntax,watercolor,frame,planting,frame,,,text,80,8,true
Photography,hard,Select the most precise term for Photography.,qualifier,batsman,volatility,ISO,ISO,,,text,80,8,true
Photography,hard,Which option best characterizes Photography?,sonnet,ISO,ranger,globalization,ISO,,,text,80,8,true
Photography,hard,Which option best characterizes Photography?,Rockies,frame,dune,flag ratio,frame,,,text,80,8,true
Photography,hard,Which option best characterizes Photography?,Punjab,focus,forehand,modernism,focus,,,text,80,8,true
Photography,hard,Pick the most specific concept tied to Photography.,bandwidth,respiratory system,internet,depth of field,depth of field,,,text,80,8,true
Photography,hard,Select the most precise term for Photography.,iterator,dialect,aperture,radius,aperture,,,text,80,8,true
Photography,hard,Select the most precise term for Photography.,icon,frame,pawn,Aeneid,frame,,,text,80,8,true
Photography,hard,Which term is most specifically associated with Photography?,lens,diameter,Hollywood,chassis,lens,,,text,80,8,true
Photography,hard,Which term is most specifically associated with Photography?,aperture,galaxy,run rate,cosine,aperture,,,text,80,8,true
Gardening,easy,Which option belongs to Gardening?,compost,actuator,publisher,triangle,compost,,,text,20,12,true
Gardening,easy,Select a term associated with Gardening.,evolution,authentication,period,greenhouse,greenhouse,,,text,20,12,true
Gardening,easy,Pick the correct term for Gardening.,knight,fertilizer,predicate,tablet,fertilizer,,,text,20,12,true
Gardening,easy,Pick the correct term for Gardening.,pruning,cash flow,goal,South America,pruning,,,text,20,12,true
Gardening,easy,Select a term associated with Gardening.,planting,firewall,motivation,landscape,planting,,,text,20,12,true
Gardening,easy,Which of these is related to Gardening?,playlist,database,mulch,bond,mulch,,,text,20,12,true
Gardening,easy,Which option belongs to Gardening?,watering,altitude,qualifier,Vishnu,watering,,,text,20,12,true
Gardening,easy,Pick the correct term for Gardening.,metaphysics,stanza,hashtag,greenhouse,greenhouse,,,text,20,12,true
Gardening,easy,Which of these is related to Gardening?,soil,recycling,alphabet,Southern Ocean,soil,,,text,20,12,true
Gardening,easy,Select a term associated with Gardening.,soil,block,conservation,baseline,soil,,,text,20,12,true
Gardening,easy,Which option belongs to Gardening?,validation,hospital,DOM,planting,planting,,,text,20,12,true
Gardening,easy,Which option belongs to Gardening?,Assam,acquisition,transmission,planting,planting,,,text,20,12,true
Gardening,easy,Which of these is related to Gardening?,seed,vaccination,merger,grill,seed,,,text,20,12,true
Gardening,easy,Select a term associated with Gardening.,radio,pruning,sea,World Wide Web,pruning,,,text,20,12,true
Gardening,easy,Pick the correct term for Gardening.,atoll,decor,fertilizer,Tamil Nadu,fertilizer,,,text,20,12,true
Gardening,easy,Which option belongs to Gardening?,pruning,plate,recycling,canvas,pruning,,,text,20,12,true
Gardening,easy,Select a term associated with Gardening.,dystopia,cuisine,flowerbed,cart,flowerbed,,,text,20,12,true
Gardening,easy,Which of these is related to Gardening?,judiciary,semantics,compost,DNA,compost,,,text,20,12,true
Gardening,medium,Pick the concept that best matches Gardening.,song sequence,Himalayas,planting,Everest,planting,,,text,40,10,true
Gardening,medium,Which term is most commonly used in Gardening?,ionic bond,greenhouse,story arc,session,greenhouse,,,text,40,10,true
Gardening,medium,Which term is most commonly used in Gardening?,area,phishing,quadratic,fertilizer,fertilizer,,,text,40,10,true
Gardening,medium,Which term is most commonly used in Gardening?,villain,Best Picture,box office,seed,seed,,,text,40,10,true
Gardening,medium,Which option is a key concept in Gardening?,adverb,inflation,pruning,parliament,pruning,,,text,40,10,true
Gardening,medium,Which term is most commonly used in Gardening?,algorithm,re-entry,Bluetooth,soil,soil,,,text,40,10,true
Gardening,medium,Which term is most commonly used in Gardening?,United Nations,fertilizer,simile,scripture,fertilizer,,,text,40,10,true
Gardening,medium,Which option is a key concept in Gardening?,complexity,flowerbed,integral,Ragnarok,flowerbed,,,text,40,10,true
Gardening,medium,Which option is a key concept in Gardening?,prayer,global warming,flag ratio,seed,seed,,,text,40,10,true
Gardening,medium,Select the most relevant term for Gardening.,myth,epistemology,digestive system,fertilizer,fertilizer,,,text,40,10,true
Gardening,medium,Which option is a key concept in Gardening?,Tamil Nadu,latency,soil,seed,seed,,,text,40,10,true
Gardening,medium,Which term is most commonly used in Gardening?,ethics,Bollywood,compost,inheritance,compost,,,text,40,10,true
Gardening,medium,Which term is most commonly used in Gardening?,Mahabharata,flowerbed,indentation,nominee,flowerbed,,,text,40,10,true
Gardening,medium,Pick the concept that best matches Gardening.,compost,RPG,epistemology,quest,compost,,,text,40,10,true
Gardening,medium,Which term is most commonly used in Gardening?,factorization,proof of work,spacewalk,greenhouse,greenhouse,,,text,40,10,true
Gardening,medium,Which term is most commonly used in Gardening?,area under curve,subnet,strings,planting,planting,,,text,40,10,true
Gardening,medium,Which term is most commonly used in Gardening?,planting,opening,responsive design,cinematography,planting,,,text,40,10,true
Gardening,medium,Select the most relevant term for Gardening.,deviance,yen,mulch,queen,mulch,,,text,40,10,true
Gardening,hard,Which term is most specifically associated with Gardening?,investor,hemisphere,festivals,fertilizer,fertilizer,,,text,80,8,true
Gardening,hard,Which term is most specifically associated with Gardening?,parliament,color,mulch,story arc,mulch,,,text,80,8,true
Gardening,hard,Pick the most specific concept tied to Gardening.,endangered,watering,director,covalent bond,watering,,,text,80,8,true
Gardening,hard,Select the most precise term for Gardening.,recursion,stratification,vaccination,soil,soil,,,text,80,8,true
Gardening,hard,Which term is most specifically associated with Gardening?,flowerbed,meditation,UI thread,return,flowerbed,,,text,80,8,true
Gardening,hard,Select the most precise term for Gardening.,viral,continent,watering,pilgrimage,watering,,,text,80,8,true
Gardening,hard,Pick the most specific concept tied to Gardening.,free kick,velocity,greenhouse,portfolio,greenhouse,,,text,80,8,true
Gardening,hard,Pick the most specific concept tied to Gardening.,DNS,species,monotheism,soil,soil,,,text,80,8,true
Gardening,hard,Select the most precise term for Gardening.,campground,greenhouse,three-pointer,strings,greenhouse,,,text,80,8,true
Gardening,hard,Select the most precise term for Gardening.,watering,pesticide,inflation,volume,watering,,,text,80,8,true
Gardening,hard,Which option best characterizes Gardening?,president,fertilizer,Treaty of Versailles,Atlantic Ocean,fertilizer,,,text,80,8,true
Gardening,hard,Pick the most specific concept tied to Gardening.,sedan,charger,mulch,circulatory system,mulch,,,text,80,8,true
Gardening,hard,Select the most precise term for Gardening.,sonata,Nile,investor,planting,planting,,,text,80,8,true
Gardening,hard,Select the most precise term for Gardening.,lungs,forehand,fertilizer,penalty,fertilizer,,,text,80,8,true
Gardening,hard,Which option best characterizes Gardening?,soil,penalty,intrusion,telescope,soil,,,text,80,8,true
Gardening,hard,Which option best characterizes Gardening?,layout,Android,mulch,Literature,mulch,,,text,80,8,true
Gardening,hard,Select the most precise term for Gardening.,compost,dribble,chain rule,Yangtze,compost,,,text,80,8,true
Gardening,hard,Which option best characterizes Gardening?,greenhouse,evolution,composer,compound,greenhouse,,,text,80,8,true
Gardening,hard,Select the most precise term for Gardening.,transmission,iterator,flowerbed,prize,flowerbed,,,text,80,8,true
Gardening,hard,Select the most precise term for Gardening.,noun,hospital,planting,kidney,planting,,,text,80,8,true
Gardening,hard,Which term is most specifically associated with Gardening?,composer,concerto,space station,compost,compost,,,text,80,8,true
Gardening,hard,Pick the most specific concept tied to Gardening.,flowerbed,alliteration,meditation,return,flowerbed,,,text,80,8,true
Gardening,hard,Which term is most specifically associated with Gardening?,HTTP,homeostasis,Iliad,pruning,pruning,,,text,80,8,true
Gardening,hard,Which term is most specifically associated with Gardening?,Danube,mulch,mitigation,supernova,mulch,,,text,80,8,true
Interior Design,easy,Pick the correct term for Interior Design.,mitigation,existence,flooring,executive,flooring,,,text,20,12,true
Interior Design,easy,Which option belongs to Interior Design?,sauce,furniture,Asgard,unit circle,furniture,,,text,20,12,true
Interior Design,easy,Which of these is related to Interior Design?,altitude,phonetics,predicate,space planning,space planning,,,text,20,12,true
Interior Design,easy,Which of these is related to Interior Design?,Karnataka,torch,continuity,space planning,space planning,,,text,20,12,true
Interior Design,easy,Which of these is related to Interior Design?,vulnerability,index,Lakshmi,layout,layout,,,text,20,12,true
Interior Design,easy,Select a term associated with Interior Design.,furniture,euro,screen,icon,furniture,,,text,20,12,true
Interior Design,easy,Which option belongs to Interior Design?,expression,furniture,inventory,pronoun,furniture,,,text,20,12,true
Interior Design,easy,Which of these is related to Interior Design?,layout,quest,linguistics,dunk,layout,,,text,20,12,true
Interior Design,easy,Which option belongs to Interior Design?,mining,lungs,blue chip,space planning,space planning,,,text,20,12,true
Interior Design,easy,Select a term associated with Interior Design.,brain,Punjab,mitigation,decor,decor,,,text,20,12,true
Interior Design,easy,Which of these is related to Interior Design?,trade agreement,acceleration,protected area,color palette,color palette,,,text,20,12,true
Interior Design,easy,Which of these is related to Interior Design?,ISP,layout,Treaty of Versailles,shipping,layout,,,text,20,12,true
Interior Design,easy,Select a term associated with Interior Design.,lighting,atoll,grammar,device,lighting,,,text,20,12,true
Interior Design,easy,Which of these is related to Interior Design?,match point,esports,euro,theme,theme,,,text,20,12,true
Interior Design,easy,Which option belongs to Interior Design?,constitution,ionic bond,soil,furniture,furniture,,,text,20,12,true
Interior Design,easy,Which option belongs to Interior Design?,patent,color palette,North America,deviance,color palette,,,text,20,12,true
Interior Design,easy,Select a term associated with Interior Design.,franchise,lighting,oasis,package,lighting,,,text,20,12,true
Interior Design,easy,Pick the correct term for Interior Design.,Punjab,Aeneid,patient,flooring,flooring,,,text,20,12,true
Interior Design,medium,Which term is most commonly used in Interior Design?,bishop,sequel,texture,search,texture,,,text,40,10,true
Interior Design,medium,Pick the concept that best matches Interior Design.,imagery,lighting,Peace,demand,lighting,,,text,40,10,true
Interior Design,medium,Which term is most commonly used in Interior Design?,opportunity cost,space planning,fiscal policy,innovation,space planning,,,text,40,10,true
Interior Design,medium,Which option is a key concept in Interior Design?,design,semi-arid,minimalism,brand equity,minimalism,,,text,40,10,true
Interior Design,medium,Which option is a key concept in Interior Design?,habitat,minimalism,Loki,class,minimalism,,,text,40,10,true
Interior Design,medium,Select the most relevant term for Interior Design.,device,Vishnu,runway,flooring,flooring,,,text,40,10,true
Interior Design,medium,Select the most relevant term for Interior Design.,Asgard,decor,oil paint,pollution,decor,,,text,40,10,true
Interior Design,medium,Select the most relevant term for Interior Design.,Nile,portrait,elasticity,theme,theme,,,text,40,10,true
Interior Design,medium,Select the most relevant term for Interior Design.,sea level,Beowulf,brush,texture,texture,,,text,40,10,true
Interior Design,medium,Select the most relevant term for Interior Design.,argument,flavor,perception,theme,theme,,,text,40,10,true
Interior Design,medium,Select the most relevant term for Interior Design.,lens,parliament,digestive system,flooring,flooring,,,text,40,10,true
Interior Design,medium,Which option is a key concept in Interior Design?,console,layout,mulch,quadratic,layout,,,text,40,10,true
Interior Design,medium,Which option is a key concept in Interior Design?,theme,Zeus,lead time,billionaire,theme,,,text,40,10,true
Interior Design,medium,Which option is a key concept in Interior Design?,engagement,supply,lighting,atoll,lighting,,,text,40,10,true
Interior Design,medium,Pick the concept that best matches Interior Design.,space planning,package,cabinet,qualifier,space planning,,,text,40,10,true
Interior Design,medium,Select the most relevant term for Interior Design.,Berlin Wall,planet,furniture,semantics,furniture,,,text,40,10,true
Interior Design,medium,Which option is a key concept in Interior Design?,furniture,device,Lake Superior,campaign,furniture,,,text,40,10,true
Interior Design,medium,Select the most relevant term for Interior Design.,telescope,engagement,lighting,pawn,lighting,,,text,40,10,true
Interior Design,hard,Select the most precise term for Interior Design.,longitude,semantics,decor,pip,decor,,,text,80,8,true
Interior Design,hard,Which option best characterizes Interior Design?,space planning,camera,package,Hades,space planning,,,text,80,8,true
Interior Design,hard,Pick the most specific concept tied to Interior Design.,theme,elasticity,tricolor,chain rule,theme,,,text,80,8,true
Interior Design,hard,Select the most precise term for Interior Design.,ledger,minimalism,autonomy,Gobi,minimalism,,,text,80,8,true
Interior Design,hard,Pick the most specific concept tied to Interior Design.,market research,inequality,flooring,structural,flooring,,,text,80,8,true
Interior Design,hard,Select the most precise term for Interior Design.,authorization,diplomacy,decor,flagpole,decor,,,text,80,8,true
Interior Design,hard,Which option best characterizes Interior Design?,autonomy,Asia,theme,endgame,theme,,,text,80,8,true
Interior Design,hard,Select the most precise term for Interior Design.,Indus Valley,texture,radius,atoll,texture,,,text,80,8,true
Interior Design,hard,Select the most precise term for Interior Design.,spacecraft,regression,texture,legislature,texture,,,text,80,8,true
Interior Design,hard,Which option best characterizes Interior Design?,chancellor,fuselage,seed,texture,texture,,,text,80,8,true
Interior Design,hard,Pick the most specific concept tied to Interior Design.,authorization,credit,sonata,minimalism,minimalism,,,text,80,8,true
Interior Design,hard,Pick the most specific concept tied to Interior Design.,emissions,global warming,flooring,existence,flooring,,,text,80,8,true
Interior Design,hard,Select the most precise term for Interior Design.,inventor,judiciary,wicket,color palette,color palette,,,text,80,8,true
Interior Design,hard,Select the most precise term for Interior Design.,layout,Gujarat,esports,spice,layout,,,text,80,8,true
Interior Design,hard,Select the most precise term for Interior Design.,bond,dance,simile,layout,layout,,,text,80,8,true
Interior Design,hard,Which term is most specifically associated with Interior Design?,dribble,opening,supply,space planning,space planning,,,text,80,8,true
Interior Design,hard,Select the most precise term for Interior Design.,layout,orchestra,taste,area,layout,,,text,80,8,true
Interior Design,hard,Select the most precise term for Interior Design.,album,layout,Europe,demography,layout,,,text,80,8,true
Interior Design,hard,Which option best characterizes Interior Design?,magnetism,column,space planning,patch,space planning,,,text,80,8,true
Interior Design,hard,Which term is most specifically associated with Interior Design?,realism,lighting,arid,cash flow,lighting,,,text,80,8,true
Interior Design,hard,Which option best characterizes Interior Design?,color palette,mind,Harappa,batsman,color palette,,,text,80,8,true
Interior Design,hard,Which option best characterizes Interior Design?,space station,camera,icon,texture,texture,,,text,80,8,true
Interior Design,hard,Select the most precise term for Interior Design.,dystopia,minimalism,watercolor,oil paint,minimalism,,,text,80,8,true
Interior Design,hard,Pick the most specific concept tied to Interior Design.,playback,flooring,equation,adverb,flooring,,,text,80,8,true
Logistics,easy,Select a term associated with Logistics.,supply chain,photosynthesis,asset,advertising,supply chain,,,text,20,12,true
Logistics,easy,Select a term associated with Logistics.,gravity,mitochondria,cabinet,routing,routing,,,text,20,12,true
Logistics,easy,Which option belongs to Logistics?,network,respiratory system,warehouse,cart,warehouse,,,text,20,12,true
Logistics,easy,Select a term associated with Logistics.,circle,Bluetooth,inventory,warehouse,warehouse,,,text,20,12,true
Logistics,easy,Which option belongs to Logistics?,planet,ecology,trend,shipping,shipping,,,text,20,12,true
Logistics,easy,Pick the correct term for Logistics.,investor,warehouse,endgame,semantics,warehouse,,,text,20,12,true
Logistics,easy,Select a term associated with Logistics.,lead time,Shiva,angle,cash flow,lead time,,,text,20,12,true
Logistics,easy,Which of these is related to Logistics?,accuracy,delta,lead time,emulator,lead time,,,text,20,12,true
Logistics,easy,Select a term associated with Logistics.,freight,receptor,Hera,federalism,freight,,,text,20,12,true
Logistics,easy,Which of these is related to Logistics?,freight,inequality,Southern Ocean,opportunity cost,freight,,,text,20,12,true
Logistics,easy,Which of these is related to Logistics?,box office,summit,posture,distribution,distribution,,,text,20,12,true
Logistics,easy,Select a term associated with Logistics.,kidney,AI,procurement,landscape,procurement,,,text,20,12,true
Logistics,easy,Which option belongs to Logistics?,circulatory system,circle,coin,procurement,procurement,,,text,20,12,true
Logistics,easy,Pick the correct term for Logistics.,routing,programming,culture,Valkyrie,routing,,,text,20,12,true
Logistics,easy,Which option belongs to Logistics?,enzyme,dystopia,freight,rook,freight,,,text,20,12,true
Logistics,easy,Pick the correct term for Logistics.,Rebellion of 1857,marketing,livestock,supply chain,supply chain,,,text,20,12,true
Logistics,easy,Pick the correct term for Logistics.,routing,angle,entrepreneur,chassis,routing,,,text,20,12,true
Logistics,easy,Select a term associated with Logistics.,thermodynamics,harvest,epistemology,warehouse,warehouse,,,text,20,12,true
Logistics,medium,Which term is most commonly used in Logistics?,warehouse,dot-com,World War II,role,warehouse,,,text,40,10,true
Logistics,medium,Which term is most commonly used in Logistics?,warehouse,blockbuster,Indian Ocean,linguistics,warehouse,,,text,40,10,true
Logistics,medium,Which option is a key concept in Logistics?,festivals,velocity,rebrand,procurement,procurement,,,text,40,10,true
Logistics,medium,Pick the concept that best matches Logistics.,lead time,root,carbon dioxide,Kalahari,lead time,,,text,40,10,true
Logistics,medium,Which term is most commonly used in Logistics?,torch,shipping,conditioning,arch,shipping,,,text,40,10,true
Logistics,medium,Which term is most commonly used in Logistics?,warehouse,patient,ISO,ecosystem,warehouse,,,text,40,10,true
Logistics,medium,Select the most relevant term for Logistics.,black hole,bias,freight,Assyrians,freight,,,text,40,10,true
Logistics,medium,Which term is most commonly used in Logistics?,procurement,stream of consciousness,bond,sustainability,procurement,,,text,40,10,true
Logistics,medium,Which term is most commonly used in Logistics?,lens,trade agreement,latitude,freight,freight,,,text,40,10,true
Logistics,medium,Which option is a key concept in Logistics?,biodiversity,lead time,rupee,altitude,lead time,,,text,40,10,true
Logistics,medium,Pick the concept that best matches Logistics.,lead time,records,Asia,electricity,lead time,,,text,40,10,true
Logistics,medium,Which term is most commonly used in Logistics?,dot-com,Treaty of Versailles,supply chain,Plassey,supply chain,,,text,40,10,true
Logistics,medium,Which term is most commonly used in Logistics?,malware,engagement,shipping,ecosystem,shipping,,,text,40,10,true
Logistics,medium,Select the most relevant term for Logistics.,brand equity,supply chain,Apollo,cognition,supply chain,,,text,40,10,true
Logistics,medium,Pick the concept that best matches Logistics.,orbit,virtualenv,distribution,percentage,distribution,,,text,40,10,true
Logistics,medium,Which option is a key concept in Logistics?,warehouse,cabinet,accuracy,panel,warehouse,,,text,40,10,true
Logistics,medium,Select the most relevant term for Logistics.,smartphone,startup,warehouse,branding,warehouse,,,text,40,10,true
Logistics,medium,Which option is a key concept in Logistics?,balance,Punjab,symbol,procurement,procurement,,,text,40,10,true
Logistics,hard,Which option best characterizes Logistics?,lead time,skeletal system,HTML,narrator,lead time,,,text,80,8,true
Logistics,hard,Which option best characterizes Logistics?,argument,achievement,filmfare,shipping,shipping,,,text,80,8,true
Logistics,hard,Select the most precise term for Logistics.,internet,Medicine,adverb,supply chain,supply chain,,,text,80,8,true
Logistics,hard,Select the most precise term for Logistics.,realism,inventory,device,trail,inventory,,,text,80,8,true
Logistics,hard,Which term is most specifically associated with Logistics?,circle,energy,freight,issue,freight,,,text,80,8,true
Logistics,hard,Pick the most specific concept tied to Logistics.,freight,Physics,translation,JavaScript,freight,,,text,80,8,true
Logistics,hard,Pick the most specific concept tied to Logistics.,lead time,data structure,Bluetooth,gradient descent,lead time,,,text,80,8,true
Logistics,hard,Which term is most specifically associated with Logistics?,network,galaxy,policy,inventory,inventory,,,text,80,8,true
Logistics,hard,Pick the most specific concept tied to Logistics.,linear,triangle,wicket,procurement,procurement,,,text,80,8,true
Logistics,hard,Select the most precise term for Logistics.,frame,corner kick,striker,freight,freight,,,text,80,8,true
Logistics,hard,Select the most precise term for Logistics.,fulfillment,function,Asia,greenhouse gases,fulfillment,,,text,80,8,true
Logistics,hard,Pick the most specific concept tied to Logistics.,polytheism,supply chain,election,sequel,supply chain,,,text,80,8,true
Logistics,hard,Which option best characterizes Logistics?,procurement,photosynthesis,Sri Lanka,browser,procurement,,,text,80,8,true
Logistics,hard,Pick the most specific concept tied to Logistics.,freight,conversion,dribble,Indian Ocean,freight,,,text,80,8,true
Logistics,hard,Select the most precise term for Logistics.,factor,inventory,harvest,supply,inventory,,,text,80,8,true
Logistics,hard,Which term is most specifically associated with Logistics?,constellation,routing,baroque,prime number,routing,,,text,80,8,true
Logistics,hard,Which term is most specifically associated with Logistics?,carbon dioxide,group,inventor,procurement,procurement,,,text,80,8,true
Logistics,hard,Select the most precise term for Logistics.,linear,procurement,qualifier,cart,procurement,,,text,80,8,true
Logistics,hard,Select the most precise term for Logistics.,hemisphere,diagnosis,inventory,phonetics,inventory,,,text,80,8,true
Logistics,hard,Select the most precise term for Logistics.,fulfillment,machine,respiratory system,sanctuary,fulfillment,,,text,80,8,true
Logistics,hard,Which term is most specifically associated with Logistics?,shipping,lighting,behavior,biodiversity,shipping,,,text,80,8,true
Logistics,hard,Which option best characterizes Logistics?,Andes,latitude,routing,rocket,routing,,,text,80,8,true
Logistics,hard,Which option best characterizes Logistics?,risk,hash,fulfillment,billionaire,fulfillment,,,text,80,8,true
Logistics,hard,Which option best characterizes Logistics?,label,ionic bond,inventory,camera,inventory,,,text,80,8,true
Marketing,easy,Pick the correct term for Marketing.,target audience,irrigation,watercolor,blockbuster,target audience,,,text,20,12,true
Marketing,easy,Pick the correct term for Marketing.,patient,volume,assist,campaign,campaign,,,text,20,12,true
Marketing,easy,Which option belongs to Marketing?,gearbox,momentum,star,campaign,campaign,,,text,20,12,true
Marketing,easy,Which option belongs to Marketing?,API,symphony,advertising,node,advertising,,,text,20,12,true
Marketing,easy,Which of these is related to Marketing?,grammar,CEO,Apollo,campaign,campaign,,,text,20,12,true
Marketing,easy,Which option belongs to Marketing?,REST,platform,depth of field,SEO,SEO,,,text,20,12,true
Marketing,easy,Which of these is related to Marketing?,target audience,concerto,comic,market,target audience,,,text,20,12,true
Marketing,easy,Which of these is related to Marketing?,Sri Lanka,promotion,myth,controller,promotion,,,text,20,12,true
Marketing,easy,Which option belongs to Marketing?,target audience,dividend yield,soil,Kerala,target audience,,,text,20,12,true
Marketing,easy,Pick the correct term for Marketing.,market research,mining,wardrobe,simile,market research,,,text,20,12,true
Marketing,easy,Select a term associated with Marketing.,branding,server,brush,wildlife reserve,branding,,,text,20,12,true
Marketing,easy,Select a term associated with Marketing.,SEO,box office,Mesopotamia,symptom,SEO,,,text,20,12,true
Marketing,easy,Select a term associated with Marketing.,mulch,syntax,infrastructure,advertising,advertising,,,text,20,12,true
Marketing,easy,Pick the correct term for Marketing.,block,recycling,share,conversion,conversion,,,text,20,12,true
Marketing,easy,Select a term associated with Marketing.,conversion,delta,deity,investor,conversion,,,text,20,12,true
Marketing,easy,Which option belongs to Marketing?,investor,parallel,advertising,risk,advertising,,,text,20,12,true
Marketing,easy,Which option belongs to Marketing?,distribution,conversion,continuity,database,conversion,,,text,20,12,true
Marketing,easy,Select a term associated with Marketing.,branding,adverb,backhand,Lakshmi,branding,,,text,20,12,true
Marketing,medium,Select the most relevant term for Marketing.,Vishnu,routing,advertising,GDP,advertising,,,text,40,10,true
Marketing,medium,Select the most relevant term for Marketing.,SEO,flooring,DOM,phonetics,SEO,,,text,40,10,true
Marketing,medium,Which option is a key concept in Marketing?,shutter speed,symbol,target audience,identity,target audience,,,text,40,10,true
Marketing,medium,Select the most relevant term for Marketing.,orchestra,SEO,Indus Valley,exchange rate,SEO,,,text,40,10,true
Marketing,medium,Which term is most commonly used in Marketing?,shot clock,branding,circulatory system,venture capital,branding,,,text,40,10,true
Marketing,medium,Which option is a key concept in Marketing?,island chain,Sahara,funnel,panel,funnel,,,text,40,10,true
Marketing,medium,Which option is a key concept in Marketing?,elasticity,Olympiad,SEO,endangered,SEO,,,text,40,10,true
Marketing,medium,Which option is a key concept in Marketing?,feature,recipe,engagement,molecule,engagement,,,text,40,10,true
Marketing,medium,Which option is a key concept in Marketing?,advertising,volume,entrepreneur,Karnataka,advertising,,,text,40,10,true
Marketing,medium,Which option is a key concept in Marketing?,conversion,parliament,black hole,wilderness,conversion,,,text,40,10,true
Marketing,medium,Which option is a key concept in Marketing?,castling,heart,SEO,patch,SEO,,,text,40,10,true
Marketing,medium,Select the most relevant term for Marketing.,advertising,publisher,Beowulf,records,advertising,,,text,40,10,true
Marketing,medium,Which term is most commonly used in Marketing?,renewable,abstract,engine,advertising,advertising,,,text,40,10,true
Marketing,medium,Select the most relevant term for Marketing.,funnel,range,Lake Victoria,gesture,funnel,,,text,40,10,true
Marketing,medium,Which term is most commonly used in Marketing?,esports,molecule,superhero,engagement,engagement,,,text,40,10,true
Marketing,medium,Pick the concept that best matches Marketing.,gene,branding,IP address,Android,branding,,,text,40,10,true
Marketing,medium,Pick the concept that best matches Marketing.,branding,respiratory system,classification,cockpit,branding,,,text,40,10,true
Marketing,medium,Select the most relevant term for Marketing.,mitochondria,superhero,funnel,legislature,funnel,,,text,40,10,true
Marketing,hard,Select the most precise term for Marketing.,branding,director,Karnataka,planting,branding,,,text,80,8,true
Marketing,hard,Which option best characterizes Marketing?,semi-arid,campaign,protocol,time zone,campaign,,,text,80,8,true
Marketing,hard,Which option best characterizes Marketing?,sustainability,promotion,Beowulf,angle,promotion,,,text,80,8,true
Marketing,hard,Pick the most specific concept tied to Marketing.,promotion,console,supply,molecule,promotion,,,text,80,8,true
Marketing,hard,Which term is most specifically associated with Marketing?,flagpole,printing press,radio,SEO,SEO,,,text,80,8,true
Marketing,hard,Select the most precise term for Marketing.,brand equity,advertising,reaction,philanthropist,advertising,,,text,80,8,true
Marketing,hard,Which term is most specifically associated with Marketing?,distribution,festivals,target audience,Ares,target audience,,,text,80,8,true
Marketing,hard,Which term is most specifically associated with Marketing?,campaign,energy,PEP 8,reaction,campaign,,,text,80,8,true
Marketing,hard,Which option best characterizes Marketing?,online store,Punjab,Hamlet,funnel,funnel,,,text,80,8,true
Marketing,hard,Which term is most specifically associated with Marketing?,qualifier,studio,factor,advertising,advertising,,,text,80,8,true
Marketing,hard,Which option best characterizes Marketing?,advertising,Mesopotamia,hospital,Academy Awards,advertising,,,text,80,8,true
Marketing,hard,Which term is most specifically associated with Marketing?,payment gateway,SEO,prize,Rajasthan,SEO,,,text,80,8,true
Marketing,hard,Select the most precise term for Marketing.,funnel,tablet,proof of work,atom,funnel,,,text,80,8,true
Marketing,hard,Which term is most specifically associated with Marketing?,bake,target audience,chain rule,supply chain,target audience,,,text,80,8,true
Marketing,hard,Pick the most specific concept tied to Marketing.,advertising,ethics,steam engine,Lakshmi,advertising,,,text,80,8,true
Marketing,hard,Which option best characterizes Marketing?,conservation,target audience,Mughal Empire,supernova,target audience,,,text,80,8,true
Marketing,hard,Which option best characterizes Marketing?,goal,Ganga,euro,branding,branding,,,text,80,8,true
Marketing,hard,Which option best characterizes Marketing?,executive,runway,Caribbean Sea,funnel,funnel,,,text,80,8,true
Marketing,hard,Select the most precise term for Marketing.,atom,GDP,character,target audience,target audience,,,text,80,8,true
Marketing,hard,Pick the most specific concept tied to Marketing.,modernism,ace,warehouse,target audience,target audience,,,text,80,8,true
Marketing,hard,Which option best characterizes Marketing?,checkmate,trend,internet,engagement,engagement,,,text,80,8,true
Marketing,hard,Which option best characterizes Marketing?,Medicine,advertising,routing,wave,advertising,,,text,80,8,true
Marketing,hard,Select the most precise term for Marketing.,sauce,SEO,dunk,imagery,SEO,,,text,80,8,true
Marketing,hard,Select the most precise term for Marketing.,Everest,funnel,sauce,statuette,funnel,,,text,80,8,true
E-commerce,easy,Which option belongs to E-commerce?,checkout,electricity,Krishna,chassis,checkout,,,text,20,12,true
E-commerce,easy,Pick the correct term for E-commerce.,magnetism,bowler,order,comic,order,,,text,20,12,true
E-commerce,easy,Which option belongs to E-commerce?,perception,Odyssey,conversion,order,order,,,text,20,12,true
E-commerce,easy,Pick the correct term for E-commerce.,myth,inventory,globe,harvest,inventory,,,text,20,12,true
E-commerce,easy,Select a term associated with E-commerce.,Punjab,accuracy,goal,product page,product page,,,text,20,12,true
E-commerce,easy,Which option belongs to E-commerce?,merger,generator,checkout,strings,checkout,,,text,20,12,true
E-commerce,easy,Select a term associated with E-commerce.,Hittites,product page,epic,myth,product page,,,text,20,12,true
E-commerce,easy,Select a term associated with E-commerce.,star,preposition,dance,cart,cart,,,text,20,12,true
E-commerce,easy,Which of these is related to E-commerce?,order,sauce,inequality,HTML,order,,,text,20,12,true
E-commerce,easy,Which option belongs to E-commerce?,island chain,paradox,returns,responsive design,returns,,,text,20,12,true
E-commerce,easy,Which option belongs to E-commerce?,returns,Akbar,column,hero,returns,,,text,20,12,true
E-commerce,easy,Which option belongs to E-commerce?,expert system,Gobi,achievement,cart,cart,,,text,20,12,true
E-commerce,easy,Which of these is related to E-commerce?,checkout,triangle,GDP,K2,checkout,,,text,20,12,true
E-commerce,easy,Which option belongs to E-commerce?,orbit,checkout,premiere,democracy,checkout,,,text,20,12,true
E-commerce,easy,Which of these is related to E-commerce?,alter ego,sonnet,circulatory system,inventory,inventory,,,text,20,12,true
E-commerce,easy,Which of these is related to E-commerce?,innovation,baseline,multiplayer,inventory,inventory,,,text,20,12,true
E-commerce,easy,Which of these is related to E-commerce?,integer,queen,fiscal policy,inventory,inventory,,,text,20,12,true
E-commerce,easy,Which option belongs to E-commerce?,inventory,stanza,Best Actress,phishing,inventory,,,text,20,12,true
E-commerce,medium,Which term is most commonly used in E-commerce?,scarcity,returns,Athena,lambda,returns,,,text,40,10,true
E-commerce,medium,Which option is a key concept in E-commerce?,supply chain,Odyssey,bear market,inventory,inventory,,,text,40,10,true
E-commerce,medium,Select the most relevant term for E-commerce.,returns,director,wallet,Mohenjo-daro,returns,,,text,40,10,true
E-commerce,medium,Which term is most commonly used in E-commerce?,breathing,foul,soil,conversion,conversion,,,text,40,10,true
E-commerce,medium,Which option is a key concept in E-commerce?,panel,remix,PEP 8,order,order,,,text,40,10,true
E-commerce,medium,Which term is most commonly used in E-commerce?,culture,statuette,payment gateway,myth,payment gateway,,,text,40,10,true
E-commerce,medium,Select the most relevant term for E-commerce.,shipping,GDP,culture,textile,shipping,,,text,40,10,true
E-commerce,medium,Which option is a key concept in E-commerce?,Ragnarok,portrait,esports,returns,returns,,,text,40,10,true
E-commerce,medium,Select the most relevant term for E-commerce.,algorithm,angle,hero,payment gateway,payment gateway,,,text,40,10,true
E-commerce,medium,Pick the concept that best matches E-commerce.,launch vehicle,bowler,Assam,online store,online store,,,text,40,10,true
E-commerce,medium,Select the most relevant term for E-commerce.,bake,scarcity,motivation,conversion,conversion,,,text,40,10,true
E-commerce,medium,Pick the concept that best matches E-commerce.,orchestra,unit circle,conversion,Aeneid,conversion,,,text,40,10,true
E-commerce,medium,Select the most relevant term for E-commerce.,bull market,brain,cart,energy,cart,,,text,40,10,true
E-commerce,medium,Which option is a key concept in E-commerce?,free throw,payment gateway,phonetics,color palette,payment gateway,,,text,40,10,true
E-commerce,medium,Select the most relevant term for E-commerce.,product page,conversion,Assyrians,accessory,product page,,,text,40,10,true
E-commerce,medium,Which option is a key concept in E-commerce?,climate model,checkout,pH,trade agreement,checkout,,,text,40,10,true
E-commerce,medium,Which term is most commonly used in E-commerce?,thread,fraction,heart,returns,returns,,,text,40,10,true
E-commerce,medium,Pick the concept that best matches E-commerce.,target audience,shipping,campaign,range,shipping,,,text,40,10,true
E-commerce,hard,Which term is most specifically associated with E-commerce?,viral,venture capital,asset,payment gateway,payment gateway,,,text,80,8,true
E-commerce,hard,Which term is most specifically associated with E-commerce?,product page,lambda,generator,single,product page,,,text,80,8,true
E-commerce,hard,Pick the most specific concept tied to E-commerce.,over,myth,order,Cold War,order,,,text,80,8,true
E-commerce,hard,Pick the most specific concept tied to E-commerce.,composition,parallel,flagpole,product page,product page,,,text,80,8,true
E-commerce,hard,Which term is most specifically associated with E-commerce?,wildlife reserve,cart,deviance,Australia,cart,,,text,80,8,true
E-commerce,hard,Which option best characterizes E-commerce?,inventory,subnet,screen,HTML,inventory,,,text,80,8,true
E-commerce,hard,Which term is most specifically associated with E-commerce?,order,thread,brand equity,slope,order,,,text,80,8,true
E-commerce,hard,Select the most precise term for E-commerce.,robot,switch,returns,crest,returns,,,text,80,8,true
E-commerce,hard,Select the most precise term for E-commerce.,shipping,engine,memory,structural,shipping,,,text,80,8,true
E-commerce,hard,Select the most precise term for E-commerce.,angle,online store,optimization,coin,online store,,,text,80,8,true
E-commerce,hard,Pick the most specific concept tied to E-commerce.,shipping,flavor,steam engine,altitude,shipping,,,text,80,8,true
E-commerce,hard,Pick the most specific concept tied to E-commerce.,jet engine,order,renewable,Sumer,order,,,text,80,8,true
E-commerce,hard,Pick the most specific concept tied to E-commerce.,oxidation,inventory,TCP,verb,inventory,,,text,80,8,true
E-commerce,hard,Which option best characterizes E-commerce?,pollution,knight,product page,star,product page,,,text,80,8,true
E-commerce,hard,Which term is most specifically associated with E-commerce?,inventory,soil,UI thread,data structure,inventory,,,text,80,8,true
E-commerce,hard,Which term is most specifically associated with E-commerce?,canvas,patent,endgame,product page,product page,,,text,80,8,true
E-commerce,hard,Which option best characterizes E-commerce?,arch,overfitting,shipping,Nile,shipping,,,text,80,8,true
E-commerce,hard,Which option best characterizes E-commerce?,festivals,checkout,portfolio,ISO,checkout,,,text,80,8,true
E-commerce,hard,Select the most precise term for E-commerce.,programming,advertising,Mohenjo-daro,inventory,inventory,,,text,80,8,true
E-commerce,hard,Select the most precise term for E-commerce.,online store,wilderness,ISP,switch,online store,,,text,80,8,true
E-commerce,hard,Select the most precise term for E-commerce.,payment gateway,origin,athletics,Mississippi,payment gateway,,,text,80,8,true
E-commerce,hard,Which option best characterizes E-commerce?,inference,habitat,conversion,norms,conversion,,,text,80,8,true
E-commerce,hard,Pick the most specific concept tied to E-commerce.,logic,opening ceremony,payment gateway,Asia,payment gateway,,,text,80,8,true
E-commerce,hard,Which term is most specifically associated with E-commerce?,steam engine,online store,ice melt,mining,online store,,,text,80,8,true
